{
	"credit": "Made by Logis",
	"texture_size": [64, 64],
	"textures": {
		"0": "blocks/blue_concrete",
		"particle": "blocks/blue_concrete"
	},
	"elements": [
		{
			"from": [3.5, 2, 3.16421],
			"to": [12.5, 4, 5.16421],
			"rotation": {"angle": -45, "axis": "x", "origin": [8, 3, 4.16421]},
			"faces": {
				"north": {"uv": [2.25, 7.75, 4.5, 8.25], "texture": "#0"},
				"east": {"uv": [10, 0.5, 10.5, 1], "texture": "#0"},
				"south": {"uv": [4.5, 7.75, 6.75, 8.25], "texture": "#0"},
				"west": {"uv": [10, 1.75, 10.5, 2.25], "texture": "#0"},
				"up": {"uv": [10, 5, 7.75, 4.5], "texture": "#0"},
				"down": {"uv": [10, 5, 7.75, 5.5], "texture": "#0"}
			}
		},
		{
			"from": [3.497, 2.997, 2.747],
			"to": [12.503, 6.003, 6.753],
			"rotation": {"angle": 0, "axis": "y", "origin": [8, 4.5, 4.75]},
			"faces": {
				"north": {"uv": [6.25, 1.25, 8.5, 2], "texture": "#0"},
				"east": {"uv": [2.25, 5, 3.25, 5.75], "texture": "#0"},
				"south": {"uv": [6.5, 2, 8.75, 2.75], "texture": "#0"},
				"west": {"uv": [2, 8.25, 3, 9], "texture": "#0"},
				"up": {"uv": [6.5, 3.5, 4.25, 2.5], "texture": "#0"},
				"down": {"uv": [2.25, 5, 0, 6], "texture": "#0"}
			}
		},
		{
			"from": [3.498, 5.15651, 2.97844],
			"to": [12.502, 7.16051, 6.98244],
			"rotation": {"angle": 22.5, "axis": "x", "origin": [8, 6.15851, 4.98044]},
			"faces": {
				"north": {"uv": [6.25, 7.25, 8.5, 7.75], "texture": "#0"},
				"east": {"uv": [5.25, 9, 6.25, 9.5], "texture": "#0"},
				"south": {"uv": [0, 7.75, 2.25, 8.25], "texture": "#0"},
				"west": {"uv": [9, 5.75, 10, 6.25], "texture": "#0"},
				"up": {"uv": [2.25, 7, 0, 6], "texture": "#0"},
				"down": {"uv": [4.5, 6, 2.25, 7], "texture": "#0"}
			}
		},
		{
			"from": [3.499, 5.53496, 3.97421],
			"to": [12.501, 8.53696, 6.97621],
			"rotation": {"angle": -22.5, "axis": "x", "origin": [8, 7.03596, 5.47521]},
			"faces": {
				"north": {"uv": [6.5, 2.75, 8.75, 3.5], "texture": "#0"},
				"east": {"uv": [3.25, 5, 4, 5.75], "texture": "#0"},
				"south": {"uv": [6.75, 5.75, 9, 6.5], "texture": "#0"},
				"west": {"uv": [8.5, 1, 9.25, 1.75], "texture": "#0"},
				"up": {"uv": [9, 7.25, 6.75, 6.5], "texture": "#0"},
				"down": {"uv": [2.25, 7, 0, 7.75], "texture": "#0"}
			}
		},
		{
			"from": [6.5, 0.0367, 2.40866],
			"to": [9.5, 2.0367, 3.90866],
			"rotation": {"angle": 22.5, "axis": "x", "origin": [8, 1.0367, 3.15866]},
			"faces": {
				"north": {"uv": [3.5, 9.5, 4.25, 10], "texture": "#0"},
				"east": {"uv": [0, 10.25, 0.5, 10.75], "texture": "#0"},
				"south": {"uv": [5.25, 9.5, 6, 10], "texture": "#0"},
				"west": {"uv": [10.25, 0, 10.75, 0.5], "texture": "#0"},
				"up": {"uv": [10, 10, 9.25, 9.5], "texture": "#0"},
				"down": {"uv": [10.5, 1, 9.75, 1.5], "texture": "#0"}
			}
		},
		{
			"from": [7, 0.11334, 2.27336],
			"to": [9, 2.61334, 3.77336],
			"rotation": {"angle": 22.5, "axis": "x", "origin": [8, 1.36334, 3.02336]},
			"faces": {
				"north": {"uv": [7.75, 9.25, 8.25, 10], "texture": "#0"},
				"east": {"uv": [9.25, 8.75, 9.75, 9.5], "texture": "#0"},
				"south": {"uv": [0, 9.5, 0.5, 10.25], "texture": "#0"},
				"west": {"uv": [0.5, 9.5, 1, 10.25], "texture": "#0"},
				"up": {"uv": [10.5, 5.5, 10, 5], "texture": "#0"},
				"down": {"uv": [5.75, 10, 5.25, 10.5], "texture": "#0"}
			}
		},
		{
			"from": [7, -0.2545, 2.16276],
			"to": [9, 1.2455, 3.66276],
			"rotation": {"angle": -45, "axis": "x", "origin": [8, 0.4955, 2.91276]},
			"faces": {
				"north": {"uv": [10, 5.5, 10.5, 6], "texture": "#0"},
				"east": {"uv": [6.25, 10, 6.75, 10.5], "texture": "#0"},
				"south": {"uv": [6.75, 10, 7.25, 10.5], "texture": "#0"},
				"west": {"uv": [7.25, 10, 7.75, 10.5], "texture": "#0"},
				"up": {"uv": [8.25, 10.5, 7.75, 10], "texture": "#0"},
				"down": {"uv": [10.5, 8.25, 10, 8.75], "texture": "#0"}
			}
		},
		{
			"from": [6.5, -0.36056, 2.41024],
			"to": [9.5, 1.13944, 3.91024],
			"rotation": {"angle": -45, "axis": "x", "origin": [8, 0.38944, 3.16024]},
			"faces": {
				"north": {"uv": [1.5, 9.75, 2.25, 10.25], "texture": "#0"},
				"east": {"uv": [0.5, 10.25, 1, 10.75], "texture": "#0"},
				"south": {"uv": [2.25, 9.75, 3, 10.25], "texture": "#0"},
				"west": {"uv": [1, 10.25, 1.5, 10.75], "texture": "#0"},
				"up": {"uv": [10.5, 4, 9.75, 3.5], "texture": "#0"},
				"down": {"uv": [5, 9.75, 4.25, 10.25], "texture": "#0"}
			}
		},
		{
			"from": [6.5, -0.25, 2.9],
			"to": [9.5, 2.75, 4.9],
			"rotation": {"angle": 0, "axis": "y", "origin": [4, 0, 4]},
			"faces": {
				"north": {"uv": [8.5, 8.25, 9.25, 9], "texture": "#0"},
				"east": {"uv": [6.75, 9.25, 7.25, 10], "texture": "#0"},
				"south": {"uv": [0, 8.75, 0.75, 9.5], "texture": "#0"},
				"west": {"uv": [7.25, 9.25, 7.75, 10], "texture": "#0"},
				"up": {"uv": [9.75, 8.25, 9, 7.75], "texture": "#0"},
				"down": {"uv": [10, 8.25, 9.25, 8.75], "texture": "#0"}
			}
		},
		{
			"from": [7.25, -0.5, 1.85],
			"to": [8.75, 0.5, 3.35],
			"rotation": {"angle": 0, "axis": "y", "origin": [4, 0, 4]},
			"faces": {
				"north": {"uv": [6.25, 7, 6.75, 7.25], "texture": "#0"},
				"east": {"uv": [8, 1, 8.5, 1.25], "texture": "#0"},
				"south": {"uv": [1.5, 8.75, 2, 9], "texture": "#0"},
				"west": {"uv": [10.25, 10, 10.75, 10.25], "texture": "#0"},
				"up": {"uv": [4, 10.5, 3.5, 10], "texture": "#0"},
				"down": {"uv": [10.5, 4.5, 10, 5], "texture": "#0"}
			}
		},
		{
			"from": [9.38582, -0.25, 3.47403],
			"to": [12.38582, 2.75, 3.47403],
			"rotation": {"angle": -22.5, "axis": "y", "origin": [10.88582, 1.25, 3.47403]},
			"faces": {
				"north": {"uv": [0.75, 8.75, 1.5, 9.5], "texture": "#0"},
				"east": {"uv": [0, 0, 0, 0.75], "texture": "#0"},
				"south": {"uv": [8.75, 1.75, 9.5, 2.5], "texture": "#0"},
				"west": {"uv": [0, 0, 0, 0.75], "texture": "#0"},
				"up": {"uv": [0.75, 0, 0, 0], "texture": "#0"},
				"down": {"uv": [0.75, 0, 0, 0], "texture": "#0"}
			}
		},
		{
			"from": [9.42388, -0.25, 2.51732],
			"to": [11.42388, 2.75, 2.51732],
			"rotation": {"angle": 22.5, "axis": "y", "origin": [10.42388, 1.25, 2.51732]},
			"faces": {
				"north": {"uv": [1, 9.5, 1.5, 10.25], "texture": "#0"},
				"east": {"uv": [0, 0, 0, 0.75], "texture": "#0"},
				"south": {"uv": [9.5, 1.75, 10, 2.5], "texture": "#0"},
				"west": {"uv": [0, 0, 0, 0.75], "texture": "#0"},
				"up": {"uv": [0.5, 0, 0, 0], "texture": "#0"},
				"down": {"uv": [0.5, 0, 0, 0], "texture": "#0"}
			}
		},
		{
			"from": [3.61418, -0.25, 3.47403],
			"to": [6.61418, 2.75, 3.47403],
			"rotation": {"angle": 22.5, "axis": "y", "origin": [5.11418, 1.25, 3.47403]},
			"faces": {
				"north": {"uv": [8.75, 2.5, 9.5, 3.25], "texture": "#0"},
				"east": {"uv": [0, 0, 0, 0.75], "texture": "#0"},
				"south": {"uv": [3, 8.75, 3.75, 9.5], "texture": "#0"},
				"west": {"uv": [0, 0, 0, 0.75], "texture": "#0"},
				"up": {"uv": [0.75, 0, 0, 0], "texture": "#0"},
				"down": {"uv": [0.75, 0, 0, 0], "texture": "#0"}
			}
		},
		{
			"from": [4.57612, -0.25, 2.51732],
			"to": [6.57612, 2.75, 2.51732],
			"rotation": {"angle": -22.5, "axis": "y", "origin": [5.57612, 1.25, 2.51732]},
			"faces": {
				"north": {"uv": [9.5, 2.5, 10, 3.25], "texture": "#0"},
				"east": {"uv": [0, 0, 0, 0.75], "texture": "#0"},
				"south": {"uv": [3, 9.5, 3.5, 10.25], "texture": "#0"},
				"west": {"uv": [0, 0, 0, 0.75], "texture": "#0"},
				"up": {"uv": [0.5, 0, 0, 0], "texture": "#0"},
				"down": {"uv": [0.5, 0, 0, 0], "texture": "#0"}
			}
		},
		{
			"from": [3.75, 2.75, 4.75],
			"to": [12.25, 8.25, 12.25],
			"rotation": {"angle": 0, "axis": "y", "origin": [4, 0, 4]},
			"faces": {
				"north": {"uv": [4, 3.5, 6, 4.75], "texture": "#0"},
				"east": {"uv": [6, 4.5, 7.75, 5.75], "texture": "#0"},
				"south": {"uv": [4.25, 0, 6.25, 1.25], "texture": "#0"},
				"west": {"uv": [6.25, 0, 8, 1.25], "texture": "#0"},
				"up": {"uv": [4.25, 1.75, 2.25, 0], "texture": "#0"},
				"down": {"uv": [4.25, 1.75, 2.25, 3.5], "texture": "#0"}
			}
		},
		{
			"from": [3.75, 0.25, 5.75],
			"to": [12.25, 2.75, 12.25],
			"rotation": {"angle": 0, "axis": "y", "origin": [4, 0, 4]},
			"faces": {
				"north": {"uv": [8, 0.5, 10, 1], "texture": "#0"},
				"east": {"uv": [3, 8.25, 4.5, 8.75], "texture": "#0"},
				"south": {"uv": [0, 8.25, 2, 8.75], "texture": "#0"},
				"west": {"uv": [8.25, 3.5, 9.75, 4], "texture": "#0"},
				"up": {"uv": [2, 5, 0, 3.5], "texture": "#0"},
				"down": {"uv": [4, 3.5, 2, 5], "texture": "#0"}
			}
		},
		{
			"from": [3.651, 0.151, 3.901],
			"to": [6.349, 2.849, 5.599],
			"rotation": {"angle": 0, "axis": "y", "origin": [4, 0, 4]},
			"faces": {
				"north": {"uv": [1.5, 10.25, 2, 10.75], "texture": "#0"},
				"east": {"uv": [10.5, 4, 10.75, 4.5], "texture": "#0"},
				"south": {"uv": [2, 10.25, 2.5, 10.75], "texture": "#0"},
				"west": {"uv": [10.5, 4.5, 10.75, 5], "texture": "#0"},
				"up": {"uv": [11, 1.5, 10.5, 1.25], "texture": "#0"},
				"down": {"uv": [11, 5, 10.5, 5.25], "texture": "#0"}
			}
		},
		{
			"from": [9.751, 0.251, 4.001],
			"to": [12.249, 2.749, 5.499],
			"rotation": {"angle": 0, "axis": "y", "origin": [4, 0, 4]},
			"faces": {
				"north": {"uv": [2.5, 10.25, 3, 10.75], "texture": "#0"},
				"east": {"uv": [5.25, 10.5, 5.5, 11], "texture": "#0"},
				"south": {"uv": [3, 10.25, 3.5, 10.75], "texture": "#0"},
				"west": {"uv": [10.5, 5.25, 10.75, 5.75], "texture": "#0"},
				"up": {"uv": [11, 6, 10.5, 5.75], "texture": "#0"},
				"down": {"uv": [6.75, 10.5, 6.25, 10.75], "texture": "#0"}
			}
		},
		{
			"from": [4, -0.5, 6.75],
			"to": [12, 0.5, 11.75],
			"rotation": {"angle": 0, "axis": "y", "origin": [4, 0, 4]},
			"faces": {
				"north": {"uv": [6.25, 9, 8.25, 9.25], "texture": "#0"},
				"east": {"uv": [9.75, 8, 11, 8.25], "texture": "#0"},
				"south": {"uv": [9, 6.25, 11, 6.5], "texture": "#0"},
				"west": {"uv": [9.75, 9.25, 11, 9.5], "texture": "#0"},
				"up": {"uv": [6.25, 2.5, 4.25, 1.25], "texture": "#0"},
				"down": {"uv": [6, 4.75, 4, 6], "texture": "#0"}
			}
		},
		{
			"from": [3.501, -0.249, 4.751],
			"to": [12.499, 3.749, 5.749],
			"rotation": {"angle": 0, "axis": "y", "origin": [4, 0, 4]},
			"faces": {
				"north": {"uv": [6, 3.5, 8.25, 4.5], "texture": "#0"},
				"east": {"uv": [9, 9.75, 9.25, 10.75], "texture": "#0"},
				"south": {"uv": [4.5, 6, 6.75, 7], "texture": "#0"},
				"west": {"uv": [4, 10, 4.25, 11], "texture": "#0"},
				"up": {"uv": [10, 5.75, 7.75, 5.5], "texture": "#0"},
				"down": {"uv": [10.5, 4, 8.25, 4.25], "texture": "#0"}
			}
		},
		{
			"from": [6, -0.75, 4.75],
			"to": [10, 0.25, 5.75],
			"rotation": {"angle": 0, "axis": "y", "origin": [4, 0, 4]},
			"faces": {
				"north": {"uv": [10, 6, 11, 6.25], "texture": "#0"},
				"east": {"uv": [8.5, 1.75, 8.75, 2], "texture": "#0"},
				"south": {"uv": [9.25, 10, 10.25, 10.25], "texture": "#0"},
				"west": {"uv": [4.25, 9.5, 4.5, 9.75], "texture": "#0"},
				"up": {"uv": [11, 9.75, 10, 9.5], "texture": "#0"},
				"down": {"uv": [11, 9.75, 10, 10], "texture": "#0"}
			}
		},
		{
			"from": [2.999, 1.01908, 8.4049],
			"to": [4.001, 4.02108, 11.4069],
			"rotation": {"angle": 22.5, "axis": "x", "origin": [3.5, 2.52008, 9.9059]},
			"faces": {
				"north": {"uv": [5.75, 10, 6, 10.75], "texture": "#0"},
				"east": {"uv": [3.75, 8.75, 4.5, 9.5], "texture": "#0"},
				"south": {"uv": [4.25, 10.25, 4.5, 11], "texture": "#0"},
				"west": {"uv": [1.5, 9, 2.25, 9.75], "texture": "#0"},
				"up": {"uv": [4.75, 11, 4.5, 10.25], "texture": "#0"},
				"down": {"uv": [5, 10.25, 4.75, 11], "texture": "#0"}
			}
		},
		{
			"from": [2.75, 0.25, 9.75],
			"to": [3.75, 2.25, 10.75],
			"rotation": {"angle": 22.5, "axis": "x", "origin": [8, 3.5, 9.5]},
			"faces": {
				"north": {"uv": [10.5, 2.75, 10.75, 3.25], "texture": "#0"},
				"east": {"uv": [3.5, 10.5, 3.75, 11], "texture": "#0"},
				"south": {"uv": [10.5, 3.5, 10.75, 4], "texture": "#0"},
				"west": {"uv": [3.75, 10.5, 4, 11], "texture": "#0"},
				"up": {"uv": [10.5, 10.75, 10.25, 10.5], "texture": "#0"},
				"down": {"uv": [10.75, 10.5, 10.5, 10.75], "texture": "#0"}
			}
		},
		{
			"from": [3.35, 0.01904, 3.41113],
			"to": [4.35, 1.01904, 9.41113],
			"rotation": {"angle": 0, "axis": "x", "origin": [4, 0, 4]},
			"faces": {
				"north": {"uv": [0, 10.75, 0.25, 11], "texture": "#0"},
				"east": {"uv": [9.75, 1.5, 11.25, 1.75], "texture": "#0"},
				"south": {"uv": [10.75, 0, 11, 0.25], "texture": "#0"},
				"west": {"uv": [9.75, 7.75, 11.25, 8], "texture": "#0"},
				"up": {"uv": [6.25, 11, 6, 9.5], "texture": "#0"},
				"down": {"uv": [5.25, 9.75, 5, 11.25], "texture": "#0"}
			}
		},
		{
			"from": [11.999, 1.01908, 8.4049],
			"to": [13.001, 4.02108, 11.4069],
			"rotation": {"angle": 22.5, "axis": "x", "origin": [12.5, 2.52008, 9.9059]},
			"faces": {
				"north": {"uv": [8.25, 10.25, 8.5, 11], "texture": "#0"},
				"east": {"uv": [2.25, 9, 3, 9.75], "texture": "#0"},
				"south": {"uv": [8.5, 10.25, 8.75, 11], "texture": "#0"},
				"west": {"uv": [4.5, 9, 5.25, 9.75], "texture": "#0"},
				"up": {"uv": [9, 11, 8.75, 10.25], "texture": "#0"},
				"down": {"uv": [9.5, 10.25, 9.25, 11], "texture": "#0"}
			}
		},
		{
			"from": [3.5, 6.5344, 6.55657],
			"to": [12.5, 7.5344, 8.55657],
			"rotation": {"angle": -22.5, "axis": "x", "origin": [8, 7.0344, 7.55657]},
			"faces": {
				"north": {"uv": [8.25, 4.25, 10.5, 4.5], "texture": "#0"},
				"east": {"uv": [10.25, 10.25, 10.75, 10.5], "texture": "#0"},
				"south": {"uv": [8.5, 7.25, 10.75, 7.5], "texture": "#0"},
				"west": {"uv": [10.5, 0.5, 11, 0.75], "texture": "#0"},
				"up": {"uv": [9, 8.25, 6.75, 7.75], "texture": "#0"},
				"down": {"uv": [10.25, 0, 8, 0.5], "texture": "#0"}
			}
		},
		{
			"from": [7, -1.5, 2],
			"to": [8, 0.5, 3],
			"rotation": {"angle": 0, "axis": "y", "origin": [4, 0, 4]},
			"faces": {
				"north": {"uv": [6.25, 2, 6.5, 2.5], "texture": "#0"},
				"east": {"uv": [10.5, 0.75, 10.75, 1.25], "texture": "#0"},
				"south": {"uv": [10.5, 1.75, 10.75, 2.25], "texture": "#0"},
				"west": {"uv": [10.5, 2.25, 10.75, 2.75], "texture": "#0"},
				"up": {"uv": [5.75, 10.75, 5.5, 10.5], "texture": "#0"},
				"down": {"uv": [7, 10.5, 6.75, 10.75], "texture": "#0"}
			}
		},
		{
			"from": [11.495, 0.495, 5.995],
			"to": [12.505, 1.505, 7.005],
			"rotation": {"angle": 0, "axis": "y", "origin": [4, 0, 4]},
			"faces": {
				"north": {"uv": [7, 10.5, 7.25, 10.75], "texture": "#0"},
				"east": {"uv": [7.25, 10.5, 7.5, 10.75], "texture": "#0"},
				"south": {"uv": [7.5, 10.5, 7.75, 10.75], "texture": "#0"},
				"west": {"uv": [7.75, 10.5, 8, 10.75], "texture": "#0"},
				"up": {"uv": [8.25, 10.75, 8, 10.5], "texture": "#0"},
				"down": {"uv": [10.75, 8.25, 10.5, 8.5], "texture": "#0"}
			}
		},
		{
			"from": [3.495, 0.495, 5.995],
			"to": [4.505, 1.505, 7.005],
			"rotation": {"angle": 0, "axis": "y", "origin": [4, 0, 4]},
			"faces": {
				"north": {"uv": [10.5, 8.5, 10.75, 8.75], "texture": "#0"},
				"east": {"uv": [10.5, 8.75, 10.75, 9], "texture": "#0"},
				"south": {"uv": [10.5, 9, 10.75, 9.25], "texture": "#0"},
				"west": {"uv": [9.5, 10.5, 9.75, 10.75], "texture": "#0"},
				"up": {"uv": [10, 10.75, 9.75, 10.5], "texture": "#0"},
				"down": {"uv": [10.25, 10.5, 10, 10.75], "texture": "#0"}
			}
		},
		{
			"from": [3.499, -0.001, 4.999],
			"to": [3.501, 3.001, 9.001],
			"rotation": {"angle": 0, "axis": "y", "origin": [4, 0, 4]},
			"faces": {
				"north": {"uv": [0, 0, 0, 0.75], "texture": "#0"},
				"east": {"uv": [4.5, 8.25, 5.5, 9], "texture": "#0"},
				"south": {"uv": [0, 0, 0, 0.75], "texture": "#0"},
				"west": {"uv": [5.5, 8.25, 6.5, 9], "texture": "#0"},
				"up": {"uv": [0, 1, 0, 0], "texture": "#0"},
				"down": {"uv": [0, 0, 0, 1], "texture": "#0"}
			}
		},
		{
			"from": [12.5, 0, 5],
			"to": [12.5, 3, 9],
			"rotation": {"angle": 0, "axis": "y", "origin": [4, 0, 4]},
			"faces": {
				"north": {"uv": [0, 0, 0, 0.75], "texture": "#0"},
				"east": {"uv": [6.5, 8.25, 7.5, 9], "texture": "#0"},
				"south": {"uv": [0, 0, 0, 0.75], "texture": "#0"},
				"west": {"uv": [7.5, 8.25, 8.5, 9], "texture": "#0"},
				"up": {"uv": [0, 1, 0, 0], "texture": "#0"},
				"down": {"uv": [0, 0, 0, 1], "texture": "#0"}
			}
		},
		{
			"from": [4, 7.75, 6],
			"to": [12, 8.75, 9],
			"rotation": {"angle": 0, "axis": "y", "origin": [4, 0, 4]},
			"faces": {
				"north": {"uv": [9, 6.5, 11, 6.75], "texture": "#0"},
				"east": {"uv": [6, 5.75, 6.75, 6], "texture": "#0"},
				"south": {"uv": [9, 6.75, 11, 7], "texture": "#0"},
				"west": {"uv": [9.5, 10.25, 10.25, 10.5], "texture": "#0"},
				"up": {"uv": [4.25, 7.75, 2.25, 7], "texture": "#0"},
				"down": {"uv": [6.25, 7, 4.25, 7.75], "texture": "#0"}
			}
		},
		{
			"from": [3.496, 4.096, 5.496],
			"to": [12.504, 5.104, 12.504],
			"rotation": {"angle": 0, "axis": "y", "origin": [4, 0, 4]},
			"faces": {
				"north": {"uv": [8.5, 7.5, 10.75, 7.75], "texture": "#0"},
				"east": {"uv": [2.25, 5.75, 4, 6], "texture": "#0"},
				"south": {"uv": [8.75, 3.25, 11, 3.5], "texture": "#0"},
				"west": {"uv": [9, 7, 10.75, 7.25], "texture": "#0"},
				"up": {"uv": [2.25, 1.75, 0, 0], "texture": "#0"},
				"down": {"uv": [2.25, 1.75, 0, 3.5], "texture": "#0"}
			}
		},
		{
			"from": [8.75, -0.5, 2],
			"to": [9.75, 0.5, 3],
			"rotation": {"angle": 0, "axis": "y", "origin": [4, 0, 4]},
			"faces": {
				"north": {"uv": [0.25, 10.75, 0.5, 11], "texture": "#0"},
				"east": {"uv": [10.75, 0.25, 11, 0.5], "texture": "#0"},
				"south": {"uv": [0.5, 10.75, 0.75, 11], "texture": "#0"},
				"west": {"uv": [0.75, 10.75, 1, 11], "texture": "#0"},
				"up": {"uv": [11, 1, 10.75, 0.75], "texture": "#0"},
				"down": {"uv": [1.25, 10.75, 1, 11], "texture": "#0"}
			}
		},
		{
			"from": [7, -2.5, 2.25],
			"to": [10, -0.5, 2.25],
			"rotation": {"angle": 0, "axis": "y", "origin": [4, 0, 4]},
			"faces": {
				"north": {"uv": [8.25, 9.75, 9, 10.25], "texture": "#0"},
				"east": {"uv": [0, 0, 0, 0.5], "texture": "#0"},
				"south": {"uv": [9.75, 8.75, 10.5, 9.25], "texture": "#0"},
				"west": {"uv": [0, 0, 0, 0.5], "texture": "#0"},
				"up": {"uv": [0.75, 0, 0, 0], "texture": "#0"},
				"down": {"uv": [0.75, 0, 0, 0], "texture": "#0"}
			}
		},
		{
			"from": [4, 3, 4],
			"to": [12, 8, 4],
			"faces": {
				"north": {"uv": [11, 14, 13, 15.25], "texture": "#0"},
				"east": {"uv": [0, 0, 0, 1.25], "texture": "#0"},
				"south": {"uv": [13, 14, 15, 15.25], "texture": "#0"},
				"west": {"uv": [0, 0, 0, 1.25], "texture": "#0"},
				"up": {"uv": [0, 0, 2, 0], "texture": "#0"},
				"down": {"uv": [0, 0, 2, 0], "texture": "#0"}
			}
		},
		{
			"from": [12, 0, 4],
			"to": [12, 8, 11],
			"faces": {
				"north": {"uv": [0, 0, 0, 2], "texture": "#0"},
				"east": {"uv": [0, 14, 1.75, 16], "texture": "#0"},
				"south": {"uv": [0, 0, 0, 2], "texture": "#0"},
				"west": {"uv": [1.75, 14, 3.5, 16], "texture": "#0"},
				"up": {"uv": [0, 0, 0, 1.75], "texture": "#0"},
				"down": {"uv": [0, 0, 0, 1.75], "texture": "#0"}
			}
		},
		{
			"from": [4, 0, 4],
			"to": [4, 8, 11],
			"faces": {
				"north": {"uv": [0, 0, 0, 2], "texture": "#0"},
				"east": {"uv": [7.5, 14, 9.25, 16], "texture": "#0"},
				"south": {"uv": [0, 0, 0, 2], "texture": "#0"},
				"west": {"uv": [9.25, 14, 11, 16], "texture": "#0"},
				"up": {"uv": [0, 0, 0, 1.75], "texture": "#0"},
				"down": {"uv": [0, 0, 0, 1.75], "texture": "#0"}
			}
		},
		{
			"from": [4, 8, 4],
			"to": [12, 8, 11],
			"faces": {
				"north": {"uv": [0, 0, 2, 0], "texture": "#0"},
				"east": {"uv": [0, 0, 1.75, 0], "texture": "#0"},
				"south": {"uv": [0, 0, 2, 0], "texture": "#0"},
				"west": {"uv": [0, 0, 1.75, 0], "texture": "#0"},
				"up": {"uv": [3.5, 12.25, 5.5, 14], "texture": "#0"},
				"down": {"uv": [5.5, 12.25, 7.5, 14], "texture": "#0"}
			}
		},
		{
			"from": [4, 0, 11],
			"to": [12, 8, 11],
			"faces": {
				"north": {"uv": [5.5, 14, 7.5, 16], "texture": "#0"},
				"east": {"uv": [0, 0, 0, 2], "texture": "#0"},
				"south": {"uv": [3.5, 14, 5.5, 16], "texture": "#0"},
				"west": {"uv": [0, 0, 0, 2], "texture": "#0"},
				"up": {"uv": [0, 0, 2, 0], "texture": "#0"},
				"down": {"uv": [0, 0, 2, 0], "texture": "#0"}
			}
		}
	],
	"display": {
		"thirdperson_righthand": {
			"rotation": [0, 130, 0],
			"translation": [0, 6, 0.5],
			"scale": [0.75, 0.75, 0.75]
		},
		"thirdperson_lefthand": {
			"rotation": [0, 130, 0],
			"translation": [0, 6, 0.5],
			"scale": [0.75, 0.75, 0.75]
		},
		"firstperson_righthand": {
			"rotation": [134, 35, -150],
			"translation": [2, 3, -3],
			"scale": [0.8, 0.8, 0.8]
		},
		"firstperson_lefthand": {
			"rotation": [134, 35, -150],
			"translation": [2, 3, -3],
			"scale": [0.8, 0.8, 0.8]
		},
		"ground": {
			"translation": [0, 4.5, 0]
		},
		"gui": {
			"rotation": [0, 180, 0],
			"translation": [0, 6.5, 0],
			"scale": [1.35, 1.37, 1.5]
		},
		"head": {
			"translation": [0, 7, 0],
			"scale": [1.8, 1.8, 1.8]
		},
		"fixed": {
			"translation": [0, 3, -3.75]
		}
	},
	"groups": [
		{
			"name": "helmet",
			"origin": [0, 0, 0],
			"color": 0,
			"children": [
				0,
				1,
				2,
				3,
				4,
				5,
				6,
				7,
				8,
				9,
				10,
				11,
				12,
				13,
				14,
				15,
				16,
				17,
				18,
				19,
				20,
				21,
				22,
				23,
				24,
				25,
				26,
				27,
				28,
				29,
				30,
				31,
				32,
				33,
				34,
				{
					"name": "box",
					"origin": [0, 0, 0],
					"color": 0,
					"children": [35, 36, 37, 38, 39]
				}
			]
		}
	]
}