{
	"credit": "Made with Blockbench",
	"texture_size": [128, 128],
	"textures": {
		"0": "block/carved_pumpkin"
	},
	"elements": [
		{
			"from": [7.5, 1, 0],
			"to": [8.5, 3, 2],
			"rotation": {"angle": 0, "axis": "y", "origin": [6.5, 0, 0]},
			"faces": {
				"north": {"uv": [5.25, 1.5, 5.375, 1.75], "texture": "#0"},
				"east": {"uv": [4.25, 6.75, 4.5, 7], "texture": "#0"},
				"south": {"uv": [7.375, 5.875, 7.5, 6.125], "texture": "#0"},
				"west": {"uv": [6.75, 4.625, 7, 4.875], "texture": "#0"},
				"up": {"uv": [6.125, 7.625, 6, 7.375], "texture": "#0"},
				"down": {"uv": [6.25, 7.375, 6.125, 7.625], "texture": "#0"}
			}
		},
		{
			"from": [7.5, 1, -1],
			"to": [8.5, 2, 0],
			"rotation": {"angle": 0, "axis": "y", "origin": [6.5, 0, 0]},
			"faces": {
				"north": {"uv": [6.75, 1, 6.875, 1.125], "texture": "#0"},
				"east": {"uv": [6.875, 1.25, 7, 1.375], "texture": "#0"},
				"south": {"uv": [7.125, 6.375, 7.25, 6.5], "texture": "#0"},
				"west": {"uv": [7.25, 1.125, 7.375, 1.25], "texture": "#0"},
				"up": {"uv": [7.625, 1.875, 7.5, 1.75], "texture": "#0"},
				"down": {"uv": [7.625, 2.25, 7.5, 2.375], "texture": "#0"}
			}
		},
		{
			"from": [7.5, 2, 1],
			"to": [8.5, 4, 3],
			"rotation": {"angle": 0, "axis": "y", "origin": [6.5, 0, 0]},
			"faces": {
				"north": {"uv": [7.375, 6.125, 7.5, 6.375], "texture": "#0"},
				"east": {"uv": [6.75, 4.875, 7, 5.125], "texture": "#0"},
				"south": {"uv": [7.375, 6.375, 7.5, 6.625], "texture": "#0"},
				"west": {"uv": [6.75, 5.125, 7, 5.375], "texture": "#0"},
				"up": {"uv": [6.625, 7.625, 6.5, 7.375], "texture": "#0"},
				"down": {"uv": [6.75, 7.375, 6.625, 7.625], "texture": "#0"}
			}
		},
		{
			"from": [7.5, 3, 2],
			"to": [8.5, 5, 4],
			"rotation": {"angle": 0, "axis": "y", "origin": [6.5, 0, 0]},
			"faces": {
				"north": {"uv": [7.375, 6.625, 7.5, 6.875], "texture": "#0"},
				"east": {"uv": [6.75, 5.375, 7, 5.625], "texture": "#0"},
				"south": {"uv": [6.75, 7.375, 6.875, 7.625], "texture": "#0"},
				"west": {"uv": [5.5, 6.75, 5.75, 7], "texture": "#0"},
				"up": {"uv": [7.5, 7.125, 7.375, 6.875], "texture": "#0"},
				"down": {"uv": [7.5, 7.125, 7.375, 7.375], "texture": "#0"}
			}
		},
		{
			"from": [7.5, 4, 3],
			"to": [8.5, 6, 6.25],
			"rotation": {"angle": 0, "axis": "y", "origin": [6.5, 0, 0]},
			"faces": {
				"north": {"uv": [7.25, 7.375, 7.375, 7.625], "texture": "#0"},
				"east": {"uv": [5.25, 0, 5.6875, 0.25], "texture": "#0"},
				"south": {"uv": [7.375, 7.375, 7.5, 7.625], "texture": "#0"},
				"west": {"uv": [5.25, 0.25, 5.6875, 0.5], "texture": "#0"},
				"up": {"uv": [0.375, 7.4375, 0.25, 7], "texture": "#0"},
				"down": {"uv": [1, 7, 0.875, 7.4375], "texture": "#0"}
			}
		},
		{
			"from": [7.5, 5, 6],
			"to": [8.5, 7, 9.25],
			"rotation": {"angle": 0, "axis": "y", "origin": [6.5, 0, 0]},
			"faces": {
				"north": {"uv": [0, 7.5, 0.125, 7.75], "texture": "#0"},
				"east": {"uv": [5.25, 2, 5.6875, 2.25], "texture": "#0"},
				"south": {"uv": [7.5, 0, 7.625, 0.25], "texture": "#0"},
				"west": {"uv": [5.25, 2.75, 5.6875, 3], "texture": "#0"},
				"up": {"uv": [3, 7.4375, 2.875, 7], "texture": "#0"},
				"down": {"uv": [3.125, 7, 3, 7.4375], "texture": "#0"}
			}
		},
		{
			"from": [7.5, 6, 9.25],
			"to": [8.5, 8, 13.75],
			"rotation": {"angle": 0, "axis": "y", "origin": [6.5, 0, -0.75]},
			"faces": {
				"north": {"uv": [0.125, 7.5, 0.25, 7.75], "texture": "#0"},
				"east": {"uv": [4.625, 1.5, 5.1875, 1.75], "texture": "#0"},
				"south": {"uv": [0.25, 7.5, 0.375, 7.75], "texture": "#0"},
				"west": {"uv": [4.625, 2, 5.1875, 2.25], "texture": "#0"},
				"up": {"uv": [1.125, 7.0625, 1, 6.5], "texture": "#0"},
				"down": {"uv": [1.25, 6.5, 1.125, 7.0625], "texture": "#0"}
			}
		},
		{
			"from": [7.501, 7.001, 13.751],
			"to": [8.499, 8.999, 21.999],
			"rotation": {"angle": 0, "axis": "y", "origin": [6.5, 0, 2.75]},
			"faces": {
				"north": {"uv": [7.5, 0.25, 7.625, 0.5], "texture": "#0"},
				"east": {"uv": [0, 3, 1.0625, 3.25], "texture": "#0"},
				"south": {"uv": [7.5, 0.5, 7.625, 0.75], "texture": "#0"},
				"west": {"uv": [1.125, 3.125, 2.1875, 3.375], "texture": "#0"},
				"up": {"uv": [3.375, 6.1875, 3.25, 5.125], "texture": "#0"},
				"down": {"uv": [3.5, 5.125, 3.375, 6.1875], "texture": "#0"}
			}
		},
		{
			"from": [7.5, 8, 22],
			"to": [8.5, 9, 25.25],
			"rotation": {"angle": 0, "axis": "y", "origin": [6.5, 0, 2.75]},
			"faces": {
				"north": {"uv": [7.5, 3.5, 7.625, 3.625], "texture": "#0"},
				"east": {"uv": [7, 1.75, 7.4375, 1.875], "texture": "#0"},
				"south": {"uv": [7.5, 4.25, 7.625, 4.375], "texture": "#0"},
				"west": {"uv": [7, 4.125, 7.4375, 4.25], "texture": "#0"},
				"up": {"uv": [1.125, 7.5625, 1, 7.125], "texture": "#0"},
				"down": {"uv": [1.25, 7.125, 1.125, 7.5625], "texture": "#0"}
			}
		},
		{
			"from": [6.5, 8, 18.5],
			"to": [9.5, 9, 21.75],
			"rotation": {"angle": 0, "axis": "y", "origin": [6.5, 0, 2.75]},
			"faces": {
				"north": {"uv": [5.75, 5.5, 6.125, 5.625], "texture": "#0"},
				"east": {"uv": [7, 4.25, 7.4375, 4.375], "texture": "#0"},
				"south": {"uv": [6, 1.625, 6.375, 1.75], "texture": "#0"},
				"west": {"uv": [1.25, 7.125, 1.6875, 7.25], "texture": "#0"},
				"up": {"uv": [3.25, 5.0625, 2.875, 4.625], "texture": "#0"},
				"down": {"uv": [3.625, 4.625, 3.25, 5.0625], "texture": "#0"}
			}
		},
		{
			"from": [8.5, 6, 13.75],
			"to": [9.5, 8, 21],
			"rotation": {"angle": 0, "axis": "y", "origin": [7.5, -1, 2.75]},
			"faces": {
				"north": {"uv": [4.75, 7.5, 4.875, 7.75], "texture": "#0"},
				"east": {"uv": [3.5, 2.875, 4.4375, 3.125], "texture": "#0"},
				"south": {"uv": [4.875, 7.5, 5, 7.75], "texture": "#0"},
				"west": {"uv": [1.375, 3.625, 2.3125, 3.875], "texture": "#0"},
				"up": {"uv": [1.875, 6.1875, 1.75, 5.25], "texture": "#0"},
				"down": {"uv": [2, 5.25, 1.875, 6.1875], "texture": "#0"}
			}
		},
		{
			"from": [8.501, 4.001, 6.001],
			"to": [9.499, 5.999, 9.249],
			"rotation": {"angle": 0, "axis": "y", "origin": [7.5, -1, 0]},
			"faces": {
				"north": {"uv": [4.375, 7.5, 4.5, 7.75], "texture": "#0"},
				"east": {"uv": [4.25, 5.375, 4.6875, 5.625], "texture": "#0"},
				"south": {"uv": [4.625, 7.5, 4.75, 7.75], "texture": "#0"},
				"west": {"uv": [4.75, 5.375, 5.1875, 5.625], "texture": "#0"},
				"up": {"uv": [3.625, 7.4375, 3.5, 7], "texture": "#0"},
				"down": {"uv": [7.125, 3.625, 7, 4.0625], "texture": "#0"}
			}
		},
		{
			"from": [8.5, 5, 9.25],
			"to": [9.5, 7, 13.75],
			"rotation": {"angle": 0, "axis": "y", "origin": [7.5, -1, -0.75]},
			"faces": {
				"north": {"uv": [7.5, 4, 7.625, 4.25], "texture": "#0"},
				"east": {"uv": [4.25, 4.625, 4.8125, 4.875], "texture": "#0"},
				"south": {"uv": [4.25, 7.5, 4.375, 7.75], "texture": "#0"},
				"west": {"uv": [4.75, 0.75, 5.3125, 1], "texture": "#0"},
				"up": {"uv": [1.375, 7.0625, 1.25, 6.5], "texture": "#0"},
				"down": {"uv": [2.125, 6.5, 2, 7.0625], "texture": "#0"}
			}
		},
		{
			"from": [8.5, 3, 3],
			"to": [9.5, 5, 6.25],
			"rotation": {"angle": 0, "axis": "y", "origin": [7.5, -1, 0]},
			"faces": {
				"north": {"uv": [3.375, 7.5, 3.5, 7.75], "texture": "#0"},
				"east": {"uv": [5.375, 1.75, 5.8125, 2], "texture": "#0"},
				"south": {"uv": [3.5, 7.5, 3.625, 7.75], "texture": "#0"},
				"west": {"uv": [2.625, 5.375, 3.0625, 5.625], "texture": "#0"},
				"up": {"uv": [7.125, 3.5625, 7, 3.125], "texture": "#0"},
				"down": {"uv": [3.5, 7, 3.375, 7.4375], "texture": "#0"}
			}
		},
		{
			"from": [8.501, 2.001, 2.001],
			"to": [9.499, 3.999, 3.999],
			"rotation": {"angle": 0, "axis": "y", "origin": [7.5, -1, 0]},
			"faces": {
				"north": {"uv": [2.875, 7.5, 3, 7.75], "texture": "#0"},
				"east": {"uv": [6.75, 6.25, 7, 6.5], "texture": "#0"},
				"south": {"uv": [3, 7.5, 3.125, 7.75], "texture": "#0"},
				"west": {"uv": [6.875, 1, 7.125, 1.25], "texture": "#0"},
				"up": {"uv": [7.625, 3.25, 7.5, 3], "texture": "#0"},
				"down": {"uv": [7.625, 3.25, 7.5, 3.5], "texture": "#0"}
			}
		},
		{
			"from": [8.5, 1, 1],
			"to": [9.5, 3, 3],
			"rotation": {"angle": 0, "axis": "y", "origin": [7.5, -1, 0]},
			"faces": {
				"north": {"uv": [7.5, 1, 7.625, 1.25], "texture": "#0"},
				"east": {"uv": [5.75, 6.75, 6, 7], "texture": "#0"},
				"south": {"uv": [7.5, 1.25, 7.625, 1.5], "texture": "#0"},
				"west": {"uv": [6.75, 6, 7, 6.25], "texture": "#0"},
				"up": {"uv": [7.625, 2.25, 7.5, 2], "texture": "#0"},
				"down": {"uv": [7.625, 2.75, 7.5, 3], "texture": "#0"}
			}
		},
		{
			"from": [8.501, 1.001, 0.001],
			"to": [9.499, 1.999, 1.999],
			"rotation": {"angle": 0, "axis": "y", "origin": [7.5, -1, 0]},
			"faces": {
				"north": {"uv": [3.625, 1.75, 3.75, 1.875], "texture": "#0"},
				"east": {"uv": [2.5, 0.625, 2.75, 0.75], "texture": "#0"},
				"south": {"uv": [4.375, 2.75, 4.5, 2.875], "texture": "#0"},
				"west": {"uv": [2.625, 5, 2.875, 5.125], "texture": "#0"},
				"up": {"uv": [7.625, 1, 7.5, 0.75], "texture": "#0"},
				"down": {"uv": [1, 7.5, 0.875, 7.75], "texture": "#0"}
			}
		},
		{
			"from": [9.5, 5.25, 14.75],
			"to": [10.5, 7.25, 20],
			"rotation": {"angle": 0, "axis": "y", "origin": [8.5, -1.75, 3.75]},
			"faces": {
				"north": {"uv": [1.5, 7.625, 1.625, 7.875], "texture": "#0"},
				"east": {"uv": [4.25, 3.375, 4.9375, 3.625], "texture": "#0"},
				"south": {"uv": [7.625, 1.5, 7.75, 1.75], "texture": "#0"},
				"west": {"uv": [4.25, 3.625, 4.9375, 3.875], "texture": "#0"},
				"up": {"uv": [3.625, 6.9375, 3.5, 6.25], "texture": "#0"},
				"down": {"uv": [0.625, 6.375, 0.5, 7.0625], "texture": "#0"}
			}
		},
		{
			"from": [9.5, 4.25, 10.25],
			"to": [10.5, 6.25, 14.75],
			"rotation": {"angle": 0, "axis": "y", "origin": [8.5, -1.75, 0.25]},
			"faces": {
				"north": {"uv": [7.625, 1.25, 7.75, 1.5], "texture": "#0"},
				"east": {"uv": [4.75, 1.75, 5.3125, 2], "texture": "#0"},
				"south": {"uv": [1.375, 7.625, 1.5, 7.875], "texture": "#0"},
				"west": {"uv": [4.875, 0.5, 5.4375, 0.75], "texture": "#0"},
				"up": {"uv": [2.5, 7.0625, 2.375, 6.5], "texture": "#0"},
				"down": {"uv": [6.625, 2.75, 6.5, 3.3125], "texture": "#0"}
			}
		},
		{
			"from": [9.5, 2.25, 4],
			"to": [10.5, 4.25, 7.25],
			"rotation": {"angle": 0, "axis": "y", "origin": [8.5, -1.75, 1]},
			"faces": {
				"north": {"uv": [1.125, 7.625, 1.25, 7.875], "texture": "#0"},
				"east": {"uv": [5.5, 3.75, 5.9375, 4], "texture": "#0"},
				"south": {"uv": [1.25, 7.625, 1.375, 7.875], "texture": "#0"},
				"west": {"uv": [5.5, 4, 5.9375, 4.25], "texture": "#0"},
				"up": {"uv": [7.125, 5.5625, 7, 5.125], "texture": "#0"},
				"down": {"uv": [5.375, 7, 5.25, 7.4375], "texture": "#0"}
			}
		},
		{
			"from": [9.5, 3.25, 7],
			"to": [10.5, 5.25, 10.25],
			"rotation": {"angle": 0, "axis": "y", "origin": [8.5, -1.75, 1]},
			"faces": {
				"north": {"uv": [1, 7.625, 1.125, 7.875], "texture": "#0"},
				"east": {"uv": [5.5, 1.25, 5.9375, 1.5], "texture": "#0"},
				"south": {"uv": [7.625, 1, 7.75, 1.25], "texture": "#0"},
				"west": {"uv": [5.5, 1.5, 5.9375, 1.75], "texture": "#0"},
				"up": {"uv": [4.875, 7.4375, 4.75, 7], "texture": "#0"},
				"down": {"uv": [5, 7, 4.875, 7.4375], "texture": "#0"}
			}
		},
		{
			"from": [9.5, 1.25, 2],
			"to": [10.5, 3.25, 5],
			"rotation": {"angle": 0, "axis": "y", "origin": [8.5, -1.75, 1]},
			"faces": {
				"north": {"uv": [0.75, 7.625, 0.875, 7.875], "texture": "#0"},
				"east": {"uv": [6.125, 3, 6.5, 3.25], "texture": "#0"},
				"south": {"uv": [7.625, 0.75, 7.75, 1], "texture": "#0"},
				"west": {"uv": [6.125, 3.25, 6.5, 3.5], "texture": "#0"},
				"up": {"uv": [0.75, 7.625, 0.625, 7.25], "texture": "#0"},
				"down": {"uv": [0.875, 7.25, 0.75, 7.625], "texture": "#0"}
			}
		},
		{
			"from": [9.5, 1, 1],
			"to": [10.5, 2.25, 4],
			"rotation": {"angle": 0, "axis": "y", "origin": [8.5, -1.75, 1]},
			"faces": {
				"north": {"uv": [5.75, 7.75, 5.875, 7.9375], "texture": "#0"},
				"east": {"uv": [6.5, 1.125, 6.875, 1.3125], "texture": "#0"},
				"south": {"uv": [7.75, 5.75, 7.875, 5.9375], "texture": "#0"},
				"west": {"uv": [6.5, 2.5, 6.875, 2.6875], "texture": "#0"},
				"up": {"uv": [7.375, 0.375, 7.25, 0], "texture": "#0"},
				"down": {"uv": [7.375, 0.375, 7.25, 0.75], "texture": "#0"}
			}
		},
		{
			"from": [10.5, 4.25, 14.75],
			"to": [11.5, 6.25, 19],
			"rotation": {"angle": 0, "axis": "y", "origin": [9.5, -2.75, 3.75]},
			"faces": {
				"north": {"uv": [7.625, 2.25, 7.75, 2.5], "texture": "#0"},
				"east": {"uv": [4.25, 4.875, 4.8125, 5.125], "texture": "#0"},
				"south": {"uv": [2.375, 7.625, 2.5, 7.875], "texture": "#0"},
				"west": {"uv": [4.875, 4.375, 5.4375, 4.625], "texture": "#0"},
				"up": {"uv": [6.625, 6.5625, 6.5, 6], "texture": "#0"},
				"down": {"uv": [6.375, 6.5, 6.25, 7.0625], "texture": "#0"}
			}
		},
		{
			"from": [10.5, 3.25, 10.25],
			"to": [11.5, 5.25, 14.75],
			"rotation": {"angle": 0, "axis": "y", "origin": [9.5, -2.75, 0.25]},
			"faces": {
				"north": {"uv": [2.125, 7.625, 2.25, 7.875], "texture": "#0"},
				"east": {"uv": [4.875, 3.875, 5.4375, 4.125], "texture": "#0"},
				"south": {"uv": [2.25, 7.625, 2.375, 7.875], "texture": "#0"},
				"west": {"uv": [4.875, 4.125, 5.4375, 4.375], "texture": "#0"},
				"up": {"uv": [3.875, 7.0625, 3.75, 6.5], "texture": "#0"},
				"down": {"uv": [4.125, 6.5, 4, 7.0625], "texture": "#0"}
			}
		},
		{
			"from": [10.5, 2.25, 7],
			"to": [11.5, 4.25, 10.25],
			"rotation": {"angle": 0, "axis": "y", "origin": [9.5, -2.75, 1]},
			"faces": {
				"north": {"uv": [2, 7.625, 2.125, 7.875], "texture": "#0"},
				"east": {"uv": [5.5, 4.75, 5.9375, 5], "texture": "#0"},
				"south": {"uv": [7.625, 2, 7.75, 2.25], "texture": "#0"},
				"west": {"uv": [5.5, 5, 5.9375, 5.25], "texture": "#0"},
				"up": {"uv": [5.75, 7.4375, 5.625, 7], "texture": "#0"},
				"down": {"uv": [5.875, 7, 5.75, 7.4375], "texture": "#0"}
			}
		},
		{
			"from": [10.5, 1.25, 4],
			"to": [11.5, 3.25, 7.25],
			"rotation": {"angle": 0, "axis": "y", "origin": [9.5, -2.75, 1]},
			"faces": {
				"north": {"uv": [1.625, 7.625, 1.75, 7.875], "texture": "#0"},
				"east": {"uv": [5.5, 4.25, 5.9375, 4.5], "texture": "#0"},
				"south": {"uv": [7.625, 1.75, 7.75, 2], "texture": "#0"},
				"west": {"uv": [5.5, 4.5, 5.9375, 4.75], "texture": "#0"},
				"up": {"uv": [5.5, 7.4375, 5.375, 7], "texture": "#0"},
				"down": {"uv": [5.625, 7, 5.5, 7.4375], "texture": "#0"}
			}
		},
		{
			"from": [10.5, 1, 2],
			"to": [11.5, 2.25, 5],
			"rotation": {"angle": 0, "axis": "y", "origin": [9.5, -2.75, 1]},
			"faces": {
				"north": {"uv": [5.875, 7.75, 6, 7.9375], "texture": "#0"},
				"east": {"uv": [4.25, 6.5, 4.625, 6.6875], "texture": "#0"},
				"south": {"uv": [7.75, 6, 7.875, 6.1875], "texture": "#0"},
				"west": {"uv": [6.5, 5.75, 6.875, 5.9375], "texture": "#0"},
				"up": {"uv": [7.375, 1.125, 7.25, 0.75], "texture": "#0"},
				"down": {"uv": [1.375, 7.25, 1.25, 7.625], "texture": "#0"}
			}
		},
		{
			"from": [11.5, 3.25, 12.25],
			"to": [12.5, 5.25, 16.75],
			"rotation": {"angle": 0, "axis": "y", "origin": [10.5, -2.75, 2.25]},
			"faces": {
				"north": {"uv": [7.625, 2.75, 7.75, 3], "texture": "#0"},
				"east": {"uv": [4.875, 4.625, 5.4375, 4.875], "texture": "#0"},
				"south": {"uv": [7.625, 3, 7.75, 3.25], "texture": "#0"},
				"west": {"uv": [4.875, 4.875, 5.4375, 5.125], "texture": "#0"},
				"up": {"uv": [6.5, 7.0625, 6.375, 6.5], "texture": "#0"},
				"down": {"uv": [6.75, 2.75, 6.625, 3.3125], "texture": "#0"}
			}
		},
		{
			"from": [11.5, 2.25, 9],
			"to": [12.5, 4.25, 12.25],
			"rotation": {"angle": 0, "axis": "y", "origin": [10.5, -2.75, 3]},
			"faces": {
				"north": {"uv": [2.625, 7.625, 2.75, 7.875], "texture": "#0"},
				"east": {"uv": [5.625, 2.25, 6.0625, 2.5], "texture": "#0"},
				"south": {"uv": [2.75, 7.625, 2.875, 7.875], "texture": "#0"},
				"west": {"uv": [2.625, 5.625, 3.0625, 5.875], "texture": "#0"},
				"up": {"uv": [7.125, 7.0625, 7, 6.625], "texture": "#0"},
				"down": {"uv": [7.25, 0, 7.125, 0.4375], "texture": "#0"}
			}
		},
		{
			"from": [11.5, 1.25, 6],
			"to": [12.5, 3.25, 9.25],
			"rotation": {"angle": 0, "axis": "y", "origin": [10.5, -2.75, 3]},
			"faces": {
				"north": {"uv": [2.5, 7.625, 2.625, 7.875], "texture": "#0"},
				"east": {"uv": [0.25, 5.625, 0.6875, 5.875], "texture": "#0"},
				"south": {"uv": [7.625, 2.5, 7.75, 2.75], "texture": "#0"},
				"west": {"uv": [0.75, 5.625, 1.1875, 5.875], "texture": "#0"},
				"up": {"uv": [6, 7.4375, 5.875, 7], "texture": "#0"},
				"down": {"uv": [7.125, 6, 7, 6.4375], "texture": "#0"}
			}
		},
		{
			"from": [11.5, 1, 4],
			"to": [12.5, 2.25, 7],
			"rotation": {"angle": 0, "axis": "y", "origin": [10.5, -2.75, 3]},
			"faces": {
				"north": {"uv": [7.75, 6.25, 7.875, 6.4375], "texture": "#0"},
				"east": {"uv": [6.625, 0.5, 7, 0.6875], "texture": "#0"},
				"south": {"uv": [7.75, 6.5, 7.875, 6.6875], "texture": "#0"},
				"west": {"uv": [6.625, 1.375, 7, 1.5625], "texture": "#0"},
				"up": {"uv": [1.5, 7.625, 1.375, 7.25], "texture": "#0"},
				"down": {"uv": [1.625, 7.25, 1.5, 7.625], "texture": "#0"}
			}
		},
		{
			"from": [12.5, 2.25, 12],
			"to": [13.5, 4.25, 18.75],
			"rotation": {"angle": 0, "axis": "y", "origin": [11.5, -2.75, 6]},
			"faces": {
				"north": {"uv": [3.625, 7.625, 3.75, 7.875], "texture": "#0"},
				"east": {"uv": [3.75, 2, 4.625, 2.25], "texture": "#0"},
				"south": {"uv": [3.75, 7.625, 3.875, 7.875], "texture": "#0"},
				"west": {"uv": [1.375, 3.875, 2.25, 4.125], "texture": "#0"},
				"up": {"uv": [3.25, 6.25, 3.125, 5.375], "texture": "#0"},
				"down": {"uv": [4, 5.5, 3.875, 6.375], "texture": "#0"}
			}
		},
		{
			"from": [12.5, 1.25, 9],
			"to": [13.5, 3.25, 12.25],
			"rotation": {"angle": 0, "axis": "y", "origin": [11.5, -2.75, 6]},
			"faces": {
				"north": {"uv": [7.625, 3.25, 7.75, 3.5], "texture": "#0"},
				"east": {"uv": [5.625, 3, 6.0625, 3.25], "texture": "#0"},
				"south": {"uv": [7.625, 3.5, 7.75, 3.75], "texture": "#0"},
				"west": {"uv": [5.625, 3.25, 6.0625, 3.5], "texture": "#0"},
				"up": {"uv": [0.625, 7.5625, 0.5, 7.125], "texture": "#0"},
				"down": {"uv": [7.25, 0.75, 7.125, 1.1875], "texture": "#0"}
			}
		},
		{
			"from": [12.5, 1, 6],
			"to": [13.5, 2.25, 10],
			"rotation": {"angle": 0, "axis": "y", "origin": [11.5, -2.75, 6]},
			"faces": {
				"north": {"uv": [7.75, 6.75, 7.875, 6.9375], "texture": "#0"},
				"east": {"uv": [6.125, 3.5, 6.625, 3.6875], "texture": "#0"},
				"south": {"uv": [7.75, 7, 7.875, 7.1875], "texture": "#0"},
				"west": {"uv": [5, 6.125, 5.5, 6.3125], "texture": "#0"},
				"up": {"uv": [4.625, 7.25, 4.5, 6.75], "texture": "#0"},
				"down": {"uv": [7, 2.875, 6.875, 3.375], "texture": "#0"}
			}
		},
		{
			"from": [13.5, -1, 12],
			"to": [14.5, 3.25, 18.75],
			"rotation": {"angle": 0, "axis": "y", "origin": [12.5, -2.75, 9]},
			"faces": {
				"north": {"uv": [6.625, 3.375, 6.75, 3.9375], "texture": "#0"},
				"east": {"uv": [1.875, 0, 2.75, 0.5625], "texture": "#0"},
				"south": {"uv": [3.625, 6.625, 3.75, 7.1875], "texture": "#0"},
				"west": {"uv": [2, 1.875, 2.875, 2.4375], "texture": "#0"},
				"up": {"uv": [1.375, 6.5, 1.25, 5.625], "texture": "#0"},
				"down": {"uv": [3.875, 5.625, 3.75, 6.5], "texture": "#0"}
			}
		},
		{
			"from": [13.5, -3.5, 11.5],
			"to": [14.5, -1, 18],
			"rotation": {"angle": 0, "axis": "y", "origin": [12.5, -2.75, 9]},
			"faces": {
				"north": {"uv": [7.25, 7, 7.375, 7.3125], "texture": "#0"},
				"east": {"uv": [3.375, 3.125, 4.1875, 3.4375], "texture": "#0"},
				"south": {"uv": [7.375, 0, 7.5, 0.3125], "texture": "#0"},
				"west": {"uv": [0, 3.5, 0.8125, 3.8125], "texture": "#0"},
				"up": {"uv": [3.75, 6.5625, 3.625, 5.75], "texture": "#0"},
				"down": {"uv": [4.25, 5.875, 4.125, 6.6875], "texture": "#0"}
			}
		},
		{
			"from": [14.501, -5.249, 10.751],
			"to": [15.499, -2.501, 16.999],
			"rotation": {"angle": 0, "axis": "y", "origin": [12.5, -2.75, 9]},
			"faces": {
				"north": {"uv": [1.625, 7.25, 1.75, 7.625], "texture": "#0"},
				"east": {"uv": [2.75, 1.5, 3.5625, 1.875], "texture": "#0"},
				"south": {"uv": [2, 7.25, 2.125, 7.625], "texture": "#0"},
				"west": {"uv": [1.75, 2.75, 2.5625, 3.125], "texture": "#0"},
				"up": {"uv": [0.75, 6.9375, 0.625, 6.125], "texture": "#0"},
				"down": {"uv": [0.875, 6.125, 0.75, 6.9375], "texture": "#0"}
			}
		},
		{
			"from": [14.5, -6.25, 9.75],
			"to": [15.5, -4.25, 16],
			"rotation": {"angle": 0, "axis": "y", "origin": [12.5, -5.5, 8]},
			"faces": {
				"north": {"uv": [4, 7.625, 4.125, 7.875], "texture": "#0"},
				"east": {"uv": [4, 0.5, 4.8125, 0.75], "texture": "#0"},
				"south": {"uv": [7.625, 4, 7.75, 4.25], "texture": "#0"},
				"west": {"uv": [1.375, 4.125, 2.1875, 4.375], "texture": "#0"},
				"up": {"uv": [1, 6.9375, 0.875, 6.125], "texture": "#0"},
				"down": {"uv": [2.75, 6.125, 2.625, 6.9375], "texture": "#0"}
			}
		},
		{
			"from": [14.501, -6.999, 6.501],
			"to": [15.499, -5.251, 14.999],
			"rotation": {"angle": 0, "axis": "y", "origin": [12.5, -5.5, 8]},
			"faces": {
				"north": {"uv": [7.625, 4.25, 7.75, 4.5], "texture": "#0"},
				"east": {"uv": [2.25, 3.125, 3.3125, 3.375], "texture": "#0"},
				"south": {"uv": [4.5, 7.625, 4.625, 7.875], "texture": "#0"},
				"west": {"uv": [0, 3.25, 1.0625, 3.5], "texture": "#0"},
				"up": {"uv": [3.625, 6.1875, 3.5, 5.125], "texture": "#0"},
				"down": {"uv": [1.5, 5.25, 1.375, 6.3125], "texture": "#0"}
			}
		},
		{
			"from": [14.501, -6.999, 4.751],
			"to": [15.499, -6.001, 6.499],
			"rotation": {"angle": 0, "axis": "y", "origin": [12.5, -5.5, 8]},
			"faces": {
				"north": {"uv": [7.875, 1.25, 8, 1.375], "texture": "#0"},
				"east": {"uv": [0, 5.75, 0.25, 5.875], "texture": "#0"},
				"south": {"uv": [1.375, 7.875, 1.5, 8], "texture": "#0"},
				"west": {"uv": [6.25, 1.25, 6.5, 1.375], "texture": "#0"},
				"up": {"uv": [7.75, 4.75, 7.625, 4.5], "texture": "#0"},
				"down": {"uv": [7.75, 4.75, 7.625, 5], "texture": "#0"}
			}
		},
		{
			"from": [12.25, -1.5, 7.75],
			"to": [13.25, 1, 9.75],
			"rotation": {"angle": 0, "axis": "y", "origin": [11.25, -0.75, 1.75]},
			"faces": {
				"north": {"uv": [7.375, 2, 7.5, 2.3125], "texture": "#0"},
				"east": {"uv": [6.375, 1.625, 6.625, 1.9375], "texture": "#0"},
				"south": {"uv": [7.375, 2.875, 7.5, 3.1875], "texture": "#0"},
				"west": {"uv": [5.5, 6.375, 5.75, 6.6875], "texture": "#0"},
				"up": {"uv": [5, 8, 4.875, 7.75], "texture": "#0"},
				"down": {"uv": [5.125, 7.75, 5, 8], "texture": "#0"}
			}
		},
		{
			"from": [12.501, -3.249, 6.751],
			"to": [13.499, -0.501, 8.749],
			"rotation": {"angle": 0, "axis": "y", "origin": [10.5, -0.75, 1.75]},
			"faces": {
				"north": {"uv": [7.25, 5.5, 7.375, 5.875], "texture": "#0"},
				"east": {"uv": [1.75, 2.125, 2, 2.5], "texture": "#0"},
				"south": {"uv": [7.25, 5.875, 7.375, 6.25], "texture": "#0"},
				"west": {"uv": [6.25, 6.125, 6.5, 6.5], "texture": "#0"},
				"up": {"uv": [4.875, 8, 4.75, 7.75], "texture": "#0"},
				"down": {"uv": [7.875, 4.75, 7.75, 5], "texture": "#0"}
			}
		},
		{
			"from": [12.5, -4, 5.75],
			"to": [13.5, -2, 7.75],
			"rotation": {"angle": 0, "axis": "y", "origin": [10.5, -3.25, 0.75]},
			"faces": {
				"north": {"uv": [7.75, 4.25, 7.875, 4.5], "texture": "#0"},
				"east": {"uv": [6.875, 4.375, 7.125, 4.625], "texture": "#0"},
				"south": {"uv": [4.375, 7.75, 4.5, 8], "texture": "#0"},
				"west": {"uv": [6.875, 5.75, 7.125, 6], "texture": "#0"},
				"up": {"uv": [7.875, 4.75, 7.75, 4.5], "texture": "#0"},
				"down": {"uv": [4.75, 7.75, 4.625, 8], "texture": "#0"}
			}
		},
		{
			"from": [12.501, -4.499, 4.251],
			"to": [13.499, -3.501, 6.749],
			"rotation": {"angle": 0, "axis": "y", "origin": [10.5, -3.75, -0.25]},
			"faces": {
				"north": {"uv": [7.875, 2, 8, 2.125], "texture": "#0"},
				"east": {"uv": [6.125, 5.75, 6.4375, 5.875], "texture": "#0"},
				"south": {"uv": [2.125, 7.875, 2.25, 8], "texture": "#0"},
				"west": {"uv": [7.125, 2.75, 7.4375, 2.875], "texture": "#0"},
				"up": {"uv": [1.875, 7.6875, 1.75, 7.375], "texture": "#0"},
				"down": {"uv": [2, 7.375, 1.875, 7.6875], "texture": "#0"}
			}
		},
		{
			"from": [2.75, -1.5, 7.75],
			"to": [3.75, 1, 9.75],
			"rotation": {"angle": 0, "axis": "y", "origin": [4.75, -0.75, 1.75]},
			"faces": {
				"north": {"uv": [7.375, 3.25, 7.5, 3.5625], "texture": "#0"},
				"east": {"uv": [5.75, 6.375, 6, 6.6875], "texture": "#0"},
				"south": {"uv": [4.125, 7.375, 4.25, 7.6875], "texture": "#0"},
				"west": {"uv": [6.5, 0.75, 6.75, 1.0625], "texture": "#0"},
				"up": {"uv": [7.875, 5.75, 7.75, 5.5], "texture": "#0"},
				"down": {"uv": [5.75, 7.75, 5.625, 8], "texture": "#0"}
			}
		},
		{
			"from": [2.501, -3.249, 6.751],
			"to": [3.499, -0.501, 8.749],
			"rotation": {"angle": 0, "axis": "y", "origin": [5.5, -0.75, 1.75]},
			"faces": {
				"north": {"uv": [7.25, 6.25, 7.375, 6.625], "texture": "#0"},
				"east": {"uv": [0, 6.375, 0.25, 6.75], "texture": "#0"},
				"south": {"uv": [7.25, 6.625, 7.375, 7], "texture": "#0"},
				"west": {"uv": [0.25, 6.375, 0.5, 6.75], "texture": "#0"},
				"up": {"uv": [5.5, 8, 5.375, 7.75], "texture": "#0"},
				"down": {"uv": [5.625, 7.75, 5.5, 8], "texture": "#0"}
			}
		},
		{
			"from": [2.5, -4, 5.75],
			"to": [3.5, -2, 7.75],
			"rotation": {"angle": 0, "axis": "y", "origin": [5.5, -3.25, 0.75]},
			"faces": {
				"north": {"uv": [7.75, 5, 7.875, 5.25], "texture": "#0"},
				"east": {"uv": [7, 0.5, 7.25, 0.75], "texture": "#0"},
				"south": {"uv": [5.125, 7.75, 5.25, 8], "texture": "#0"},
				"west": {"uv": [0.625, 7, 0.875, 7.25], "texture": "#0"},
				"up": {"uv": [5.375, 8, 5.25, 7.75], "texture": "#0"},
				"down": {"uv": [7.875, 5.25, 7.75, 5.5], "texture": "#0"}
			}
		},
		{
			"from": [2.501, -4.499, 4.251],
			"to": [3.499, -3.501, 6.749],
			"rotation": {"angle": 0, "axis": "y", "origin": [5.5, -3.75, -0.25]},
			"faces": {
				"north": {"uv": [7.875, 2.125, 8, 2.25], "texture": "#0"},
				"east": {"uv": [7.25, 2.375, 7.5625, 2.5], "texture": "#0"},
				"south": {"uv": [2.25, 7.875, 2.375, 8], "texture": "#0"},
				"west": {"uv": [7.25, 3.875, 7.5625, 4], "texture": "#0"},
				"up": {"uv": [3.25, 7.6875, 3.125, 7.375], "texture": "#0"},
				"down": {"uv": [3.375, 7.375, 3.25, 7.6875], "texture": "#0"}
			}
		},
		{
			"from": [14.5, 1, 14.25],
			"to": [17, 2.25, 18.75],
			"rotation": {"angle": 0, "axis": "y", "origin": [12.5, -2.75, 9]},
			"faces": {
				"north": {"uv": [7, 1.25, 7.3125, 1.4375], "texture": "#0"},
				"east": {"uv": [4.625, 5.875, 5.1875, 6.0625], "texture": "#0"},
				"south": {"uv": [7, 1.5, 7.3125, 1.6875], "texture": "#0"},
				"west": {"uv": [5.25, 5.875, 5.8125, 6.0625], "texture": "#0"},
				"up": {"uv": [1.6875, 4.9375, 1.375, 4.375], "texture": "#0"},
				"down": {"uv": [2.0625, 4.375, 1.75, 4.9375], "texture": "#0"}
			}
		},
		{
			"from": [17, 1, 15.25],
			"to": [18.5, 2.25, 19.5],
			"rotation": {"angle": 0, "axis": "y", "origin": [12.5, -2.75, 9]},
			"faces": {
				"north": {"uv": [7.375, 1.5, 7.5625, 1.6875], "texture": "#0"},
				"east": {"uv": [5.875, 5.875, 6.4375, 6.0625], "texture": "#0"},
				"south": {"uv": [7.375, 3.625, 7.5625, 3.8125], "texture": "#0"},
				"west": {"uv": [6, 0.5, 6.5625, 0.6875], "texture": "#0"},
				"up": {"uv": [1.1875, 6.4375, 1, 5.875], "texture": "#0"},
				"down": {"uv": [6.1875, 0.75, 6, 1.3125], "texture": "#0"}
			}
		},
		{
			"from": [18.5, 1, 16.5],
			"to": [19.75, 2.25, 20.25],
			"rotation": {"angle": 0, "axis": "y", "origin": [12.5, -2.75, 9]},
			"faces": {
				"north": {"uv": [7.375, 4.375, 7.5625, 4.5625], "texture": "#0"},
				"east": {"uv": [6.25, 0, 6.75, 0.1875], "texture": "#0"},
				"south": {"uv": [7.375, 4.625, 7.5625, 4.8125], "texture": "#0"},
				"west": {"uv": [6.25, 0.25, 6.75, 0.4375], "texture": "#0"},
				"up": {"uv": [6.4375, 1.25, 6.25, 0.75], "texture": "#0"},
				"down": {"uv": [1.9375, 6.25, 1.75, 6.75], "texture": "#0"}
			}
		},
		{
			"from": [13.5, 2.25, 18.75],
			"to": [14.5, 3.25, 22.25],
			"rotation": {"angle": 0, "axis": "y", "origin": [12.5, -2.75, 9]},
			"faces": {
				"north": {"uv": [7.875, 1, 8, 1.125], "texture": "#0"},
				"east": {"uv": [7.125, 1.875, 7.5625, 2], "texture": "#0"},
				"south": {"uv": [1.125, 7.875, 1.25, 8], "texture": "#0"},
				"west": {"uv": [2, 7.125, 2.4375, 7.25], "texture": "#0"},
				"up": {"uv": [7.25, 2.4375, 7.125, 2], "texture": "#0"},
				"down": {"uv": [7.25, 3.125, 7.125, 3.5625], "texture": "#0"}
			}
		},
		{
			"from": [12.5, 3.25, 18.75],
			"to": [13.5, 5.25, 24.5],
			"rotation": {"angle": 0, "axis": "y", "origin": [12.5, -2.75, 9]},
			"faces": {
				"north": {"uv": [7.625, 3.75, 7.75, 4], "texture": "#0"},
				"east": {"uv": [3.125, 4.125, 3.875, 4.375], "texture": "#0"},
				"south": {"uv": [3.875, 7.625, 4, 7.875], "texture": "#0"},
				"west": {"uv": [4.125, 3.875, 4.875, 4.125], "texture": "#0"},
				"up": {"uv": [6.125, 6.875, 6, 6.125], "texture": "#0"},
				"down": {"uv": [6.25, 6.125, 6.125, 6.875], "texture": "#0"}
			}
		},
		{
			"from": [12.5, 4.25, 24.5],
			"to": [13.5, 5.25, 28.5],
			"rotation": {"angle": 0, "axis": "y", "origin": [12.5, -2.75, 9]},
			"faces": {
				"north": {"uv": [7.875, 1.125, 8, 1.25], "texture": "#0"},
				"east": {"uv": [4.5, 3, 5, 3.125], "texture": "#0"},
				"south": {"uv": [1.25, 7.875, 1.375, 8], "texture": "#0"},
				"west": {"uv": [5, 3.75, 5.5, 3.875], "texture": "#0"},
				"up": {"uv": [6.125, 7.375, 6, 6.875], "texture": "#0"},
				"down": {"uv": [6.25, 6.875, 6.125, 7.375], "texture": "#0"}
			}
		},
		{
			"from": [13.501, 1.001, 9.001],
			"to": [14.499, 2.249, 12.999],
			"rotation": {"angle": 0, "axis": "y", "origin": [12.5, -2.75, 9]},
			"faces": {
				"north": {"uv": [7.75, 7.25, 7.875, 7.4375], "texture": "#0"},
				"east": {"uv": [5.5, 6.125, 6, 6.3125], "texture": "#0"},
				"south": {"uv": [7.75, 7.5, 7.875, 7.6875], "texture": "#0"},
				"west": {"uv": [6.125, 5.5, 6.625, 5.6875], "texture": "#0"},
				"up": {"uv": [7, 3.875, 6.875, 3.375], "texture": "#0"},
				"down": {"uv": [7, 3.875, 6.875, 4.375], "texture": "#0"}
			}
		},
		{
			"from": [5.5, 1, 1],
			"to": [6.5, 2.25, 4],
			"rotation": {"angle": 0, "axis": "y", "origin": [7.5, -1.75, 1]},
			"faces": {
				"north": {"uv": [7.875, 0.75, 8, 0.9375], "texture": "#0"},
				"east": {"uv": [6.75, 0.25, 7.125, 0.4375], "texture": "#0"},
				"south": {"uv": [1, 7.875, 1.125, 8.0625], "texture": "#0"},
				"west": {"uv": [6.75, 0.75, 7.125, 0.9375], "texture": "#0"},
				"up": {"uv": [7.375, 3.875, 7.25, 3.5], "texture": "#0"},
				"down": {"uv": [3.75, 7.25, 3.625, 7.625], "texture": "#0"}
			}
		},
		{
			"from": [5.5, 1.25, 2],
			"to": [6.5, 3.25, 5],
			"rotation": {"angle": 0, "axis": "y", "origin": [7.5, -1.75, 1]},
			"faces": {
				"north": {"uv": [7.75, 1.25, 7.875, 1.5], "texture": "#0"},
				"east": {"uv": [6.25, 5, 6.625, 5.25], "texture": "#0"},
				"south": {"uv": [7.75, 1.5, 7.875, 1.75], "texture": "#0"},
				"west": {"uv": [6.25, 5.25, 6.625, 5.5], "texture": "#0"},
				"up": {"uv": [2.875, 7.625, 2.75, 7.25], "texture": "#0"},
				"down": {"uv": [7.375, 3.125, 7.25, 3.5], "texture": "#0"}
			}
		},
		{
			"from": [5.5, 2.25, 4],
			"to": [6.5, 4.25, 7.25],
			"rotation": {"angle": 0, "axis": "y", "origin": [7.5, -1.75, 1]},
			"faces": {
				"north": {"uv": [0.875, 7.75, 1, 8], "texture": "#0"},
				"east": {"uv": [5.875, 1.75, 6.3125, 2], "texture": "#0"},
				"south": {"uv": [7.75, 1, 7.875, 1.25], "texture": "#0"},
				"west": {"uv": [2.625, 5.875, 3.0625, 6.125], "texture": "#0"},
				"up": {"uv": [7.125, 7.5625, 7, 7.125], "texture": "#0"},
				"down": {"uv": [7.25, 7.125, 7.125, 7.5625], "texture": "#0"}
			}
		},
		{
			"from": [5.5, 3.25, 7],
			"to": [6.5, 5.25, 10.25],
			"rotation": {"angle": 0, "axis": "y", "origin": [7.5, -1.75, 1]},
			"faces": {
				"north": {"uv": [7.75, 0.5, 7.875, 0.75], "texture": "#0"},
				"east": {"uv": [0, 5.875, 0.4375, 6.125], "texture": "#0"},
				"south": {"uv": [7.75, 0.75, 7.875, 1], "texture": "#0"},
				"west": {"uv": [0.5, 5.875, 0.9375, 6.125], "texture": "#0"},
				"up": {"uv": [7.25, 7.0625, 7.125, 6.625], "texture": "#0"},
				"down": {"uv": [7, 7.125, 6.875, 7.5625], "texture": "#0"}
			}
		},
		{
			"from": [5.5, 4.25, 10.25],
			"to": [6.5, 6.25, 14.75],
			"rotation": {"angle": 0, "axis": "y", "origin": [7.5, -1.75, 0.25]},
			"faces": {
				"north": {"uv": [7.75, 0.25, 7.875, 0.5], "texture": "#0"},
				"east": {"uv": [5.125, 2.5, 5.6875, 2.75], "texture": "#0"},
				"south": {"uv": [0.375, 7.75, 0.5, 8], "texture": "#0"},
				"west": {"uv": [2.625, 5.125, 3.1875, 5.375], "texture": "#0"},
				"up": {"uv": [3.375, 7.3125, 3.25, 6.75], "texture": "#0"},
				"down": {"uv": [6.875, 3.375, 6.75, 3.9375], "texture": "#0"}
			}
		},
		{
			"from": [5.5, 5.25, 14.75],
			"to": [6.5, 7.25, 20],
			"rotation": {"angle": 0, "axis": "y", "origin": [7.5, -1.75, 3.75]},
			"faces": {
				"north": {"uv": [0.125, 7.75, 0.25, 8], "texture": "#0"},
				"east": {"uv": [4.375, 2.5, 5.0625, 2.75], "texture": "#0"},
				"south": {"uv": [0.25, 7.75, 0.375, 8], "texture": "#0"},
				"west": {"uv": [2.875, 4.375, 3.5625, 4.625], "texture": "#0"},
				"up": {"uv": [1.5, 7.0625, 1.375, 6.375], "texture": "#0"},
				"down": {"uv": [1.625, 6.375, 1.5, 7.0625], "texture": "#0"}
			}
		},
		{
			"from": [4.5, 4.25, 14.75],
			"to": [5.5, 6.25, 19],
			"rotation": {"angle": 0, "axis": "y", "origin": [6.5, -2.75, 3.75]},
			"faces": {
				"north": {"uv": [0, 7.75, 0.125, 8], "texture": "#0"},
				"east": {"uv": [5, 3.25, 5.5625, 3.5], "texture": "#0"},
				"south": {"uv": [7.75, 0, 7.875, 0.25], "texture": "#0"},
				"west": {"uv": [5, 3.5, 5.5625, 3.75], "texture": "#0"},
				"up": {"uv": [6.875, 3.3125, 6.75, 2.75], "texture": "#0"},
				"down": {"uv": [3.25, 6.75, 3.125, 7.3125], "texture": "#0"}
			}
		},
		{
			"from": [3.5, 3.25, 12.25],
			"to": [4.5, 5.25, 16.75],
			"rotation": {"angle": 0, "axis": "y", "origin": [5.5, -2.75, 2.25]},
			"faces": {
				"north": {"uv": [7.5, 7.625, 7.625, 7.875], "texture": "#0"},
				"east": {"uv": [5, 2.25, 5.5625, 2.5], "texture": "#0"},
				"south": {"uv": [7.625, 7.5, 7.75, 7.75], "texture": "#0"},
				"west": {"uv": [5, 3, 5.5625, 3.25], "texture": "#0"},
				"up": {"uv": [2, 7.3125, 1.875, 6.75], "texture": "#0"},
				"down": {"uv": [6.875, 1.875, 6.75, 2.4375], "texture": "#0"}
			}
		},
		{
			"from": [4.5, 3.25, 10.25],
			"to": [5.5, 5.25, 14.75],
			"rotation": {"angle": 0, "axis": "y", "origin": [6.5, -2.75, 0.25]},
			"faces": {
				"north": {"uv": [7.625, 7.25, 7.75, 7.5], "texture": "#0"},
				"east": {"uv": [1.375, 5, 1.9375, 5.25], "texture": "#0"},
				"south": {"uv": [7.375, 7.625, 7.5, 7.875], "texture": "#0"},
				"west": {"uv": [2, 5, 2.5625, 5.25], "texture": "#0"},
				"up": {"uv": [0.5, 7.3125, 0.375, 6.75], "texture": "#0"},
				"down": {"uv": [1.875, 6.75, 1.75, 7.3125], "texture": "#0"}
			}
		},
		{
			"from": [3.5, 2.25, 9],
			"to": [4.5, 4.25, 12.25],
			"rotation": {"angle": 0, "axis": "y", "origin": [5.5, -2.75, 3]},
			"faces": {
				"north": {"uv": [7.125, 7.625, 7.25, 7.875], "texture": "#0"},
				"east": {"uv": [5.75, 2.75, 6.1875, 3], "texture": "#0"},
				"south": {"uv": [7.25, 7.625, 7.375, 7.875], "texture": "#0"},
				"west": {"uv": [5.75, 5.25, 6.1875, 5.5], "texture": "#0"},
				"up": {"uv": [6.375, 7.5625, 6.25, 7.125], "texture": "#0"},
				"down": {"uv": [6.5, 7.125, 6.375, 7.5625], "texture": "#0"}
			}
		},
		{
			"from": [3.5, 1.25, 6],
			"to": [4.5, 3.25, 9.25],
			"rotation": {"angle": 0, "axis": "y", "origin": [5.5, -2.75, 3]},
			"faces": {
				"north": {"uv": [7, 7.625, 7.125, 7.875], "texture": "#0"},
				"east": {"uv": [5.75, 2, 6.1875, 2.25], "texture": "#0"},
				"south": {"uv": [7.625, 7, 7.75, 7.25], "texture": "#0"},
				"west": {"uv": [5.75, 2.5, 6.1875, 2.75], "texture": "#0"},
				"up": {"uv": [7.25, 5.8125, 7.125, 5.375], "texture": "#0"},
				"down": {"uv": [7.25, 5.875, 7.125, 6.3125], "texture": "#0"}
			}
		},
		{
			"from": [4.5, 2.25, 7],
			"to": [5.5, 4.25, 10.25],
			"rotation": {"angle": 0, "axis": "y", "origin": [6.5, -2.75, 1]},
			"faces": {
				"north": {"uv": [7.625, 6.75, 7.75, 7], "texture": "#0"},
				"east": {"uv": [5.75, 0, 6.1875, 0.25], "texture": "#0"},
				"south": {"uv": [6.875, 7.625, 7, 7.875], "texture": "#0"},
				"west": {"uv": [5.75, 0.25, 6.1875, 0.5], "texture": "#0"},
				"up": {"uv": [5.125, 7.5625, 5, 7.125], "texture": "#0"},
				"down": {"uv": [5.25, 7.125, 5.125, 7.5625], "texture": "#0"}
			}
		},
		{
			"from": [4.5, 1.25, 4],
			"to": [5.5, 3.25, 7.25],
			"rotation": {"angle": 0, "axis": "y", "origin": [6.5, -2.75, 1]},
			"faces": {
				"north": {"uv": [6.625, 7.625, 6.75, 7.875], "texture": "#0"},
				"east": {"uv": [5.125, 5.625, 5.5625, 5.875], "texture": "#0"},
				"south": {"uv": [6.75, 7.625, 6.875, 7.875], "texture": "#0"},
				"west": {"uv": [5.625, 5.625, 6.0625, 5.875], "texture": "#0"},
				"up": {"uv": [7.25, 4.8125, 7.125, 4.375], "texture": "#0"},
				"down": {"uv": [7.25, 4.875, 7.125, 5.3125], "texture": "#0"}
			}
		},
		{
			"from": [3.5, 1, 4],
			"to": [4.5, 2.25, 7],
			"rotation": {"angle": 0, "axis": "y", "origin": [5.5, -2.75, 3]},
			"faces": {
				"north": {"uv": [0.625, 7.875, 0.75, 8.0625], "texture": "#0"},
				"east": {"uv": [0, 6.75, 0.375, 6.9375], "texture": "#0"},
				"south": {"uv": [0.75, 7.875, 0.875, 8.0625], "texture": "#0"},
				"west": {"uv": [6.75, 0, 7.125, 0.1875], "texture": "#0"},
				"up": {"uv": [2.625, 7.625, 2.5, 7.25], "texture": "#0"},
				"down": {"uv": [2.75, 7.25, 2.625, 7.625], "texture": "#0"}
			}
		},
		{
			"from": [4.5, 1, 2],
			"to": [5.5, 2.25, 5],
			"rotation": {"angle": 0, "axis": "y", "origin": [6.5, -2.75, 1]},
			"faces": {
				"north": {"uv": [0.5, 7.875, 0.625, 8.0625], "texture": "#0"},
				"east": {"uv": [6.625, 1.625, 7, 1.8125], "texture": "#0"},
				"south": {"uv": [7.875, 0.5, 8, 0.6875], "texture": "#0"},
				"west": {"uv": [6.5, 6.625, 6.875, 6.8125], "texture": "#0"},
				"up": {"uv": [2.375, 7.625, 2.25, 7.25], "texture": "#0"},
				"down": {"uv": [2.5, 7.25, 2.375, 7.625], "texture": "#0"}
			}
		},
		{
			"from": [2.5, 1, 6],
			"to": [3.5, 2.25, 10],
			"rotation": {"angle": 0, "axis": "y", "origin": [4.5, -2.75, 6]},
			"faces": {
				"north": {"uv": [7.875, 0, 8, 0.1875], "texture": "#0"},
				"east": {"uv": [6.25, 4.5, 6.75, 4.6875], "texture": "#0"},
				"south": {"uv": [7.875, 0.25, 8, 0.4375], "texture": "#0"},
				"west": {"uv": [6.25, 4.75, 6.75, 4.9375], "texture": "#0"},
				"up": {"uv": [0.125, 7.5, 0, 7], "texture": "#0"},
				"down": {"uv": [0.25, 7, 0.125, 7.5], "texture": "#0"}
			}
		},
		{
			"from": [2.5, 1.25, 9],
			"to": [3.5, 3.25, 12.25],
			"rotation": {"angle": 0, "axis": "y", "origin": [4.5, -2.75, 6]},
			"faces": {
				"north": {"uv": [6.5, 7.625, 6.625, 7.875], "texture": "#0"},
				"east": {"uv": [5.625, 3.5, 6.0625, 3.75], "texture": "#0"},
				"south": {"uv": [7.625, 6.5, 7.75, 6.75], "texture": "#0"},
				"west": {"uv": [4.625, 5.625, 5.0625, 5.875], "texture": "#0"},
				"up": {"uv": [4, 7.5625, 3.875, 7.125], "texture": "#0"},
				"down": {"uv": [4.125, 7.125, 4, 7.5625], "texture": "#0"}
			}
		},
		{
			"from": [1.5, 1, 9],
			"to": [2.5, 2.25, 13],
			"rotation": {"angle": 0, "axis": "y", "origin": [3.5, -2.75, 9]},
			"faces": {
				"north": {"uv": [7.625, 7.75, 7.75, 7.9375], "texture": "#0"},
				"east": {"uv": [6.25, 4, 6.75, 4.1875], "texture": "#0"},
				"south": {"uv": [7.75, 7.75, 7.875, 7.9375], "texture": "#0"},
				"west": {"uv": [6.25, 4.25, 6.75, 4.4375], "texture": "#0"},
				"up": {"uv": [7, 7.125, 6.875, 6.625], "texture": "#0"},
				"down": {"uv": [6.875, 6.875, 6.75, 7.375], "texture": "#0"}
			}
		},
		{
			"from": [1.501, -0.999, 12.001],
			"to": [2.499, 3.249, 18.749],
			"rotation": {"angle": 0, "axis": "y", "origin": [3.5, -2.75, 9]},
			"faces": {
				"north": {"uv": [6.625, 5, 6.75, 5.5625], "texture": "#0"},
				"east": {"uv": [0, 2.125, 0.875, 2.6875], "texture": "#0"},
				"south": {"uv": [6.625, 6, 6.75, 6.5625], "texture": "#0"},
				"west": {"uv": [0.875, 2.125, 1.75, 2.6875], "texture": "#0"},
				"up": {"uv": [4.5, 6.5, 4.375, 5.625], "texture": "#0"},
				"down": {"uv": [4.625, 5.625, 4.5, 6.5], "texture": "#0"}
			}
		},
		{
			"from": [2.5, 2.25, 12],
			"to": [3.5, 4.25, 18.75],
			"rotation": {"angle": 0, "axis": "y", "origin": [4.5, -2.75, 6]},
			"faces": {
				"north": {"uv": [7.625, 6.25, 7.75, 6.5], "texture": "#0"},
				"east": {"uv": [2.25, 3.875, 3.125, 4.125], "texture": "#0"},
				"south": {"uv": [6.375, 7.625, 6.5, 7.875], "texture": "#0"},
				"west": {"uv": [3.125, 3.875, 4, 4.125], "texture": "#0"},
				"up": {"uv": [4.125, 6.5, 4, 5.625], "texture": "#0"},
				"down": {"uv": [4.375, 5.625, 4.25, 6.5], "texture": "#0"}
			}
		},
		{
			"from": [1.5, 2.25, 18.75],
			"to": [2.5, 3.25, 22.25],
			"rotation": {"angle": 0, "axis": "y", "origin": [3.5, -2.75, 9]},
			"faces": {
				"north": {"uv": [7.875, 1.625, 8, 1.75], "texture": "#0"},
				"east": {"uv": [7.125, 2.5, 7.5625, 2.625], "texture": "#0"},
				"south": {"uv": [7.875, 1.75, 8, 1.875], "texture": "#0"},
				"west": {"uv": [7.125, 2.625, 7.5625, 2.75], "texture": "#0"},
				"up": {"uv": [7.25, 4.0625, 7.125, 3.625], "texture": "#0"},
				"down": {"uv": [3.875, 7.125, 3.75, 7.5625], "texture": "#0"}
			}
		},
		{
			"from": [2.5, 3.25, 18.75],
			"to": [3.5, 5.25, 24.5],
			"rotation": {"angle": 0, "axis": "y", "origin": [3.5, -2.75, 9]},
			"faces": {
				"north": {"uv": [6.125, 7.625, 6.25, 7.875], "texture": "#0"},
				"east": {"uv": [4.125, 4.125, 4.875, 4.375], "texture": "#0"},
				"south": {"uv": [6.25, 7.625, 6.375, 7.875], "texture": "#0"},
				"west": {"uv": [4.25, 3.125, 5, 3.375], "texture": "#0"},
				"up": {"uv": [2.625, 7, 2.5, 6.25], "texture": "#0"},
				"down": {"uv": [3.5, 6.25, 3.375, 7], "texture": "#0"}
			}
		},
		{
			"from": [2.5, 4.25, 24.5],
			"to": [3.5, 5.25, 28.5],
			"rotation": {"angle": 0, "axis": "y", "origin": [3.5, -2.75, 9]},
			"faces": {
				"north": {"uv": [7.875, 1.5, 8, 1.625], "texture": "#0"},
				"east": {"uv": [6.625, 5.625, 7.125, 5.75], "texture": "#0"},
				"south": {"uv": [1.625, 7.875, 1.75, 8], "texture": "#0"},
				"west": {"uv": [6.75, 6.5, 7.25, 6.625], "texture": "#0"},
				"up": {"uv": [6.625, 7.375, 6.5, 6.875], "texture": "#0"},
				"down": {"uv": [6.75, 6.875, 6.625, 7.375], "texture": "#0"}
			}
		},
		{
			"from": [-1, 1, 14.25],
			"to": [1.5, 2.25, 18.75],
			"rotation": {"angle": 0, "axis": "y", "origin": [3.5, -2.75, 9]},
			"faces": {
				"north": {"uv": [2.5, 7, 2.8125, 7.1875], "texture": "#0"},
				"east": {"uv": [0, 6.125, 0.5625, 6.3125], "texture": "#0"},
				"south": {"uv": [7, 2.875, 7.3125, 3.0625], "texture": "#0"},
				"west": {"uv": [6.125, 2.25, 6.6875, 2.4375], "texture": "#0"},
				"up": {"uv": [2.4375, 4.9375, 2.125, 4.375], "texture": "#0"},
				"down": {"uv": [2.8125, 4.375, 2.5, 4.9375], "texture": "#0"}
			}
		},
		{
			"from": [-2.5, 1, 15.25],
			"to": [-1, 2.25, 19.5],
			"rotation": {"angle": 0, "axis": "y", "origin": [3.5, -2.75, 9]},
			"faces": {
				"north": {"uv": [7.375, 5.375, 7.5625, 5.5625], "texture": "#0"},
				"east": {"uv": [6, 1.375, 6.5625, 1.5625], "texture": "#0"},
				"south": {"uv": [7.375, 5.625, 7.5625, 5.8125], "texture": "#0"},
				"west": {"uv": [6, 3.75, 6.5625, 3.9375], "texture": "#0"},
				"up": {"uv": [6.1875, 4.5625, 6, 4], "texture": "#0"},
				"down": {"uv": [6.1875, 4.625, 6, 5.1875], "texture": "#0"}
			}
		},
		{
			"from": [-3.75, 1, 16.5],
			"to": [-2.5, 2.25, 20.25],
			"rotation": {"angle": 0, "axis": "y", "origin": [3.5, -2.75, 9]},
			"faces": {
				"north": {"uv": [7.375, 4.875, 7.5625, 5.0625], "texture": "#0"},
				"east": {"uv": [2, 6.25, 2.5, 6.4375], "texture": "#0"},
				"south": {"uv": [7.375, 5.125, 7.5625, 5.3125], "texture": "#0"},
				"west": {"uv": [6.25, 2, 6.75, 2.1875], "texture": "#0"},
				"up": {"uv": [6.4375, 3, 6.25, 2.5], "texture": "#0"},
				"down": {"uv": [3.3125, 6.25, 3.125, 6.75], "texture": "#0"}
			}
		},
		{
			"from": [1.5, -3.5, 11.5],
			"to": [2.5, -1, 18],
			"rotation": {"angle": 0, "axis": "y", "origin": [3.5, -2.75, 9]},
			"faces": {
				"north": {"uv": [0.375, 7.375, 0.5, 7.6875], "texture": "#0"},
				"east": {"uv": [3.5, 2.5, 4.3125, 2.8125], "texture": "#0"},
				"south": {"uv": [7.375, 0.375, 7.5, 0.6875], "texture": "#0"},
				"west": {"uv": [3.375, 3.5, 4.1875, 3.8125], "texture": "#0"},
				"up": {"uv": [4.875, 6.9375, 4.75, 6.125], "texture": "#0"},
				"down": {"uv": [5, 6.125, 4.875, 6.9375], "texture": "#0"}
			}
		},
		{
			"from": [0.501, -5.249, 10.751],
			"to": [1.499, -2.501, 16.999],
			"rotation": {"angle": 0, "axis": "y", "origin": [3.5, -2.75, 9]},
			"faces": {
				"north": {"uv": [7.25, 2, 7.375, 2.375], "texture": "#0"},
				"east": {"uv": [2.625, 2.75, 3.4375, 3.125], "texture": "#0"},
				"south": {"uv": [2.125, 7.25, 2.25, 7.625], "texture": "#0"},
				"west": {"uv": [2.875, 1.875, 3.6875, 2.25], "texture": "#0"},
				"up": {"uv": [3.125, 6.9375, 3, 6.125], "texture": "#0"},
				"down": {"uv": [4.75, 6.125, 4.625, 6.9375], "texture": "#0"}
			}
		},
		{
			"from": [0.5, -6.25, 9.75],
			"to": [1.5, -4.25, 16],
			"rotation": {"angle": 0, "axis": "y", "origin": [3.5, -5.5, 8]},
			"faces": {
				"north": {"uv": [6, 7.625, 6.125, 7.875], "texture": "#0"},
				"east": {"uv": [2.25, 4.125, 3.0625, 4.375], "texture": "#0"},
				"south": {"uv": [7.625, 6, 7.75, 6.25], "texture": "#0"},
				"west": {"uv": [4.125, 2.25, 4.9375, 2.5], "texture": "#0"},
				"up": {"uv": [2.875, 6.9375, 2.75, 6.125], "texture": "#0"},
				"down": {"uv": [3, 6.125, 2.875, 6.9375], "texture": "#0"}
			}
		},
		{
			"from": [0.501, -6.999, 6.501],
			"to": [1.499, -5.251, 14.999],
			"rotation": {"angle": 0, "axis": "y", "origin": [3.5, -5.5, 8]},
			"faces": {
				"north": {"uv": [7.625, 5.5, 7.75, 5.75], "texture": "#0"},
				"east": {"uv": [1.125, 3.375, 2.1875, 3.625], "texture": "#0"},
				"south": {"uv": [7.625, 5.75, 7.75, 6], "texture": "#0"},
				"west": {"uv": [2.25, 3.375, 3.3125, 3.625], "texture": "#0"},
				"up": {"uv": [1.625, 6.3125, 1.5, 5.25], "texture": "#0"},
				"down": {"uv": [1.75, 5.25, 1.625, 6.3125], "texture": "#0"}
			}
		},
		{
			"from": [0.501, -6.999, 4.751],
			"to": [1.499, -6.001, 6.499],
			"rotation": {"angle": 0, "axis": "y", "origin": [3.5, -5.5, 8]},
			"faces": {
				"north": {"uv": [7.875, 1.375, 8, 1.5], "texture": "#0"},
				"east": {"uv": [7.25, 4, 7.5, 4.125], "texture": "#0"},
				"south": {"uv": [1.5, 7.875, 1.625, 8], "texture": "#0"},
				"west": {"uv": [5, 7.625, 5.25, 7.75], "texture": "#0"},
				"up": {"uv": [7.75, 5.25, 7.625, 5], "texture": "#0"},
				"down": {"uv": [7.75, 5.25, 7.625, 5.5], "texture": "#0"}
			}
		},
		{
			"from": [6.5, 6, 13.75],
			"to": [7.5, 8, 21],
			"rotation": {"angle": 0, "axis": "y", "origin": [8.5, -1, 2.75]},
			"faces": {
				"north": {"uv": [7.625, 0.5, 7.75, 0.75], "texture": "#0"},
				"east": {"uv": [3.625, 1.5, 4.5625, 1.75], "texture": "#0"},
				"south": {"uv": [0.625, 7.625, 0.75, 7.875], "texture": "#0"},
				"west": {"uv": [2.375, 3.625, 3.3125, 3.875], "texture": "#0"},
				"up": {"uv": [2.125, 6.1875, 2, 5.25], "texture": "#0"},
				"down": {"uv": [2.25, 5.25, 2.125, 6.1875], "texture": "#0"}
			}
		},
		{
			"from": [6.501, 4.001, 6.001],
			"to": [7.499, 5.999, 9.249],
			"rotation": {"angle": 0, "axis": "y", "origin": [8.5, -1, 0]},
			"faces": {
				"north": {"uv": [7.625, 0.25, 7.75, 0.5], "texture": "#0"},
				"east": {"uv": [5.5, 0.75, 5.9375, 1], "texture": "#0"},
				"south": {"uv": [0.5, 7.625, 0.625, 7.875], "texture": "#0"},
				"west": {"uv": [5.5, 1, 5.9375, 1.25], "texture": "#0"},
				"up": {"uv": [4.75, 7.4375, 4.625, 7], "texture": "#0"},
				"down": {"uv": [7.125, 4.625, 7, 5.0625], "texture": "#0"}
			}
		},
		{
			"from": [6.5, 5, 9.25],
			"to": [7.5, 7, 13.75],
			"rotation": {"angle": 0, "axis": "y", "origin": [8.5, -1, -0.75]},
			"faces": {
				"north": {"uv": [7.5, 7.375, 7.625, 7.625], "texture": "#0"},
				"east": {"uv": [4.75, 1, 5.3125, 1.25], "texture": "#0"},
				"south": {"uv": [7.625, 0, 7.75, 0.25], "texture": "#0"},
				"west": {"uv": [4.75, 1.25, 5.3125, 1.5], "texture": "#0"},
				"up": {"uv": [2.25, 7.0625, 2.125, 6.5], "texture": "#0"},
				"down": {"uv": [2.375, 6.5, 2.25, 7.0625], "texture": "#0"}
			}
		},
		{
			"from": [4.501, 1.501, 7.001],
			"to": [5.499, 3.499, 22.999],
			"rotation": {"angle": 0, "axis": "y", "origin": [6.5, -5.5, 7.75]},
			"faces": {
				"north": {"uv": [3.5, 7.75, 3.625, 8], "texture": "#0"},
				"east": {"uv": [1.75, 0.75, 3.75, 1], "texture": "#0"},
				"south": {"uv": [7.75, 3.5, 7.875, 3.75], "texture": "#0"},
				"west": {"uv": [1.75, 1, 3.75, 1.25], "texture": "#0"},
				"up": {"uv": [1, 5.5, 0.875, 3.5], "texture": "#0"},
				"down": {"uv": [1.125, 3.5, 1, 5.5], "texture": "#0"}
			}
		},
		{
			"from": [5.5, 2.5, 18.75],
			"to": [6.5, 4.5, 24],
			"rotation": {"angle": 0, "axis": "y", "origin": [7.5, -4.5, 7.75]},
			"faces": {
				"north": {"uv": [7.75, 3.25, 7.875, 3.5], "texture": "#0"},
				"east": {"uv": [4.5, 0.25, 5.1875, 0.5], "texture": "#0"},
				"south": {"uv": [3.375, 7.75, 3.5, 8], "texture": "#0"},
				"west": {"uv": [4.5, 2.75, 5.1875, 3], "texture": "#0"},
				"up": {"uv": [5.125, 7.0625, 5, 6.375], "texture": "#0"},
				"down": {"uv": [5.25, 6.375, 5.125, 7.0625], "texture": "#0"}
			}
		},
		{
			"from": [5.501, 1.501, 5.001],
			"to": [6.499, 3.499, 18.749],
			"rotation": {"angle": 0, "axis": "y", "origin": [7.5, -4.5, 4.25]},
			"faces": {
				"north": {"uv": [3.125, 7.75, 3.25, 8], "texture": "#0"},
				"east": {"uv": [1.75, 2.5, 3.5, 2.75], "texture": "#0"},
				"south": {"uv": [3.25, 7.75, 3.375, 8], "texture": "#0"},
				"west": {"uv": [0, 2.75, 1.75, 3], "texture": "#0"},
				"up": {"uv": [0.625, 5.625, 0.5, 3.875], "texture": "#0"},
				"down": {"uv": [0.75, 3.875, 0.625, 5.625], "texture": "#0"}
			}
		},
		{
			"from": [9.501, 1.501, 5.001],
			"to": [10.499, 3.499, 18.749],
			"rotation": {"angle": 0, "axis": "y", "origin": [11.5, -4.5, 4.25]},
			"faces": {
				"north": {"uv": [4.125, 7.75, 4.25, 8], "texture": "#0"},
				"east": {"uv": [2.75, 0, 4.5, 0.25], "texture": "#0"},
				"south": {"uv": [4.25, 7.75, 4.375, 8], "texture": "#0"},
				"west": {"uv": [2.75, 0.25, 4.5, 0.5], "texture": "#0"},
				"up": {"uv": [0.875, 5.625, 0.75, 3.875], "texture": "#0"},
				"down": {"uv": [4.125, 3.875, 4, 5.625], "texture": "#0"}
			}
		},
		{
			"from": [10.501, 1.501, 7.001],
			"to": [11.499, 3.499, 22.999],
			"rotation": {"angle": 0, "axis": "y", "origin": [12.5, -4.5, 8.5]},
			"faces": {
				"north": {"uv": [7.75, 3.75, 7.875, 4], "texture": "#0"},
				"east": {"uv": [1.75, 1.25, 3.75, 1.5], "texture": "#0"},
				"south": {"uv": [7.75, 4, 7.875, 4.25], "texture": "#0"},
				"west": {"uv": [0, 1.875, 2, 2.125], "texture": "#0"},
				"up": {"uv": [1.25, 5.625, 1.125, 3.625], "texture": "#0"},
				"down": {"uv": [1.375, 3.625, 1.25, 5.625], "texture": "#0"}
			}
		},
		{
			"from": [6.501, 1.751, 4.001],
			"to": [7.499, 4.249, 17.749],
			"rotation": {"angle": 0, "axis": "y", "origin": [8.5, -3.75, 3.25]},
			"faces": {
				"north": {"uv": [7.375, 0.75, 7.5, 1.0625], "texture": "#0"},
				"east": {"uv": [0, 0.75, 1.75, 1.0625], "texture": "#0"},
				"south": {"uv": [7.375, 1.125, 7.5, 1.4375], "texture": "#0"},
				"west": {"uv": [0, 1.125, 1.75, 1.4375], "texture": "#0"},
				"up": {"uv": [0.375, 5.625, 0.25, 3.875], "texture": "#0"},
				"down": {"uv": [0.5, 3.875, 0.375, 5.625], "texture": "#0"}
			}
		},
		{
			"from": [6.5, 3.25, 17.75],
			"to": [7.5, 5.25, 25],
			"rotation": {"angle": 0, "axis": "y", "origin": [8.5, -3.75, 6.75]},
			"faces": {
				"north": {"uv": [3, 7.75, 3.125, 8], "texture": "#0"},
				"east": {"uv": [3.75, 1.25, 4.6875, 1.5], "texture": "#0"},
				"south": {"uv": [7.75, 3, 7.875, 3.25], "texture": "#0"},
				"west": {"uv": [3.75, 1.75, 4.6875, 2], "texture": "#0"},
				"up": {"uv": [2.625, 6.1875, 2.5, 5.25], "texture": "#0"},
				"down": {"uv": [5.5, 0.75, 5.375, 1.6875], "texture": "#0"}
			}
		},
		{
			"from": [7.5, 4.25, 17.75],
			"to": [8.5, 6.25, 27],
			"rotation": {"angle": 0, "axis": "y", "origin": [6.5, -2.75, 6.75]},
			"faces": {
				"north": {"uv": [7.75, 2.75, 7.875, 3], "texture": "#0"},
				"east": {"uv": [2.75, 0.5, 3.9375, 0.75], "texture": "#0"},
				"south": {"uv": [2.875, 7.75, 3, 8], "texture": "#0"},
				"west": {"uv": [2.875, 2.25, 4.0625, 2.5], "texture": "#0"},
				"up": {"uv": [3.875, 5.5625, 3.75, 4.375], "texture": "#0"},
				"down": {"uv": [4.25, 4.625, 4.125, 5.8125], "texture": "#0"}
			}
		},
		{
			"from": [7.5, 3.25, 13.25],
			"to": [8.5, 5.25, 17.75],
			"rotation": {"angle": 0, "axis": "y", "origin": [6.5, -2.75, 3.25]},
			"faces": {
				"north": {"uv": [7.75, 2.25, 7.875, 2.5], "texture": "#0"},
				"east": {"uv": [4.25, 5.125, 4.8125, 5.375], "texture": "#0"},
				"south": {"uv": [7.75, 2.5, 7.875, 2.75], "texture": "#0"},
				"west": {"uv": [4.875, 5.125, 5.4375, 5.375], "texture": "#0"},
				"up": {"uv": [6.875, 4.5625, 6.75, 4], "texture": "#0"},
				"down": {"uv": [4.25, 6.75, 4.125, 7.3125], "texture": "#0"}
			}
		},
		{
			"from": [7.501, 1.501, 3.001],
			"to": [8.499, 4.249, 13.749],
			"rotation": {"angle": 0, "axis": "y", "origin": [6.5, -2.75, 4]},
			"faces": {
				"north": {"uv": [7.25, 4.75, 7.375, 5.125], "texture": "#0"},
				"east": {"uv": [0, 1.5, 1.375, 1.875], "texture": "#0"},
				"south": {"uv": [7.25, 5.125, 7.375, 5.5], "texture": "#0"},
				"west": {"uv": [1.375, 1.5, 2.75, 1.875], "texture": "#0"},
				"up": {"uv": [4, 5.5, 3.875, 4.125], "texture": "#0"},
				"down": {"uv": [3.75, 4.375, 3.625, 5.75], "texture": "#0"}
			}
		},
		{
			"from": [8.501, 1.501, 3.001],
			"to": [9.499, 4.249, 17.749],
			"rotation": {"angle": 0, "axis": "y", "origin": [7.5, -3.75, 3.25]},
			"faces": {
				"north": {"uv": [7.25, 4.375, 7.375, 4.75], "texture": "#0"},
				"east": {"uv": [0, 0, 1.875, 0.375], "texture": "#0"},
				"south": {"uv": [4.5, 7.25, 4.625, 7.625], "texture": "#0"},
				"west": {"uv": [0, 0.375, 1.875, 0.75], "texture": "#0"},
				"up": {"uv": [0.125, 5.75, 0, 3.875], "texture": "#0"},
				"down": {"uv": [0.25, 3.875, 0.125, 5.75], "texture": "#0"}
			}
		},
		{
			"from": [8.5, 3.25, 17.75],
			"to": [9.5, 5.25, 25],
			"rotation": {"angle": 0, "axis": "y", "origin": [7.5, -3.75, 6.75]},
			"faces": {
				"north": {"uv": [1.875, 7.75, 2, 8], "texture": "#0"},
				"east": {"uv": [3.75, 0.75, 4.6875, 1], "texture": "#0"},
				"south": {"uv": [7.75, 2, 7.875, 2.25], "texture": "#0"},
				"west": {"uv": [3.75, 1, 4.6875, 1.25], "texture": "#0"},
				"up": {"uv": [2.375, 6.1875, 2.25, 5.25], "texture": "#0"},
				"down": {"uv": [2.5, 5.25, 2.375, 6.1875], "texture": "#0"}
			}
		},
		{
			"from": [9.5, 2.5, 18.75],
			"to": [10.5, 4.5, 24],
			"rotation": {"angle": 0, "axis": "y", "origin": [8.5, -4.5, 7.75]},
			"faces": {
				"north": {"uv": [1.75, 7.75, 1.875, 8], "texture": "#0"},
				"east": {"uv": [4.125, 4.375, 4.8125, 4.625], "texture": "#0"},
				"south": {"uv": [7.75, 1.75, 7.875, 2], "texture": "#0"},
				"west": {"uv": [4.5, 0, 5.1875, 0.25], "texture": "#0"},
				"up": {"uv": [1.75, 7.0625, 1.625, 6.375], "texture": "#0"},
				"down": {"uv": [4, 6.375, 3.875, 7.0625], "texture": "#0"}
			}
		},
		{
			"from": [7.5, 5.25, 27],
			"to": [8.5, 6.25, 31.75],
			"rotation": {"angle": 0, "axis": "y", "origin": [6.5, -2.75, 6.75]},
			"faces": {
				"north": {"uv": [7.875, 1.875, 8, 2], "texture": "#0"},
				"east": {"uv": [1.875, 0.625, 2.5, 0.75], "texture": "#0"},
				"south": {"uv": [2, 7.875, 2.125, 8], "texture": "#0"},
				"west": {"uv": [1.125, 3, 1.75, 3.125], "texture": "#0"},
				"up": {"uv": [5.375, 7, 5.25, 6.375], "texture": "#0"},
				"down": {"uv": [5.5, 6.375, 5.375, 7], "texture": "#0"}
			}
		},
		{
			"from": [6.5, 3, 3],
			"to": [7.5, 5, 6.25],
			"rotation": {"angle": 0, "axis": "y", "origin": [8.5, -1, 0]},
			"faces": {
				"north": {"uv": [7.5, 6.875, 7.625, 7.125], "texture": "#0"},
				"east": {"uv": [5.25, 5.375, 5.6875, 5.625], "texture": "#0"},
				"south": {"uv": [7.5, 7.125, 7.625, 7.375], "texture": "#0"},
				"west": {"uv": [5.5, 0.5, 5.9375, 0.75], "texture": "#0"},
				"up": {"uv": [4.375, 7.4375, 4.25, 7], "texture": "#0"},
				"down": {"uv": [4.5, 7, 4.375, 7.4375], "texture": "#0"}
			}
		},
		{
			"from": [6.501, 2.001, 2.001],
			"to": [7.499, 3.999, 3.999],
			"rotation": {"angle": 0, "axis": "y", "origin": [8.5, -1, 0]},
			"faces": {
				"north": {"uv": [7.5, 5.875, 7.625, 6.125], "texture": "#0"},
				"east": {"uv": [6.875, 2.375, 7.125, 2.625], "texture": "#0"},
				"south": {"uv": [7.5, 6.125, 7.625, 6.375], "texture": "#0"},
				"west": {"uv": [6.875, 2.625, 7.125, 2.875], "texture": "#0"},
				"up": {"uv": [7.625, 6.625, 7.5, 6.375], "texture": "#0"},
				"down": {"uv": [7.625, 6.625, 7.5, 6.875], "texture": "#0"}
			}
		},
		{
			"from": [6.5, 1, 1],
			"to": [7.5, 3, 3],
			"rotation": {"angle": 0, "axis": "y", "origin": [8.5, -1, 0]},
			"faces": {
				"north": {"uv": [5.5, 7.5, 5.625, 7.75], "texture": "#0"},
				"east": {"uv": [6.875, 1.875, 7.125, 2.125], "texture": "#0"},
				"south": {"uv": [5.625, 7.5, 5.75, 7.75], "texture": "#0"},
				"west": {"uv": [6.875, 2.125, 7.125, 2.375], "texture": "#0"},
				"up": {"uv": [5.875, 7.75, 5.75, 7.5], "texture": "#0"},
				"down": {"uv": [6, 7.5, 5.875, 7.75], "texture": "#0"}
			}
		},
		{
			"from": [6.501, 1.001, 0.001],
			"to": [7.499, 1.999, 1.999],
			"rotation": {"angle": 0, "axis": "y", "origin": [8.5, -1, 0]},
			"faces": {
				"north": {"uv": [6.5, 3.375, 6.625, 3.5], "texture": "#0"},
				"east": {"uv": [0.875, 5.5, 1.125, 5.625], "texture": "#0"},
				"south": {"uv": [6.625, 1.875, 6.75, 2], "texture": "#0"},
				"west": {"uv": [5.5, 5.25, 5.75, 5.375], "texture": "#0"},
				"up": {"uv": [5.375, 7.75, 5.25, 7.5], "texture": "#0"},
				"down": {"uv": [5.5, 7.5, 5.375, 7.75], "texture": "#0"}
			}
		}
	],
	"display": {
		"thirdperson_righthand": {
			"rotation": [-11, 0, 0],
			"translation": [0, 1.75, -1.75],
			"scale": [0.28, 0.28, 0.28]
		},
		"thirdperson_lefthand": {
			"rotation": [-17, 0, 0],
			"translation": [-2, 1.25, -2.5],
			"scale": [0.29, 0.29, 0.29]
		},
		"firstperson_righthand": {
			"rotation": [-71, 0, 0],
			"translation": [-3.25, 6.25, 3.75],
			"scale": [0.31, 0.31, 0.31]
		},
		"firstperson_lefthand": {
			"rotation": [-63, 0, 0],
			"translation": [-4, 6.25, 4.25],
			"scale": [0.31, 0.31, 0.31]
		},
		"ground": {
			"translation": [0.25, 6, -4],
			"scale": [0.59, 0.59, 0.59]
		},
		"gui": {
			"rotation": [0, 180, 0],
			"translation": [0, 3.75, 0],
			"scale": [0.56, 0.56, 0.56]
		},
		"head": {
			"rotation": [-16, 0, 0],
			"translation": [0, 14, -7.5],
			"scale": [1.48, 1.5, 0.99]
		},
		"fixed": {
			"rotation": [-56, 0, 0],
			"translation": [0, -0.25, -14.75],
			"scale": [1.34, 1.34, 1.34]
		}
	}
}