{
"__comment": "designed by hypixel minecraft server with bdcraft cubik pro 0.92 beta - http://bdcraft.net",
"ambientocclusion": false,
"textures": {
    "prismarine_dark_unwrap1": "blocks/prismarine_dark_unwrap1",
    "prismarine_dark_unwrap2": "blocks/prismarine_dark_unwrap2",
    "prismarine_dark_unwrap3": "blocks/prismarine_dark_unwrap3",
    "prismarine_dark_unwrap4": "blocks/prismarine_dark_unwrap4",
    "prismarine_dark_unwrap5": "blocks/prismarine_dark_unwrap5",
    "prismarine_dark_unwrap6": "blocks/prismarine_dark_unwrap6",
    "prismarine_dark_unwrap7": "blocks/prismarine_dark_unwrap7"
},
"elements": [ 
{
    "from": [ 0.8, -1.97, 5.03 ],
    "to": [ 15.2, 13.15, 7.91 ],
    "rotation": { "origin": [ 0.8, 13.15, 5.03 ], "axis": "x", "angle": -22.5 },
    "faces": {
        "down":  { "uv": [ 13, 12.5, 3, 12 ], "texture": "#prismarine_dark_unwrap1" },
        "up":    { "uv": [ 3, 2, 13, 2.5 ], "texture": "#prismarine_dark_unwrap1" },
        "north": { "uv": [ 3, 2, 13, 12.5 ], "texture": "#prismarine_dark_unwrap5" },
        "south": { "uv": [ 3, 2, 13, 12.5 ], "texture": "#prismarine_dark_unwrap1" },
        "west":  { "uv": [ 7, 2, 9, 12.5 ], "texture": "#prismarine_dark_unwrap2" },
        "east":  { "uv": [ 7, 2, 9, 12.5 ], "texture": "#prismarine_dark_unwrap4" }
    }
},
{
    "from": [ 6.56, -4.22, -0.28 ],
    "to": [ 9.44, 10.9, 14.12 ],
    "rotation": { "origin": [ 6.56, 10.9, -0.28 ], "axis": "x", "angle": -22.5 },
    "faces": {
        "down":  { "uv": [ 9, 12.5, 7, 12 ], "texture": "#prismarine_dark_unwrap1" },
        "up":    { "uv": [ 7, 2, 9, 2.5 ], "texture": "#prismarine_dark_unwrap1" },
        "north": { "uv": [ 7, 2, 9, 12.5 ], "texture": "#prismarine_dark_unwrap5" },
        "south": { "uv": [ 7, 2, 9, 12.5 ], "texture": "#prismarine_dark_unwrap1" },
        "west":  { "uv": [ 3, 2, 13, 12.5 ], "texture": "#prismarine_dark_unwrap2" },
        "east":  { "uv": [ 3, 2, 13, 12.5 ], "texture": "#prismarine_dark_unwrap4" }
    }
},
{
    "from": [ 5.12, -3.95, 0.44 ],
    "to": [ 10.88, 11.17, 13.4 ],
    "rotation": { "origin": [ 5.12, 11.17, 0.44 ], "axis": "x", "angle": -22.5 },
    "faces": {
        "down":  { "uv": [ 10, 12.5, 6, 12 ], "texture": "#prismarine_dark_unwrap1" },
        "up":    { "uv": [ 6, 2, 10, 2.5 ], "texture": "#prismarine_dark_unwrap1" },
        "north": { "uv": [ 6, 2, 10, 12.5 ], "texture": "#prismarine_dark_unwrap5" },
        "south": { "uv": [ 6, 2, 10, 12.5 ], "texture": "#prismarine_dark_unwrap1" },
        "west":  { "uv": [ 3.5, 2, 12.5, 12.5 ], "texture": "#prismarine_dark_unwrap2" },
        "east":  { "uv": [ 3.5, 2, 12.5, 12.5 ], "texture": "#prismarine_dark_unwrap4" }
    }
},
{
    "from": [ 1.52, -2.51, 3.77 ],
    "to": [ 14.48, 12.61, 9.53 ],
    "rotation": { "origin": [ 1.52, 12.61, 3.77 ], "axis": "x", "angle": -22.5 },
    "faces": {
        "down":  { "uv": [ 12.5, 12.5, 3.5, 12 ], "texture": "#prismarine_dark_unwrap1" },
        "up":    { "uv": [ 3.5, 2, 12.5, 2.5 ], "texture": "#prismarine_dark_unwrap1" },
        "north": { "uv": [ 3.5, 2, 12.5, 12.5 ], "texture": "#prismarine_dark_unwrap5" },
        "south": { "uv": [ 3.5, 2, 12.5, 12.5 ], "texture": "#prismarine_dark_unwrap1" },
        "west":  { "uv": [ 6, 2, 10, 12.5 ], "texture": "#prismarine_dark_unwrap2" },
        "east":  { "uv": [ 6, 2, 10, 12.5 ], "texture": "#prismarine_dark_unwrap4" }
    }
},
{
    "from": [ 3.68, -3.68, 1.07 ],
    "to": [ 12.32, 11.44, 12.59 ],
    "rotation": { "origin": [ 3.68, 11.44, 1.07 ], "axis": "x", "angle": -22.5 },
    "faces": {
        "down":  { "uv": [ 11, 12.5, 5, 12 ], "texture": "#prismarine_dark_unwrap1" },
        "up":    { "uv": [ 5, 2, 11, 2.5 ], "texture": "#prismarine_dark_unwrap1" },
        "north": { "uv": [ 5, 2, 11, 12.5 ], "texture": "#prismarine_dark_unwrap5" },
        "south": { "uv": [ 5, 2, 11, 12.5 ], "texture": "#prismarine_dark_unwrap1" },
        "west":  { "uv": [ 4, 2, 12, 12.5 ], "texture": "#prismarine_dark_unwrap2" },
        "east":  { "uv": [ 4, 2, 12, 12.5 ], "texture": "#prismarine_dark_unwrap4" }
    }
},
{
    "from": [ 2.24, -3.05, 2.42 ],
    "to": [ 13.76, 12.07, 11.06 ],
    "rotation": { "origin": [ 2.24, 12.07, 2.42 ], "axis": "x", "angle": -22.5 },
    "faces": {
        "down":  { "uv": [ 12, 12.5, 4, 12 ], "texture": "#prismarine_dark_unwrap1" },
        "up":    { "uv": [ 4, 2, 12, 2.5 ], "texture": "#prismarine_dark_unwrap1" },
        "north": { "uv": [ 4, 2, 12, 12.5 ], "texture": "#prismarine_dark_unwrap5" },
        "south": { "uv": [ 4, 2, 12, 12.5 ], "texture": "#prismarine_dark_unwrap1" },
        "west":  { "uv": [ 5, 2, 11, 12.5 ], "texture": "#prismarine_dark_unwrap2" },
        "east":  { "uv": [ 5, 2, 11, 12.5 ], "texture": "#prismarine_dark_unwrap4" }
    }
},
{
    "from": [ 6.56, -3.5, 6.2 ],
    "to": [ 9.44, -2.78, 19.16 ],
    "rotation": { "origin": [ 6.56, -2.78, 6.2 ], "axis": "x", "angle": -22.5 },
    "faces": {
        "down":  { "uv": [ 9, 13, 7, 12.5 ], "texture": "#prismarine_dark_unwrap1" },
        "north": { "uv": [ 7, 12.5, 9, 13 ], "texture": "#prismarine_dark_unwrap5" },
        "south": { "uv": [ 7, 12.5, 9, 13 ], "texture": "#prismarine_dark_unwrap1" },
        "west":  { "uv": [ 3.5, 12.5, 12.5, 13 ], "texture": "#prismarine_dark_unwrap2" },
        "east":  { "uv": [ 3.5, 12.5, 12.5, 13 ], "texture": "#prismarine_dark_unwrap4" }
    }
},
{
    "from": [ 1.52, -1.52, 10.88 ],
    "to": [ 14.48, -0.8, 13.76 ],
    "rotation": { "origin": [ 1.52, -0.8, 10.88 ], "axis": "x", "angle": -22.5 },
    "faces": {
        "down":  { "uv": [ 12.5, 13, 3.5, 12.5 ], "texture": "#prismarine_dark_unwrap1" },
        "north": { "uv": [ 3.5, 12.5, 12.5, 13 ], "texture": "#prismarine_dark_unwrap5" },
        "south": { "uv": [ 3.5, 12.5, 12.5, 13 ], "texture": "#prismarine_dark_unwrap1" },
        "west":  { "uv": [ 7, 12.5, 9, 13 ], "texture": "#prismarine_dark_unwrap2" },
        "east":  { "uv": [ 7, 12.5, 9, 13 ], "texture": "#prismarine_dark_unwrap4" }
    }
},
{
    "from": [ 2.24, -2.15, 9.53 ],
    "to": [ 13.76, -1.43, 15.29 ],
    "rotation": { "origin": [ 2.24, -1.43, 9.53 ], "axis": "x", "angle": -22.5 },
    "faces": {
        "down":  { "uv": [ 12, 13, 4, 12.5 ], "texture": "#prismarine_dark_unwrap1" },
        "south": { "uv": [ 4, 12.5, 12, 13 ], "texture": "#prismarine_dark_unwrap1" },
        "west":  { "uv": [ 6, 12.5, 10, 13 ], "texture": "#prismarine_dark_unwrap2" },
        "east":  { "uv": [ 6, 12.5, 10, 13 ], "texture": "#prismarine_dark_unwrap4" }
    }
},
{
    "from": [ 5.12, -3.23, 6.83 ],
    "to": [ 10.88, -2.51, 18.35 ],
    "rotation": { "origin": [ 5.12, -2.51, 6.83 ], "axis": "x", "angle": -22.5 },
    "faces": {
        "down":  { "uv": [ 10, 13, 6, 12.5 ], "texture": "#prismarine_dark_unwrap1" },
        "north": { "uv": [ 6, 12.5, 10, 13 ], "texture": "#prismarine_dark_unwrap5" },
        "south": { "uv": [ 6, 12.5, 10, 13 ], "texture": "#prismarine_dark_unwrap1" },
        "west":  { "uv": [ 4, 12.5, 12, 13 ], "texture": "#prismarine_dark_unwrap2" },
        "east":  { "uv": [ 4, 12.5, 12, 13 ], "texture": "#prismarine_dark_unwrap4" }
    }
},
{
    "from": [ 3.68, -2.96, 7.55 ],
    "to": [ 12.32, -2.24, 17.63 ],
    "rotation": { "origin": [ 3.68, -2.24, 7.55 ], "axis": "x", "angle": -22.5 },
    "faces": {
        "down":  { "uv": [ 11, 13, 5, 12.5 ], "texture": "#prismarine_dark_unwrap1" },
        "north": { "uv": [ 5, 12.5, 11, 13 ], "texture": "#prismarine_dark_unwrap5" },
        "south": { "uv": [ 5, 12.5, 11, 13 ], "texture": "#prismarine_dark_unwrap1" },
        "west":  { "uv": [ 4.5, 12.5, 11.5, 13 ], "texture": "#prismarine_dark_unwrap2" },
        "east":  { "uv": [ 4.5, 12.5, 11.5, 13 ], "texture": "#prismarine_dark_unwrap4" }
    }
},
{
    "from": [ 6.56, -3.86, 7.1 ],
    "to": [ 9.44, -3.14, 18.62 ],
    "rotation": { "origin": [ 6.56, -3.14, 7.1 ], "axis": "x", "angle": -22.5 },
    "faces": {
        "down":  { "uv": [ 9, 13.5, 7, 13 ], "texture": "#prismarine_dark_unwrap1" },
        "north": { "uv": [ 7, 13, 9, 13.5 ], "texture": "#prismarine_dark_unwrap5" },
        "south": { "uv": [ 7, 13, 9, 13.5 ], "texture": "#prismarine_dark_unwrap1" },
        "west":  { "uv": [ 4, 13, 12, 13.5 ], "texture": "#prismarine_dark_unwrap2" },
        "east":  { "uv": [ 4, 13, 12, 13.5 ], "texture": "#prismarine_dark_unwrap4" }
    }
},
{
    "from": [ 2.24, -2.24, 11.15 ],
    "to": [ 13.76, -1.52, 14.03 ],
    "rotation": { "origin": [ 2.24, -1.52, 11.15 ], "axis": "x", "angle": -22.5 },
    "faces": {
        "down":  { "uv": [ 12, 13.5, 4, 13 ], "texture": "#prismarine_dark_unwrap1" },
        "north": { "uv": [ 4, 13, 12, 13.5 ], "texture": "#prismarine_dark_unwrap5" },
        "south": { "uv": [ 4, 13, 12, 13.5 ], "texture": "#prismarine_dark_unwrap1" },
        "west":  { "uv": [ 7, 13, 9, 13.5 ], "texture": "#prismarine_dark_unwrap2" },
        "east":  { "uv": [ 7, 13, 9, 13.5 ], "texture": "#prismarine_dark_unwrap4" }
    }
},
{
    "from": [ 5.12, -3.59, 7.82 ],
    "to": [ 10.88, -2.87, 17.9 ],
    "rotation": { "origin": [ 5.12, -2.87, 7.82 ], "axis": "x", "angle": -22.5 },
    "faces": {
        "down":  { "uv": [ 10, 13.5, 6, 13 ], "texture": "#prismarine_dark_unwrap1" },
        "north": { "uv": [ 6, 13, 10, 13.5 ], "texture": "#prismarine_dark_unwrap5" },
        "south": { "uv": [ 6, 13, 10, 13.5 ], "texture": "#prismarine_dark_unwrap1" },
        "west":  { "uv": [ 4.5, 13, 11.5, 13.5 ], "texture": "#prismarine_dark_unwrap2" },
        "east":  { "uv": [ 4.5, 13, 11.5, 13.5 ], "texture": "#prismarine_dark_unwrap4" }
    }
},
{
    "from": [ 2.96, -2.78, 9.8 ],
    "to": [ 13.04, -2.06, 15.56 ],
    "rotation": { "origin": [ 2.96, -2.06, 9.8 ], "axis": "x", "angle": -22.5 },
    "faces": {
        "down":  { "uv": [ 11.5, 13.5, 4.5, 13 ], "texture": "#prismarine_dark_unwrap1" },
        "north": { "uv": [ 4.5, 13, 11.5, 13.5 ], "texture": "#prismarine_dark_unwrap5" },
        "south": { "uv": [ 4.5, 13, 11.5, 13.5 ], "texture": "#prismarine_dark_unwrap1" },
        "west":  { "uv": [ 6, 13, 10, 13.5 ], "texture": "#prismarine_dark_unwrap2" },
        "east":  { "uv": [ 6, 13, 10, 13.5 ], "texture": "#prismarine_dark_unwrap4" }
    }
},
{
    "from": [ 3.68, -3.32, 8.45 ],
    "to": [ 12.32, -2.6, 17.09 ],
    "rotation": { "origin": [ 3.68, -2.6, 8.45 ], "axis": "x", "angle": -22.5 },
    "faces": {
        "down":  { "uv": [ 11, 13.5, 5, 13 ], "texture": "#prismarine_dark_unwrap1" },
        "north": { "uv": [ 5, 13, 11, 13.5 ], "texture": "#prismarine_dark_unwrap5" },
        "south": { "uv": [ 5, 13, 11, 13.5 ], "texture": "#prismarine_dark_unwrap1" },
        "west":  { "uv": [ 5, 13, 11, 13.5 ], "texture": "#prismarine_dark_unwrap2" },
        "east":  { "uv": [ 5, 13, 11, 13.5 ], "texture": "#prismarine_dark_unwrap4" }
    }
},
{
    "from": [ 0.08, 6.04, 6.29 ],
    "to": [ 15.92, 8.2, 10.61 ],
    "rotation": { "origin": [ 0.08, 8.2, 6.29 ], "axis": "x", "angle": -22.5 },
    "faces": {
        "down":  { "uv": [ 13.5, 7, 2.5, 6.5 ], "texture": "#prismarine_dark_unwrap1" },
        "up":    { "uv": [ 2.5, 5.5, 13.5, 6 ], "texture": "#prismarine_dark_unwrap1" },
        "north": { "uv": [ 13.5, 5.5, 2.5, 7 ], "texture": "#prismarine_dark_unwrap5" },
        "south": { "uv": [ 2.5, 5.5, 13.5, 7 ], "texture": "#prismarine_dark_unwrap1" }
    }
},
{
    "from": [ 0.08, 5.5, 6.74 ],
    "to": [ 15.92, 9.1, 9.62 ],
    "rotation": { "origin": [ 0.08, 9.1, 6.74 ], "axis": "x", "angle": -22.5 },
    "faces": {
        "down":  { "uv": [ 13.5, 7.5, 2.5, 7 ], "texture": "#prismarine_dark_unwrap1" },
        "up":    { "uv": [ 2.5, 5, 13.5, 5.5 ], "texture": "#prismarine_dark_unwrap1" },
        "north": { "uv": [ 13.5, 5, 2.5, 7.5 ], "texture": "#prismarine_dark_unwrap5" },
        "south": { "uv": [ 2.5, 5, 13.5, 7.5 ], "texture": "#prismarine_dark_unwrap1" }
    }
},
{
    "from": [ 2.96, -3.32, 1.7 ],
    "to": [ 13.04, 11.8, 11.78 ],
    "rotation": { "origin": [ 2.96, 11.8, 1.7 ], "axis": "x", "angle": -22.5 },
    "faces": {
        "down":  { "uv": [ 11.5, 12.5, 4.5, 12 ], "texture": "#prismarine_dark_unwrap1" },
        "up":    { "uv": [ 4.5, 2, 11.5, 2.5 ], "texture": "#prismarine_dark_unwrap1" },
        "north": { "uv": [ 4.5, 2, 11.5, 12.5 ], "texture": "#prismarine_dark_unwrap5" },
        "south": { "uv": [ 4.5, 2, 11.5, 12.5 ], "texture": "#prismarine_dark_unwrap1" },
        "west":  { "uv": [ 4.5, 2, 11.5, 12.5 ], "texture": "#prismarine_dark_unwrap2" },
        "east":  { "uv": [ 4.5, 2, 11.5, 12.5 ], "texture": "#prismarine_dark_unwrap4" }
    }
},
{
    "from": [ 2.96, -2.69, 8.18 ],
    "to": [ 13.04, -1.97, 16.82 ],
    "rotation": { "origin": [ 2.96, -1.97, 8.18 ], "axis": "x", "angle": -22.5 },
    "faces": {
        "down":  { "uv": [ 11.5, 13, 4.5, 12.5 ], "texture": "#prismarine_dark_unwrap1" },
        "north": { "uv": [ 4.5, 12.5, 11.5, 13 ], "texture": "#prismarine_dark_unwrap5" },
        "south": { "uv": [ 4.5, 12.5, 11.5, 13 ], "texture": "#prismarine_dark_unwrap1" },
        "west":  { "uv": [ 5, 12.5, 11, 13 ], "texture": "#prismarine_dark_unwrap2" },
        "east":  { "uv": [ 5, 12.5, 11, 13 ], "texture": "#prismarine_dark_unwrap4" }
    }
},
{
    "__comment": "head",
    "from": [ 1.52, 13.06, 4.49 ],
    "to": [ 14.48, 14.5, 7.37 ],
    "rotation": { "origin": [ 1.52, 14.5, 4.49 ], "axis": "x", "angle": -22.5 },
    "faces": {
        "north": { "uv": [ 12.5, 6, 3.5, 7 ], "texture": "#prismarine_dark_unwrap3" },
        "south": { "uv": [ 3.5, 6, 12.5, 7 ], "texture": "#prismarine_dark_unwrap3" },
        "west":  { "uv": [ 7, 13, 9, 14 ], "texture": "#prismarine_dark_unwrap3" },
        "east":  { "uv": [ 9, 13, 7, 14 ], "texture": "#prismarine_dark_unwrap3" }
    }
},
{
    "__comment": "head",
    "from": [ 6.56, 11.08, -0.19 ],
    "to": [ 9.44, 12.52, 12.77 ],
    "rotation": { "origin": [ 6.56, 12.52, -0.19 ], "axis": "x", "angle": -22.5 },
    "faces": {
        "north": { "uv": [ 9, 6, 7, 7 ], "texture": "#prismarine_dark_unwrap3" },
        "south": { "uv": [ 7, 6, 9, 7 ], "texture": "#prismarine_dark_unwrap3" },
        "west":  { "uv": [ 3.5, 13, 12.5, 14 ], "texture": "#prismarine_dark_unwrap3" },
        "east":  { "uv": [ 12.5, 13, 3.5, 14 ], "texture": "#prismarine_dark_unwrap3" }
    }
},
{
    "__comment": "head",
    "from": [ 2.24, 12.43, 3.14 ],
    "to": [ 13.76, 13.87, 8.9 ],
    "rotation": { "origin": [ 2.24, 13.87, 3.14 ], "axis": "x", "angle": -22.5 },
    "faces": {
        "north": { "uv": [ 12, 6, 4, 7 ], "texture": "#prismarine_dark_unwrap3" },
        "south": { "uv": [ 4, 6, 12, 7 ], "texture": "#prismarine_dark_unwrap3" },
        "west":  { "uv": [ 6, 13, 10, 14 ], "texture": "#prismarine_dark_unwrap3" },
        "east":  { "uv": [ 10, 13, 6, 14 ], "texture": "#prismarine_dark_unwrap3" }
    }
},
{
    "__comment": "head",
    "from": [ 5.12, 11.35, 0.53 ],
    "to": [ 10.88, 12.79, 12.05 ],
    "rotation": { "origin": [ 5.12, 12.79, 0.53 ], "axis": "x", "angle": -22.5 },
    "faces": {
        "north": { "uv": [ 10, 6, 6, 7 ], "texture": "#prismarine_dark_unwrap3" },
        "south": { "uv": [ 6, 6, 10, 7 ], "texture": "#prismarine_dark_unwrap3" },
        "west":  { "uv": [ 4, 13, 12, 14 ], "texture": "#prismarine_dark_unwrap3" },
        "east":  { "uv": [ 12, 13, 4, 14 ], "texture": "#prismarine_dark_unwrap3" }
    }
},
{
    "__comment": "head",
    "from": [ 3.68, 11.62, 1.16 ],
    "to": [ 12.32, 13.06, 11.24 ],
    "rotation": { "origin": [ 3.68, 13.06, 1.16 ], "axis": "x", "angle": -22.5 },
    "faces": {
        "north": { "uv": [ 11, 6, 5, 7 ], "texture": "#prismarine_dark_unwrap3" },
        "south": { "uv": [ 5, 6, 11, 7 ], "texture": "#prismarine_dark_unwrap3" },
        "west":  { "uv": [ 4.5, 13, 11.5, 14 ], "texture": "#prismarine_dark_unwrap3" },
        "east":  { "uv": [ 11.5, 13, 4.5, 14 ], "texture": "#prismarine_dark_unwrap3" }
    }
},
{
    "__comment": "head",
    "from": [ 2.96, 11.89, 1.88 ],
    "to": [ 13.04, 13.33, 10.52 ],
    "rotation": { "origin": [ 2.96, 13.33, 1.88 ], "axis": "x", "angle": -22.5 },
    "faces": {
        "north": { "uv": [ 11.5, 6, 4.5, 7 ], "texture": "#prismarine_dark_unwrap3" },
        "south": { "uv": [ 4.5, 6, 11.5, 7 ], "texture": "#prismarine_dark_unwrap3" },
        "west":  { "uv": [ 5, 6, 11, 7 ], "texture": "#prismarine_dark_unwrap3" },
        "east":  { "uv": [ 11, 6, 5, 7 ], "texture": "#prismarine_dark_unwrap3" }
    }
},
{
    "__comment": "head",
    "from": [ 6.56, 11.98, -2.17 ],
    "to": [ 9.44, 15.58, 12.23 ],
    "rotation": { "origin": [ 6.56, 15.58, -2.17 ], "axis": "x", "angle": -22.5 },
    "faces": {
        "down":  { "uv": [ 9, 6, 7, 5.5 ], "texture": "#prismarine_dark_unwrap3" },
        "up":    { "uv": [ 7, 2.5, 9, 4 ], "texture": "#prismarine_dark_unwrap3" },
        "north": { "uv": [ 9, 10.5, 8.5, 13 ], "texture": "#prismarine_dark_unwrap3" },
        "south": { "uv": [ 7, 3.5, 9, 6 ], "texture": "#prismarine_dark_unwrap3" },
        "west":  { "uv": [ 3, 10.5, 13, 13 ], "texture": "#prismarine_dark_unwrap3" },
        "east":  { "uv": [ 13, 10.5, 3, 13 ], "texture": "#prismarine_dark_unwrap3" }
    }
},
{
    "__comment": "head",
    "from": [ 0.8, 14.23, 3.14 ],
    "to": [ 15.2, 17.83, 6.02 ],
    "rotation": { "origin": [ 0.8, 17.83, 3.14 ], "axis": "x", "angle": -22.5 },
    "faces": {
        "down":  { "uv": [ 9, 13, 7, 12.5 ], "rotation": 90, "texture": "#prismarine_dark_unwrap3" },
        "up":    { "uv": [ 7, 10, 9, 10.5 ], "rotation": 90, "texture": "#prismarine_dark_unwrap3" },
        "north": { "uv": [ 13, 3.5, 3, 6 ], "texture": "#prismarine_dark_unwrap3" },
        "south": { "uv": [ 3, 3.5, 13, 6 ], "texture": "#prismarine_dark_unwrap3" },
        "west":  { "uv": [ 7, 10.5, 9, 13 ], "texture": "#prismarine_dark_unwrap3" },
        "east":  { "uv": [ 9, 10.5, 7, 13 ], "texture": "#prismarine_dark_unwrap3" }
    }
},
{
    "__comment": "head",
    "from": [ 5.12, 12.25, -1.54 ],
    "to": [ 10.88, 15.85, 11.42 ],
    "rotation": { "origin": [ 5.12, 15.85, -1.54 ], "axis": "x", "angle": -22.5 },
    "faces": {
        "down":  { "uv": [ 10, 13, 6, 12.5 ], "texture": "#prismarine_dark_unwrap3" },
        "up":    { "uv": [ 6, 3, 10, 4 ], "texture": "#prismarine_dark_unwrap3" },
        "north": { "uv": [ 10, 10.5, 6, 13 ], "texture": "#prismarine_dark_unwrap3" },
        "south": { "uv": [ 6, 3.5, 10, 6 ], "texture": "#prismarine_dark_unwrap3" },
        "west":  { "uv": [ 4.5, 3.5, 5.5, 6 ], "texture": "#prismarine_dark_unwrap3" },
        "east":  { "uv": [ 12.5, 10.5, 3.5, 13 ], "texture": "#prismarine_dark_unwrap3" }
    }
},
{
    "__comment": "head",
    "from": [ 1.52, 13.6, 1.79 ],
    "to": [ 14.48, 17.2, 7.55 ],
    "rotation": { "origin": [ 1.52, 17.2, 1.79 ], "axis": "x", "angle": -22.5 },
    "faces": {
        "down":  { "uv": [ 10, 13, 6, 12.5 ], "rotation": 90, "texture": "#prismarine_dark_unwrap3" },
        "up":    { "uv": [ 6, 10, 10, 10.5 ], "rotation": 90, "texture": "#prismarine_dark_unwrap3" },
        "north": { "uv": [ 12.5, 3.5, 3.5, 6 ], "texture": "#prismarine_dark_unwrap3" },
        "south": { "uv": [ 3.5, 3.5, 12.5, 6 ], "texture": "#prismarine_dark_unwrap3" },
        "west":  { "uv": [ 6, 10.5, 10, 13 ], "texture": "#prismarine_dark_unwrap3" },
        "east":  { "uv": [ 10, 10.5, 6, 13 ], "texture": "#prismarine_dark_unwrap3" }
    }
},
{
    "__comment": "head",
    "from": [ 3.68, 14.77, 4.49 ],
    "to": [ 12.32, 18.37, 10.25 ],
    "rotation": { "origin": [ 3.68, 18.37, 4.49 ], "axis": "x", "angle": -22.5 },
    "faces": {
        "down":  { "uv": [ 11, 13, 5, 12.5 ], "texture": "#prismarine_dark_unwrap3" },
        "up":    { "uv": [ 5, 3.5, 11, 4 ], "texture": "#prismarine_dark_unwrap3" },
        "north": { "uv": [ 11, 10.5, 5, 13 ], "texture": "#prismarine_dark_unwrap3" },
        "south": { "uv": [ 5, 3.5, 11, 6 ], "texture": "#prismarine_dark_unwrap3" },
        "west":  { "uv": [ 5, 3.5, 5.5, 6 ], "texture": "#prismarine_dark_unwrap3" },
        "east":  { "uv": [ 12, 10.5, 11.5, 13 ], "texture": "#prismarine_dark_unwrap3" }
    }
},
{
    "__comment": "head",
    "from": [ 2.24, 13.06, 0.44 ],
    "to": [ 13.76, 16.66, 9.08 ],
    "rotation": { "origin": [ 2.24, 16.66, 0.44 ], "axis": "x", "angle": -22.5 },
    "faces": {
        "down":  { "uv": [ 11, 13, 5, 12.5 ], "rotation": 90, "texture": "#prismarine_dark_unwrap3" },
        "up":    { "uv": [ 4, 12.5, 12, 13 ], "texture": "#prismarine_dark_unwrap3" },
        "north": { "uv": [ 6.5, 10.5, 6, 13 ], "texture": "#prismarine_dark_unwrap3" },
        "south": { "uv": [ 4, 3.5, 12, 6 ], "texture": "#prismarine_dark_unwrap3" },
        "west":  { "uv": [ 5, 10.5, 11, 13 ], "texture": "#prismarine_dark_unwrap3" },
        "east":  { "uv": [ 11, 10.5, 5, 13 ], "texture": "#prismarine_dark_unwrap3" }
    }
},
{
    "__comment": "head",
    "from": [ 2.96, 12.79, -0.19 ],
    "to": [ 13.04, 16.39, 9.89 ],
    "rotation": { "origin": [ 2.96, 16.39, -0.19 ], "axis": "x", "angle": -22.5 },
    "faces": {
        "down":  { "uv": [ 11.5, 13, 4.5, 12.5 ], "texture": "#prismarine_dark_unwrap3" },
        "up":    { "uv": [ 4.5, 10, 11.5, 10.5 ], "texture": "#prismarine_dark_unwrap3" },
        "north": { "uv": [ 6, 10.5, 5.5, 13 ], "texture": "#prismarine_dark_unwrap3" },
        "south": { "uv": [ 4.5, 3.5, 11.5, 6 ], "texture": "#prismarine_dark_unwrap3" },
        "west":  { "uv": [ 4.5, 10.5, 11.5, 13 ], "texture": "#prismarine_dark_unwrap3" },
        "east":  { "uv": [ 11.5, 10.5, 4.5, 13 ], "texture": "#prismarine_dark_unwrap3" }
    }
},
{
    "__comment": "head",
    "from": [ 1.52, 17.74, 2.87 ],
    "to": [ 14.48, 18.46, 5.75 ],
    "rotation": { "origin": [ 1.52, 18.46, 2.87 ], "axis": "x", "angle": -22.5 },
    "faces": {
        "up":    { "uv": [ 7, 10, 9, 10.5 ], "rotation": 90, "texture": "#prismarine_dark_unwrap3" },
        "north": { "uv": [ 12.5, 3, 3.5, 3.5 ], "texture": "#prismarine_dark_unwrap3" },
        "south": { "uv": [ 3.5, 3, 12.5, 3.5 ], "texture": "#prismarine_dark_unwrap3" },
        "west":  { "uv": [ 7, 10, 9, 10.5 ], "texture": "#prismarine_dark_unwrap3" },
        "east":  { "uv": [ 9, 10, 7, 10.5 ], "texture": "#prismarine_dark_unwrap3" }
    }
},
{
    "__comment": "head",
    "from": [ 6.56, 15.85, -1.81 ],
    "to": [ 9.44, 16.57, 11.15 ],
    "rotation": { "origin": [ 6.56, 16.57, -1.81 ], "axis": "x", "angle": -22.5 },
    "faces": {
        "up":    { "uv": [ 7, 2.5, 9, 3 ], "texture": "#prismarine_dark_unwrap3" },
        "north": { "uv": [ 9, 10, 7, 10.5 ], "texture": "#prismarine_dark_unwrap3" },
        "south": { "uv": [ 7, 3, 9, 3.5 ], "texture": "#prismarine_dark_unwrap3" },
        "west":  { "uv": [ 6.5, 3, 7.5, 3.5 ], "texture": "#prismarine_dark_unwrap3" },
        "east":  { "uv": [ 12.5, 10, 3.5, 10.5 ], "texture": "#prismarine_dark_unwrap3" }
    }
},
{
    "__comment": "head",
    "from": [ 5.12, 16.12, -1.18 ],
    "to": [ 10.88, 16.84, 10.34 ],
    "rotation": { "origin": [ 5.12, 16.84, -1.18 ], "axis": "x", "angle": -22.5 },
    "faces": {
        "up":    { "uv": [ 6, 5.5, 10, 6 ], "texture": "#prismarine_dark_unwrap3" },
        "north": { "uv": [ 10, 10, 6, 10.5 ], "texture": "#prismarine_dark_unwrap3" },
        "south": { "uv": [ 6, 3, 10, 3.5 ], "texture": "#prismarine_dark_unwrap3" },
        "west":  { "uv": [ 4, 10, 12, 10.5 ], "texture": "#prismarine_dark_unwrap3" },
        "east":  { "uv": [ 11.5, 10, 4.5, 10.5 ], "texture": "#prismarine_dark_unwrap3" }
    }
},
{
    "__comment": "head",
    "from": [ 2.24, 17.2, 1.52 ],
    "to": [ 13.76, 17.92, 7.28 ],
    "rotation": { "origin": [ 2.24, 17.92, 1.52 ], "axis": "x", "angle": -22.5 },
    "faces": {
        "up":    { "uv": [ 6, 10, 10, 10.5 ], "rotation": 90, "texture": "#prismarine_dark_unwrap3" },
        "north": { "uv": [ 12, 3, 4, 3.5 ], "texture": "#prismarine_dark_unwrap3" },
        "south": { "uv": [ 4, 3, 12, 3.5 ], "texture": "#prismarine_dark_unwrap3" },
        "west":  { "uv": [ 6, 10, 10, 10.5 ], "texture": "#prismarine_dark_unwrap3" },
        "east":  { "uv": [ 10, 10, 6, 10.5 ], "texture": "#prismarine_dark_unwrap3" }
    }
},
{
    "__comment": "head",
    "from": [ 3.68, 16.39, -0.46 ],
    "to": [ 12.32, 17.11, 9.62 ],
    "rotation": { "origin": [ 3.68, 17.11, -0.46 ], "axis": "x", "angle": -22.5 },
    "faces": {
        "up":    { "uv": [ 5, 10, 11, 10.5 ], "texture": "#prismarine_dark_unwrap3" },
        "north": { "uv": [ 11, 10, 5, 10.5 ], "texture": "#prismarine_dark_unwrap3" },
        "south": { "uv": [ 5, 3, 11, 3.5 ], "texture": "#prismarine_dark_unwrap3" },
        "west":  { "uv": [ 4.5, 10, 11.5, 10.5 ], "texture": "#prismarine_dark_unwrap3" },
        "east":  { "uv": [ 11.5, 10, 4.5, 10.5 ], "texture": "#prismarine_dark_unwrap3" }
    }
},
{
    "__comment": "head",
    "from": [ 2.96, 16.66, 0.17 ],
    "to": [ 13.04, 17.38, 8.81 ],
    "rotation": { "origin": [ 2.96, 17.38, 0.17 ], "axis": "x", "angle": -22.5 },
    "faces": {
        "up":    { "uv": [ 4.5, 10, 11.5, 10.5 ], "texture": "#prismarine_dark_unwrap3" },
        "north": { "uv": [ 11.5, 3, 4.5, 3.5 ], "texture": "#prismarine_dark_unwrap3" },
        "south": { "uv": [ 4.5, 3, 11.5, 3.5 ], "texture": "#prismarine_dark_unwrap3" },
        "west":  { "uv": [ 5, 10, 11, 10.5 ], "texture": "#prismarine_dark_unwrap3" },
        "east":  { "uv": [ 11, 10, 5, 10.5 ], "texture": "#prismarine_dark_unwrap3" }
    }
},
{
    "__comment": "head",
    "from": [ 6.56, 16.75, -1.45 ],
    "to": [ 9.44, 17.47, 10.07 ],
    "rotation": { "origin": [ 6.56, 17.47, -1.45 ], "axis": "x", "angle": -22.5 },
    "faces": {
        "up":    { "uv": [ 7, 2.5, 9, 3 ], "texture": "#prismarine_dark_unwrap3" },
        "north": { "uv": [ 9, 2.5, 7, 3 ], "texture": "#prismarine_dark_unwrap3" },
        "south": { "uv": [ 7, 2.5, 9, 3 ], "texture": "#prismarine_dark_unwrap3" },
        "west":  { "uv": [ 4, 9.5, 12, 10 ], "texture": "#prismarine_dark_unwrap3" },
        "east":  { "uv": [ 12, 9.5, 4, 10 ], "texture": "#prismarine_dark_unwrap3" }
    }
},
{
    "__comment": "head",
    "from": [ 2.24, 18.37, 2.6 ],
    "to": [ 13.76, 19.09, 5.48 ],
    "rotation": { "origin": [ 2.24, 19.09, 2.6 ], "axis": "x", "angle": -22.5 },
    "faces": {
        "up":    { "uv": [ 7, 9.5, 9, 10 ], "rotation": 90, "texture": "#prismarine_dark_unwrap3" },
        "north": { "uv": [ 12, 2.5, 4, 3 ], "texture": "#prismarine_dark_unwrap3" },
        "south": { "uv": [ 4, 2.5, 12, 3 ], "texture": "#prismarine_dark_unwrap3" },
        "west":  { "uv": [ 7, 9.5, 9, 10 ], "texture": "#prismarine_dark_unwrap3" },
        "east":  { "uv": [ 9, 9.5, 7, 10 ], "texture": "#prismarine_dark_unwrap3" }
    }
},
{
    "__comment": "head",
    "from": [ 5.12, 17.02, -0.73 ],
    "to": [ 10.88, 17.74, 9.35 ],
    "rotation": { "origin": [ 5.12, 17.74, -0.73 ], "axis": "x", "angle": -22.5 },
    "faces": {
        "up":    { "uv": [ 6, 2.5, 10, 3 ], "texture": "#prismarine_dark_unwrap3" },
        "north": { "uv": [ 10, 2.5, 6, 3 ], "texture": "#prismarine_dark_unwrap3" },
        "south": { "uv": [ 6, 2.5, 10, 3 ], "texture": "#prismarine_dark_unwrap3" },
        "west":  { "uv": [ 4.5, 9.5, 11.5, 10 ], "texture": "#prismarine_dark_unwrap3" },
        "east":  { "uv": [ 11.5, 9.5, 4.5, 10 ], "texture": "#prismarine_dark_unwrap3" }
    }
},
{
    "__comment": "head",
    "from": [ 2.96, 17.83, 1.25 ],
    "to": [ 13.04, 18.55, 7.01 ],
    "rotation": { "origin": [ 2.96, 18.55, 1.25 ], "axis": "x", "angle": -22.5 },
    "faces": {
        "up":    { "uv": [ 6, 9.5, 10, 10 ], "rotation": 90, "texture": "#prismarine_dark_unwrap3" },
        "north": { "uv": [ 11.5, 2.5, 4.5, 3 ], "texture": "#prismarine_dark_unwrap3" },
        "south": { "uv": [ 4.5, 2.5, 11.5, 3 ], "texture": "#prismarine_dark_unwrap3" },
        "west":  { "uv": [ 6, 9.5, 10, 10 ], "texture": "#prismarine_dark_unwrap3" },
        "east":  { "uv": [ 10, 9.5, 6, 10 ], "texture": "#prismarine_dark_unwrap3" }
    }
},
{
    "__comment": "head",
    "from": [ 3.68, 17.29, -0.1 ],
    "to": [ 12.32, 18.01, 8.54 ],
    "rotation": { "origin": [ 3.68, 18.01, -0.1 ], "axis": "x", "angle": -22.5 },
    "faces": {
        "up":    { "uv": [ 4.5, 2.5, 5, 3 ], "texture": "#prismarine_dark_unwrap3" },
        "north": { "uv": [ 11, 2.5, 5, 3 ], "texture": "#prismarine_dark_unwrap3" },
        "south": { "uv": [ 5, 2.5, 11, 3 ], "texture": "#prismarine_dark_unwrap3" },
        "west":  { "uv": [ 5, 9.5, 11, 10 ], "texture": "#prismarine_dark_unwrap3" },
        "east":  { "uv": [ 11, 9.5, 5, 10 ], "texture": "#prismarine_dark_unwrap3" }
    }
},
{
    "__comment": "head",
    "from": [ 6.56, 17.65, -1 ],
    "to": [ 9.44, 18.37, -0.28 ],
    "rotation": { "origin": [ 6.56, 18.37, -1 ], "axis": "x", "angle": -22.5 },
    "faces": {
        "up":    { "uv": [ 7, 2, 9, 2.5 ], "texture": "#prismarine_dark_unwrap3" },
        "north": { "uv": [ 9, 2, 7, 2.5 ], "texture": "#prismarine_dark_unwrap3" },
        "west":  { "uv": [ 4.5, 9, 5, 9.5 ], "texture": "#prismarine_dark_unwrap3" },
        "east":  { "uv": [ 5, 9, 4.5, 9.5 ], "texture": "#prismarine_dark_unwrap3" }
    }
},
{
    "__comment": "head",
    "from": [ 2.96, 19.09, 2.33 ],
    "to": [ 3.68, 19.81, 5.21 ],
    "rotation": { "origin": [ 2.96, 19.81, 2.33 ], "axis": "x", "angle": -22.5 },
    "faces": {
        "up":    { "uv": [ 7, 9, 9, 9.5 ], "rotation": 90, "texture": "#prismarine_dark_unwrap3" },
        "north": { "uv": [ 5, 2, 4.5, 2.5 ], "texture": "#prismarine_dark_unwrap3" },
        "south": { "uv": [ 4.5, 2, 5, 2.5 ], "texture": "#prismarine_dark_unwrap3" },
        "west":  { "uv": [ 7, 9, 9, 9.5 ], "texture": "#prismarine_dark_unwrap3" }
    }
},
{
    "__comment": "head",
    "from": [ 3.68, 18.55, 0.98 ],
    "to": [ 4.4, 19.27, 6.74 ],
    "rotation": { "origin": [ 3.68, 19.27, 0.98 ], "axis": "x", "angle": -22.5 },
    "faces": {
        "up":    { "uv": [ 6, 9.5, 10, 10 ], "rotation": 90, "texture": "#prismarine_dark_unwrap3" },
        "north": { "uv": [ 5.5, 2, 5, 2.5 ], "texture": "#prismarine_dark_unwrap3" },
        "south": { "uv": [ 5, 2, 5.5, 2.5 ], "texture": "#prismarine_dark_unwrap3" },
        "west":  { "uv": [ 6, 9, 10, 9.5 ], "texture": "#prismarine_dark_unwrap3" }
    }
},
{
    "__comment": "head",
    "from": [ 5.12, 17.92, -0.37 ],
    "to": [ 10.88, 18.64, 0.35 ],
    "rotation": { "origin": [ 5.12, 18.64, -0.37 ], "axis": "x", "angle": -22.5 },
    "faces": {
        "up":    { "uv": [ 6, 2.5, 10, 3 ], "texture": "#prismarine_dark_unwrap3" },
        "north": { "uv": [ 10, 2, 6, 2.5 ], "texture": "#prismarine_dark_unwrap3" },
        "west":  { "uv": [ 5, 9, 5.5, 9.5 ], "texture": "#prismarine_dark_unwrap3" },
        "east":  { "uv": [ 5.5, 9, 5, 9.5 ], "texture": "#prismarine_dark_unwrap3" }
    }
},
{
    "__comment": "head",
    "from": [ 4.4, 18.28, 0.35 ],
    "to": [ 11.6, 19, 7.55 ],
    "rotation": { "origin": [ 4.4, 19, 0.35 ], "axis": "x", "angle": -22.5 },
    "faces": {
        "up":    { "uv": [ 5, 2, 5.5, 2.5 ], "texture": "#prismarine_dark_unwrap3" },
        "north": { "uv": [ 10.5, 2, 5.5, 2.5 ], "texture": "#prismarine_dark_unwrap3" },
        "south": { "uv": [ 5.5, 2, 10.5, 2.5 ], "texture": "#prismarine_dark_unwrap3" },
        "west":  { "uv": [ 5.5, 9, 10.5, 9.5 ], "texture": "#prismarine_dark_unwrap3" },
        "east":  { "uv": [ 10.5, 9, 5.5, 9.5 ], "texture": "#prismarine_dark_unwrap3" }
    }
},
{
    "__comment": "head",
    "from": [ 11.6, 18.55, 0.98 ],
    "to": [ 12.32, 19.27, 6.74 ],
    "rotation": { "origin": [ 11.6, 19.27, 0.98 ], "axis": "x", "angle": -22.5 },
    "faces": {
        "up":    { "uv": [ 6, 2.5, 10, 3 ], "rotation": 90, "texture": "#prismarine_dark_unwrap3" },
        "north": { "uv": [ 11, 2, 10.5, 2.5 ], "texture": "#prismarine_dark_unwrap3" },
        "south": { "uv": [ 10.5, 2, 11, 2.5 ], "texture": "#prismarine_dark_unwrap3" },
        "east":  { "uv": [ 10, 9.5, 6, 10 ], "texture": "#prismarine_dark_unwrap3" }
    }
},
{
    "__comment": "head",
    "from": [ 5.12, 20.98, 6.92 ],
    "to": [ 10.88, 21.7, 7.64 ],
    "rotation": { "origin": [ 5.12, 21.7, 6.92 ], "axis": "x", "angle": -22.5 },
    "faces": {
        "up":    { "uv": [ 6, 9.5, 10, 10 ], "texture": "#prismarine_dark_unwrap3" },
        "south": { "uv": [ 6, 2, 10, 2.5 ], "texture": "#prismarine_dark_unwrap3" },
        "west":  { "uv": [ 10.5, 9, 11, 9.5 ], "texture": "#prismarine_dark_unwrap3" },
        "east":  { "uv": [ 11, 9, 10.5, 9.5 ], "texture": "#prismarine_dark_unwrap3" }
    }
},
{
    "__comment": "head*",
    "from": [ 6.56, 21.25, 7.64 ],
    "to": [ 9.44, 21.97, 8.36 ],
    "rotation": { "origin": [ 6.56, 21.97, 7.64 ], "axis": "x", "angle": -22.5 },
    "faces": {
        "up":    { "uv": [ 7, 2, 9, 2.5 ], "texture": "#prismarine_dark_unwrap3" },
        "south": { "uv": [ 7, 2, 9, 2.5 ], "texture": "#prismarine_dark_unwrap3" },
        "west":  { "uv": [ 11, 9, 11.5, 9.5 ], "texture": "#prismarine_dark_unwrap3" },
        "east":  { "uv": [ 11.5, 9, 11, 9.5 ], "texture": "#prismarine_dark_unwrap3" }
    }
},
{
    "__comment": "head*",
    "from": [ 12.32, 19.09, 2.33 ],
    "to": [ 13.04, 19.81, 5.21 ],
    "rotation": { "origin": [ 12.32, 19.81, 2.33 ], "axis": "x", "angle": -22.5 },
    "faces": {
        "up":    { "uv": [ 7, 9, 9, 9.5 ], "rotation": 90, "texture": "#prismarine_dark_unwrap3" },
        "north": { "uv": [ 11.5, 2, 11, 2.5 ], "texture": "#prismarine_dark_unwrap3" },
        "south": { "uv": [ 11, 2, 11.5, 2.5 ], "texture": "#prismarine_dark_unwrap3" },
        "east":  { "uv": [ 9, 9, 7, 9.5 ], "texture": "#prismarine_dark_unwrap3" }
    }
},
{
    "__comment": "head*",
    "from": [ 3.68, 12.52, -0.82 ],
    "to": [ 12.32, 16.12, 4.94 ],
    "rotation": { "origin": [ 3.68, 16.12, -0.82 ], "axis": "x", "angle": -22.5 },
    "faces": {
        "down":  { "uv": [ 11, 13, 5, 12.5 ], "texture": "#prismarine_dark_unwrap3" },
        "up":    { "uv": [ 5, 10, 11, 10.5 ], "texture": "#prismarine_dark_unwrap3" },
        "north": { "uv": [ 11, 10.5, 5, 13 ], "texture": "#prismarine_dark_unwrap3" },
        "south": { "uv": [ 5, 3.5, 11, 6 ], "texture": "#prismarine_dark_unwrap3" },
        "west":  { "uv": [ 4.5, 3.5, 5.5, 6 ], "texture": "#prismarine_dark_unwrap3" },
        "east":  { "uv": [ 12, 10.5, 4, 13 ], "texture": "#prismarine_dark_unwrap3" }
    }
},
{
    "__comment": "head",
    "from": [ 4.4, 20.26, 8.81 ],
    "to": [ 5.12, 20.98, 9.53 ],
    "rotation": { "origin": [ 4.4, 20.98, 8.81 ], "axis": "x", "angle": -22.5 },
    "faces": {
        "up":    { "uv": [ 5.5, 3, 6, 3.5 ], "texture": "#prismarine_dark_unwrap3" },
        "south": { "uv": [ 5.5, 3, 6, 3.5 ], "texture": "#prismarine_dark_unwrap3" },
        "west":  { "uv": [ 5.5, 3, 6, 3.5 ], "texture": "#prismarine_dark_unwrap3" }
    }
},
{
    "__comment": "head",
    "from": [ 7.28, 20.8, 10.16 ],
    "to": [ 8.72, 21.52, 10.88 ],
    "rotation": { "origin": [ 7.28, 21.52, 10.16 ], "axis": "x", "angle": -22.5 },
    "faces": {
        "up":    { "uv": [ 7.5, 3, 8.5, 3.5 ], "texture": "#prismarine_dark_unwrap3" },
        "south": { "uv": [ 7.5, 3, 8.5, 3.5 ], "texture": "#prismarine_dark_unwrap3" },
        "west":  { "uv": [ 7.5, 3, 8, 3.5 ], "texture": "#prismarine_dark_unwrap3" },
        "east":  { "uv": [ 8, 3, 8.5, 3.5 ], "texture": "#prismarine_dark_unwrap3" }
    }
},
{
    "__comment": "leg (right)",
    "from": [ -2.8, -2.51, 5.84 ],
    "to": [ -0.64, 6.13, 9.44 ],
    "rotation": { "origin": [ -2.8, 6.13, 5.84 ], "axis": "x", "angle": 22.5 },
    "faces": {
        "down":  { "uv": [ 2, 10.5, 3.5, 11 ], "texture": "#prismarine_dark_unwrap6" },
        "north": { "uv": [ 3.5, 5, 2, 11 ], "texture": "#prismarine_dark_unwrap6" },
        "south": { "uv": [ 2, 5, 3.5, 11 ], "texture": "#prismarine_dark_unwrap6" },
        "west":  { "uv": [ 3.5, 5, 6, 11 ], "texture": "#prismarine_dark_unwrap7" },
        "east":  { "uv": [ 6, 5, 3.5, 11 ], "texture": "#prismarine_dark_unwrap7" }
    }
},
{
    "__comment": "leg (right)",
    "from": [ -3.52, 5.68, 8 ],
    "to": [ 0.08, 11.44, 11.6 ],
    "rotation": { "origin": [ -3.52, 11.44, 8 ], "axis": "x", "angle": 22.5 },
    "faces": {
        "down":  { "uv": [ 4, 5, 1.5, 4.5 ], "texture": "#prismarine_dark_unwrap6" },
        "up":    { "uv": [ 1.5, 1, 4, 1.5 ], "texture": "#prismarine_dark_unwrap6" },
        "north": { "uv": [ 4, 1, 1.5, 5 ], "texture": "#prismarine_dark_unwrap6" },
        "south": { "uv": [ 1.5, 1, 4, 5 ], "texture": "#prismarine_dark_unwrap6" },
        "west":  { "uv": [ 3.5, 1, 6, 5 ], "texture": "#prismarine_dark_unwrap7" },
        "east":  { "uv": [ 6, 1, 3.5, 5 ], "texture": "#prismarine_dark_unwrap7" }
    }
},
{
    "__comment": "leg (right)",
    "from": [ -3.52, 6.76, 7.1 ],
    "to": [ 0.08, 11.08, 12.14 ],
    "rotation": { "origin": [ -3.52, 11.08, 7.1 ], "axis": "x", "angle": 22.5 },
    "faces": {
        "down":  { "uv": [ 4, 4.5, 1.5, 4 ], "texture": "#prismarine_dark_unwrap6" },
        "up":    { "uv": [ 1.5, 1.5, 4, 2 ], "texture": "#prismarine_dark_unwrap6" },
        "north": { "uv": [ 4, 1.5, 1.5, 4.5 ], "texture": "#prismarine_dark_unwrap6" },
        "south": { "uv": [ 1.5, 1.5, 4, 4.5 ], "texture": "#prismarine_dark_unwrap6" },
        "west":  { "uv": [ 3, 1.5, 6.5, 4.5 ], "texture": "#prismarine_dark_unwrap7" },
        "east":  { "uv": [ 6.5, 1.5, 3, 4.5 ], "texture": "#prismarine_dark_unwrap7" }
    }
},
{
    "__comment": "leg (right)",
    "from": [ -3.52, 7.75, 6.11 ],
    "to": [ 0.08, 10.63, 12.59 ],
    "rotation": { "origin": [ -3.52, 10.63, 6.11 ], "axis": "x", "angle": 22.5 },
    "faces": {
        "down":  { "uv": [ 4, 4, 1.5, 3.5 ], "texture": "#prismarine_dark_unwrap6" },
        "up":    { "uv": [ 1.5, 2, 4, 2.5 ], "texture": "#prismarine_dark_unwrap6" },
        "north": { "uv": [ 4, 2, 1.5, 4 ], "texture": "#prismarine_dark_unwrap6" },
        "south": { "uv": [ 1.5, 2, 4, 4 ], "texture": "#prismarine_dark_unwrap6" },
        "west":  { "uv": [ 2.5, 2, 7, 4 ], "texture": "#prismarine_dark_unwrap7" },
        "east":  { "uv": [ 7, 2, 2.5, 4 ], "texture": "#prismarine_dark_unwrap7" }
    }
},
{
    "__comment": "leg (right)",
    "from": [ -2.8, -2.87, 3.14 ],
    "to": [ -0.64, -2.15, 5.3 ],
    "rotation": { "origin": [ -2.8, -2.15, 3.14 ], "axis": "x", "angle": 22.5 },
    "faces": {
        "north": { "uv": [ 3.5, 11, 2, 11.5 ], "texture": "#prismarine_dark_unwrap6" },
        "west":  { "uv": [ 4, 11, 5.5, 11.5 ], "texture": "#prismarine_dark_unwrap7" },
        "east":  { "uv": [ 5.5, 11, 4, 11.5 ], "texture": "#prismarine_dark_unwrap7" }
    }
},
{
    "__comment": "leg (right)",
    "from": [ -2.8, 10.99, 7.37 ],
    "to": [ -0.64, 11.71, 12.41 ],
    "rotation": { "origin": [ -2.8, 11.71, 7.37 ], "axis": "x", "angle": 22.5 },
    "faces": {
        "up":    { "uv": [ 2, 1, 3.5, 1.5 ], "rotation": 90, "texture": "#prismarine_dark_unwrap6" },
        "north": { "uv": [ 3.5, 1, 2, 1.5 ], "texture": "#prismarine_dark_unwrap6" },
        "south": { "uv": [ 2, 1, 3.5, 1.5 ], "texture": "#prismarine_dark_unwrap6" },
        "west":  { "uv": [ 3, 1, 6.5, 1.5 ], "texture": "#prismarine_dark_unwrap7" },
        "east":  { "uv": [ 6.5, 1, 3, 1.5 ], "texture": "#prismarine_dark_unwrap7" }
    }
},
{
    "__comment": "leg (right)",
    "from": [ -2.8, 11.08, 8.99 ],
    "to": [ -0.64, 11.8, 11.15 ],
    "rotation": { "origin": [ -2.8, 11.8, 8.99 ], "axis": "x", "angle": 22.5 },
    "faces": {
        "up":    { "uv": [ 2, 0.5, 3.5, 1 ], "texture": "#prismarine_dark_unwrap6" },
        "north": { "uv": [ 3.5, 0.5, 2, 1 ], "texture": "#prismarine_dark_unwrap6" },
        "south": { "uv": [ 2, 0.5, 3.5, 1 ], "texture": "#prismarine_dark_unwrap6" },
        "west":  { "uv": [ 4, 0.5, 5.5, 1 ], "texture": "#prismarine_dark_unwrap7" },
        "east":  { "uv": [ 5.5, 0.5, 4, 1 ], "texture": "#prismarine_dark_unwrap7" }
    }
},
{
    "__comment": "leg (left)",
    "from": [ 16.64, -2.51, 5.84 ],
    "to": [ 18.8, 6.13, 9.44 ],
    "rotation": { "origin": [ 16.64, 6.13, 5.84 ], "axis": "x", "angle": 22.5 },
    "faces": {
        "down":  { "uv": [ 7.5, 10.5, 9, 11 ], "texture": "#prismarine_dark_unwrap6" },
        "north": { "uv": [ 9, 5, 7.5, 11 ], "texture": "#prismarine_dark_unwrap6" },
        "south": { "uv": [ 7.5, 5, 9, 11 ], "texture": "#prismarine_dark_unwrap6" },
        "west":  { "uv": [ 3.5, 5, 6, 11 ], "texture": "#prismarine_dark_unwrap7" },
        "east":  { "uv": [ 6, 5, 3.5, 11 ], "texture": "#prismarine_dark_unwrap7" }
    }
},
{
    "__comment": "leg (left)",
    "from": [ 16.64, -2.87, 3.14 ],
    "to": [ 18.8, -2.15, 5.3 ],
    "rotation": { "origin": [ 16.64, -2.15, 3.14 ], "axis": "x", "angle": 22.5 },
    "faces": {
        "north": { "uv": [ 9, 11, 7.5, 11.5 ], "texture": "#prismarine_dark_unwrap6" },
        "west":  { "uv": [ 4, 11, 5.5, 11.5 ], "texture": "#prismarine_dark_unwrap7" },
        "east":  { "uv": [ 5.5, 11, 4, 11.5 ], "texture": "#prismarine_dark_unwrap7" }
    }
},
{
    "__comment": "leg (left)",
    "from": [ 15.92, 5.68, 8 ],
    "to": [ 19.52, 11.44, 11.6 ],
    "rotation": { "origin": [ 15.92, 11.44, 8 ], "axis": "x", "angle": 22.5 },
    "faces": {
        "down":  { "uv": [ 9.5, 5, 7, 4.5 ], "texture": "#prismarine_dark_unwrap6" },
        "up":    { "uv": [ 7, 1, 9.5, 1.5 ], "texture": "#prismarine_dark_unwrap6" },
        "north": { "uv": [ 9.5, 1, 7, 5 ], "texture": "#prismarine_dark_unwrap6" },
        "south": { "uv": [ 7, 1, 9.5, 5 ], "texture": "#prismarine_dark_unwrap6" },
        "west":  { "uv": [ 3.5, 1, 6, 5 ], "texture": "#prismarine_dark_unwrap7" },
        "east":  { "uv": [ 6, 1, 3.5, 5 ], "texture": "#prismarine_dark_unwrap7" }
    }
},
{
    "__comment": "leg (left)",
    "from": [ 15.92, 6.76, 7.1 ],
    "to": [ 19.52, 11.08, 12.14 ],
    "rotation": { "origin": [ 15.92, 11.08, 7.1 ], "axis": "x", "angle": 22.5 },
    "faces": {
        "down":  { "uv": [ 9.5, 4.5, 7, 4 ], "texture": "#prismarine_dark_unwrap6" },
        "up":    { "uv": [ 7, 1.5, 9.5, 2 ], "texture": "#prismarine_dark_unwrap6" },
        "north": { "uv": [ 9.5, 1.5, 7, 4.5 ], "texture": "#prismarine_dark_unwrap6" },
        "south": { "uv": [ 7, 1.5, 9.5, 4.5 ], "texture": "#prismarine_dark_unwrap6" },
        "west":  { "uv": [ 3, 1.5, 6.5, 4.5 ], "texture": "#prismarine_dark_unwrap7" },
        "east":  { "uv": [ 6.5, 1.5, 3, 4.5 ], "texture": "#prismarine_dark_unwrap7" }
    }
},
{
    "__comment": "leg (left)",
    "from": [ 15.92, 7.75, 6.11 ],
    "to": [ 19.52, 10.63, 12.59 ],
    "rotation": { "origin": [ 15.92, 10.63, 6.11 ], "axis": "x", "angle": 22.5 },
    "faces": {
        "down":  { "uv": [ 9.5, 4, 7, 3.5 ], "texture": "#prismarine_dark_unwrap6" },
        "up":    { "uv": [ 7, 2, 9.5, 2.5 ], "texture": "#prismarine_dark_unwrap6" },
        "north": { "uv": [ 9.5, 2, 7, 4 ], "texture": "#prismarine_dark_unwrap6" },
        "south": { "uv": [ 7, 2, 9.5, 4 ], "texture": "#prismarine_dark_unwrap6" },
        "west":  { "uv": [ 2.5, 2, 7, 4 ], "texture": "#prismarine_dark_unwrap7" },
        "east":  { "uv": [ 7, 2, 2.5, 4 ], "texture": "#prismarine_dark_unwrap7" }
    }
},
{
    "__comment": "leg (left)",
    "from": [ 16.64, 10.99, 7.37 ],
    "to": [ 18.8, 11.71, 12.41 ],
    "rotation": { "origin": [ 16.64, 11.71, 7.37 ], "axis": "x", "angle": 22.5 },
    "faces": {
        "up":    { "uv": [ 7.5, 1, 9, 1.5 ], "rotation": 90, "texture": "#prismarine_dark_unwrap6" },
        "north": { "uv": [ 9, 1, 7.5, 1.5 ], "texture": "#prismarine_dark_unwrap6" },
        "south": { "uv": [ 7.5, 1, 9, 1.5 ], "texture": "#prismarine_dark_unwrap6" },
        "west":  { "uv": [ 3, 1, 6.5, 1.5 ], "texture": "#prismarine_dark_unwrap7" },
        "east":  { "uv": [ 6.5, 1, 3, 1.5 ], "texture": "#prismarine_dark_unwrap7" }
    }
},
{
    "__comment": "leg (left)",
    "from": [ 16.64, 11.08, 8.99 ],
    "to": [ 18.8, 11.8, 11.15 ],
    "rotation": { "origin": [ 16.64, 11.8, 8.99 ], "axis": "x", "angle": 22.5 },
    "faces": {
        "up":    { "uv": [ 7.5, 0.5, 9, 1 ], "texture": "#prismarine_dark_unwrap6" },
        "north": { "uv": [ 3.5, 0.5, 2, 1 ], "texture": "#prismarine_dark_unwrap6" },
        "south": { "uv": [ 2, 0.5, 3.5, 1 ], "texture": "#prismarine_dark_unwrap6" },
        "west":  { "uv": [ 4, 0.5, 5.5, 1 ], "texture": "#prismarine_dark_unwrap7" },
        "east":  { "uv": [ 5.5, 0.5, 4, 1 ], "texture": "#prismarine_dark_unwrap7" }
    }
},
{
    "__comment": "foot",
    "from": [ -4.96, -8, -0.64 ],
    "to": [ 1.52, -5.84, 8.72 ],
    "faces": {
        "down":  { "uv": [ 5, 16, 0.5, 15.5 ], "texture": "#prismarine_dark_unwrap6" },
        "up":    { "uv": [ 0.5, 14.5, 5, 15 ], "texture": "#prismarine_dark_unwrap6" },
        "north": { "uv": [ 5, 14.5, 0.5, 16 ], "texture": "#prismarine_dark_unwrap6" },
        "south": { "uv": [ 0.5, 14.5, 5, 16 ], "texture": "#prismarine_dark_unwrap6" },
        "west":  { "uv": [ 1.5, 14.5, 8, 16 ], "texture": "#prismarine_dark_unwrap7" },
        "east":  { "uv": [ 8, 14.5, 1.5, 16 ], "texture": "#prismarine_dark_unwrap7" }
    }
},
{
    "__comment": "foot",
    "from": [ -4.24, -5.84, 0.08 ],
    "to": [ 0.8, -5.12, 8 ],
    "faces": {
        "up":    { "uv": [ 1, 14, 4.5, 14.5 ], "texture": "#prismarine_dark_unwrap6" },
        "north": { "uv": [ 4.5, 14, 1, 14.5 ], "texture": "#prismarine_dark_unwrap6" },
        "south": { "uv": [ 1, 14, 4.5, 14.5 ], "texture": "#prismarine_dark_unwrap6" },
        "west":  { "uv": [ 2, 14, 7.5, 14.5 ], "texture": "#prismarine_dark_unwrap7" },
        "east":  { "uv": [ 7.5, 14, 2, 14.5 ], "texture": "#prismarine_dark_unwrap7" }
    }
},
{
    "__comment": "foot",
    "from": [ -4.24, -5.12, 0.8 ],
    "to": [ 0.8, -4.4, 7.28 ],
    "faces": {
        "up":    { "uv": [ 1, 13.5, 4.5, 14 ], "texture": "#prismarine_dark_unwrap6" },
        "north": { "uv": [ 4.5, 13.5, 1, 14 ], "texture": "#prismarine_dark_unwrap6" },
        "south": { "uv": [ 1, 13.5, 4.5, 14 ], "texture": "#prismarine_dark_unwrap6" },
        "west":  { "uv": [ 2.5, 13.5, 7, 14 ], "texture": "#prismarine_dark_unwrap7" },
        "east":  { "uv": [ 7, 13.5, 2.5, 14 ], "texture": "#prismarine_dark_unwrap7" }
    }
},
{
    "__comment": "foot",
    "from": [ -3.52, -4.4, 1.52 ],
    "to": [ 0.08, -2.96, 6.56 ],
    "faces": {
        "up":    { "uv": [ 1.5, 12.5, 4, 13 ], "texture": "#prismarine_dark_unwrap6" },
        "north": { "uv": [ 4, 12.5, 1.5, 13.5 ], "texture": "#prismarine_dark_unwrap6" },
        "south": { "uv": [ 1.5, 12.5, 4, 13.5 ], "texture": "#prismarine_dark_unwrap6" },
        "west":  { "uv": [ 3, 12.5, 6.5, 13.5 ], "texture": "#prismarine_dark_unwrap7" },
        "east":  { "uv": [ 6.5, 12.5, 3, 13.5 ], "texture": "#prismarine_dark_unwrap7" }
    }
},
{
    "__comment": "foot",
    "from": [ -3.52, -2.96, 1.52 ],
    "to": [ 0.08, -2.24, 2.96 ],
    "faces": {
        "up":    { "uv": [ 3, 12, 4, 12.5 ], "rotation": 90, "texture": "#prismarine_dark_unwrap7" },
        "north": { "uv": [ 4, 12, 1.5, 12.5 ], "texture": "#prismarine_dark_unwrap6" },
        "south": { "uv": [ 3.5, 12, 4, 12.5 ], "texture": "#prismarine_dark_unwrap7" },
        "west":  { "uv": [ 3, 12, 4, 12.5 ], "texture": "#prismarine_dark_unwrap7" },
        "east":  { "uv": [ 4, 12, 3, 12.5 ], "texture": "#prismarine_dark_unwrap7" }
    }
},
{
    "__comment": "foot",
    "from": [ -3.52, -2.96, 5.12 ],
    "to": [ 0.08, -2.24, 6.56 ],
    "faces": {
        "up":    { "uv": [ 5.5, 12, 6.5, 12.5 ], "rotation": 90, "texture": "#prismarine_dark_unwrap7" },
        "north": { "uv": [ 6, 12, 5.5, 12.5 ], "texture": "#prismarine_dark_unwrap7" },
        "south": { "uv": [ 1.5, 12, 4, 12.5 ], "texture": "#prismarine_dark_unwrap6" },
        "west":  { "uv": [ 5.5, 12, 6.5, 12.5 ], "texture": "#prismarine_dark_unwrap7" },
        "east":  { "uv": [ 6.5, 12, 5.5, 12.5 ], "texture": "#prismarine_dark_unwrap7" }
    }
},
{
    "__comment": "foot*",
    "from": [ 14.48, -8, -0.64 ],
    "to": [ 20.96, -5.84, 8.72 ],
    "faces": {
        "down":  { "uv": [ 10.5, 16, 6, 15.5 ], "texture": "#prismarine_dark_unwrap6" },
        "up":    { "uv": [ 6, 14.5, 10.5, 15 ], "texture": "#prismarine_dark_unwrap6" },
        "north": { "uv": [ 10.5, 14.5, 6, 16 ], "texture": "#prismarine_dark_unwrap6" },
        "south": { "uv": [ 6, 14.5, 10.5, 16 ], "texture": "#prismarine_dark_unwrap6" },
        "west":  { "uv": [ 1.5, 14.5, 8, 16 ], "texture": "#prismarine_dark_unwrap7" },
        "east":  { "uv": [ 8, 14.5, 1.5, 16 ], "texture": "#prismarine_dark_unwrap7" }
    }
},
{
    "__comment": "foot*",
    "from": [ 15.2, -5.84, 0.08 ],
    "to": [ 20.24, -5.12, 8 ],
    "faces": {
        "up":    { "uv": [ 6.5, 14, 10, 14.5 ], "texture": "#prismarine_dark_unwrap6" },
        "north": { "uv": [ 10, 14, 6.5, 14.5 ], "texture": "#prismarine_dark_unwrap6" },
        "south": { "uv": [ 6.5, 14, 10, 14.5 ], "texture": "#prismarine_dark_unwrap6" },
        "west":  { "uv": [ 2, 14, 7.5, 14.5 ], "texture": "#prismarine_dark_unwrap7" },
        "east":  { "uv": [ 7.5, 14, 2, 14.5 ], "texture": "#prismarine_dark_unwrap7" }
    }
},
{
    "__comment": "foot*",
    "from": [ 15.2, -5.12, 0.8 ],
    "to": [ 20.24, -4.4, 7.28 ],
    "faces": {
        "up":    { "uv": [ 6.5, 13.5, 10, 14 ], "texture": "#prismarine_dark_unwrap6" },
        "north": { "uv": [ 10, 13.5, 6.5, 14 ], "texture": "#prismarine_dark_unwrap6" },
        "south": { "uv": [ 6.5, 13.5, 10, 14 ], "texture": "#prismarine_dark_unwrap6" },
        "west":  { "uv": [ 2.5, 13.5, 7, 14 ], "texture": "#prismarine_dark_unwrap7" },
        "east":  { "uv": [ 7, 13.5, 2.5, 14 ], "texture": "#prismarine_dark_unwrap7" }
    }
},
{
    "__comment": "foot*",
    "from": [ 15.92, -4.4, 1.52 ],
    "to": [ 19.52, -2.96, 6.56 ],
    "faces": {
        "up":    { "uv": [ 7, 12.5, 9.5, 13 ], "texture": "#prismarine_dark_unwrap6" },
        "north": { "uv": [ 9.5, 12.5, 7, 13.5 ], "texture": "#prismarine_dark_unwrap6" },
        "south": { "uv": [ 7, 12.5, 9.5, 13.5 ], "texture": "#prismarine_dark_unwrap6" },
        "west":  { "uv": [ 3, 12.5, 6.5, 13.5 ], "texture": "#prismarine_dark_unwrap7" },
        "east":  { "uv": [ 6.5, 12.5, 3, 13.5 ], "texture": "#prismarine_dark_unwrap7" }
    }
},
{
    "__comment": "foot*",
    "from": [ 15.92, -2.96, 5.12 ],
    "to": [ 19.52, -2.24, 6.56 ],
    "faces": {
        "up":    { "uv": [ 5.5, 12, 6.5, 12.5 ], "rotation": 90, "texture": "#prismarine_dark_unwrap7" },
        "north": { "uv": [ 6, 12, 5.5, 12.5 ], "texture": "#prismarine_dark_unwrap7" },
        "south": { "uv": [ 7, 12, 9.5, 12.5 ], "texture": "#prismarine_dark_unwrap6" },
        "west":  { "uv": [ 5.5, 12, 6.5, 12.5 ], "texture": "#prismarine_dark_unwrap7" },
        "east":  { "uv": [ 6.5, 12, 5.5, 12.5 ], "texture": "#prismarine_dark_unwrap7" }
    }
},
{
    "__comment": "foot*",
    "from": [ 15.92, -2.96, 1.52 ],
    "to": [ 19.52, -2.24, 2.96 ],
    "faces": {
        "up":    { "uv": [ 3, 12, 4, 12.5 ], "rotation": 90, "texture": "#prismarine_dark_unwrap7" },
        "north": { "uv": [ 9.5, 12, 7, 12.5 ], "texture": "#prismarine_dark_unwrap6" },
        "south": { "uv": [ 3.5, 12, 4, 12.5 ], "texture": "#prismarine_dark_unwrap7" },
        "west":  { "uv": [ 3, 12, 4, 12.5 ], "texture": "#prismarine_dark_unwrap7" },
        "east":  { "uv": [ 4, 12, 3, 12.5 ], "texture": "#prismarine_dark_unwrap7" }
    }
},
{
    "from": [ 6.92, -4.13, 11.78 ],
    "to": [ 9.08, -1.97, 13.94 ],
    "rotation": { "origin": [ 6.92, -1.97, 11.78 ], "axis": "x", "angle": -22.5 },
    "faces": {
        "north": { "uv": [ 14, 4, 12.5, 5.5 ], "texture": "#prismarine_dark_unwrap6" },
        "south": { "uv": [ 12.5, 4, 14, 5.5 ], "texture": "#prismarine_dark_unwrap6" },
        "west":  { "uv": [ 12.5, 4, 14, 5.5 ], "texture": "#prismarine_dark_unwrap6" },
        "east":  { "uv": [ 14, 4, 12.5, 5.5 ], "texture": "#prismarine_dark_unwrap6" }
    }
},
{
    "__comment": "foot*",
    "from": [ 4.76, -8, 8.72 ],
    "to": [ 11.24, -5.84, 18.08 ],
    "faces": {
        "down":  { "uv": [ 10.5, 16, 6, 15.5 ], "texture": "#prismarine_dark_unwrap6" },
        "up":    { "uv": [ 6, 14.5, 10.5, 15 ], "texture": "#prismarine_dark_unwrap6" },
        "north": { "uv": [ 10.5, 14.5, 6, 16 ], "texture": "#prismarine_dark_unwrap6" },
        "south": { "uv": [ 6, 14.5, 10.5, 16 ], "texture": "#prismarine_dark_unwrap6" },
        "west":  { "uv": [ 1.5, 14.5, 8, 16 ], "texture": "#prismarine_dark_unwrap7" },
        "east":  { "uv": [ 8, 14.5, 1.5, 16 ], "texture": "#prismarine_dark_unwrap7" }
    }
},
{
    "__comment": "foot*",
    "from": [ 5.48, -5.84, 9.44 ],
    "to": [ 10.52, -5.12, 17.36 ],
    "faces": {
        "up":    { "uv": [ 6.5, 14, 10, 14.5 ], "texture": "#prismarine_dark_unwrap6" },
        "north": { "uv": [ 10, 14, 6.5, 14.5 ], "texture": "#prismarine_dark_unwrap6" },
        "south": { "uv": [ 6.5, 14, 10, 14.5 ], "texture": "#prismarine_dark_unwrap6" },
        "west":  { "uv": [ 2, 14, 7.5, 14.5 ], "texture": "#prismarine_dark_unwrap7" },
        "east":  { "uv": [ 7.5, 14, 2, 14.5 ], "texture": "#prismarine_dark_unwrap7" }
    }
},
{
    "__comment": "foot*",
    "from": [ 5.48, -5.12, 10.16 ],
    "to": [ 10.52, -4.4, 16.64 ],
    "faces": {
        "up":    { "uv": [ 6.5, 13.5, 10, 14 ], "texture": "#prismarine_dark_unwrap6" },
        "north": { "uv": [ 10, 13.5, 6.5, 14 ], "texture": "#prismarine_dark_unwrap6" },
        "south": { "uv": [ 6.5, 13.5, 10, 14 ], "texture": "#prismarine_dark_unwrap6" },
        "west":  { "uv": [ 2.5, 13.5, 7, 14 ], "texture": "#prismarine_dark_unwrap7" },
        "east":  { "uv": [ 7, 13.5, 2.5, 14 ], "texture": "#prismarine_dark_unwrap7" }
    }
},
{
    "__comment": "foot*",
    "from": [ 6.2, -4.4, 10.88 ],
    "to": [ 9.8, -2.96, 15.92 ],
    "faces": {
        "north": { "uv": [ 9.5, 12.5, 7, 13.5 ], "texture": "#prismarine_dark_unwrap6" },
        "south": { "uv": [ 7, 12.5, 9.5, 13.5 ], "texture": "#prismarine_dark_unwrap6" },
        "west":  { "uv": [ 3, 12.5, 6.5, 13.5 ], "texture": "#prismarine_dark_unwrap7" },
        "east":  { "uv": [ 6.5, 12.5, 3, 13.5 ], "texture": "#prismarine_dark_unwrap7" }
    }
},
{
    "__comment": "foot*",
    "from": [ 6.2, -2.96, 14.48 ],
    "to": [ 9.8, -2.24, 15.92 ],
    "faces": {
        "up":    { "uv": [ 5.5, 12, 6.5, 12.5 ], "rotation": 90, "texture": "#prismarine_dark_unwrap7" },
        "north": { "uv": [ 6, 12, 5.5, 12.5 ], "texture": "#prismarine_dark_unwrap7" },
        "south": { "uv": [ 7, 12, 9.5, 12.5 ], "texture": "#prismarine_dark_unwrap6" },
        "west":  { "uv": [ 5.5, 12, 6.5, 12.5 ], "texture": "#prismarine_dark_unwrap7" },
        "east":  { "uv": [ 6.5, 12, 5.5, 12.5 ], "texture": "#prismarine_dark_unwrap7" }
    }
},
{
    "__comment": "foot*",
    "from": [ 6.2, -2.96, 10.88 ],
    "to": [ 9.8, -2.24, 12.32 ],
    "faces": {
        "up":    { "uv": [ 3, 12, 4, 12.5 ], "rotation": 90, "texture": "#prismarine_dark_unwrap7" },
        "north": { "uv": [ 9.5, 12, 7, 12.5 ], "texture": "#prismarine_dark_unwrap6" },
        "south": { "uv": [ 3.5, 12, 4, 12.5 ], "texture": "#prismarine_dark_unwrap7" },
        "west":  { "uv": [ 3, 12, 4, 12.5 ], "texture": "#prismarine_dark_unwrap7" },
        "east":  { "uv": [ 4, 12, 3, 12.5 ], "texture": "#prismarine_dark_unwrap7" }
    }
}
],
"display": {
    "head": {
        "rotation": [ 0, 180, 0 ],
        "translation": [ 0, -17.6, 0 ],
        "scale": [ 1.7, 1.7, 1.7 ]
    },
    "fixed": {
        "rotation": [ 0, 180, 0 ],
        "translation": [ 0, -0.5, -3.02 ],
        "scale": [ 0.6, 0.6, 0.6 ]
    },
    "gui": {
        "rotation": [ 0, 0, 0 ],
        "translation": [ 0, 0.5, 0 ],
        "scale": [ 0.5, 0.5, 0.5 ]
    }
}
}
