{
	"credit": "designed_by_hypixel_minecraft_server_with_bdcraft_cubik_pro_0.92_beta_-_http://bdcraft.net",
	"textures": {
		"texture": "item/iron_sword",
		"blade": "item/blade_green"
	},
	"elements": [
		{
			"from": [7.5, -11, 7],
			"to": [8.5, 0, 9],
			"faces": {
				"north": {"uv": [8.5, 2.5, 7.5, 13.5], "texture": "#texture"},
				"east": {"uv": [8, 2.5, 8.5, 13.5], "texture": "#texture"},
				"south": {"uv": [7.5, 2.5, 8.5, 13.5], "texture": "#texture"},
				"west": {"uv": [7.5, 2.5, 8, 13.5], "texture": "#texture"},
				"up": {"uv": [7.5, 2.5, 8.5, 3], "texture": "#texture"},
				"down": {"uv": [7.5, 13, 8.5, 13.5], "texture": "#texture"}
			}
		},
		{
			"from": [7, -11, 7.5],
			"to": [9, 0, 8.5],
			"faces": {
				"north": {"uv": [9, 2.5, 7, 13.5], "texture": "#texture"},
				"east": {"uv": [8.5, 2.5, 9, 13.5], "texture": "#texture"},
				"south": {"uv": [7, 2.5, 9, 13.5], "texture": "#texture"},
				"west": {"uv": [7, 2.5, 7.5, 13.5], "texture": "#texture"},
				"up": {"uv": [7, 2.5, 9, 3], "texture": "#texture"},
				"down": {"uv": [7, 13, 9, 13.5], "texture": "#texture"}
			}
		},
		{
			"from": [7.25, -11, 7.25],
			"to": [8.75, 0, 8.75],
			"faces": {
				"north": {"uv": [8.75, 2.5, 7.25, 13.5], "texture": "#texture"},
				"east": {"uv": [8.5, 2.5, 9, 13.5], "texture": "#texture"},
				"south": {"uv": [7.25, 2.5, 8.75, 13.5], "texture": "#texture"},
				"west": {"uv": [7, 2.5, 7.5, 13.5], "texture": "#texture"},
				"up": {"uv": [7.25, 2.5, 8.75, 3], "texture": "#texture"},
				"down": {"uv": [7.25, 13, 8.75, 13.5], "texture": "#texture"}
			}
		},
		{
			"from": [6.5, -5, 7.75],
			"to": [7, -3.5, 8.25],
			"faces": {
				"north": {"uv": [6.5, 6, 7, 7.5], "texture": "#texture"},
				"south": {"uv": [6.5, 6, 7, 7.5], "texture": "#texture"},
				"west": {"uv": [6.5, 6, 7, 7.5], "texture": "#texture"},
				"up": {"uv": [6.5, 6, 7, 6.5], "texture": "#texture"},
				"down": {"uv": [6.5, 7, 7, 7.5], "texture": "#texture"}
			}
		},
		{
			"from": [6.75, -4.75, 8.25],
			"to": [7.25, -3.75, 8.75],
			"faces": {
				"north": {"uv": [6.5, 6.25, 7, 7.25], "texture": "#texture"},
				"south": {"uv": [6.5, 6.25, 7, 7.25], "texture": "#texture"},
				"west": {"uv": [6.5, 6.25, 7, 7.25], "texture": "#texture"},
				"up": {"uv": [6.5, 6, 7, 6.5], "texture": "#texture"},
				"down": {"uv": [7, 7.5, 6.5, 7], "texture": "#texture"}
			}
		},
		{
			"from": [9, -9, 7.75],
			"to": [9.5, -8, 8.25],
			"faces": {
				"north": {"uv": [9, 10.5, 9.5, 11.5], "texture": "#texture"},
				"east": {"uv": [9, 10.5, 9.5, 11.5], "texture": "#texture"},
				"south": {"uv": [9, 10.5, 9.5, 11.5], "texture": "#texture"},
				"up": {"uv": [9, 10.5, 9.5, 11], "texture": "#texture"},
				"down": {"uv": [9, 10.5, 9.5, 11], "texture": "#texture"}
			}
		},
		{
			"from": [6.75, -4.75, 7.25],
			"to": [7.25, -3.75, 7.75],
			"faces": {
				"north": {"uv": [6.5, 6.25, 7, 7.25], "texture": "#texture"},
				"south": {"uv": [6.5, 6.25, 7, 7.25], "texture": "#texture"},
				"west": {"uv": [6.5, 6.25, 7, 7.25], "texture": "#texture"},
				"up": {"uv": [6.5, 6, 7, 6.5], "texture": "#texture"},
				"down": {"uv": [7, 7.5, 6.5, 7], "texture": "#texture"}
			}
		},
		{
			"from": [8.75, -9, 8.25],
			"to": [9.25, -8, 8.75],
			"faces": {
				"north": {"uv": [9, 10.5, 9.5, 11.5], "texture": "#texture"},
				"east": {"uv": [9, 10.5, 9.5, 11.5], "texture": "#texture"},
				"south": {"uv": [9, 10.5, 9.5, 11.5], "texture": "#texture"},
				"up": {"uv": [9, 10.5, 9.5, 11], "texture": "#texture"},
				"down": {"uv": [9, 10.5, 9.5, 11], "texture": "#texture"}
			}
		},
		{
			"from": [8.75, -9, 7.25],
			"to": [9.25, -8, 7.75],
			"faces": {
				"north": {"uv": [9, 10.5, 9.5, 11.5], "texture": "#texture"},
				"east": {"uv": [9, 10.5, 9.5, 11.5], "texture": "#texture"},
				"south": {"uv": [9, 10.5, 9.5, 11.5], "texture": "#texture"},
				"up": {"uv": [9, 10.5, 9.5, 11], "texture": "#texture"},
				"down": {"uv": [9, 10.5, 9.5, 11], "texture": "#texture"}
			}
		},
		{
			"from": [7.5, 0, 7.5],
			"to": [8.5, 23, 8.5],
			"faces": {
				"north": {"uv": [0, 3.75, 0.5, 16], "texture": "#blade"},
				"east": {"uv": [0, 3.75, 0.5, 16], "texture": "#blade"},
				"south": {"uv": [0, 3.75, 0.5, 16], "texture": "#blade"},
				"west": {"uv": [0, 3.75, 0.5, 16], "texture": "#blade"},
				"up": {"uv": [0, 6.75, 0.5, 7.25], "texture": "#blade"},
				"down": {"uv": [0, 6.75, 0.5, 7.25], "texture": "#blade"}
			}
		},
		{
			"from": [8.5, 0, 7.5],
			"to": [9, 23, 8.5],
			"faces": {
				"north": {"uv": [2.25, 3.75, 2.5, 16], "texture": "#blade"},
				"east": {"uv": [2.25, 3.75, 2.5, 16], "texture": "#blade"},
				"south": {"uv": [2.25, 3.75, 2.5, 16], "texture": "#blade"},
				"west": {"uv": [2.25, 3.75, 2.5, 16], "texture": "#blade"},
				"up": {"uv": [2.25, 3.75, 2.75, 4.25], "texture": "#blade"},
				"down": {"uv": [2.25, 3.75, 2.75, 4.25], "texture": "#blade"}
			}
		},
		{
			"from": [7.5, 0, 7],
			"to": [8.5, 23, 7.5],
			"faces": {
				"north": {"uv": [2.25, 3.75, 2.5, 16], "texture": "#blade"},
				"east": {"uv": [2.25, 3.75, 2.5, 16], "texture": "#blade"},
				"south": {"uv": [2.25, 3.75, 2.5, 16], "texture": "#blade"},
				"west": {"uv": [2.25, 3.75, 2.5, 16], "texture": "#blade"},
				"up": {"uv": [2.25, 3.75, 2.75, 4.25], "texture": "#blade"},
				"down": {"uv": [2.25, 3.75, 2.75, 4.25], "texture": "#blade"}
			}
		},
		{
			"from": [7.5, 0, 8.5],
			"to": [8.5, 23, 9],
			"faces": {
				"north": {"uv": [2.25, 3.75, 2.5, 16], "texture": "#blade"},
				"east": {"uv": [2.25, 3.75, 2.5, 16], "texture": "#blade"},
				"south": {"uv": [2.25, 3.75, 2.5, 16], "texture": "#blade"},
				"west": {"uv": [2.25, 3.75, 2.5, 16], "texture": "#blade"},
				"up": {"uv": [2.25, 3.75, 2.75, 4.25], "texture": "#blade"},
				"down": {"uv": [2.25, 3.75, 2.75, 4.25], "texture": "#blade"}
			}
		},
		{
			"from": [7, 0, 7.5],
			"to": [7.5, 23, 8.5],
			"faces": {
				"north": {"uv": [2.25, 3.75, 2.5, 16], "texture": "#blade"},
				"east": {"uv": [2.25, 3.75, 2.5, 16], "texture": "#blade"},
				"south": {"uv": [2.25, 3.75, 2.5, 16], "texture": "#blade"},
				"west": {"uv": [2.25, 3.75, 2.5, 16], "texture": "#blade"},
				"up": {"uv": [2.25, 3.75, 2.75, 4.25], "texture": "#blade"},
				"down": {"uv": [2.25, 3.75, 2.75, 4.25], "texture": "#blade"}
			}
		},
		{
			"from": [7, 0, 7],
			"to": [7.5, 23, 7.5],
			"faces": {
				"north": {"uv": [10.5, 3.75, 10.75, 16], "texture": "#blade"},
				"east": {"uv": [9, 3.75, 9.25, 16], "texture": "#blade"},
				"south": {"uv": [6.75, 3.75, 7, 16], "texture": "#blade"},
				"west": {"uv": [11.25, 3.75, 11.5, 16], "texture": "#blade"},
				"up": {"uv": [6.5, 3.75, 7, 4.25], "texture": "#blade"},
				"down": {"uv": [6.5, 3.75, 7, 4.25], "texture": "#blade"}
			}
		},
		{
			"from": [8.5, 0, 7],
			"to": [9, 23, 7.5],
			"faces": {
				"north": {"uv": [9.75, 3.75, 10, 16], "texture": "#blade"},
				"east": {"uv": [9, 3.75, 9.25, 16], "texture": "#blade"},
				"south": {"uv": [7.5, 3.75, 7.75, 16], "texture": "#blade"},
				"west": {"uv": [11.25, 3.75, 11.5, 16], "texture": "#blade"},
				"up": {"uv": [6.5, 3.75, 7, 4.25], "texture": "#blade"},
				"down": {"uv": [6.5, 3.75, 7, 4.25], "texture": "#blade"}
			}
		},
		{
			"from": [8.5, 0, 8.5],
			"to": [9, 23, 9],
			"faces": {
				"north": {"uv": [9.75, 3.75, 10, 16], "texture": "#blade"},
				"east": {"uv": [8.25, 3.75, 8.5, 16], "texture": "#blade"},
				"south": {"uv": [7.5, 3.75, 7.75, 16], "texture": "#blade"},
				"west": {"uv": [12, 3.75, 12.25, 16], "texture": "#blade"},
				"up": {"uv": [6.5, 3.75, 7, 4.25], "texture": "#blade"},
				"down": {"uv": [6.5, 3.75, 7, 4.25], "texture": "#blade"}
			}
		},
		{
			"from": [7, 0, 8.5],
			"to": [7.5, 23, 9],
			"faces": {
				"north": {"uv": [10.5, 3.75, 10.75, 16], "texture": "#blade"},
				"east": {"uv": [8.25, 3.75, 8.5, 16], "texture": "#blade"},
				"south": {"uv": [6.75, 3.75, 7, 16], "texture": "#blade"},
				"west": {"uv": [12, 3.75, 12.25, 16], "texture": "#blade"},
				"up": {"uv": [6.5, 3.75, 7, 4.25], "texture": "#blade"},
				"down": {"uv": [6.5, 3.75, 7, 4.25], "texture": "#blade"}
			}
		},
		{
			"from": [7.5, 0, 9],
			"to": [8.5, 23, 9.25],
			"faces": {
				"north": {"uv": [10, 3.75, 10.5, 16], "texture": "#blade"},
				"east": {"uv": [8, 3.75, 8.25, 16], "texture": "#blade"},
				"south": {"uv": [7, 3.75, 7.5, 16], "texture": "#blade"},
				"west": {"uv": [12.25, 3.75, 12.5, 16], "texture": "#blade"},
				"up": {"uv": [6.5, 3.75, 7, 4.25], "texture": "#blade"},
				"down": {"uv": [6.5, 3.75, 7, 4.25], "texture": "#blade"}
			}
		},
		{
			"from": [7.5, 0, 6.75],
			"to": [8.5, 23, 7],
			"faces": {
				"north": {"uv": [10, 3.75, 10.5, 16], "texture": "#blade"},
				"east": {"uv": [9.25, 3.75, 9.5, 16], "texture": "#blade"},
				"south": {"uv": [7, 3.75, 7.5, 16], "texture": "#blade"},
				"west": {"uv": [11, 3.75, 11.25, 16], "texture": "#blade"},
				"up": {"uv": [6.5, 3.75, 7, 4.25], "texture": "#blade"},
				"down": {"uv": [6.5, 3.75, 7, 4.25], "texture": "#blade"}
			}
		},
		{
			"from": [6.75, 0, 7.5],
			"to": [7, 23, 8.5],
			"faces": {
				"north": {"uv": [10.75, 3.75, 11, 16], "texture": "#blade"},
				"east": {"uv": [8.5, 3.75, 9, 16], "texture": "#blade"},
				"south": {"uv": [6.5, 3.75, 6.75, 16], "texture": "#blade"},
				"west": {"uv": [11.5, 3.75, 12, 16], "texture": "#blade"},
				"up": {"uv": [6.5, 3.75, 7, 4.25], "texture": "#blade"},
				"down": {"uv": [6.5, 3.75, 7, 4.25], "texture": "#blade"}
			}
		},
		{
			"from": [9, 0, 7.5],
			"to": [9.25, 23, 8.5],
			"faces": {
				"north": {"uv": [9.5, 3.75, 9.75, 16], "texture": "#blade"},
				"east": {"uv": [8.5, 3.75, 9, 16], "texture": "#blade"},
				"south": {"uv": [7.75, 3.75, 8, 16], "texture": "#blade"},
				"west": {"uv": [11.5, 3.75, 12, 16], "texture": "#blade"},
				"up": {"uv": [6.5, 3.75, 7, 4.25], "texture": "#blade"},
				"down": {"uv": [6.5, 3.75, 7, 4.25], "texture": "#blade"}
			}
		},
		{
			"from": [7, 0, 7.5],
			"to": [7.5, 23, 8.5],
			"faces": {
				"north": {"uv": [2.25, 3.75, 2.5, 16], "texture": "#blade"},
				"east": {"uv": [2.25, 3.75, 2.5, 16], "texture": "#blade"},
				"south": {"uv": [2.25, 3.75, 2.5, 16], "texture": "#blade"},
				"west": {"uv": [2.25, 3.75, 2.5, 16], "texture": "#blade"},
				"up": {"uv": [2.25, 3.75, 2.75, 4.25], "texture": "#blade"},
				"down": {"uv": [2.25, 3.75, 2.75, 4.25], "texture": "#blade"}
			}
		},
		{
			"from": [7.5, 0, 7],
			"to": [8.5, 23, 7.5],
			"faces": {
				"north": {"uv": [2.25, 3.75, 2.5, 16], "texture": "#blade"},
				"east": {"uv": [2.25, 3.75, 2.5, 16], "texture": "#blade"},
				"south": {"uv": [2.25, 3.75, 2.5, 16], "texture": "#blade"},
				"west": {"uv": [2.25, 3.75, 2.5, 16], "texture": "#blade"},
				"up": {"uv": [2.25, 3.75, 2.75, 4.25], "texture": "#blade"},
				"down": {"uv": [2.25, 3.75, 2.75, 4.25], "texture": "#blade"}
			}
		},
		{
			"from": [8.5, 0, 7.5],
			"to": [9, 23, 8.5],
			"faces": {
				"north": {"uv": [2.25, 3.75, 2.5, 16], "texture": "#blade"},
				"east": {"uv": [2.25, 3.75, 2.5, 16], "texture": "#blade"},
				"south": {"uv": [2.25, 3.75, 2.5, 16], "texture": "#blade"},
				"west": {"uv": [2.25, 3.75, 2.5, 16], "texture": "#blade"},
				"up": {"uv": [2.25, 3.75, 2.75, 4.25], "texture": "#blade"},
				"down": {"uv": [2.25, 3.75, 2.75, 4.25], "texture": "#blade"}
			}
		},
		{
			"from": [7.5, 0, 8.5],
			"to": [8.5, 23, 9],
			"faces": {
				"north": {"uv": [2.25, 3.75, 2.5, 16], "texture": "#blade"},
				"east": {"uv": [2.25, 3.75, 2.5, 16], "texture": "#blade"},
				"south": {"uv": [2.25, 3.75, 2.5, 16], "texture": "#blade"},
				"west": {"uv": [2.25, 3.75, 2.5, 16], "texture": "#blade"},
				"up": {"uv": [2.25, 3.75, 2.75, 4.25], "texture": "#blade"},
				"down": {"uv": [2.25, 3.75, 2.75, 4.25], "texture": "#blade"}
			}
		},
		{
			"from": [7.5, 0, 7.5],
			"to": [8.5, 23, 8.5],
			"faces": {
				"north": {"uv": [0, 3.75, 0.5, 16], "texture": "#blade"},
				"east": {"uv": [0, 3.75, 0.5, 16], "texture": "#blade"},
				"south": {"uv": [0, 3.75, 0.5, 16], "texture": "#blade"},
				"west": {"uv": [0, 3.75, 0.5, 16], "texture": "#blade"},
				"up": {"uv": [0, 6.75, 0.5, 7.25], "texture": "#blade"},
				"down": {"uv": [0, 6.75, 0.5, 7.25], "texture": "#blade"}
			}
		},
		{
			"from": [7, 23, 7.5],
			"to": [7.5, 23.5, 8.5],
			"faces": {
				"north": {"uv": [10.5, 3.75, 10.75, 4], "texture": "#blade"},
				"east": {"uv": [9, 3.75, 9.25, 4], "texture": "#blade"},
				"south": {"uv": [6.75, 3.75, 7, 4], "texture": "#blade"},
				"west": {"uv": [11.25, 3.75, 11.5, 4], "texture": "#blade"},
				"up": {"uv": [6.5, 3.75, 7, 4.25], "texture": "#blade"},
				"down": {"uv": [6.5, 3.75, 7, 4.25], "texture": "#blade"}
			}
		},
		{
			"from": [7.5, 23, 7],
			"to": [8.5, 23.5, 7.5],
			"faces": {
				"north": {"uv": [10.5, 3.75, 10.75, 4], "texture": "#blade"},
				"east": {"uv": [9, 3.75, 9.25, 4], "texture": "#blade"},
				"south": {"uv": [6.75, 3.75, 7, 4], "texture": "#blade"},
				"west": {"uv": [11.25, 3.75, 11.5, 4], "texture": "#blade"},
				"up": {"uv": [6.5, 3.75, 7, 4.25], "texture": "#blade"},
				"down": {"uv": [6.5, 3.75, 7, 4.25], "texture": "#blade"}
			}
		},
		{
			"from": [8.5, 23, 7.5],
			"to": [9, 23.5, 8.5],
			"faces": {
				"north": {"uv": [10.5, 3.75, 10.75, 4], "texture": "#blade"},
				"east": {"uv": [9, 3.75, 9.25, 4], "texture": "#blade"},
				"south": {"uv": [6.75, 3.75, 7, 4], "texture": "#blade"},
				"west": {"uv": [11.25, 3.75, 11.5, 4], "texture": "#blade"},
				"up": {"uv": [6.5, 3.75, 7, 4.25], "texture": "#blade"},
				"down": {"uv": [6.5, 3.75, 7, 4.25], "texture": "#blade"}
			}
		},
		{
			"from": [7.5, 23, 8.5],
			"to": [8.5, 23.5, 9],
			"faces": {
				"north": {"uv": [10.5, 3.75, 10.75, 4], "texture": "#blade"},
				"east": {"uv": [9, 3.75, 9.25, 4], "texture": "#blade"},
				"south": {"uv": [6.75, 3.75, 7, 4], "texture": "#blade"},
				"west": {"uv": [11.25, 3.75, 11.5, 4], "texture": "#blade"},
				"up": {"uv": [6.5, 3.75, 7, 4.25], "texture": "#blade"},
				"down": {"uv": [6.5, 3.75, 7, 4.25], "texture": "#blade"}
			}
		},
		{
			"from": [7.5, 23, 7.5],
			"to": [8.5, 24, 8.5],
			"faces": {
				"north": {"uv": [10.5, 3.75, 10.75, 4], "texture": "#blade"},
				"east": {"uv": [9, 3.75, 9.25, 4], "texture": "#blade"},
				"south": {"uv": [6.75, 3.75, 7, 4], "texture": "#blade"},
				"west": {"uv": [11.25, 3.75, 11.5, 4], "texture": "#blade"},
				"up": {"uv": [6.5, 3.75, 7, 4.25], "texture": "#blade"},
				"down": {"uv": [6.5, 3.75, 7, 4.25], "texture": "#blade"}
			}
		},
		{
			"from": [7.5, 0, 7.5],
			"to": [8.5, 23, 8.5],
			"faces": {
				"north": {"uv": [0, 3.75, 0.5, 16], "texture": "#blade"},
				"east": {"uv": [0, 3.75, 0.5, 16], "texture": "#blade"},
				"south": {"uv": [0, 3.75, 0.5, 16], "texture": "#blade"},
				"west": {"uv": [0, 3.75, 0.5, 16], "texture": "#blade"},
				"up": {"uv": [0, 6.75, 0.5, 7.25], "texture": "#blade"},
				"down": {"uv": [0, 6.75, 0.5, 7.25], "texture": "#blade"}
			}
		},
		{
			"from": [7.5, 0, 7.5],
			"to": [8.5, 23, 8.5],
			"faces": {
				"north": {"uv": [0, 3.75, 0.5, 16], "texture": "#blade"},
				"east": {"uv": [0, 3.75, 0.5, 16], "texture": "#blade"},
				"south": {"uv": [0, 3.75, 0.5, 16], "texture": "#blade"},
				"west": {"uv": [0, 3.75, 0.5, 16], "texture": "#blade"},
				"up": {"uv": [0, 6.75, 0.5, 7.25], "texture": "#blade"},
				"down": {"uv": [0, 6.75, 0.5, 7.25], "texture": "#blade"}
			}
		},
		{
			"from": [7.5, 0, 7.5],
			"to": [8.5, 23, 8.5],
			"faces": {
				"north": {"uv": [0, 3.75, 0.5, 16], "texture": "#blade"},
				"east": {"uv": [0, 3.75, 0.5, 16], "texture": "#blade"},
				"south": {"uv": [0, 3.75, 0.5, 16], "texture": "#blade"},
				"west": {"uv": [0, 3.75, 0.5, 16], "texture": "#blade"},
				"up": {"uv": [0, 6.75, 0.5, 7.25], "texture": "#blade"},
				"down": {"uv": [0, 6.75, 0.5, 7.25], "texture": "#blade"}
			}
		}
	],
	"display": {
		"thirdperson_righthand": {
			"translation": [0, 9.64, 0.94]
		},
		"firstperson_righthand": {
			"rotation": [-21, -43, -14],
			"translation": [5.48, 11.34, -6.05]
		},
		"gui": {
			"rotation": [0, 0, -45],
			"translation": [0.57, 0.57, 0],
			"scale": [0.45, 0.55, 0.45]
		},
		"head": {
			"translation": [0, 17, 0],
			"scale": [2, 2, 2]
		}
	}
}