{
	"credit": "Made with Blockbench",
	"texture_size": [32, 32],
	"textures": {
		"0": "block/ma4thing",
		"1": "block/ma4scope",
		"2": "block/ma4barrel",
		"3": "block/ma4body",
		"4": "block/ma4grip",
		"particle": "block/ma4thing"
	},
	"elements": [
		{
			"from": [6, 12, 27.25],
			"to": [8, 14, 32],
			"faces": {
				"north": {"uv": [5, 2, 7, 4], "texture": "#2"},
				"east": {"uv": [0, 0, 5, 2], "texture": "#2"},
				"south": {"uv": [4, 6, 6, 8], "texture": "#2"},
				"west": {"uv": [0, 2, 5, 4], "texture": "#2"},
				"up": {"uv": [2, 9, 0, 4], "texture": "#2"},
				"down": {"uv": [4, 4, 2, 9], "texture": "#2"}
			}
		},
		{
			"from": [6, 12, 25.25],
			"to": [8, 14, 26],
			"faces": {
				"north": {"uv": [4, 4, 6, 6], "texture": "#2"},
				"east": {"uv": [9, 2, 10, 4], "texture": "#2"},
				"south": {"uv": [5, 0, 7, 2], "texture": "#2"},
				"west": {"uv": [3, 9, 4, 11], "texture": "#2"},
				"up": {"uv": [10, 10, 8, 9], "texture": "#2"},
				"down": {"uv": [2, 10, 0, 11], "texture": "#2"}
			}
		},
		{
			"from": [6.5, 12.5, 25],
			"to": [7.5, 13.5, 27.25],
			"faces": {
				"north": {"uv": [11, 10, 12, 11], "texture": "#2"},
				"east": {"uv": [10, 0, 12, 1], "texture": "#2"},
				"south": {"uv": [11, 11, 12, 12], "texture": "#2"},
				"west": {"uv": [10, 1, 12, 2], "texture": "#2"},
				"up": {"uv": [11, 4, 10, 2], "texture": "#2"},
				"down": {"uv": [5, 10, 4, 12], "texture": "#2"}
			}
		},
		{
			"from": [6.25, 8.25, 22.25],
			"to": [7.75, 9.75, 23.75],
			"faces": {
				"north": {"uv": [6, 4, 8, 6], "texture": "#2"},
				"east": {"uv": [6, 6, 8, 8], "texture": "#2"},
				"south": {"uv": [7, 0, 9, 2], "texture": "#2"},
				"west": {"uv": [7, 2, 9, 4], "texture": "#2"},
				"up": {"uv": [6, 10, 4, 8], "texture": "#2"},
				"down": {"uv": [10, 4, 8, 6], "texture": "#2"}
			}
		},
		{
			"from": [6.5, 8.5, 20.75],
			"to": [7.5, 9.5, 22.75],
			"faces": {
				"north": {"uv": [0, 12, 1, 13], "texture": "#2"},
				"east": {"uv": [10, 7, 12, 8], "texture": "#2"},
				"south": {"uv": [12, 0, 13, 1], "texture": "#2"},
				"west": {"uv": [8, 10, 10, 11], "texture": "#2"},
				"up": {"uv": [11, 10, 10, 8], "texture": "#2"},
				"down": {"uv": [11, 10, 10, 12], "texture": "#2"}
			}
		},
		{
			"from": [6.25, 8.25, 20.85],
			"to": [7.75, 9.75, 21.75],
			"faces": {
				"north": {"uv": [6, 8, 8, 10], "texture": "#2"},
				"east": {"uv": [10, 4, 11, 6], "texture": "#2"},
				"south": {"uv": [8, 6, 10, 8], "texture": "#2"},
				"west": {"uv": [5, 10, 6, 12], "texture": "#2"},
				"up": {"uv": [8, 11, 6, 10], "texture": "#2"},
				"down": {"uv": [12, 6, 10, 7], "texture": "#2"}
			}
		},
		{
			"from": [6.5, 15, 25.05],
			"to": [7.5, 16, 26],
			"rotation": {"angle": 0, "axis": "y", "origin": [0, -1, 2]},
			"faces": {
				"north": {"uv": [0, 11, 1, 12], "texture": "#2"},
				"east": {"uv": [1, 11, 2, 12], "texture": "#2"},
				"south": {"uv": [2, 11, 3, 12], "texture": "#2"},
				"west": {"uv": [11, 2, 12, 3], "texture": "#2"},
				"up": {"uv": [4, 12, 3, 11], "texture": "#2"},
				"down": {"uv": [12, 3, 11, 4], "texture": "#2"}
			}
		},
		{
			"from": [6.75, 15.25, 23.75],
			"to": [7.25, 15.75, 25.75],
			"rotation": {"angle": 0, "axis": "y", "origin": [0, -1, 2]},
			"faces": {
				"north": {"uv": [11, 4, 12, 5], "texture": "#2"},
				"east": {"uv": [8, 8, 10, 9], "texture": "#2"},
				"south": {"uv": [11, 5, 12, 6], "texture": "#2"},
				"west": {"uv": [0, 9, 2, 10], "texture": "#2"},
				"up": {"uv": [10, 2, 9, 0], "texture": "#2"},
				"down": {"uv": [3, 9, 2, 11], "texture": "#2"}
			}
		},
		{
			"from": [6.5, 15, 23.85],
			"to": [7.5, 16, 24.75],
			"rotation": {"angle": 0, "axis": "y", "origin": [0, -1, 2]},
			"faces": {
				"north": {"uv": [6, 11, 7, 12], "texture": "#2"},
				"east": {"uv": [7, 11, 8, 12], "texture": "#2"},
				"south": {"uv": [8, 11, 9, 12], "texture": "#2"},
				"west": {"uv": [11, 8, 12, 9], "texture": "#2"},
				"up": {"uv": [10, 12, 9, 11], "texture": "#2"},
				"down": {"uv": [12, 9, 11, 10], "texture": "#2"}
			}
		},
		{
			"from": [6, 3.5, 27],
			"to": [8, 7, 29],
			"rotation": {"angle": -22.5, "axis": "x", "origin": [0, -1, 2]},
			"faces": {
				"north": {"uv": [8, 6, 10, 10], "texture": "#0"},
				"east": {"uv": [10, 0, 12, 4], "texture": "#0"},
				"south": {"uv": [10, 4, 12, 8], "texture": "#0"},
				"west": {"uv": [8, 10, 10, 14], "texture": "#0"},
				"up": {"uv": [14, 6, 12, 4], "texture": "#0"},
				"down": {"uv": [14, 6, 12, 8], "texture": "#0"}
			}
		},
		{
			"from": [5.9, 14, 13.75],
			"to": [8.1, 17, 18.75],
			"rotation": {"angle": 0, "axis": "x", "origin": [0, -1, 2]},
			"faces": {
				"north": {"uv": [2, 11, 4, 14], "texture": "#0"},
				"east": {"uv": [5, 0, 10, 3], "texture": "#0"},
				"south": {"uv": [4, 11, 6, 14], "texture": "#0"},
				"west": {"uv": [5, 3, 10, 6], "texture": "#0"},
				"up": {"uv": [6, 11, 4, 6], "texture": "#0"},
				"down": {"uv": [8, 6, 6, 11], "texture": "#0"}
			}
		},
		{
			"from": [4.9, 14, 12.5],
			"to": [9.1, 15.25, 13.75],
			"rotation": {"angle": 0, "axis": "x", "origin": [0, -1, 2]},
			"faces": {
				"north": {"uv": [12, 0, 16, 1], "texture": "#0"},
				"east": {"uv": [13, 13, 14, 14], "texture": "#0"},
				"south": {"uv": [12, 1, 16, 2], "texture": "#0"},
				"west": {"uv": [0, 14, 1, 15], "texture": "#0"},
				"up": {"uv": [16, 3, 12, 2], "texture": "#0"},
				"down": {"uv": [16, 3, 12, 4], "texture": "#0"}
			}
		},
		{
			"from": [6.65, 16, 11.75],
			"to": [7.35, 17, 13.75],
			"rotation": {"angle": 0, "axis": "x", "origin": [0, -1, 2]},
			"faces": {
				"north": {"uv": [11, 13, 12, 14], "texture": "#0"},
				"east": {"uv": [13, 8, 15, 9], "texture": "#0"},
				"south": {"uv": [12, 13, 13, 14], "texture": "#0"},
				"west": {"uv": [13, 9, 15, 10], "texture": "#0"},
				"up": {"uv": [11, 15, 10, 13], "texture": "#0"},
				"down": {"uv": [14, 10, 13, 12], "texture": "#0"}
			}
		},
		{
			"from": [5.4, 7.75, -13.5],
			"to": [8.6, 14.25, -11.75],
			"rotation": {"angle": 0, "axis": "x", "origin": [0, 0, 1]},
			"faces": {
				"north": {"uv": [3.5, 9.5, 5, 13], "texture": "#4"},
				"east": {"uv": [7, 9.5, 8, 13], "texture": "#4"},
				"south": {"uv": [9.5, 3.5, 11, 7], "texture": "#4"},
				"west": {"uv": [9.5, 7, 10.5, 10.5], "texture": "#4"},
				"up": {"uv": [13.5, 8, 12, 7], "texture": "#4"},
				"down": {"uv": [13.5, 8, 12, 9], "texture": "#4"}
			}
		},
		{
			"from": [5.9, 14, 19],
			"to": [8.1, 16.75, 24],
			"rotation": {"angle": 0, "axis": "x", "origin": [0, -1, 2]},
			"faces": {
				"north": {"uv": [10, 8, 12, 11], "texture": "#0"},
				"east": {"uv": [0, 0, 5, 3], "texture": "#0"},
				"south": {"uv": [0, 11, 2, 14], "texture": "#0"},
				"west": {"uv": [0, 3, 5, 6], "texture": "#0"},
				"up": {"uv": [2, 11, 0, 6], "texture": "#0"},
				"down": {"uv": [4, 6, 2, 11], "texture": "#0"}
			}
		},
		{
			"from": [6.15, 14.25, 18.75],
			"to": [7.85, 16.5, 19],
			"rotation": {"angle": 0, "axis": "x", "origin": [0, -1, 2]},
			"faces": {
				"north": {"uv": [6, 11, 8, 13], "texture": "#0"},
				"east": {"uv": [12, 8, 13, 10], "texture": "#0"},
				"south": {"uv": [10, 11, 12, 13], "texture": "#0"},
				"west": {"uv": [12, 10, 13, 12], "texture": "#0"},
				"up": {"uv": [14, 13, 12, 12], "texture": "#0"},
				"down": {"uv": [8, 13, 6, 14], "texture": "#0"}
			}
		},
		{
			"name": "Scope1",
			"from": [13.65, 9.7, 8.25],
			"to": [14.1, 13.65, 12.5],
			"rotation": {"angle": 22.5, "axis": "z", "origin": [0, -1, 2]},
			"faces": {
				"north": {"uv": [3, 8, 4, 12], "texture": "#1"},
				"east": {"uv": [0, 0, 4, 4], "texture": "#1"},
				"south": {"uv": [4, 8, 5, 12], "texture": "#1"},
				"west": {"uv": [0, 4, 4, 8], "texture": "#1"},
				"up": {"uv": [9, 8, 8, 4], "texture": "#1"},
				"down": {"uv": [6, 8, 5, 12], "texture": "#1"}
			}
		},
		{
			"name": "Scope2",
			"from": [-1.1, 15, 8.25],
			"to": [-0.65, 19.05, 12.5],
			"rotation": {"angle": -22.5, "axis": "z", "origin": [0, -1, 2]},
			"faces": {
				"north": {"uv": [6, 8, 7, 12], "texture": "#1"},
				"east": {"uv": [4, 0, 8, 4], "texture": "#1"},
				"south": {"uv": [7, 8, 8, 12], "texture": "#1"},
				"west": {"uv": [4, 4, 8, 8], "texture": "#1"},
				"up": {"uv": [9, 12, 8, 8], "texture": "#1"},
				"down": {"uv": [10, 4, 9, 8], "texture": "#1"}
			}
		},
		{
			"name": "ScopeBase",
			"from": [5.4, 14, 8.5],
			"to": [8.6, 14.5, 12.75],
			"rotation": {"angle": 0, "axis": "x", "origin": [0, -1, 2]},
			"faces": {
				"north": {"uv": [10, 6, 13, 7], "texture": "#1"},
				"east": {"uv": [9, 8, 13, 9], "texture": "#1"},
				"south": {"uv": [10, 7, 13, 8], "texture": "#1"},
				"west": {"uv": [9, 9, 13, 10], "texture": "#1"},
				"up": {"uv": [3, 12, 0, 8], "texture": "#1"},
				"down": {"uv": [11, 0, 8, 4], "texture": "#1"}
			}
		},
		{
			"name": "AmmoReader",
			"from": [5.65, 14.5, 8.75],
			"to": [8.35, 15.5, 8.75],
			"rotation": {"angle": 0, "axis": "x", "origin": [0, -1, 2]},
			"faces": {
				"north": {"uv": [10, 4, 13, 5], "texture": "#1"},
				"east": {"uv": [0, 0, 0, 1], "texture": "#1"},
				"south": {"uv": [10, 5, 13, 6], "texture": "#1"},
				"west": {"uv": [0, 0, 0, 1], "texture": "#1"},
				"up": {"uv": [3, 0, 0, 0], "texture": "#1"},
				"down": {"uv": [3, 0, 0, 0], "texture": "#1"}
			}
		},
		{
			"name": "AmmoReader",
			"from": [6.15, 15.5, 8.75],
			"to": [7.95, 16.5, 8.75],
			"rotation": {"angle": 0, "axis": "x", "origin": [0, -1, 2]},
			"faces": {
				"north": {"uv": [11, 3, 13, 4], "texture": "#1"},
				"east": {"uv": [0, 0, 0, 1], "texture": "#1"},
				"south": {"uv": [0, 12, 2, 13], "texture": "#1"},
				"west": {"uv": [0, 0, 0, 1], "texture": "#1"},
				"up": {"uv": [2, 0, 0, 0], "texture": "#1"},
				"down": {"uv": [2, 0, 0, 0], "texture": "#1"}
			}
		},
		{
			"name": "AmmoReader",
			"from": [6.55, 16.5, 8.75],
			"to": [7.55, 17.5, 8.75],
			"rotation": {"angle": 0, "axis": "x", "origin": [0, -1, 2]},
			"faces": {
				"north": {"uv": [12, 2, 13, 3], "texture": "#1"},
				"east": {"uv": [0, 0, 0, 1], "texture": "#1"},
				"south": {"uv": [5, 12, 6, 13], "texture": "#1"},
				"west": {"uv": [0, 0, 0, 1], "texture": "#1"},
				"up": {"uv": [1, 0, 0, 0], "texture": "#1"},
				"down": {"uv": [1, 0, 0, 0], "texture": "#1"}
			}
		},
		{
			"name": "Scope3",
			"from": [13.4, 11.2, 12.5],
			"to": [14.1, 13.65, 13.25],
			"rotation": {"angle": 22.5, "axis": "z", "origin": [0, -1, 2]},
			"faces": {
				"north": {"uv": [12, 0, 13, 2], "texture": "#1"},
				"east": {"uv": [2, 12, 3, 14], "texture": "#1"},
				"south": {"uv": [3, 12, 4, 14], "texture": "#1"},
				"west": {"uv": [4, 12, 5, 14], "texture": "#1"},
				"up": {"uv": [9, 13, 8, 12], "texture": "#1"},
				"down": {"uv": [13, 10, 12, 11], "texture": "#1"}
			}
		},
		{
			"name": "Scope4",
			"from": [-1.1, 16.5, 12.5],
			"to": [-0.4, 19.05, 13.25],
			"rotation": {"angle": -22.5, "axis": "z", "origin": [0, -1, 2]},
			"faces": {
				"north": {"uv": [9, 10, 10, 13], "texture": "#1"},
				"east": {"uv": [10, 10, 11, 13], "texture": "#1"},
				"south": {"uv": [11, 0, 12, 3], "texture": "#1"},
				"west": {"uv": [11, 10, 12, 13], "texture": "#1"},
				"up": {"uv": [7, 13, 6, 12], "texture": "#1"},
				"down": {"uv": [8, 12, 7, 13], "texture": "#1"}
			}
		},
		{
			"from": [5.4, 13.5, 4.25],
			"to": [8.6, 14, 21.75],
			"rotation": {"angle": 0, "axis": "x", "origin": [0, 0, 1]},
			"faces": {
				"north": {"uv": [10, 4.5, 10.75, 4.75], "texture": "#3"},
				"east": {"uv": [7.25, 1, 11.75, 1.25], "texture": "#3"},
				"south": {"uv": [10, 9.5, 10.75, 9.75], "texture": "#3"},
				"west": {"uv": [8.25, 1.25, 12.75, 1.5], "texture": "#3"},
				"up": {"uv": [5.5, 8.5, 4.75, 4], "texture": "#3"},
				"down": {"uv": [2.75, 5.25, 2, 9.75], "texture": "#3"}
			}
		},
		{
			"from": [6.15, 13, 4.25],
			"to": [7.85, 13.5, 21.75],
			"rotation": {"angle": 0, "axis": "x", "origin": [0, 0, 1]},
			"faces": {
				"north": {"uv": [10.25, 0.25, 10.75, 0.5], "texture": "#3"},
				"east": {"uv": [8.25, 1.5, 12.75, 1.75], "texture": "#3"},
				"south": {"uv": [10.25, 0.5, 10.75, 0.75], "texture": "#3"},
				"west": {"uv": [8.25, 1.75, 12.75, 2], "texture": "#3"},
				"up": {"uv": [7.5, 9.25, 7, 4.75], "texture": "#3"},
				"down": {"uv": [8, 4.75, 7.5, 9.25], "texture": "#3"}
			}
		},
		{
			"from": [6.4, 11.5, 5.75],
			"to": [7.6, 13.75, 21.75],
			"rotation": {"angle": 0, "axis": "x", "origin": [0, 0, 1]},
			"faces": {
				"north": {"uv": [1.25, 9.5, 1.5, 10], "texture": "#3"},
				"east": {"uv": [4.5, 2, 8.5, 2.5], "texture": "#3"},
				"south": {"uv": [1.25, 10, 1.5, 10.5], "texture": "#3"},
				"west": {"uv": [6.75, 2.5, 10.75, 3], "texture": "#3"},
				"up": {"uv": [5, 12.5, 4.75, 8.5], "texture": "#3"},
				"down": {"uv": [8.75, 4.75, 8.5, 8.75], "texture": "#3"}
			}
		},
		{
			"from": [6.15, 11.75, 4.25],
			"to": [7.85, 12.25, 21.75],
			"rotation": {"angle": 0, "axis": "x", "origin": [0, 0, 1]},
			"faces": {
				"north": {"uv": [10.25, 0.75, 10.75, 1], "texture": "#3"},
				"east": {"uv": [8.5, 2, 13, 2.25], "texture": "#3"},
				"south": {"uv": [10.25, 3, 10.75, 3.25], "texture": "#3"},
				"west": {"uv": [8.5, 2.25, 13, 2.5], "texture": "#3"},
				"up": {"uv": [8.5, 9.25, 8, 4.75], "texture": "#3"},
				"down": {"uv": [6, 8, 5.5, 12.5], "texture": "#3"}
			}
		},
		{
			"from": [5.65, 11.25, 6.25],
			"to": [8.35, 11.75, 21.75],
			"rotation": {"angle": 0, "axis": "x", "origin": [0, 0, 1]},
			"faces": {
				"north": {"uv": [10, 9.75, 10.75, 10], "texture": "#3"},
				"east": {"uv": [8.75, 4.75, 12.75, 5], "texture": "#3"},
				"south": {"uv": [10, 10, 10.75, 10.25], "texture": "#3"},
				"west": {"uv": [8.75, 5, 12.75, 5.25], "texture": "#3"},
				"up": {"uv": [6.25, 8, 5.5, 4], "texture": "#3"},
				"down": {"uv": [0.75, 6.25, 0, 10.25], "texture": "#3"}
			}
		},
		{
			"from": [6, 6.75, 9.6],
			"to": [8, 11.25, 20.6],
			"rotation": {"angle": 0, "axis": "x", "origin": [0, -1, 2]},
			"faces": {
				"north": {"uv": [0.75, 9.5, 1.25, 10.75], "texture": "#3"},
				"east": {"uv": [2, 4, 4.75, 5.25], "texture": "#3"},
				"south": {"uv": [9.5, 6, 10, 7.25], "texture": "#3"},
				"west": {"uv": [4.5, 0, 7.25, 1.25], "texture": "#3"},
				"up": {"uv": [6.5, 10.75, 6, 8], "texture": "#3"},
				"down": {"uv": [7, 8, 6.5, 10.75], "texture": "#3"}
			}
		},
		{
			"from": [5.65, 10.25, 9.25],
			"to": [8.35, 10.75, 21.75],
			"rotation": {"angle": 0, "axis": "x", "origin": [0, 0, 1]},
			"faces": {
				"north": {"uv": [0, 10.25, 0.75, 10.5], "texture": "#3"},
				"east": {"uv": [8.75, 7.75, 12, 8], "texture": "#3"},
				"south": {"uv": [10.25, 0, 11, 0.25], "texture": "#3"},
				"west": {"uv": [8.75, 8, 12, 8.25], "texture": "#3"},
				"up": {"uv": [1.5, 9.5, 0.75, 6.25], "texture": "#3"},
				"down": {"uv": [7, 4.75, 6.25, 8], "texture": "#3"}
			}
		},
		{
			"from": [6.1, 13.75, 14],
			"to": [7.9, 17.75, 16],
			"rotation": {"angle": 22.5, "axis": "x", "origin": [0, -1, 2]},
			"faces": {
				"north": {"uv": [2.5, 9.75, 3, 10.75], "texture": "#3"},
				"east": {"uv": [3, 9.75, 3.5, 10.75], "texture": "#3"},
				"south": {"uv": [9.75, 3, 10.25, 4], "texture": "#3"},
				"west": {"uv": [3.5, 9.75, 4, 10.75], "texture": "#3"},
				"up": {"uv": [10.5, 7.25, 10, 6.75], "texture": "#3"},
				"down": {"uv": [8, 10, 7.5, 10.5], "texture": "#3"}
			}
		},
		{
			"from": [6, 8.5, -9.4],
			"to": [8, 11.25, 9.6],
			"rotation": {"angle": 0, "axis": "x", "origin": [0, -1, 2]},
			"faces": {
				"north": {"uv": [9, 9.75, 9.5, 10.5], "texture": "#3"},
				"east": {"uv": [2, 2.5, 6.75, 3.25], "texture": "#3"},
				"south": {"uv": [4, 10, 4.5, 10.75], "texture": "#3"},
				"west": {"uv": [2, 3.25, 6.75, 4], "texture": "#3"},
				"up": {"uv": [4.75, 10, 4.25, 5.25], "texture": "#3"},
				"down": {"uv": [2, 6.25, 1.5, 11], "texture": "#3"}
			}
		},
		{
			"from": [5.65, 8.75, -11.75],
			"to": [8.35, 13.75, 6.25],
			"rotation": {"angle": 0, "axis": "x", "origin": [0, 0, 1]},
			"faces": {
				"north": {"uv": [8.75, 5.25, 9.5, 6.5], "texture": "#3"},
				"east": {"uv": [0, 0, 4.5, 1.25], "texture": "#3"},
				"south": {"uv": [8.75, 6.5, 9.5, 7.75], "texture": "#3"},
				"west": {"uv": [0, 1.25, 4.5, 2.5], "texture": "#3"},
				"up": {"uv": [3.5, 9.75, 2.75, 5.25], "texture": "#3"},
				"down": {"uv": [4.25, 5.25, 3.5, 9.75], "texture": "#3"}
			}
		},
		{
			"from": [5.25, 9.25, -10.4],
			"to": [8.75, 11.75, 4.6],
			"rotation": {"angle": 0, "axis": "x", "origin": [0, -1, 2]},
			"faces": {
				"north": {"uv": [7, 9.25, 8, 10], "texture": "#3"},
				"east": {"uv": [4.5, 1.25, 8.25, 2], "texture": "#3"},
				"south": {"uv": [9.5, 5.25, 10.5, 6], "texture": "#3"},
				"west": {"uv": [6.25, 4, 10, 4.75], "texture": "#3"},
				"up": {"uv": [1, 6.25, 0, 2.5], "texture": "#3"},
				"down": {"uv": [2, 2.5, 1, 6.25], "texture": "#3"}
			}
		},
		{
			"from": [8.75, 9.5, -10.15],
			"to": [9.25, 11.5, 1.6],
			"rotation": {"angle": 0, "axis": "x", "origin": [0, -1, 2]},
			"faces": {
				"north": {"uv": [4.5, 10, 4.75, 10.5], "texture": "#3"},
				"east": {"uv": [6.75, 3, 9.75, 3.5], "texture": "#3"},
				"south": {"uv": [10.25, 3.25, 10.5, 3.75], "texture": "#3"},
				"west": {"uv": [6.75, 3.5, 9.75, 4], "texture": "#3"},
				"up": {"uv": [5.25, 11.5, 5, 8.5], "texture": "#3"},
				"down": {"uv": [5.5, 8.5, 5.25, 11.5], "texture": "#3"}
			}
		},
		{
			"from": [4.75, 9.5, -10.15],
			"to": [5.25, 11.5, 1.6],
			"rotation": {"angle": 0, "axis": "x", "origin": [0, -1, 2]},
			"faces": {
				"north": {"uv": [10.25, 7.25, 10.5, 7.75], "texture": "#3"},
				"east": {"uv": [7.25, 0, 10.25, 0.5], "texture": "#3"},
				"south": {"uv": [10.25, 8.25, 10.5, 8.75], "texture": "#3"},
				"west": {"uv": [7.25, 0.5, 10.25, 1], "texture": "#3"},
				"up": {"uv": [8.25, 12.25, 8, 9.25], "texture": "#3"},
				"down": {"uv": [8.5, 9.25, 8.25, 12.25], "texture": "#3"}
			}
		},
		{
			"from": [5.9, 11, 21.5],
			"to": [8.1, 14, 25.25],
			"rotation": {"angle": 0, "axis": "x", "origin": [0, 0, 1]},
			"faces": {
				"north": {"uv": [9.75, 8.25, 10.25, 9], "texture": "#3"},
				"east": {"uv": [8.75, 8.25, 9.75, 9], "texture": "#3"},
				"south": {"uv": [8.5, 9.75, 9, 10.5], "texture": "#3"},
				"west": {"uv": [8.5, 9, 9.5, 9.75], "texture": "#3"},
				"up": {"uv": [10, 10, 9.5, 9], "texture": "#3"},
				"down": {"uv": [2.5, 9.75, 2, 10.75], "texture": "#3"}
			}
		},
		{
			"name": "Grip",
			"from": [6.5, 5, -1],
			"to": [7.5, 9.5, 1],
			"rotation": {"angle": 22.5, "axis": "x", "origin": [0, 0, 0]},
			"faces": {
				"north": {"uv": [6, 3.5, 6.5, 6], "texture": "#4"},
				"east": {"uv": [0, 10, 1, 12.5], "texture": "#4"},
				"south": {"uv": [0, 12.5, 0.5, 15], "texture": "#4"},
				"west": {"uv": [1, 10, 2, 12.5], "texture": "#4"},
				"up": {"uv": [14, 5.5, 13.5, 4.5], "texture": "#4"},
				"down": {"uv": [14, 5.5, 13.5, 6.5], "texture": "#4"}
			}
		},
		{
			"name": "Grip5",
			"from": [6.5, 2.25, -1.75],
			"to": [7.5, 4.5, 1.5],
			"faces": {
				"north": {"uv": [13.5, 6.5, 14, 7.5], "texture": "#4"},
				"east": {"uv": [2, 12, 3.5, 13], "texture": "#4"},
				"south": {"uv": [13.5, 7.5, 14, 8.5], "texture": "#4"},
				"west": {"uv": [12, 4, 13.5, 5], "texture": "#4"},
				"up": {"uv": [11, 14.5, 10.5, 13], "texture": "#4"},
				"down": {"uv": [12.5, 13, 12, 14.5], "texture": "#4"}
			}
		},
		{
			"name": "Grip4",
			"from": [6.5, 3, -5],
			"to": [7.5, 5.25, -1.75],
			"faces": {
				"north": {"uv": [8, 13.5, 8.5, 14.5], "texture": "#4"},
				"east": {"uv": [12, 5, 13.5, 6], "texture": "#4"},
				"south": {"uv": [8.5, 13.5, 9, 14.5], "texture": "#4"},
				"west": {"uv": [12, 6, 13.5, 7], "texture": "#4"},
				"up": {"uv": [13.5, 13.5, 13, 12], "texture": "#4"},
				"down": {"uv": [13, 13, 12.5, 14.5], "texture": "#4"}
			}
		},
		{
			"name": "Grip5",
			"from": [6, 6.25, -9.25],
			"to": [8, 6.75, -0.5],
			"faces": {
				"north": {"uv": [13.5, 8.5, 14.5, 9], "texture": "#4"},
				"east": {"uv": [8, 1.5, 12.5, 2], "texture": "#4"},
				"south": {"uv": [13.5, 9, 14.5, 9.5], "texture": "#4"},
				"west": {"uv": [10.5, 2, 15, 2.5], "texture": "#4"},
				"up": {"uv": [6, 14, 5, 9.5], "texture": "#4"},
				"down": {"uv": [7, 9.5, 6, 14], "texture": "#4"}
			}
		},
		{
			"name": "Grip2",
			"from": [6.25, 3, -14.25],
			"to": [7.75, 5, 1.25],
			"rotation": {"angle": 22.5, "axis": "x", "origin": [0, 0, 0]},
			"faces": {
				"north": {"uv": [8, 12.5, 9, 13.5], "texture": "#4"},
				"east": {"uv": [0, 0, 8, 1], "texture": "#4"},
				"south": {"uv": [1.5, 13, 2.5, 14], "texture": "#4"},
				"west": {"uv": [0, 1, 8, 2], "texture": "#4"},
				"up": {"uv": [1, 10, 0, 2], "texture": "#4"},
				"down": {"uv": [2, 2, 1, 10], "texture": "#4"}
			}
		},
		{
			"name": "Grip7",
			"from": [6, 6.75, -5],
			"to": [8, 8.5, -4.5],
			"faces": {
				"north": {"uv": [7, 13, 8, 14], "texture": "#4"},
				"east": {"uv": [13.5, 13.5, 14, 14.5], "texture": "#4"},
				"south": {"uv": [9.5, 13, 10.5, 14], "texture": "#4"},
				"west": {"uv": [0.5, 14, 1, 15], "texture": "#4"},
				"up": {"uv": [2, 14.5, 1, 14], "texture": "#4"},
				"down": {"uv": [15, 2.5, 14, 3], "texture": "#4"}
			}
		},
		{
			"name": "Grip6",
			"from": [6, 6.75, -2],
			"to": [8, 8.5, -1.5],
			"faces": {
				"north": {"uv": [3, 13, 4, 14], "texture": "#4"},
				"east": {"uv": [13.5, 12, 14, 13], "texture": "#4"},
				"south": {"uv": [4, 13, 5, 14], "texture": "#4"},
				"west": {"uv": [13, 13.5, 13.5, 14.5], "texture": "#4"},
				"up": {"uv": [14.5, 10, 13.5, 9.5], "texture": "#4"},
				"down": {"uv": [14.5, 13, 13.5, 13.5], "texture": "#4"}
			}
		},
		{
			"name": "Grip3",
			"from": [6.5, 5.25, -9],
			"to": [7.5, 9.5, -0.75],
			"faces": {
				"north": {"uv": [9, 12.5, 9.5, 14.5], "texture": "#4"},
				"east": {"uv": [2, 2, 6, 4], "texture": "#4"},
				"south": {"uv": [2.5, 13, 3, 15], "texture": "#4"},
				"west": {"uv": [2, 4, 6, 6], "texture": "#4"},
				"up": {"uv": [11.5, 14, 11, 10], "texture": "#4"},
				"down": {"uv": [12, 10, 11.5, 14], "texture": "#4"}
			}
		},
		{
			"from": [6.25, 6.75, 3.85],
			"to": [7.75, 7, 7.1],
			"rotation": {"angle": 0, "axis": "x", "origin": [0, -1, 2]},
			"faces": {
				"north": {"uv": [13.5, 1, 14.5, 1.5], "texture": "#4"},
				"east": {"uv": [3.5, 7.5, 5, 8], "texture": "#4"},
				"south": {"uv": [13.5, 1.5, 14.5, 2], "texture": "#4"},
				"west": {"uv": [5, 7.5, 6.5, 8], "texture": "#4"},
				"up": {"uv": [12, 5.5, 11, 4], "texture": "#4"},
				"down": {"uv": [12, 5.5, 11, 7], "texture": "#4"}
			}
		},
		{
			"from": [6.25, 7, 3.6],
			"to": [7.75, 8.5, 4.35],
			"rotation": {"angle": 0, "axis": "x", "origin": [0, -1, 2]},
			"faces": {
				"north": {"uv": [12.5, 1, 13.5, 2], "texture": "#4"},
				"east": {"uv": [10.5, 2.5, 11, 3.5], "texture": "#4"},
				"south": {"uv": [12.5, 2.5, 13.5, 3.5], "texture": "#4"},
				"west": {"uv": [13.5, 2.5, 14, 3.5], "texture": "#4"},
				"up": {"uv": [14.5, 4, 13.5, 3.5], "texture": "#4"},
				"down": {"uv": [14.5, 4, 13.5, 4.5], "texture": "#4"}
			}
		},
		{
			"from": [6.25, 8.25, 4.35],
			"to": [7.75, 8.5, 6.6],
			"rotation": {"angle": 0, "axis": "x", "origin": [0, -1, 2]},
			"faces": {
				"north": {"uv": [12.5, 3.5, 13.5, 4], "texture": "#4"},
				"east": {"uv": [13.5, 0, 14.5, 0.5], "texture": "#4"},
				"south": {"uv": [0.5, 13.5, 1.5, 14], "texture": "#4"},
				"west": {"uv": [13.5, 0.5, 14.5, 1], "texture": "#4"},
				"up": {"uv": [13.5, 1, 12.5, 0], "texture": "#4"},
				"down": {"uv": [1.5, 12.5, 0.5, 13.5], "texture": "#4"}
			}
		},
		{
			"from": [6.25, 7, 6.6],
			"to": [7.75, 8.5, 9.6],
			"rotation": {"angle": 0, "axis": "x", "origin": [0, -1, 2]},
			"faces": {
				"north": {"uv": [13, 10, 14, 11], "texture": "#4"},
				"east": {"uv": [12, 9, 13.5, 10], "texture": "#4"},
				"south": {"uv": [13, 11, 14, 12], "texture": "#4"},
				"west": {"uv": [9.5, 12, 11, 13], "texture": "#4"},
				"up": {"uv": [13, 11.5, 12, 10], "texture": "#4"},
				"down": {"uv": [13, 11.5, 12, 13], "texture": "#4"}
			}
		},
		{
			"from": [5.5, 6.5, 10.6],
			"to": [8.5, 9.25, 19.6],
			"rotation": {"angle": 0, "axis": "x", "origin": [0, -1, 2]},
			"faces": {
				"north": {"uv": [9.5, 10.5, 11, 12], "texture": "#4"},
				"east": {"uv": [8, 0, 12.5, 1.5], "texture": "#4"},
				"south": {"uv": [11, 2.5, 12.5, 4], "texture": "#4"},
				"west": {"uv": [3.5, 8, 8, 9.5], "texture": "#4"},
				"up": {"uv": [9.5, 8, 8, 3.5], "texture": "#4"},
				"down": {"uv": [9.5, 8, 8, 12.5], "texture": "#4"}
			}
		},
		{
			"from": [5.5, 11.75, -10.4],
			"to": [8.5, 14.25, -1.4],
			"rotation": {"angle": 0, "axis": "x", "origin": [0, -1, 2]},
			"faces": {
				"north": {"uv": [10.5, 7, 12, 8.5], "texture": "#4"},
				"east": {"uv": [2, 6, 6.5, 7.5], "texture": "#4"},
				"south": {"uv": [10.5, 8.5, 12, 10], "texture": "#4"},
				"west": {"uv": [6, 2, 10.5, 3.5], "texture": "#4"},
				"up": {"uv": [8, 8, 6.5, 3.5], "texture": "#4"},
				"down": {"uv": [3.5, 7.5, 2, 12], "texture": "#4"}
			}
		}
	],
	"display": {
		"thirdperson_righthand": {
			"translation": [0, 0, -0.75],
			"scale": [0.5, 0.5, 0.5]
		},
		"thirdperson_lefthand": {
			"translation": [0, 0, -0.75],
			"scale": [0.5, 0.5, 0.5]
		},
		"firstperson_righthand": {
			"rotation": [-180, 3, -179],
			"translation": [5, -2.5, -1.75]
		},
		"firstperson_lefthand": {
			"rotation": [-180, 3, -179],
			"translation": [5, -2.5, -1.75]
		},
		"ground": {
			"translation": [0, 2.5, 0],
			"scale": [0.5, 0.5, 0.5]
		},
		"gui": {
			"rotation": [-33.02, 48.01, 19.55],
			"translation": [0.5, 0, 0],
			"scale": [0.4, 0.4, 0.4]
		},
		"head": {
			"rotation": [0, -90, 0],
			"translation": [0.5, 0.75, 0],
			"scale": [0.6, 0.6, 0.6]
		},
		"fixed": {
			"rotation": [0, -90, 0],
			"translation": [0, -1.75, 1]
		}
	},
	"groups": [
		0,
		1,
		2,
		3,
		4,
		5,
		6,
		7,
		8,
		9,
		10,
		11,
		12,
		13,
		14,
		15,
		{
			"name": "Scope",
			"origin": [0, -1, 2],
			"color": 0,
			"children": [16, 17, 18, 19, 20, 21, 22, 23]
		},
		{
			"name": "Body",
			"origin": [0, -1, 2],
			"color": 0,
			"children": [24, 25, 26, 27, 28, 29, 30, 31, 32, 33, 34, 35, 36, 37]
		},
		{
			"name": "Grip",
			"origin": [0, -1, 2],
			"color": 0,
			"children": [38, 39, 40, 41, 42, 43, 44, 45, 46, 47, 48, 49, 50, 51]
		}
	]
}