{
	"credit": "Made with Blockbench",
	"textures": {
		"0": "items/aa12_outside",
		"1": "items/aa12_grip",
		"2": "items/aa12_shoulder",
		"3": "items/aa12_metal",
		"4": "items/m41a1_green",
		"particle": "items/aa12_outside"
	},
	"elements": [
		{
			"from": [7.545, 8.73, 8.15],
			"to": [8.455, 10.93, 19.25],
			"rotation": {"angle": 0, "axis": "y", "origin": [7.695, 0, 0]},
			"faces": {
				"north": {"uv": [0, 0, 0.91, 2.2], "texture": "#0"},
				"east": {"uv": [0, 0, 11.1, 2.2], "texture": "#0"},
				"south": {"uv": [0, 0, 0.91, 2.2], "texture": "#0"},
				"west": {"uv": [0, 0, 11.1, 2.2], "texture": "#0"},
				"up": {"uv": [0, 0, 0.91, 11.1], "texture": "#0"},
				"down": {"uv": [0, 0, 0.91, 11.1], "texture": "#0"}
			}
		},
		{
			"from": [7.225, 8.73, 8.15],
			"to": [8.775, 10.43, 19.25],
			"rotation": {"angle": 0, "axis": "y", "origin": [7.675, 0, 0]},
			"faces": {
				"north": {"uv": [0, 0, 1.55, 1.7], "texture": "#0"},
				"east": {"uv": [0, 0, 11.1, 1.7], "texture": "#0"},
				"south": {"uv": [0, 0, 1.55, 1.7], "texture": "#0"},
				"west": {"uv": [0, 0, 11.1, 1.7], "texture": "#0"},
				"up": {"uv": [0, 0, 1.55, 11.1], "texture": "#0"},
				"down": {"uv": [0, 0, 1.55, 11.1], "texture": "#0"}
			}
		},
		{
			"from": [7.545, 10.83, 11.9],
			"to": [8.455, 11.03, 12.4],
			"rotation": {"angle": 22.5, "axis": "x", "origin": [8.195, 10.98, 12.1]},
			"faces": {
				"north": {"uv": [0, 0, 0.91, 0.2], "texture": "#0"},
				"east": {"uv": [0, 0, 0.5, 0.2], "texture": "#0"},
				"south": {"uv": [0, 0, 0.91, 0.2], "texture": "#0"},
				"west": {"uv": [0, 0, 0.5, 0.2], "texture": "#0"},
				"up": {"uv": [0, 0, 0.91, 0.5], "texture": "#0"},
				"down": {"uv": [0, 0, 0.91, 0.5], "texture": "#0"}
			}
		},
		{
			"from": [7.225, 8.49, 4.45],
			"to": [8.775, 9.36, 10.45],
			"rotation": {"angle": 0, "axis": "y", "origin": [7.625, 0.03, -0.4]},
			"faces": {
				"north": {"uv": [0, 0, 1.55, 0.87], "texture": "#0"},
				"east": {"uv": [0, 0, 6, 0.87], "texture": "#0"},
				"south": {"uv": [0, 0, 1.55, 0.87], "texture": "#0"},
				"west": {"uv": [0, 0, 6, 0.87], "texture": "#0"},
				"up": {"uv": [0, 0, 1.55, 6], "texture": "#0"},
				"down": {"uv": [0, 0, 1.55, 6], "texture": "#0"}
			}
		},
		{
			"from": [7.225, 9.24, 4.45],
			"to": [8.775, 10.11, 5.57],
			"rotation": {"angle": 0, "axis": "y", "origin": [7.625, 0.03, -0.4]},
			"faces": {
				"north": {"uv": [0, 0, 1.55, 0.87], "texture": "#0"},
				"east": {"uv": [0, 0, 1.12, 0.87], "texture": "#0"},
				"south": {"uv": [0, 0, 1.55, 0.87], "texture": "#0"},
				"west": {"uv": [0, 0, 1.12, 0.87], "texture": "#0"},
				"up": {"uv": [0, 0, 1.55, 1.12], "texture": "#0"},
				"down": {"uv": [0, 0, 1.55, 1.12], "texture": "#0"}
			}
		},
		{
			"from": [7.225, 9.96, 4.45],
			"to": [8.775, 10.58, 11.85],
			"rotation": {"angle": 0, "axis": "y", "origin": [7.625, 0.03, -0.4]},
			"faces": {
				"north": {"uv": [0, 0, 1.55, 0.62], "texture": "#0"},
				"east": {"uv": [0, 0, 7.4, 0.62], "texture": "#0"},
				"south": {"uv": [0, 0, 1.55, 0.62], "texture": "#0"},
				"west": {"uv": [0, 0, 7.4, 0.62], "texture": "#0"},
				"up": {"uv": [0, 0, 1.55, 7.4], "texture": "#0"},
				"down": {"uv": [0, 0, 1.55, 7.4], "texture": "#0"}
			}
		},
		{
			"from": [7.225, 9.21, 4.45],
			"to": [8.275, 10.58, 11.85],
			"rotation": {"angle": 0, "axis": "y", "origin": [7.625, 0.03, -0.4]},
			"faces": {
				"north": {"uv": [0, 0, 1.05, 1.37], "texture": "#0"},
				"east": {"uv": [0, 0, 7.4, 1.37], "texture": "#0"},
				"south": {"uv": [0, 0, 1.05, 1.37], "texture": "#0"},
				"west": {"uv": [0, 0, 7.4, 1.37], "texture": "#0"},
				"up": {"uv": [0, 0, 1.05, 7.4], "texture": "#0"},
				"down": {"uv": [0, 0, 1.05, 7.4], "texture": "#0"}
			}
		},
		{
			"from": [7.225, 10.13, -2],
			"to": [8.775, 10.61, 4.45],
			"rotation": {"angle": 0, "axis": "y", "origin": [7.625, 0, 0.2]},
			"faces": {
				"north": {"uv": [0, 0, 1.55, 0.48], "texture": "#0"},
				"east": {"uv": [0, 0, 6.45, 0.48], "texture": "#0"},
				"south": {"uv": [0, 0, 1.55, 0.48], "texture": "#0"},
				"west": {"uv": [0, 0, 6.45, 0.48], "texture": "#0"},
				"up": {"uv": [0, 0, 1.55, 6.45], "texture": "#0"},
				"down": {"uv": [0, 0, 1.55, 6.45], "texture": "#0"}
			}
		},
		{
			"from": [7.98052, 10.0845, -2],
			"to": [8.43052, 10.4845, 19.25],
			"rotation": {"angle": -45, "axis": "z", "origin": [8.75552, 10.1345, 1.225]},
			"faces": {
				"north": {"uv": [0, 0, 0.45, 0.4], "texture": "#0"},
				"east": {"uv": [0, 0, 16, 0.4], "texture": "#0"},
				"south": {"uv": [0, 0, 0.45, 0.4], "texture": "#0"},
				"west": {"uv": [0, 0, 16, 0.4], "texture": "#0"},
				"up": {"uv": [0, 0, 0.45, 16], "texture": "#0"},
				"down": {"uv": [0, 0, 0.45, 16], "texture": "#0"}
			}
		},
		{
			"from": [7.225, 8.48, -2],
			"to": [8.775, 9.18, 5.6],
			"rotation": {"angle": 0, "axis": "y", "origin": [8.125, 9.105, 1.225]},
			"faces": {
				"north": {"uv": [0, 0, 1.55, 0.7], "texture": "#0"},
				"east": {"uv": [0, 0, 7.6, 0.7], "texture": "#0"},
				"south": {"uv": [0, 0, 1.55, 0.7], "texture": "#0"},
				"west": {"uv": [0, 0, 7.6, 0.7], "texture": "#0"},
				"up": {"uv": [0, 0, 1.55, 7.6], "texture": "#0"},
				"down": {"uv": [0, 0, 1.55, 7.6], "texture": "#0"}
			}
		},
		{
			"from": [7.225, 8.03, 7.89],
			"to": [8.775, 8.98, 10.54],
			"rotation": {"angle": 0, "axis": "y", "origin": [8.125, 9.105, 1.225]},
			"faces": {
				"north": {"uv": [0, 0, 1.55, 0.95], "texture": "#0"},
				"east": {"uv": [0, 0, 2.65, 0.95], "texture": "#0"},
				"south": {"uv": [0, 0, 1.55, 0.95], "texture": "#0"},
				"west": {"uv": [0, 0, 2.65, 0.95], "texture": "#0"},
				"up": {"uv": [0, 0, 1.55, 2.65], "texture": "#0"},
				"down": {"uv": [0, 0, 1.55, 2.65], "texture": "#0"}
			}
		},
		{
			"from": [7.225, 8.82779, 9.82604],
			"to": [8.775, 9.47779, 10.87604],
			"rotation": {"angle": -45, "axis": "x", "origin": [8.125, 9.30279, 11.15104]},
			"faces": {
				"north": {"uv": [0, 0, 1.55, 0.65], "texture": "#0"},
				"east": {"uv": [0, 0, 1.05, 0.65], "texture": "#0"},
				"south": {"uv": [0, 0, 1.55, 0.65], "texture": "#0"},
				"west": {"uv": [0, 0, 1.05, 0.65], "texture": "#0"},
				"up": {"uv": [0, 0, 1.55, 1.05], "texture": "#0"},
				"down": {"uv": [0, 0, 1.55, 1.05], "texture": "#0"}
			}
		},
		{
			"from": [7.225, 8.88, -2],
			"to": [8.775, 10.38, -0.9],
			"rotation": {"angle": 0, "axis": "y", "origin": [7.625, 0.55, 0.2]},
			"faces": {
				"north": {"uv": [0, 0, 1.55, 1.5], "texture": "#0"},
				"east": {"uv": [0, 0, 1.1, 1.5], "texture": "#0"},
				"south": {"uv": [0, 0, 1.55, 1.5], "texture": "#0"},
				"west": {"uv": [0, 0, 1.1, 1.5], "texture": "#0"},
				"up": {"uv": [0, 0, 1.55, 1.1], "texture": "#0"},
				"down": {"uv": [0, 0, 1.55, 1.1], "texture": "#0"}
			}
		},
		{
			"from": [7.545, 10.48, -2],
			"to": [8.455, 10.93, 9.05],
			"rotation": {"angle": 0, "axis": "y", "origin": [7.695, 0, 0.2]},
			"faces": {
				"north": {"uv": [0, 0, 0.91, 0.45], "texture": "#0"},
				"east": {"uv": [0, 0, 11.05, 0.45], "texture": "#0"},
				"south": {"uv": [0, 0, 0.91, 0.45], "texture": "#0"},
				"west": {"uv": [0, 0, 11.05, 0.45], "texture": "#0"},
				"up": {"uv": [0, 0, 0.91, 11.05], "texture": "#0"},
				"down": {"uv": [0, 0, 0.91, 11.05], "texture": "#0"}
			}
		},
		{
			"from": [7.225, 6.54955, 18.20307],
			"to": [8.775, 10.59955, 19.25307],
			"rotation": {"angle": 0, "axis": "y", "origin": [8.125, 7.54955, 18.80307]},
			"faces": {
				"north": {"uv": [0, 0, 1.55, 4.05], "rotation": 180, "texture": "#0"},
				"east": {"uv": [0, 0, 4.05, 1.05], "rotation": 270, "texture": "#0"},
				"south": {"uv": [0, 0, 1.55, 4.05], "texture": "#0"},
				"west": {"uv": [0, 0, 4.05, 1.05], "rotation": 90, "texture": "#0"},
				"up": {"uv": [0, 0, 1.55, 1.05], "rotation": 180, "texture": "#0"},
				"down": {"uv": [0, 0, 1.55, 1.05], "texture": "#0"}
			}
		},
		{
			"from": [7.225, 8.39013, 12.14984],
			"to": [8.775, 9.94013, 18.44984],
			"rotation": {"angle": 22.5, "axis": "x", "origin": [9.125, 8.09013, 13.69984]},
			"faces": {
				"north": {"uv": [0, 0, 1.55, 1.55], "rotation": 180, "texture": "#0"},
				"east": {"uv": [0, 0, 6.3, 1.55], "rotation": 180, "texture": "#0"},
				"south": {"uv": [0, 0, 1.55, 1.55], "rotation": 180, "texture": "#0"},
				"west": {"uv": [0, 0, 6.3, 1.55], "rotation": 180, "texture": "#0"},
				"up": {"uv": [0, 0, 1.55, 6.3], "texture": "#0"},
				"down": {"uv": [0, 0, 1.55, 6.3], "texture": "#0"}
			}
		},
		{
			"from": [7.225, 9.89013, 16.34984],
			"to": [8.775, 10.49013, 17.84984],
			"rotation": {"angle": 22.5, "axis": "x", "origin": [8.125, 8.09013, 13.69984]},
			"faces": {
				"north": {"uv": [0, 0, 1.55, 0.6], "rotation": 180, "texture": "#0"},
				"east": {"uv": [0, 0, 1.5, 0.6], "rotation": 180, "texture": "#0"},
				"south": {"uv": [0, 0, 1.55, 0.6], "rotation": 180, "texture": "#0"},
				"west": {"uv": [0, 0, 1.5, 0.6], "rotation": 180, "texture": "#0"},
				"up": {"uv": [0, 0, 1.55, 1.5], "texture": "#0"},
				"down": {"uv": [0, 0, 1.55, 1.5], "texture": "#0"}
			}
		},
		{
			"from": [8.24768, 10.42948, 19.25],
			"to": [8.69768, 10.82948, 19.61],
			"rotation": {"angle": -45, "axis": "z", "origin": [8.47268, 10.62948, 19.43]},
			"faces": {
				"north": {"uv": [0, 0, 0.45, 0.4], "texture": "#2"},
				"east": {"uv": [0, 0, 0.36, 0.4], "texture": "#2"},
				"south": {"uv": [0, 0, 0.45, 0.4], "texture": "#2"},
				"west": {"uv": [0, 0, 0.36, 0.4], "texture": "#2"},
				"up": {"uv": [0, 0, 0.45, 0.36], "texture": "#2"},
				"down": {"uv": [0, 0, 0.45, 0.36], "texture": "#2"}
			}
		},
		{
			"from": [7.545, 10.53, 19.25],
			"to": [8.455, 10.93, 19.61],
			"rotation": {"angle": 0, "axis": "y", "origin": [8.42, 10.58, 22.465]},
			"faces": {
				"north": {"uv": [0, 0, 0.91, 0.4], "texture": "#2"},
				"east": {"uv": [0, 0, 0.36, 0.4], "texture": "#2"},
				"south": {"uv": [0, 0, 0.91, 0.4], "texture": "#2"},
				"west": {"uv": [0, 0, 0.36, 0.4], "texture": "#2"},
				"up": {"uv": [0, 0, 0.91, 0.36], "texture": "#2"},
				"down": {"uv": [0, 0, 0.91, 0.36], "texture": "#2"}
			}
		},
		{
			"from": [7.23, 6.90311, 19.15663],
			"to": [8.77, 10.60311, 19.60663],
			"rotation": {"angle": 0, "axis": "y", "origin": [8.13, 10.00311, 19.10663]},
			"faces": {
				"north": {"uv": [0, 0, 1.54, 3.7], "rotation": 180, "texture": "#2"},
				"east": {"uv": [0, 0, 3.7, 0.45], "rotation": 270, "texture": "#2"},
				"south": {"uv": [0, 0, 1.54, 3.7], "texture": "#2"},
				"west": {"uv": [0, 0, 3.7, 0.45], "rotation": 90, "texture": "#2"},
				"up": {"uv": [0, 0, 1.54, 0.45], "rotation": 180, "texture": "#2"},
				"down": {"uv": [0, 0, 1.54, 0.45], "texture": "#2"}
			}
		},
		{
			"from": [7.21801, 10.93303, 19.25],
			"to": [7.66801, 11.33303, 19.61],
			"rotation": {"angle": 45, "axis": "z", "origin": [8.09301, 10.98303, 22.465]},
			"faces": {
				"north": {"uv": [0, 0, 0.45, 0.4], "texture": "#2"},
				"east": {"uv": [0, 0, 0.36, 0.4], "texture": "#2"},
				"south": {"uv": [0, 0, 0.45, 0.4], "texture": "#2"},
				"west": {"uv": [0, 0, 0.36, 0.4], "texture": "#2"},
				"up": {"uv": [0, 0, 0.45, 0.36], "texture": "#2"},
				"down": {"uv": [0, 0, 0.45, 0.36], "texture": "#2"}
			}
		},
		{
			"from": [7.23, 7.05917, 19.0834],
			"to": [8.77, 7.40917, 19.5834],
			"rotation": {"angle": -45, "axis": "x", "origin": [8.13, 7.00917, 19.7834]},
			"faces": {
				"north": {"uv": [0, 0, 1.54, 0.35], "texture": "#2"},
				"east": {"uv": [0, 0, 0.5, 0.35], "texture": "#2"},
				"south": {"uv": [0, 0, 1.54, 0.35], "texture": "#2"},
				"west": {"uv": [0, 0, 0.5, 0.35], "texture": "#2"},
				"up": {"uv": [0, 0, 1.54, 0.5], "texture": "#2"},
				"down": {"uv": [0, 0, 1.54, 0.5], "texture": "#2"}
			}
		},
		{
			"from": [7.21801, 10.93303, -2],
			"to": [7.66801, 11.33303, 19.25],
			"rotation": {"angle": 45, "axis": "z", "origin": [8.09301, 10.98303, 1.225]},
			"faces": {
				"north": {"uv": [0, 0, 0.45, 0.4], "texture": "#0"},
				"east": {"uv": [0, 0, 16, 0.4], "texture": "#0"},
				"south": {"uv": [0, 0, 0.45, 0.4], "texture": "#0"},
				"west": {"uv": [0, 0, 16, 0.4], "texture": "#0"},
				"up": {"uv": [0, 0, 0.45, 16], "texture": "#0"},
				"down": {"uv": [0, 0, 0.45, 16], "texture": "#0"}
			}
		},
		{
			"from": [7.305, 8.88, -0.9],
			"to": [8.695, 10.13, 4.45],
			"rotation": {"angle": 0, "axis": "y", "origin": [1.205, 0.38, -0.65]},
			"faces": {
				"north": {"uv": [0, 0, 1.39, 1.25], "texture": "#1"},
				"east": {"uv": [0, 0, 5.35, 1.25], "texture": "#1"},
				"south": {"uv": [0, 0, 1.39, 1.25], "texture": "#1"},
				"west": {"uv": [0, 0, 5.35, 1.25], "texture": "#1"},
				"up": {"uv": [0, 0, 1.39, 5.35], "texture": "#1"},
				"down": {"uv": [0, 0, 1.39, 5.35], "texture": "#1"}
			}
		},
		{
			"from": [7.505, 5.28, 10.7],
			"to": [8.495, 7.78, 11.5],
			"rotation": {"angle": -22.5, "axis": "x", "origin": [7.905, 6.48, 11.65]},
			"faces": {
				"north": {"uv": [0, 0, 0.99, 2.5], "rotation": 180, "texture": "#1"},
				"east": {"uv": [0, 0, 2.5, 0.8], "rotation": 270, "texture": "#1"},
				"south": {"uv": [0, 0, 0.99, 2.5], "texture": "#1"},
				"west": {"uv": [0, 0, 2.5, 0.8], "rotation": 90, "texture": "#1"},
				"up": {"uv": [0, 0, 0.99, 0.8], "rotation": 180, "texture": "#1"},
				"down": {"uv": [0, 0, 0.99, 0.8], "texture": "#1"}
			}
		},
		{
			"from": [7.505, 5.28, 11.25],
			"to": [8.495, 6.98, 11.7],
			"rotation": {"angle": -22.5, "axis": "x", "origin": [7.905, 6.48, 11.65]},
			"faces": {
				"north": {"uv": [0, 0, 0.99, 1.7], "rotation": 180, "texture": "#1"},
				"east": {"uv": [0, 0, 1.7, 0.45], "rotation": 270, "texture": "#1"},
				"south": {"uv": [0, 0, 0.99, 1.7], "texture": "#1"},
				"west": {"uv": [0, 0, 1.7, 0.45], "rotation": 90, "texture": "#1"},
				"up": {"uv": [0, 0, 0.99, 0.45], "rotation": 180, "texture": "#1"},
				"down": {"uv": [0, 0, 0.99, 0.45], "texture": "#1"}
			}
		},
		{
			"from": [7.5, 8.55, 10.65],
			"to": [8.5, 9.05, 12.25],
			"rotation": {"angle": -22.5, "axis": "x", "origin": [7.9, 9.25, 11.75]},
			"faces": {
				"north": {"uv": [0, 0, 1, 0.5], "texture": "#0"},
				"east": {"uv": [0, 0, 1.6, 0.5], "texture": "#0"},
				"south": {"uv": [0, 0, 1, 0.5], "texture": "#0"},
				"west": {"uv": [0, 0, 1.6, 0.5], "texture": "#0"},
				"up": {"uv": [0, 0, 1, 1.6], "texture": "#0"},
				"down": {"uv": [0, 0, 1, 1.6], "texture": "#0"}
			}
		},
		{
			"from": [7.5, 8.75, 9.9],
			"to": [8.5, 9.25, 11.5],
			"rotation": {"angle": -45, "axis": "x", "origin": [7.9, 9.25, 11.75]},
			"faces": {
				"north": {"uv": [0, 0, 1, 0.5], "texture": "#0"},
				"east": {"uv": [0, 0, 1.6, 0.5], "texture": "#0"},
				"south": {"uv": [0, 0, 1, 0.5], "texture": "#0"},
				"west": {"uv": [0, 0, 1.6, 0.5], "texture": "#0"},
				"up": {"uv": [0, 0, 1, 1.6], "texture": "#0"},
				"down": {"uv": [0, 0, 1, 1.6], "texture": "#0"}
			}
		},
		{
			"from": [7.5, 7.3, 10.75],
			"to": [8.5, 9, 11.25],
			"rotation": {"angle": 0, "axis": "y", "origin": [7.9, 9.25, 11.75]},
			"faces": {
				"north": {"uv": [0, 0, 1, 1.7], "rotation": 180, "texture": "#0"},
				"east": {"uv": [0, 0, 1.7, 0.5], "rotation": 90, "texture": "#0"},
				"south": {"uv": [0, 0, 1, 1.7], "texture": "#0"},
				"west": {"uv": [0, 0, 1.7, 0.5], "rotation": 270, "texture": "#0"},
				"up": {"uv": [0, 0, 1, 0.5], "texture": "#0"},
				"down": {"uv": [0, 0, 1, 0.5], "rotation": 180, "texture": "#0"}
			}
		},
		{
			"from": [7.5, 4.95, 9.55],
			"to": [8.5, 5.25, 11.05],
			"rotation": {"angle": -22.5, "axis": "x", "origin": [7.9, 8.2, 11]},
			"faces": {
				"north": {"uv": [0, 0, 1, 0.3], "texture": "#0"},
				"east": {"uv": [0, 0, 1.5, 0.3], "texture": "#0"},
				"south": {"uv": [0, 0, 1, 0.3], "texture": "#0"},
				"west": {"uv": [0, 0, 1.5, 0.3], "texture": "#0"},
				"up": {"uv": [0, 0, 1, 1.5], "texture": "#0"},
				"down": {"uv": [0, 0, 1, 1.5], "texture": "#0"}
			}
		},
		{
			"from": [8.25, 5.13847, 11.59776],
			"to": [8.35, 5.43847, 11.79776],
			"rotation": {"angle": -22.5, "axis": "x", "origin": [8, 5.28847, 12.09776]},
			"faces": {
				"north": {"uv": [0, 0, 0.1, 0.3], "texture": "#0"},
				"east": {"uv": [0, 0, 0.2, 0.3], "texture": "#0"},
				"south": {"uv": [0, 0, 0.1, 0.3], "texture": "#0"},
				"west": {"uv": [0, 0, 0.2, 0.3], "texture": "#0"},
				"up": {"uv": [0, 0, 0.2, 0.1], "rotation": 90, "texture": "#0"},
				"down": {"uv": [0, 0, 0.2, 0.1], "rotation": 270, "texture": "#0"}
			}
		},
		{
			"from": [7.95, 5.13847, 10.99776],
			"to": [8.05, 5.43847, 11.19776],
			"rotation": {"angle": -22.5, "axis": "x", "origin": [8, 5.28847, 12.09776]},
			"faces": {
				"north": {"uv": [0, 0, 0.1, 0.3], "texture": "#0"},
				"east": {"uv": [0, 0, 0.2, 0.3], "texture": "#0"},
				"south": {"uv": [0, 0, 0.1, 0.3], "texture": "#0"},
				"west": {"uv": [0, 0, 0.2, 0.3], "texture": "#0"},
				"up": {"uv": [0, 0, 0.2, 0.1], "rotation": 90, "texture": "#0"},
				"down": {"uv": [0, 0, 0.2, 0.1], "rotation": 270, "texture": "#0"}
			}
		},
		{
			"from": [7.95, 5.13847, 11.29776],
			"to": [8.05, 5.43847, 11.49776],
			"rotation": {"angle": -22.5, "axis": "x", "origin": [8, 5.28847, 12.09776]},
			"faces": {
				"north": {"uv": [0, 0, 0.1, 0.3], "texture": "#0"},
				"east": {"uv": [0, 0, 0.2, 0.3], "texture": "#0"},
				"south": {"uv": [0, 0, 0.1, 0.3], "texture": "#0"},
				"west": {"uv": [0, 0, 0.2, 0.3], "texture": "#0"},
				"up": {"uv": [0, 0, 0.2, 0.1], "rotation": 90, "texture": "#0"},
				"down": {"uv": [0, 0, 0.2, 0.1], "rotation": 270, "texture": "#0"}
			}
		},
		{
			"from": [7.65, 5.13847, 11.29776],
			"to": [7.75, 5.43847, 11.49776],
			"rotation": {"angle": -22.5, "axis": "x", "origin": [8, 5.28847, 12.09776]},
			"faces": {
				"north": {"uv": [0, 0, 0.1, 0.3], "texture": "#0"},
				"east": {"uv": [0, 0, 0.2, 0.3], "texture": "#0"},
				"south": {"uv": [0, 0, 0.1, 0.3], "texture": "#0"},
				"west": {"uv": [0, 0, 0.2, 0.3], "texture": "#0"},
				"up": {"uv": [0, 0, 0.2, 0.1], "rotation": 90, "texture": "#0"},
				"down": {"uv": [0, 0, 0.2, 0.1], "rotation": 270, "texture": "#0"}
			}
		},
		{
			"from": [7.65, 5.13847, 11.59776],
			"to": [7.75, 5.43847, 11.79776],
			"rotation": {"angle": -22.5, "axis": "x", "origin": [8, 5.28847, 12.09776]},
			"faces": {
				"north": {"uv": [0, 0, 0.1, 0.3], "texture": "#0"},
				"east": {"uv": [0, 0, 0.2, 0.3], "texture": "#0"},
				"south": {"uv": [0, 0, 0.1, 0.3], "texture": "#0"},
				"west": {"uv": [0, 0, 0.2, 0.3], "texture": "#0"},
				"up": {"uv": [0, 0, 0.2, 0.1], "rotation": 90, "texture": "#0"},
				"down": {"uv": [0, 0, 0.2, 0.1], "rotation": 270, "texture": "#0"}
			}
		},
		{
			"from": [7.95, 5.13847, 11.99776],
			"to": [8.05, 5.43847, 12.19776],
			"rotation": {"angle": -22.5, "axis": "x", "origin": [8, 5.28847, 12.09776]},
			"faces": {
				"north": {"uv": [0, 0, 0.1, 0.3], "texture": "#0"},
				"east": {"uv": [0, 0, 0.2, 0.3], "texture": "#0"},
				"south": {"uv": [0, 0, 0.1, 0.3], "texture": "#0"},
				"west": {"uv": [0, 0, 0.2, 0.3], "texture": "#0"},
				"up": {"uv": [0, 0, 0.2, 0.1], "rotation": 90, "texture": "#0"},
				"down": {"uv": [0, 0, 0.2, 0.1], "rotation": 270, "texture": "#0"}
			}
		},
		{
			"from": [7.75, 4.8826, 9.81142],
			"to": [8.05, 5.1826, 9.86142],
			"rotation": {"angle": -22.5, "axis": "x", "origin": [7.95, 8.1426, 10.86142]},
			"faces": {
				"north": {"uv": [0, 0, 0.3, 0.3], "texture": "#0"},
				"east": {"uv": [0, 0, 0.05, 0.3], "texture": "#0"},
				"south": {"uv": [0, 0, 0.3, 0.3], "texture": "#0"},
				"west": {"uv": [0, 0, 0.05, 0.3], "texture": "#0"},
				"up": {"uv": [0, 0, 0.3, 0.05], "texture": "#0"},
				"down": {"uv": [0, 0, 0.3, 0.05], "texture": "#0"}
			}
		},
		{
			"from": [7.75, 4.8826, 10.01142],
			"to": [8.05, 5.1826, 10.06142],
			"rotation": {"angle": -22.5, "axis": "x", "origin": [7.95, 8.1426, 10.86142]},
			"faces": {
				"north": {"uv": [0, 0, 0.3, 0.3], "texture": "#0"},
				"east": {"uv": [0, 0, 0.05, 0.3], "texture": "#0"},
				"south": {"uv": [0, 0, 0.3, 0.3], "texture": "#0"},
				"west": {"uv": [0, 0, 0.05, 0.3], "texture": "#0"},
				"up": {"uv": [0, 0, 0.3, 0.05], "texture": "#0"},
				"down": {"uv": [0, 0, 0.3, 0.05], "texture": "#0"}
			}
		},
		{
			"from": [7.75, 4.8826, 10.11142],
			"to": [8.05, 5.1826, 10.16142],
			"rotation": {"angle": -22.5, "axis": "x", "origin": [7.95, 8.1426, 10.86142]},
			"faces": {
				"north": {"uv": [0, 0, 0.3, 0.3], "texture": "#0"},
				"east": {"uv": [0, 0, 0.05, 0.3], "texture": "#0"},
				"south": {"uv": [0, 0, 0.3, 0.3], "texture": "#0"},
				"west": {"uv": [0, 0, 0.05, 0.3], "texture": "#0"},
				"up": {"uv": [0, 0, 0.3, 0.05], "texture": "#0"},
				"down": {"uv": [0, 0, 0.3, 0.05], "texture": "#0"}
			}
		},
		{
			"from": [7.7, 4.94, 10.25],
			"to": [8.3, 5.24, 10.3],
			"rotation": {"angle": -22.5, "axis": "x", "origin": [7.9, 8.2, 11]},
			"faces": {
				"north": {"uv": [0, 0, 0.6, 0.3], "texture": "#0"},
				"east": {"uv": [0, 0, 0.05, 0.3], "texture": "#0"},
				"south": {"uv": [0, 0, 0.6, 0.3], "texture": "#0"},
				"west": {"uv": [0, 0, 0.05, 0.3], "texture": "#0"},
				"up": {"uv": [0, 0, 0.6, 0.05], "texture": "#0"},
				"down": {"uv": [0, 0, 0.6, 0.05], "texture": "#0"}
			}
		},
		{
			"from": [7.7, 4.94, 10.35],
			"to": [8.3, 5.24, 10.45],
			"rotation": {"angle": -22.5, "axis": "x", "origin": [7.9, 8.2, 11]},
			"faces": {
				"north": {"uv": [0, 0, 0.6, 0.3], "texture": "#0"},
				"east": {"uv": [0, 0, 0.1, 0.3], "texture": "#0"},
				"south": {"uv": [0, 0, 0.6, 0.3], "texture": "#0"},
				"west": {"uv": [0, 0, 0.1, 0.3], "texture": "#0"},
				"up": {"uv": [0, 0, 0.6, 0.1], "texture": "#0"},
				"down": {"uv": [0, 0, 0.6, 0.1], "texture": "#0"}
			}
		},
		{
			"from": [7.7, 4.94, 10.55],
			"to": [8.3, 5.24, 10.65],
			"rotation": {"angle": -22.5, "axis": "x", "origin": [7.9, 8.2, 11]},
			"faces": {
				"north": {"uv": [0, 0, 0.6, 0.3], "texture": "#0"},
				"east": {"uv": [0, 0, 0.1, 0.3], "texture": "#0"},
				"south": {"uv": [0, 0, 0.6, 0.3], "texture": "#0"},
				"west": {"uv": [0, 0, 0.1, 0.3], "texture": "#0"},
				"up": {"uv": [0, 0, 0.6, 0.1], "texture": "#0"},
				"down": {"uv": [0, 0, 0.6, 0.1], "texture": "#0"}
			}
		},
		{
			"from": [7.7, 4.94, 10.75],
			"to": [8.3, 5.24, 10.85],
			"rotation": {"angle": -22.5, "axis": "x", "origin": [7.9, 8.2, 11]},
			"faces": {
				"north": {"uv": [0, 0, 0.6, 0.3], "texture": "#0"},
				"east": {"uv": [0, 0, 0.1, 0.3], "texture": "#0"},
				"south": {"uv": [0, 0, 0.6, 0.3], "texture": "#0"},
				"west": {"uv": [0, 0, 0.1, 0.3], "texture": "#0"},
				"up": {"uv": [0, 0, 0.6, 0.1], "texture": "#0"},
				"down": {"uv": [0, 0, 0.6, 0.1], "texture": "#0"}
			}
		},
		{
			"from": [7.7, 4.94, 10.95],
			"to": [8.3, 5.24, 11.05],
			"rotation": {"angle": -22.5, "axis": "x", "origin": [7.9, 8.2, 11]},
			"faces": {
				"north": {"uv": [0, 0, 0.6, 0.3], "texture": "#0"},
				"east": {"uv": [0, 0, 0.1, 0.3], "texture": "#0"},
				"south": {"uv": [0, 0, 0.6, 0.3], "texture": "#0"},
				"west": {"uv": [0, 0, 0.1, 0.3], "texture": "#0"},
				"up": {"uv": [0, 0, 0.6, 0.1], "texture": "#0"},
				"down": {"uv": [0, 0, 0.6, 0.1], "texture": "#0"}
			}
		},
		{
			"from": [7.5, 5.21653, 11.98992],
			"to": [8.5, 5.81653, 12.28992],
			"rotation": {"angle": 0, "axis": "y", "origin": [7.9, 6.01653, 12.13992]},
			"faces": {
				"north": {"uv": [0, 0, 1, 0.6], "rotation": 180, "texture": "#0"},
				"east": {"uv": [0, 0, 0.6, 0.3], "rotation": 270, "texture": "#0"},
				"south": {"uv": [0, 0, 1, 0.6], "texture": "#0"},
				"west": {"uv": [0, 0, 0.6, 0.3], "rotation": 90, "texture": "#0"},
				"up": {"uv": [0, 0, 1, 0.3], "rotation": 180, "texture": "#0"},
				"down": {"uv": [0, 0, 1, 0.3], "texture": "#0"}
			}
		},
		{
			"from": [7.5, 5.69823, 11.69519],
			"to": [8.5, 6.59823, 11.99519],
			"rotation": {"angle": -22.5, "axis": "x", "origin": [7.9, 6.49823, 11.84519]},
			"faces": {
				"north": {"uv": [0, 0, 1, 0.9], "rotation": 180, "texture": "#0"},
				"east": {"uv": [0, 0, 0.9, 0.3], "rotation": 270, "texture": "#0"},
				"south": {"uv": [0, 0, 1, 0.9], "texture": "#0"},
				"west": {"uv": [0, 0, 0.9, 0.3], "rotation": 90, "texture": "#0"},
				"up": {"uv": [0, 0, 1, 0.3], "rotation": 180, "texture": "#0"},
				"down": {"uv": [0, 0, 1, 0.3], "texture": "#0"}
			}
		},
		{
			"from": [7.5, 5.39823, 10.44519],
			"to": [8.5, 7.89823, 10.74519],
			"rotation": {"angle": -22.5, "axis": "x", "origin": [7.9, 6.49823, 11.84519]},
			"faces": {
				"north": {"uv": [0, 0, 1, 2.5], "rotation": 180, "texture": "#0"},
				"east": {"uv": [0, 0, 2.5, 0.3], "rotation": 270, "texture": "#0"},
				"south": {"uv": [0, 0, 1, 2.5], "texture": "#0"},
				"west": {"uv": [0, 0, 2.5, 0.3], "rotation": 90, "texture": "#0"},
				"up": {"uv": [0, 0, 1, 0.3], "rotation": 180, "texture": "#0"},
				"down": {"uv": [0, 0, 1, 0.3], "texture": "#0"}
			}
		},
		{
			"from": [7.5, 4.8814, 10.6969],
			"to": [8.5, 5.6314, 10.9969],
			"rotation": {"angle": 0, "axis": "y", "origin": [7.9, 6.1314, 10.8469]},
			"faces": {
				"north": {"uv": [0, 0, 1, 0.75], "rotation": 180, "texture": "#0"},
				"east": {"uv": [0, 0, 0.75, 0.3], "rotation": 270, "texture": "#0"},
				"south": {"uv": [0, 0, 1, 0.75], "texture": "#0"},
				"west": {"uv": [0, 0, 0.75, 0.3], "rotation": 90, "texture": "#0"},
				"up": {"uv": [0, 0, 1, 0.3], "rotation": 180, "texture": "#0"},
				"down": {"uv": [0, 0, 1, 0.3], "texture": "#0"}
			}
		},
		{
			"from": [7.5, 6.97057, 9.89108],
			"to": [8.5, 8.12057, 10.39108],
			"rotation": {"angle": 22.5, "axis": "x", "origin": [7.9, 7.12057, 10.26608]},
			"faces": {
				"north": {"uv": [0, 0, 1, 1.15], "rotation": 180, "texture": "#0"},
				"east": {"uv": [0, 0, 0.5, 1.15], "rotation": 180, "texture": "#0"},
				"south": {"uv": [0, 0, 1, 1.15], "rotation": 180, "texture": "#0"},
				"west": {"uv": [0, 0, 0.5, 1.15], "rotation": 180, "texture": "#0"},
				"up": {"uv": [0, 0, 1, 0.5], "texture": "#0"},
				"down": {"uv": [0, 0, 1, 0.5], "texture": "#0"}
			}
		},
		{
			"from": [7.5, 7.67057, 9.14108],
			"to": [8.5, 8.02057, 10.39108],
			"rotation": {"angle": 22.5, "axis": "x", "origin": [7.9, 7.12057, 10.26608]},
			"faces": {
				"north": {"uv": [0, 0, 1, 0.35], "rotation": 180, "texture": "#0"},
				"east": {"uv": [0, 0, 1.25, 0.35], "rotation": 180, "texture": "#0"},
				"south": {"uv": [0, 0, 1, 0.35], "rotation": 180, "texture": "#0"},
				"west": {"uv": [0, 0, 1.25, 0.35], "rotation": 180, "texture": "#0"},
				"up": {"uv": [0, 0, 1, 1.25], "texture": "#0"},
				"down": {"uv": [0, 0, 1, 1.25], "texture": "#0"}
			}
		},
		{
			"from": [7.5, 7.49557, 10.01608],
			"to": [8.5, 7.84557, 10.36608],
			"rotation": {"angle": 0, "axis": "y", "origin": [7.9, 7.12057, 10.26608]},
			"faces": {
				"north": {"uv": [0, 0, 1, 0.35], "rotation": 180, "texture": "#0"},
				"east": {"uv": [0, 0, 0.35, 0.35], "rotation": 90, "texture": "#0"},
				"south": {"uv": [0, 0, 1, 0.35], "texture": "#0"},
				"west": {"uv": [0, 0, 0.35, 0.35], "rotation": 270, "texture": "#0"},
				"up": {"uv": [0, 0, 1, 0.35], "texture": "#0"},
				"down": {"uv": [0, 0, 1, 0.35], "rotation": 180, "texture": "#0"}
			}
		},
		{
			"from": [7.5, 6.30764, 11.12375],
			"to": [8.5, 8.00764, 11.42375],
			"rotation": {"angle": -45, "axis": "x", "origin": [7.9, 7.10764, 11.27375]},
			"faces": {
				"north": {"uv": [0, 0, 1, 1.7], "rotation": 180, "texture": "#0"},
				"east": {"uv": [0, 0, 1.7, 0.3], "rotation": 270, "texture": "#0"},
				"south": {"uv": [0, 0, 1, 1.7], "texture": "#0"},
				"west": {"uv": [0, 0, 1.7, 0.3], "rotation": 90, "texture": "#0"},
				"up": {"uv": [0, 0, 1, 0.3], "rotation": 180, "texture": "#0"},
				"down": {"uv": [0, 0, 1, 0.3], "texture": "#0"}
			}
		},
		{
			"from": [7.5, 7.05764, 10.37375],
			"to": [8.5, 7.35764, 11.07375],
			"rotation": {"angle": 22.5, "axis": "x", "origin": [7.9, 7.10764, 11.27375]},
			"faces": {
				"north": {"uv": [0, 0, 1, 0.3], "texture": "#0"},
				"east": {"uv": [0, 0, 0.7, 0.3], "texture": "#0"},
				"south": {"uv": [0, 0, 1, 0.3], "texture": "#0"},
				"west": {"uv": [0, 0, 0.7, 0.3], "texture": "#0"},
				"up": {"uv": [0, 0, 1, 0.7], "texture": "#0"},
				"down": {"uv": [0, 0, 1, 0.7], "texture": "#0"}
			}
		},
		{
			"from": [7.45, 4.37483, 9.25843],
			"to": [8.55, 4.77483, 10.75843],
			"rotation": {"angle": -22.5, "axis": "x", "origin": [7.95, 4.87483, 10.15843]},
			"faces": {
				"north": {"uv": [0, 0, 1.1, 0.4], "texture": "#3"},
				"east": {"uv": [0, 0, 1.5, 0.4], "texture": "#3"},
				"south": {"uv": [0, 0, 1.1, 0.4], "texture": "#3"},
				"west": {"uv": [0, 0, 1.5, 0.4], "texture": "#3"},
				"up": {"uv": [0, 0, 1.1, 1.5], "texture": "#3"},
				"down": {"uv": [0, 0, 1.1, 1.5], "texture": "#3"}
			}
		},
		{
			"from": [7.85, 4.72483, 10.30843],
			"to": [8.15, 4.82483, 10.50843],
			"rotation": {"angle": -22.5, "axis": "x", "origin": [7.95, 4.87483, 10.15843]},
			"faces": {
				"north": {"uv": [0, 0, 0.3, 0.1], "texture": "#3"},
				"east": {"uv": [0, 0, 0.2, 0.1], "texture": "#3"},
				"south": {"uv": [0, 0, 0.3, 0.1], "texture": "#3"},
				"west": {"uv": [0, 0, 0.2, 0.1], "texture": "#3"},
				"up": {"uv": [0, 0, 0.3, 0.2], "texture": "#3"},
				"down": {"uv": [0, 0, 0.3, 0.2], "texture": "#3"}
			}
		},
		{
			"from": [7.8, 4.82483, 10.20843],
			"to": [8.2, 4.97483, 10.60843],
			"rotation": {"angle": -22.5, "axis": "x", "origin": [7.95, 4.87483, 10.15843]},
			"faces": {
				"north": {"uv": [0, 0, 0.4, 0.15], "texture": "#3"},
				"east": {"uv": [0, 0, 0.4, 0.15], "texture": "#3"},
				"south": {"uv": [0, 0, 0.4, 0.15], "texture": "#3"},
				"west": {"uv": [0, 0, 0.4, 0.15], "texture": "#3"},
				"up": {"uv": [0, 0, 0.4, 0.4], "texture": "#3"},
				"down": {"uv": [0, 0, 0.4, 0.4], "texture": "#3"}
			}
		},
		{
			"from": [7.45, 4.06848, 8.12828],
			"to": [8.55, 4.46848, 9.51828],
			"rotation": {"angle": 0, "axis": "y", "origin": [7.95, 4.56848, 9.02828]},
			"faces": {
				"north": {"uv": [0, 0, 1.1, 0.4], "texture": "#3"},
				"east": {"uv": [0, 0, 1.39, 0.4], "texture": "#3"},
				"south": {"uv": [0, 0, 1.1, 0.4], "texture": "#3"},
				"west": {"uv": [0, 0, 1.39, 0.4], "texture": "#3"},
				"up": {"uv": [0, 0, 1.1, 1.39], "texture": "#3"},
				"down": {"uv": [0, 0, 1.1, 1.39], "texture": "#3"}
			}
		},
		{
			"from": [7.45, 6.51386, 9.8928],
			"to": [8.55, 6.71386, 10.3828],
			"rotation": {"angle": -22.5, "axis": "x", "origin": [7.95, 6.11386, 8.9878]},
			"faces": {
				"north": {"uv": [0, 0, 1.1, 0.2], "texture": "#3"},
				"east": {"uv": [0, 0, 0.49, 0.2], "texture": "#3"},
				"south": {"uv": [0, 0, 1.1, 0.2], "texture": "#3"},
				"west": {"uv": [0, 0, 0.49, 0.2], "texture": "#3"},
				"up": {"uv": [0, 0, 1.1, 0.49], "texture": "#3"},
				"down": {"uv": [0, 0, 1.1, 0.49], "texture": "#3"}
			}
		},
		{
			"from": [7.45, 6.82974, 8.13083],
			"to": [8.55, 7.02974, 9.67083],
			"rotation": {"angle": 0, "axis": "y", "origin": [7.95, 6.42974, 8.27583]},
			"faces": {
				"north": {"uv": [0, 0, 1.1, 0.2], "texture": "#3"},
				"east": {"uv": [0, 0, 1.54, 0.2], "texture": "#3"},
				"south": {"uv": [0, 0, 1.1, 0.2], "texture": "#3"},
				"west": {"uv": [0, 0, 1.54, 0.2], "texture": "#3"},
				"up": {"uv": [0, 0, 1.1, 1.54], "texture": "#3"},
				"down": {"uv": [0, 0, 1.1, 1.54], "texture": "#3"}
			}
		},
		{
			"name": "Trigger",
			"from": [7.85, 7.66334, 9.43923],
			"to": [8.15, 8.30334, 9.63923],
			"rotation": {"angle": -22.5, "axis": "x", "origin": [8.35, 7.93334, 9.53923]},
			"faces": {
				"north": {"uv": [0, 0, 0.3, 0.64], "rotation": 180, "texture": "#3"},
				"east": {"uv": [0, 0, 0.64, 0.2], "rotation": 270, "texture": "#3"},
				"south": {"uv": [0, 0, 0.3, 0.64], "texture": "#3"},
				"west": {"uv": [0, 0, 0.64, 0.2], "rotation": 90, "texture": "#3"},
				"up": {"uv": [0, 0, 0.3, 0.2], "rotation": 180, "texture": "#3"},
				"down": {"uv": [0, 0, 0.3, 0.2], "texture": "#3"}
			}
		},
		{
			"name": "Trigger",
			"from": [7.85, 7.32946, 9.44716],
			"to": [8.15, 7.76946, 9.59716],
			"rotation": {"angle": 22.5, "axis": "x", "origin": [8.35, 7.39946, 9.54716]},
			"faces": {
				"north": {"uv": [0, 0, 0.3, 0.44], "rotation": 180, "texture": "#3"},
				"east": {"uv": [0, 0, 0.44, 0.15], "rotation": 270, "texture": "#3"},
				"south": {"uv": [0, 0, 0.3, 0.44], "texture": "#3"},
				"west": {"uv": [0, 0, 0.44, 0.15], "rotation": 90, "texture": "#3"},
				"up": {"uv": [0, 0, 0.3, 0.15], "rotation": 180, "texture": "#3"},
				"down": {"uv": [0, 0, 0.3, 0.15], "texture": "#3"}
			}
		},
		{
			"from": [7.45, 4.22176, 8.10768],
			"to": [8.55, 4.62176, 8.35768],
			"rotation": {"angle": 22.5, "axis": "x", "origin": [7.95, 4.72176, 7.85768]},
			"faces": {
				"north": {"uv": [0, 0, 1.1, 0.4], "texture": "#3"},
				"east": {"uv": [0, 0, 0.25, 0.4], "texture": "#3"},
				"south": {"uv": [0, 0, 1.1, 0.4], "texture": "#3"},
				"west": {"uv": [0, 0, 0.25, 0.4], "texture": "#3"},
				"up": {"uv": [0, 0, 1.1, 0.25], "texture": "#3"},
				"down": {"uv": [0, 0, 1.1, 0.25], "texture": "#3"}
			}
		},
		{
			"from": [7.45, 4.16415, 7.89731],
			"to": [8.55, 8.11415, 8.18731],
			"rotation": {"angle": 0, "axis": "y", "origin": [7.95, 4.61415, 7.89731]},
			"faces": {
				"north": {"uv": [0, 0, 1.1, 3.95], "rotation": 180, "texture": "#3"},
				"east": {"uv": [0, 0, 3.95, 0.29], "rotation": 270, "texture": "#3"},
				"south": {"uv": [0, 0, 1.1, 3.95], "texture": "#3"},
				"west": {"uv": [0, 0, 3.95, 0.29], "rotation": 90, "texture": "#3"},
				"up": {"uv": [0, 0, 1.1, 0.29], "rotation": 180, "texture": "#3"},
				"down": {"uv": [0, 0, 1.1, 0.29], "texture": "#3"}
			}
		},
		{
			"from": [8.2, 10.795, 11.59231],
			"to": [8.4, 13.085, 11.79231],
			"rotation": {"angle": -22.5, "axis": "x", "origin": [8, 11.09, 11.69231]},
			"faces": {
				"north": {"uv": [0, 0, 0.2, 2.29], "rotation": 180, "texture": "#3"},
				"east": {"uv": [0, 0, 0.2, 2.29], "rotation": 180, "texture": "#3"},
				"south": {"uv": [0, 0, 0.2, 2.29], "rotation": 180, "texture": "#3"},
				"west": {"uv": [0, 0, 0.2, 2.29], "rotation": 180, "texture": "#3"},
				"up": {"uv": [0, 0, 0.2, 0.2], "texture": "#3"},
				"down": {"uv": [0, 0, 0.2, 0.2], "texture": "#3"}
			}
		},
		{
			"from": [7.6, 10.90694, 11.56096],
			"to": [8.3, 11.34694, 11.66096],
			"rotation": {"angle": -22.5, "axis": "x", "origin": [7.9, 11.20194, 11.56096]},
			"faces": {
				"north": {"uv": [0, 0, 0.7, 0.44], "rotation": 180, "texture": "#3"},
				"east": {"uv": [0, 0, 0.1, 0.44], "rotation": 180, "texture": "#3"},
				"south": {"uv": [0, 0, 0.7, 0.44], "rotation": 180, "texture": "#3"},
				"west": {"uv": [0, 0, 0.1, 0.44], "rotation": 180, "texture": "#3"},
				"up": {"uv": [0, 0, 0.7, 0.1], "texture": "#3"},
				"down": {"uv": [0, 0, 0.7, 0.1], "texture": "#3"}
			}
		},
		{
			"from": [7.6, 10.90694, 11.56096],
			"to": [7.9, 12.09694, 11.66096],
			"rotation": {"angle": -22.5, "axis": "x", "origin": [7.9, 11.20194, 11.56096]},
			"faces": {
				"north": {"uv": [0, 0, 0.3, 1.19], "rotation": 180, "texture": "#3"},
				"east": {"uv": [0, 0, 0.1, 1.19], "rotation": 180, "texture": "#3"},
				"south": {"uv": [0, 0, 0.3, 1.19], "rotation": 180, "texture": "#3"},
				"west": {"uv": [0, 0, 0.1, 1.19], "rotation": 180, "texture": "#3"},
				"up": {"uv": [0, 0, 0.3, 0.1], "texture": "#3"},
				"down": {"uv": [0, 0, 0.3, 0.1], "texture": "#3"}
			}
		},
		{
			"from": [8.1, 10.90694, 11.56096],
			"to": [8.4, 12.09694, 11.66096],
			"rotation": {"angle": -22.5, "axis": "x", "origin": [7.9, 11.20194, 11.56096]},
			"faces": {
				"north": {"uv": [0, 0, 0.3, 1.19], "rotation": 180, "texture": "#3"},
				"east": {"uv": [0, 0, 0.1, 1.19], "rotation": 180, "texture": "#3"},
				"south": {"uv": [0, 0, 0.3, 1.19], "rotation": 180, "texture": "#3"},
				"west": {"uv": [0, 0, 0.1, 1.19], "rotation": 180, "texture": "#3"},
				"up": {"uv": [0, 0, 0.3, 0.1], "texture": "#3"},
				"down": {"uv": [0, 0, 0.3, 0.1], "texture": "#3"}
			}
		},
		{
			"from": [7.6, 12.00694, 11.56096],
			"to": [8.3, 12.69694, 11.66096],
			"rotation": {"angle": -22.5, "axis": "x", "origin": [7.9, 11.20194, 11.56096]},
			"faces": {
				"north": {"uv": [0, 0, 0.7, 0.69], "rotation": 180, "texture": "#3"},
				"east": {"uv": [0, 0, 0.1, 0.69], "rotation": 180, "texture": "#3"},
				"south": {"uv": [0, 0, 0.7, 0.69], "rotation": 180, "texture": "#3"},
				"west": {"uv": [0, 0, 0.1, 0.69], "rotation": 180, "texture": "#3"},
				"up": {"uv": [0, 0, 0.7, 0.1], "texture": "#3"},
				"down": {"uv": [0, 0, 0.7, 0.1], "texture": "#3"}
			}
		},
		{
			"from": [7.6, 10.795, 11.59231],
			"to": [7.8, 13.085, 11.79231],
			"rotation": {"angle": -22.5, "axis": "x", "origin": [8, 11.09, 11.69231]},
			"faces": {
				"north": {"uv": [0, 0, 0.2, 2.29], "rotation": 180, "texture": "#3"},
				"east": {"uv": [0, 0, 0.2, 2.29], "rotation": 180, "texture": "#3"},
				"south": {"uv": [0, 0, 0.2, 2.29], "rotation": 180, "texture": "#3"},
				"west": {"uv": [0, 0, 0.2, 2.29], "rotation": 180, "texture": "#3"},
				"up": {"uv": [0, 0, 0.2, 0.2], "texture": "#3"},
				"down": {"uv": [0, 0, 0.2, 0.2], "texture": "#3"}
			}
		},
		{
			"from": [8.2, 10.68141, 10.48124],
			"to": [8.4, 12.97141, 10.68124],
			"rotation": {"angle": 0, "axis": "y", "origin": [8, 10.97641, 10.58124]},
			"faces": {
				"north": {"uv": [0, 0, 0.2, 2.29], "rotation": 180, "texture": "#3"},
				"east": {"uv": [0, 0, 0.2, 2.29], "rotation": 180, "texture": "#3"},
				"south": {"uv": [0, 0, 0.2, 2.29], "rotation": 180, "texture": "#3"},
				"west": {"uv": [0, 0, 0.2, 2.29], "rotation": 180, "texture": "#3"},
				"up": {"uv": [0, 0, 0.2, 0.2], "texture": "#3"},
				"down": {"uv": [0, 0, 0.2, 0.2], "texture": "#3"}
			}
		},
		{
			"from": [7.6, 10.68141, 10.48124],
			"to": [7.8, 12.97141, 10.68124],
			"rotation": {"angle": 0, "axis": "y", "origin": [8, 10.97641, 10.58124]},
			"faces": {
				"north": {"uv": [0, 0, 0.2, 2.29], "rotation": 180, "texture": "#3"},
				"east": {"uv": [0, 0, 0.2, 2.29], "rotation": 180, "texture": "#3"},
				"south": {"uv": [0, 0, 0.2, 2.29], "rotation": 180, "texture": "#3"},
				"west": {"uv": [0, 0, 0.2, 2.29], "rotation": 180, "texture": "#3"},
				"up": {"uv": [0, 0, 0.2, 0.2], "texture": "#3"},
				"down": {"uv": [0, 0, 0.2, 0.2], "texture": "#3"}
			}
		},
		{
			"from": [7.6, 10.68141, 10.58124],
			"to": [8.3, 11.22141, 10.68124],
			"rotation": {"angle": 0, "axis": "y", "origin": [8, 10.97641, 10.58124]},
			"faces": {
				"north": {"uv": [0, 0, 0.7, 0.54], "rotation": 180, "texture": "#3"},
				"east": {"uv": [0, 0, 0.1, 0.54], "rotation": 180, "texture": "#3"},
				"south": {"uv": [0, 0, 0.7, 0.54], "rotation": 180, "texture": "#3"},
				"west": {"uv": [0, 0, 0.1, 0.54], "rotation": 180, "texture": "#3"},
				"up": {"uv": [0, 0, 0.7, 0.1], "texture": "#3"},
				"down": {"uv": [0, 0, 0.7, 0.1], "texture": "#3"}
			}
		},
		{
			"from": [7.6, 12.48141, 10.58124],
			"to": [8.3, 12.62141, 11.08124],
			"rotation": {"angle": 0, "axis": "y", "origin": [8, 10.97641, 10.58124]},
			"faces": {
				"north": {"uv": [0, 0, 0.7, 0.14], "rotation": 180, "texture": "#3"},
				"east": {"uv": [0, 0, 0.5, 0.14], "rotation": 180, "texture": "#3"},
				"south": {"uv": [0, 0, 0.7, 0.14], "rotation": 180, "texture": "#3"},
				"west": {"uv": [0, 0, 0.5, 0.14], "rotation": 180, "texture": "#3"},
				"up": {"uv": [0, 0, 0.7, 0.5], "texture": "#3"},
				"down": {"uv": [0, 0, 0.7, 0.5], "texture": "#3"}
			}
		},
		{
			"from": [7.85, 10.98141, 4.53124],
			"to": [8.15, 12.37141, 4.63124],
			"rotation": {"angle": -45, "axis": "x", "origin": [8, 11.82641, 5.33124]},
			"faces": {
				"north": {"uv": [0, 0, 0.3, 1.39], "rotation": 180, "texture": "#3"},
				"east": {"uv": [0, 0, 0.1, 1.39], "rotation": 180, "texture": "#3"},
				"south": {"uv": [0, 0, 0.3, 1.39], "rotation": 180, "texture": "#3"},
				"west": {"uv": [0, 0, 0.1, 1.39], "rotation": 180, "texture": "#3"},
				"up": {"uv": [0, 0, 0.3, 0.1], "texture": "#3"},
				"down": {"uv": [0, 0, 0.3, 0.1], "texture": "#3"}
			}
		},
		{
			"from": [7.85, 11.70373, 4.52785],
			"to": [8.15, 11.99373, 4.62785],
			"rotation": {"angle": -22.5, "axis": "x", "origin": [8, 11.44873, 5.32785]},
			"faces": {
				"north": {"uv": [0, 0, 0.3, 0.29], "rotation": 180, "texture": "#3"},
				"east": {"uv": [0, 0, 0.1, 0.29], "rotation": 180, "texture": "#3"},
				"south": {"uv": [0, 0, 0.3, 0.29], "rotation": 180, "texture": "#3"},
				"west": {"uv": [0, 0, 0.1, 0.29], "rotation": 180, "texture": "#3"},
				"up": {"uv": [0, 0, 0.3, 0.1], "texture": "#3"},
				"down": {"uv": [0, 0, 0.3, 0.1], "texture": "#3"}
			}
		},
		{
			"from": [7.85, 11.12644, 4.48355],
			"to": [8.15, 11.41644, 4.58355],
			"rotation": {"angle": 0, "axis": "y", "origin": [8, 11.27144, 4.53355]},
			"faces": {
				"north": {"uv": [0, 0, 0.3, 0.29], "rotation": 180, "texture": "#3"},
				"east": {"uv": [0, 0, 0.1, 0.29], "rotation": 180, "texture": "#3"},
				"south": {"uv": [0, 0, 0.3, 0.29], "rotation": 180, "texture": "#3"},
				"west": {"uv": [0, 0, 0.1, 0.29], "rotation": 180, "texture": "#3"},
				"up": {"uv": [0, 0, 0.3, 0.1], "texture": "#3"},
				"down": {"uv": [0, 0, 0.3, 0.1], "texture": "#3"}
			}
		},
		{
			"from": [8.3, 12.02, -1.99],
			"to": [8.4, 12.32, -1.71],
			"rotation": {"angle": 0, "axis": "y", "origin": [8, 11.27, -1.445]},
			"faces": {
				"north": {"uv": [0, 0, 0.1, 0.3], "rotation": 180, "texture": "#3"},
				"east": {"uv": [0, 0, 0.3, 0.28], "rotation": 90, "texture": "#3"},
				"south": {"uv": [0, 0, 0.1, 0.3], "texture": "#3"},
				"west": {"uv": [0, 0, 0.3, 0.28], "rotation": 270, "texture": "#3"},
				"up": {"uv": [0, 0, 0.1, 0.28], "texture": "#3"},
				"down": {"uv": [0, 0, 0.1, 0.28], "rotation": 180, "texture": "#3"}
			}
		},
		{
			"from": [7.6, 12.02, -1.99],
			"to": [7.7, 12.32, -1.71],
			"rotation": {"angle": 0, "axis": "y", "origin": [8, 11.27, -1.445]},
			"faces": {
				"north": {"uv": [0, 0, 0.1, 0.3], "rotation": 180, "texture": "#3"},
				"east": {"uv": [0, 0, 0.3, 0.28], "rotation": 90, "texture": "#3"},
				"south": {"uv": [0, 0, 0.1, 0.3], "texture": "#3"},
				"west": {"uv": [0, 0, 0.3, 0.28], "rotation": 270, "texture": "#3"},
				"up": {"uv": [0, 0, 0.1, 0.28], "texture": "#3"},
				"down": {"uv": [0, 0, 0.1, 0.28], "rotation": 180, "texture": "#3"}
			}
		},
		{
			"from": [7.6, 12.02, -1.9],
			"to": [8.4, 12.07, -1.71],
			"rotation": {"angle": 0, "axis": "y", "origin": [8, 11.27, -1.455]},
			"faces": {
				"north": {"uv": [0, 0, 0.8, 0.05], "rotation": 180, "texture": "#3"},
				"east": {"uv": [0, 0, 0.05, 0.19], "rotation": 90, "texture": "#3"},
				"south": {"uv": [0, 0, 0.8, 0.05], "texture": "#3"},
				"west": {"uv": [0, 0, 0.05, 0.19], "rotation": 270, "texture": "#3"},
				"up": {"uv": [0, 0, 0.8, 0.19], "texture": "#3"},
				"down": {"uv": [0, 0, 0.8, 0.19], "rotation": 180, "texture": "#3"}
			}
		},
		{
			"from": [7.95, 12.02, -1.9],
			"to": [8.05, 12.52, -1.77],
			"rotation": {"angle": 0, "axis": "y", "origin": [8, 11.27, -1.455]},
			"faces": {
				"north": {"uv": [0, 0, 0.1, 0.5], "rotation": 180, "texture": "#3"},
				"east": {"uv": [0, 0, 0.5, 0.13], "rotation": 90, "texture": "#3"},
				"south": {"uv": [0, 0, 0.1, 0.5], "texture": "#3"},
				"west": {"uv": [0, 0, 0.5, 0.13], "rotation": 270, "texture": "#3"},
				"up": {"uv": [0, 0, 0.1, 0.13], "texture": "#3"},
				"down": {"uv": [0, 0, 0.1, 0.13], "rotation": 180, "texture": "#3"}
			}
		},
		{
			"from": [7.9, 12.02, -1.9],
			"to": [8.1, 12.27, -1.77],
			"rotation": {"angle": 0, "axis": "y", "origin": [8.05, 11.27, -1.455]},
			"faces": {
				"north": {"uv": [0, 0, 0.2, 0.25], "rotation": 180, "texture": "#3"},
				"east": {"uv": [0, 0, 0.25, 0.13], "rotation": 90, "texture": "#3"},
				"south": {"uv": [0, 0, 0.2, 0.25], "texture": "#3"},
				"west": {"uv": [0, 0, 0.25, 0.13], "rotation": 270, "texture": "#3"},
				"up": {"uv": [0, 0, 0.2, 0.13], "texture": "#3"},
				"down": {"uv": [0, 0, 0.2, 0.13], "rotation": 180, "texture": "#3"}
			}
		},
		{
			"from": [7.6, 10.82, -1.9],
			"to": [8.4, 11.22, -1.31],
			"rotation": {"angle": 0, "axis": "y", "origin": [8, 11.27, -1.455]},
			"faces": {
				"north": {"uv": [0, 0, 0.8, 0.4], "rotation": 180, "texture": "#3"},
				"east": {"uv": [0, 0, 0.4, 0.59], "rotation": 90, "texture": "#3"},
				"south": {"uv": [0, 0, 0.8, 0.4], "texture": "#3"},
				"west": {"uv": [0, 0, 0.4, 0.59], "rotation": 270, "texture": "#3"},
				"up": {"uv": [0, 0, 0.8, 0.59], "texture": "#3"},
				"down": {"uv": [0, 0, 0.8, 0.59], "rotation": 180, "texture": "#3"}
			}
		},
		{
			"from": [7.6, 11.22, -1.9],
			"to": [8.4, 11.52, -1.41],
			"rotation": {"angle": 0, "axis": "y", "origin": [8, 11.27, -1.455]},
			"faces": {
				"north": {"uv": [0, 0, 0.8, 0.3], "rotation": 180, "texture": "#3"},
				"east": {"uv": [0, 0, 0.3, 0.49], "rotation": 90, "texture": "#3"},
				"south": {"uv": [0, 0, 0.8, 0.3], "texture": "#3"},
				"west": {"uv": [0, 0, 0.3, 0.49], "rotation": 270, "texture": "#3"},
				"up": {"uv": [0, 0, 0.8, 0.49], "texture": "#3"},
				"down": {"uv": [0, 0, 0.8, 0.49], "rotation": 180, "texture": "#3"}
			}
		},
		{
			"from": [7.6, 11.52, -1.9],
			"to": [8.4, 11.61, -1.51],
			"rotation": {"angle": 0, "axis": "y", "origin": [8, 11.27, -1.455]},
			"faces": {
				"north": {"uv": [0, 0, 0.8, 0.09], "rotation": 180, "texture": "#3"},
				"east": {"uv": [0, 0, 0.09, 0.39], "rotation": 90, "texture": "#3"},
				"south": {"uv": [0, 0, 0.8, 0.09], "texture": "#3"},
				"west": {"uv": [0, 0, 0.09, 0.39], "rotation": 270, "texture": "#3"},
				"up": {"uv": [0, 0, 0.8, 0.39], "texture": "#3"},
				"down": {"uv": [0, 0, 0.8, 0.39], "rotation": 180, "texture": "#3"}
			}
		},
		{
			"from": [7.6, 11.37, -1.79],
			"to": [8.4, 12.06, -1.61],
			"rotation": {"angle": 0, "axis": "y", "origin": [8, 11.565, -1.705]},
			"faces": {
				"north": {"uv": [0, 0, 0.8, 0.69], "rotation": 180, "texture": "#3"},
				"east": {"uv": [0, 0, 0.18, 0.69], "rotation": 180, "texture": "#3"},
				"south": {"uv": [0, 0, 0.8, 0.69], "rotation": 180, "texture": "#3"},
				"west": {"uv": [0, 0, 0.18, 0.69], "rotation": 180, "texture": "#3"},
				"up": {"uv": [0, 0, 0.8, 0.18], "texture": "#3"},
				"down": {"uv": [0, 0, 0.8, 0.18], "texture": "#3"}
			}
		},
		{
			"from": [7.6, 10.74581, -1.46807],
			"to": [8.4, 11.04581, -1.27807],
			"rotation": {"angle": 0, "axis": "y", "origin": [8, 11.19581, -1.42307]},
			"faces": {
				"north": {"uv": [0, 0, 0.8, 0.3], "rotation": 180, "texture": "#3"},
				"east": {"uv": [0, 0, 0.3, 0.19], "rotation": 90, "texture": "#3"},
				"south": {"uv": [0, 0, 0.8, 0.3], "texture": "#3"},
				"west": {"uv": [0, 0, 0.3, 0.19], "rotation": 270, "texture": "#3"},
				"up": {"uv": [0, 0, 0.8, 0.19], "texture": "#3"},
				"down": {"uv": [0, 0, 0.8, 0.19], "rotation": 180, "texture": "#3"}
			}
		},
		{
			"from": [8.3, 10.56967, -1.62151],
			"to": [8.4, 11.95967, -1.42151],
			"rotation": {"angle": -22.5, "axis": "x", "origin": [8, 11.41467, -2.47151]},
			"faces": {
				"north": {"uv": [0, 0, 0.1, 1.39], "texture": "#3"},
				"east": {"uv": [0, 0, 0.2, 1.39], "texture": "#3"},
				"south": {"uv": [0, 0, 0.1, 1.39], "texture": "#3"},
				"west": {"uv": [0, 0, 0.2, 1.39], "texture": "#3"},
				"up": {"uv": [0, 0, 0.1, 0.2], "texture": "#3"},
				"down": {"uv": [0, 0, 0.1, 0.2], "texture": "#3"}
			}
		},
		{
			"from": [7.6, 10.56967, -1.62151],
			"to": [7.7, 11.95967, -1.42151],
			"rotation": {"angle": -22.5, "axis": "x", "origin": [8, 11.41467, -2.47151]},
			"faces": {
				"north": {"uv": [0, 0, 0.1, 1.39], "texture": "#3"},
				"east": {"uv": [0, 0, 0.2, 1.39], "texture": "#3"},
				"south": {"uv": [0, 0, 0.1, 1.39], "texture": "#3"},
				"west": {"uv": [0, 0, 0.2, 1.39], "texture": "#3"},
				"up": {"uv": [0, 0, 0.1, 0.2], "texture": "#3"},
				"down": {"uv": [0, 0, 0.1, 0.2], "texture": "#3"}
			}
		},
		{
			"from": [7.6, 10.56967, -1.62151],
			"to": [8.4, 11.70967, -1.42151],
			"rotation": {"angle": -22.5, "axis": "x", "origin": [8, 11.41467, -2.47151]},
			"faces": {
				"north": {"uv": [0, 0, 0.8, 1.14], "texture": "#3"},
				"east": {"uv": [0, 0, 0.2, 1.14], "texture": "#3"},
				"south": {"uv": [0, 0, 0.8, 1.14], "texture": "#3"},
				"west": {"uv": [0, 0, 0.2, 1.14], "texture": "#3"},
				"up": {"uv": [0, 0, 0.8, 0.2], "texture": "#3"},
				"down": {"uv": [0, 0, 0.8, 0.2], "texture": "#3"}
			}
		},
		{
			"from": [7.6, 10.83, -1.99],
			"to": [8.4, 12.02, -1.89],
			"rotation": {"angle": 0, "axis": "y", "origin": [8, 11.675, -2.95]},
			"faces": {
				"north": {"uv": [0, 0, 0.8, 1.19], "texture": "#3"},
				"east": {"uv": [0, 0, 0.1, 1.19], "texture": "#3"},
				"south": {"uv": [0, 0, 0.8, 1.19], "texture": "#3"},
				"west": {"uv": [0, 0, 0.1, 1.19], "texture": "#3"},
				"up": {"uv": [0, 0, 0.8, 0.1], "texture": "#3"},
				"down": {"uv": [0, 0, 0.8, 0.1], "texture": "#3"}
			}
		},
		{
			"name": "Barrel Base",
			"from": [7.6, 9.67, -2.1],
			"to": [8.4, 10.67, -2],
			"rotation": {"angle": 0, "axis": "y", "origin": [8, 11.675, -2.95]},
			"faces": {
				"north": {"uv": [0, 0, 0.8, 1], "texture": "#3"},
				"east": {"uv": [0, 0, 0.1, 1], "texture": "#3"},
				"south": {"uv": [0, 0, 0.8, 1], "texture": "#3"},
				"west": {"uv": [0, 0, 0.1, 1], "texture": "#3"},
				"up": {"uv": [0, 0, 0.8, 0.1], "texture": "#3"},
				"down": {"uv": [0, 0, 0.8, 0.1], "texture": "#3"}
			}
		},
		{
			"name": "Barrel Base",
			"from": [8.2, 8.67, -2.1],
			"to": [8.6, 10.67, -2],
			"rotation": {"angle": 0, "axis": "y", "origin": [8, 11.675, -2.95]},
			"faces": {
				"north": {"uv": [0, 0, 0.4, 2], "texture": "#3"},
				"east": {"uv": [0, 0, 0.1, 2], "texture": "#3"},
				"south": {"uv": [0, 0, 0.4, 2], "texture": "#3"},
				"west": {"uv": [0, 0, 0.1, 2], "texture": "#3"},
				"up": {"uv": [0, 0, 0.4, 0.1], "texture": "#3"},
				"down": {"uv": [0, 0, 0.4, 0.1], "texture": "#3"}
			}
		},
		{
			"name": "Barrel Base",
			"from": [7.5, 8.67, -2.1],
			"to": [7.8, 10.67, -2],
			"rotation": {"angle": 0, "axis": "y", "origin": [7.4, 11.675, -2.95]},
			"faces": {
				"north": {"uv": [0, 0, 0.3, 2], "texture": "#3"},
				"east": {"uv": [0, 0, 0.1, 2], "texture": "#3"},
				"south": {"uv": [0, 0, 0.3, 2], "texture": "#3"},
				"west": {"uv": [0, 0, 0.1, 2], "texture": "#3"},
				"up": {"uv": [0, 0, 0.3, 0.1], "texture": "#3"},
				"down": {"uv": [0, 0, 0.3, 0.1], "texture": "#3"}
			}
		},
		{
			"name": "Barrel Base",
			"from": [7.6, 8.67, -2.1],
			"to": [8.4, 9.17, -2],
			"rotation": {"angle": 0, "axis": "y", "origin": [8, 11.675, -2.95]},
			"faces": {
				"north": {"uv": [0, 0, 0.8, 0.5], "texture": "#3"},
				"east": {"uv": [0, 0, 0.1, 0.5], "texture": "#3"},
				"south": {"uv": [0, 0, 0.8, 0.5], "texture": "#3"},
				"west": {"uv": [0, 0, 0.1, 0.5], "texture": "#3"},
				"up": {"uv": [0, 0, 0.8, 0.1], "texture": "#3"},
				"down": {"uv": [0, 0, 0.8, 0.1], "texture": "#3"}
			}
		},
		{
			"name": "Barrel Base",
			"from": [7.85, 10.07, -2.45],
			"to": [8.15, 10.37, -2.1],
			"rotation": {"angle": 0, "axis": "y", "origin": [8, 11.675, -2.95]},
			"faces": {
				"north": {"uv": [0, 0, 0.3, 0.3], "texture": "#3"},
				"east": {"uv": [0, 0, 0.35, 0.3], "texture": "#3"},
				"south": {"uv": [0, 0, 0.3, 0.3], "texture": "#3"},
				"west": {"uv": [0, 0, 0.35, 0.3], "texture": "#3"},
				"up": {"uv": [0, 0, 0.3, 0.35], "texture": "#3"},
				"down": {"uv": [0, 0, 0.3, 0.35], "texture": "#3"}
			}
		},
		{
			"name": "Barrel Base",
			"from": [7.6, 9.62, -4.25],
			"to": [8.4, 9.82, -2.1],
			"rotation": {"angle": 0, "axis": "y", "origin": [8, 11.675, -2.95]},
			"faces": {
				"north": {"uv": [0, 0, 0.8, 0.2], "texture": "#3"},
				"east": {"uv": [0, 0, 2.15, 0.2], "texture": "#3"},
				"south": {"uv": [0, 0, 0.8, 0.2], "texture": "#3"},
				"west": {"uv": [0, 0, 2.15, 0.2], "texture": "#3"},
				"up": {"uv": [0, 0, 0.8, 2.15], "texture": "#3"},
				"down": {"uv": [0, 0, 0.8, 2.15], "texture": "#3"}
			}
		},
		{
			"name": "Barrel Base",
			"from": [7.6, 9.02, -4.25],
			"to": [7.8, 9.82, -2.1],
			"rotation": {"angle": 0, "axis": "y", "origin": [7.65, 9.57, -3.05]},
			"faces": {
				"north": {"uv": [0, 0, 0.8, 0.2], "rotation": 270, "texture": "#3"},
				"east": {"uv": [0, 0, 0.8, 2.15], "rotation": 90, "texture": "#3"},
				"south": {"uv": [0, 0, 0.8, 0.2], "rotation": 90, "texture": "#3"},
				"west": {"uv": [0, 0, 0.8, 2.15], "rotation": 90, "texture": "#3"},
				"up": {"uv": [0, 0, 2.15, 0.2], "rotation": 90, "texture": "#3"},
				"down": {"uv": [0, 0, 2.15, 0.2], "rotation": 90, "texture": "#3"}
			}
		},
		{
			"name": "Barrel Base",
			"from": [8.2, 9.02, -4.25],
			"to": [8.4, 9.82, -2.1],
			"rotation": {"angle": 0, "axis": "y", "origin": [8.35, 9.57, -3.05]},
			"faces": {
				"north": {"uv": [0, 0, 0.8, 0.2], "rotation": 270, "texture": "#3"},
				"east": {"uv": [0, 0, 0.8, 2.15], "rotation": 90, "texture": "#3"},
				"south": {"uv": [0, 0, 0.8, 0.2], "rotation": 90, "texture": "#3"},
				"west": {"uv": [0, 0, 0.8, 2.15], "rotation": 90, "texture": "#3"},
				"up": {"uv": [0, 0, 2.15, 0.2], "rotation": 90, "texture": "#3"},
				"down": {"uv": [0, 0, 2.15, 0.2], "rotation": 90, "texture": "#3"}
			}
		},
		{
			"name": "Barrel Base",
			"from": [7.6, 9.02, -4.25],
			"to": [8.4, 9.22, -2.1],
			"rotation": {"angle": 0, "axis": "y", "origin": [8, 11.675, -2.95]},
			"faces": {
				"north": {"uv": [0, 0, 0.8, 0.2], "texture": "#3"},
				"east": {"uv": [0, 0, 2.15, 0.2], "texture": "#3"},
				"south": {"uv": [0, 0, 0.8, 0.2], "texture": "#3"},
				"west": {"uv": [0, 0, 2.15, 0.2], "texture": "#3"},
				"up": {"uv": [0, 0, 0.8, 2.15], "texture": "#3"},
				"down": {"uv": [0, 0, 0.8, 2.15], "texture": "#3"}
			}
		},
		{
			"from": [7.6, 10.74581, -1.27807],
			"to": [8.4, 11.03581, -1.17807],
			"rotation": {"angle": 0, "axis": "y", "origin": [8, 10.49081, -2.22807]},
			"faces": {
				"north": {"uv": [0, 0, 0.8, 0.29], "texture": "#3"},
				"east": {"uv": [0, 0, 0.1, 0.29], "texture": "#3"},
				"south": {"uv": [0, 0, 0.8, 0.29], "texture": "#3"},
				"west": {"uv": [0, 0, 0.1, 0.29], "texture": "#3"},
				"up": {"uv": [0, 0, 0.8, 0.1], "texture": "#3"},
				"down": {"uv": [0, 0, 0.8, 0.1], "texture": "#3"}
			}
		},
		{
			"from": [7.85, 10.86661, 4.43187],
			"to": [8.15, 11.15661, 4.53187],
			"rotation": {"angle": 22.5, "axis": "x", "origin": [8, 11.01161, 4.48187]},
			"faces": {
				"north": {"uv": [0, 0, 0.3, 0.29], "rotation": 180, "texture": "#3"},
				"east": {"uv": [0, 0, 0.1, 0.29], "rotation": 180, "texture": "#3"},
				"south": {"uv": [0, 0, 0.3, 0.29], "rotation": 180, "texture": "#3"},
				"west": {"uv": [0, 0, 0.1, 0.29], "rotation": 180, "texture": "#3"},
				"up": {"uv": [0, 0, 0.3, 0.1], "texture": "#3"},
				"down": {"uv": [0, 0, 0.3, 0.1], "texture": "#3"}
			}
		},
		{
			"from": [7.595, 10.90273, -1.99564],
			"to": [8.405, 11.10273, 11.94436],
			"rotation": {"angle": 0, "axis": "y", "origin": [7.995, 11.05273, 4.41622]},
			"faces": {
				"north": {"uv": [0, 0, 0.81, 0.2], "rotation": 180, "texture": "#0"},
				"east": {"uv": [0, 0, 0.2, 13.94], "rotation": 90, "texture": "#0"},
				"south": {"uv": [0, 0, 0.81, 0.2], "texture": "#0"},
				"west": {"uv": [0, 0, 0.2, 13.94], "rotation": 270, "texture": "#0"},
				"up": {"uv": [0, 0, 0.81, 13.94], "texture": "#0"},
				"down": {"uv": [0, 0, 0.81, 13.94], "rotation": 180, "texture": "#0"}
			}
		},
		{
			"from": [7.25, 9.36161, 5.57],
			"to": [8.75, 9.96161, 8.21],
			"rotation": {"angle": 0, "axis": "y", "origin": [8.05, 11.01161, 4.48187]},
			"faces": {
				"north": {"uv": [0, 0, 1.5, 0.6], "rotation": 180, "texture": "#3"},
				"east": {"uv": [15, 6, 15.6, 8.64], "rotation": 90, "texture": "#3"},
				"south": {"uv": [0, 0, 1.5, 0.6], "texture": "#3"},
				"west": {"uv": [0, 0, 0.6, 2.64], "rotation": 270, "texture": "#3"},
				"up": {"uv": [0, 0, 1.5, 2.64], "texture": "#3"},
				"down": {"uv": [0, 0, 1.5, 2.64], "rotation": 180, "texture": "#3"}
			}
		},
		{
			"from": [7.175, 9.36161, 18.67],
			"to": [8.825, 9.66161, 19.21],
			"rotation": {"angle": 0, "axis": "y", "origin": [8.225, 11.01161, 4.48187]},
			"faces": {
				"north": {"uv": [0, 0, 1.65, 0.3], "rotation": 180, "texture": "#3"},
				"east": {"uv": [0, 0, 0.3, 0.54], "rotation": 90, "texture": "#3"},
				"south": {"uv": [0, 0, 1.65, 0.3], "texture": "#3"},
				"west": {"uv": [0, 0, 0.3, 0.54], "rotation": 270, "texture": "#3"},
				"up": {"uv": [0, 0, 1.65, 0.54], "texture": "#3"},
				"down": {"uv": [0, 0, 1.65, 0.54], "rotation": 180, "texture": "#3"}
			}
		},
		{
			"from": [7.175, 9.61161, -2.02],
			"to": [8.825, 9.91161, -1.73],
			"rotation": {"angle": 0, "axis": "y", "origin": [8.225, 11.01161, 4.48187]},
			"faces": {
				"north": {"uv": [0, 0, 1.65, 0.3], "rotation": 180, "texture": "#3"},
				"east": {"uv": [0, 0, 0.3, 0.29], "rotation": 90, "texture": "#3"},
				"south": {"uv": [0, 0, 1.65, 0.3], "texture": "#3"},
				"west": {"uv": [0, 0, 0.3, 0.29], "rotation": 270, "texture": "#3"},
				"up": {"uv": [0, 0, 1.65, 0.29], "texture": "#3"},
				"down": {"uv": [0, 0, 1.65, 0.29], "rotation": 180, "texture": "#3"}
			}
		},
		{
			"from": [7.85, 11, 4.48],
			"to": [8.15, 11.1, 5.07],
			"rotation": {"angle": 0, "axis": "y", "origin": [8, 11.01161, 4.48187]},
			"faces": {
				"north": {"uv": [0, 0, 0.3, 0.1], "rotation": 180, "texture": "#3"},
				"east": {"uv": [0, 0, 0.1, 0.59], "rotation": 90, "texture": "#3"},
				"south": {"uv": [0, 0, 0.3, 0.1], "texture": "#3"},
				"west": {"uv": [0, 0, 0.1, 0.59], "rotation": 270, "texture": "#3"},
				"up": {"uv": [0, 0, 0.3, 0.59], "texture": "#3"},
				"down": {"uv": [0, 0, 0.3, 0.59], "rotation": 180, "texture": "#3"}
			}
		},
		{
			"from": [7.85, 11, 10.48],
			"to": [8.15, 11.1, 11.82],
			"rotation": {"angle": 0, "axis": "y", "origin": [8, 11.01161, 4.48187]},
			"faces": {
				"north": {"uv": [0, 0, 0.3, 0.1], "rotation": 180, "texture": "#3"},
				"east": {"uv": [0, 0, 0.1, 1.34], "rotation": 90, "texture": "#3"},
				"south": {"uv": [0, 0, 0.3, 0.1], "texture": "#3"},
				"west": {"uv": [0, 0, 0.1, 1.34], "rotation": 270, "texture": "#3"},
				"up": {"uv": [0, 0, 0.3, 1.34], "texture": "#3"},
				"down": {"uv": [0, 0, 0.3, 1.34], "rotation": 180, "texture": "#3"}
			}
		},
		{
			"from": [7.85, 11.23348, 4.73187],
			"to": [8.15, 11.42348, 4.83187],
			"rotation": {"angle": 45, "axis": "x", "origin": [8, 11.01161, 4.48187]},
			"faces": {
				"north": {"uv": [0, 0, 0.3, 0.19], "texture": "#3"},
				"east": {"uv": [0, 0, 0.1, 0.19], "texture": "#3"},
				"south": {"uv": [0, 0, 0.3, 0.19], "texture": "#3"},
				"west": {"uv": [0, 0, 0.1, 0.19], "texture": "#3"},
				"up": {"uv": [0, 0, 0.3, 0.1], "texture": "#3"},
				"down": {"uv": [0, 0, 0.3, 0.1], "texture": "#3"}
			}
		},
		{
			"from": [8.2, 12.27141, 10.48124],
			"to": [8.4, 12.97141, 11.02124],
			"rotation": {"angle": 0, "axis": "y", "origin": [8, 12.87141, 10.72624]},
			"faces": {
				"north": {"uv": [0, 0, 0.2, 0.7], "rotation": 180, "texture": "#3"},
				"east": {"uv": [0, 0, 0.7, 0.54], "rotation": 270, "texture": "#3"},
				"south": {"uv": [0, 0, 0.2, 0.7], "texture": "#3"},
				"west": {"uv": [0, 0, 0.7, 0.54], "rotation": 90, "texture": "#3"},
				"up": {"uv": [0, 0, 0.2, 0.54], "rotation": 180, "texture": "#3"},
				"down": {"uv": [0, 0, 0.2, 0.54], "texture": "#3"}
			}
		},
		{
			"from": [7.6, 12.27141, 10.48124],
			"to": [7.8, 12.97141, 11.02124],
			"rotation": {"angle": 0, "axis": "y", "origin": [8, 12.87141, 10.72624]},
			"faces": {
				"north": {"uv": [0, 0, 0.2, 0.7], "rotation": 180, "texture": "#3"},
				"east": {"uv": [0, 0, 0.7, 0.54], "rotation": 270, "texture": "#3"},
				"south": {"uv": [0, 0, 0.2, 0.7], "texture": "#3"},
				"west": {"uv": [0, 0, 0.7, 0.54], "rotation": 90, "texture": "#3"},
				"up": {"uv": [0, 0, 0.2, 0.54], "rotation": 180, "texture": "#3"},
				"down": {"uv": [0, 0, 0.2, 0.54], "texture": "#3"}
			}
		},
		{
			"from": [7.85, 12.27141, 10.48124],
			"to": [7.9, 12.87141, 11.02124],
			"rotation": {"angle": 0, "axis": "y", "origin": [8, 12.87141, 10.72624]},
			"faces": {
				"north": {"uv": [0, 0, 0.05, 0.6], "rotation": 180, "texture": "#3"},
				"east": {"uv": [0, 0, 0.6, 0.54], "rotation": 270, "texture": "#3"},
				"south": {"uv": [0, 0, 0.05, 0.6], "texture": "#3"},
				"west": {"uv": [0, 0, 0.6, 0.54], "rotation": 90, "texture": "#3"},
				"up": {"uv": [0, 0, 0.05, 0.54], "rotation": 180, "texture": "#3"},
				"down": {"uv": [0, 0, 0.05, 0.54], "texture": "#3"}
			}
		},
		{
			"from": [8.1, 12.27141, 10.48124],
			"to": [8.15, 12.87141, 11.02124],
			"rotation": {"angle": 0, "axis": "y", "origin": [8.05, 12.87141, 10.72624]},
			"faces": {
				"north": {"uv": [0, 0, 0.05, 0.6], "rotation": 180, "texture": "#3"},
				"east": {"uv": [0, 0, 0.6, 0.54], "rotation": 270, "texture": "#3"},
				"south": {"uv": [0, 0, 0.05, 0.6], "texture": "#3"},
				"west": {"uv": [0, 0, 0.6, 0.54], "rotation": 90, "texture": "#3"},
				"up": {"uv": [0, 0, 0.05, 0.54], "rotation": 180, "texture": "#3"},
				"down": {"uv": [0, 0, 0.05, 0.54], "texture": "#3"}
			}
		},
		{
			"from": [7.9, 12.82141, 10.48124],
			"to": [8.1, 12.87141, 11.02124],
			"rotation": {"angle": 0, "axis": "y", "origin": [8.1, 12.62141, 10.75124]},
			"faces": {
				"north": {"uv": [0, 0, 0.05, 0.2], "rotation": 270, "texture": "#3"},
				"east": {"uv": [0, 0, 0.05, 0.54], "rotation": 270, "texture": "#3"},
				"south": {"uv": [0, 0, 0.05, 0.2], "rotation": 270, "texture": "#3"},
				"west": {"uv": [0, 0, 0.05, 0.54], "rotation": 90, "texture": "#3"},
				"up": {"uv": [0, 0, 0.2, 0.54], "rotation": 180, "texture": "#3"},
				"down": {"uv": [0, 0, 0.2, 0.54], "texture": "#3"}
			}
		},
		{
			"from": [8.2, 12.27141, 10.48124],
			"to": [8.4, 12.47141, 11.12124],
			"rotation": {"angle": 0, "axis": "y", "origin": [8, 12.87141, 10.72624]},
			"faces": {
				"north": {"uv": [0, 0, 0.2, 0.2], "rotation": 180, "texture": "#3"},
				"east": {"uv": [0, 0, 0.2, 0.64], "rotation": 270, "texture": "#3"},
				"south": {"uv": [0, 0, 0.2, 0.2], "texture": "#3"},
				"west": {"uv": [0, 0, 0.2, 0.64], "rotation": 90, "texture": "#3"},
				"up": {"uv": [0, 0, 0.2, 0.64], "rotation": 180, "texture": "#3"},
				"down": {"uv": [0, 0, 0.2, 0.64], "texture": "#3"}
			}
		},
		{
			"from": [7.025, 4.53, 5.6],
			"to": [8.975, 8.93, 7.44],
			"rotation": {"angle": 0, "axis": "y", "origin": [8.125, 0, -0.4]},
			"faces": {
				"north": {"uv": [0, 0, 1.95, 4.4], "texture": "#4"},
				"east": {"uv": [0, 0, 1.84, 4.4], "texture": "#4"},
				"south": {"uv": [0, 0, 1.95, 4.4], "texture": "#4"},
				"west": {"uv": [0, 0, 1.84, 4.4], "texture": "#4"},
				"up": {"uv": [0, 0, 1.95, 1.84], "texture": "#4"},
				"down": {"uv": [0, 0, 1.95, 1.84], "texture": "#4"}
			}
		},
		{
			"from": [8.54801, 7.89915, 5.6],
			"to": [10.49801, 8.29915, 7.44],
			"rotation": {"angle": -45, "axis": "z", "origin": [9.52301, 8.09915, 6.87]},
			"faces": {
				"north": {"uv": [0, 0, 1.95, 0.4], "texture": "#4"},
				"east": {"uv": [0, 0, 1.84, 0.4], "texture": "#4"},
				"south": {"uv": [0, 0, 1.95, 0.4], "texture": "#4"},
				"west": {"uv": [0, 0, 1.84, 0.4], "texture": "#4"},
				"up": {"uv": [0, 0, 1.95, 1.84], "texture": "#4"},
				"down": {"uv": [0, 0, 1.95, 1.84], "texture": "#4"}
			}
		},
		{
			"from": [5.95386, 5.60114, 5.6],
			"to": [10.35386, 7.55114, 7.44],
			"rotation": {"angle": 0, "axis": "y", "origin": [10.15386, 6.57614, 6.87]},
			"faces": {
				"north": {"uv": [0, 0, 1.95, 4.4], "rotation": 270, "texture": "#4"},
				"east": {"uv": [0, 0, 1.95, 1.84], "rotation": 90, "texture": "#4"},
				"south": {"uv": [0, 0, 1.95, 4.4], "rotation": 90, "texture": "#4"},
				"west": {"uv": [0, 0, 1.95, 1.84], "rotation": 90, "texture": "#4"},
				"up": {"uv": [0, 0, 1.84, 4.4], "rotation": 90, "texture": "#4"},
				"down": {"uv": [0, 0, 1.84, 4.4], "rotation": 90, "texture": "#4"}
			}
		},
		{
			"from": [7.6, 6.20114, 5.5],
			"to": [8.4, 7.00114, 7.34],
			"rotation": {"angle": 0, "axis": "y", "origin": [9.8, 6.57614, 6.87]},
			"faces": {
				"north": {"uv": [0, 0, 0.8, 0.8], "rotation": 270, "texture": "#0"},
				"east": {"uv": [0, 0, 0.8, 1.84], "rotation": 90, "texture": "#0"},
				"south": {"uv": [0, 0, 0.8, 0.8], "rotation": 90, "texture": "#0"},
				"west": {"uv": [0, 0, 0.8, 1.84], "rotation": 90, "texture": "#0"},
				"up": {"uv": [0, 0, 1.84, 0.8], "rotation": 90, "texture": "#0"},
				"down": {"uv": [0, 0, 1.84, 0.8], "rotation": 90, "texture": "#0"}
			}
		},
		{
			"from": [5.32301, 4.07813, 5.6],
			"to": [9.72301, 6.02813, 7.44],
			"rotation": {"angle": -45, "axis": "z", "origin": [9.52301, 5.05313, 6.87]},
			"faces": {
				"north": {"uv": [0, 0, 1.95, 4.4], "rotation": 270, "texture": "#4"},
				"east": {"uv": [0, 0, 1.95, 1.84], "rotation": 90, "texture": "#4"},
				"south": {"uv": [0, 0, 1.95, 4.4], "rotation": 90, "texture": "#4"},
				"west": {"uv": [0, 0, 1.95, 1.84], "rotation": 90, "texture": "#4"},
				"up": {"uv": [0, 0, 1.84, 4.4], "rotation": 90, "texture": "#4"},
				"down": {"uv": [0, 0, 1.84, 4.4], "rotation": 90, "texture": "#4"}
			}
		},
		{
			"from": [5.50199, 4.85313, 5.6],
			"to": [7.45199, 9.25313, 7.44],
			"rotation": {"angle": -45, "axis": "z", "origin": [6.47699, 5.05313, 6.87]},
			"faces": {
				"north": {"uv": [0, 0, 1.95, 4.4], "rotation": 180, "texture": "#4"},
				"east": {"uv": [0, 0, 1.84, 4.4], "rotation": 180, "texture": "#4"},
				"south": {"uv": [0, 0, 1.95, 4.4], "rotation": 180, "texture": "#4"},
				"west": {"uv": [0, 0, 1.84, 4.4], "rotation": 180, "texture": "#4"},
				"up": {"uv": [0, 0, 1.95, 1.84], "rotation": 180, "texture": "#4"},
				"down": {"uv": [0, 0, 1.95, 1.84], "rotation": 180, "texture": "#4"}
			}
		},
		{
			"from": [7.025, 4.22228, 5.6],
			"to": [8.975, 4.62228, 7.44],
			"rotation": {"angle": 0, "axis": "y", "origin": [8, 4.42228, 6.87]},
			"faces": {
				"north": {"uv": [0, 0, 1.95, 0.4], "rotation": 180, "texture": "#4"},
				"east": {"uv": [0, 0, 1.84, 0.4], "rotation": 180, "texture": "#4"},
				"south": {"uv": [0, 0, 1.95, 0.4], "rotation": 180, "texture": "#4"},
				"west": {"uv": [0, 0, 1.84, 0.4], "rotation": 180, "texture": "#4"},
				"up": {"uv": [0, 0, 1.95, 1.84], "rotation": 180, "texture": "#4"},
				"down": {"uv": [0, 0, 1.95, 1.84], "rotation": 180, "texture": "#4"}
			}
		},
		{
			"from": [5.64614, 5.60114, 5.6],
			"to": [6.04614, 7.55114, 7.44],
			"rotation": {"angle": 0, "axis": "y", "origin": [5.84614, 6.57614, 6.87]},
			"faces": {
				"north": {"uv": [0, 0, 1.95, 0.4], "rotation": 270, "texture": "#4"},
				"east": {"uv": [0, 0, 1.95, 1.84], "rotation": 90, "texture": "#4"},
				"south": {"uv": [0, 0, 1.95, 0.4], "rotation": 90, "texture": "#4"},
				"west": {"uv": [0, 0, 1.95, 1.84], "rotation": 90, "texture": "#4"},
				"up": {"uv": [0, 0, 1.84, 0.4], "rotation": 90, "texture": "#4"},
				"down": {"uv": [0, 0, 1.84, 0.4], "rotation": 90, "texture": "#4"}
			}
		},
		{
			"from": [5.50199, 7.89915, 5.6],
			"to": [7.45199, 8.29915, 7.44],
			"rotation": {"angle": 45, "axis": "z", "origin": [6.47699, 8.09915, 6.87]},
			"faces": {
				"north": {"uv": [0, 0, 1.95, 0.4], "texture": "#4"},
				"east": {"uv": [0, 0, 1.84, 0.4], "texture": "#4"},
				"south": {"uv": [0, 0, 1.95, 0.4], "texture": "#4"},
				"west": {"uv": [0, 0, 1.84, 0.4], "texture": "#4"},
				"up": {"uv": [0, 0, 1.95, 1.84], "texture": "#4"},
				"down": {"uv": [0, 0, 1.95, 1.84], "texture": "#4"}
			}
		},
		{
			"from": [7.025, 4.53, 7.45],
			"to": [8.975, 8.93, 7.89],
			"rotation": {"angle": 0, "axis": "y", "origin": [8.125, 0, -0.15]},
			"faces": {
				"north": {"uv": [0, 0, 1.95, 4.4], "texture": "#1"},
				"east": {"uv": [0, 0, 0.44, 4.4], "texture": "#1"},
				"south": {"uv": [0, 0, 1.95, 4.4], "texture": "#1"},
				"west": {"uv": [0, 0, 0.44, 4.4], "texture": "#1"},
				"up": {"uv": [0, 0, 1.95, 0.44], "texture": "#1"},
				"down": {"uv": [0, 0, 1.95, 0.44], "texture": "#1"}
			}
		},
		{
			"from": [8.54801, 7.89915, 7.45],
			"to": [10.49801, 8.29915, 7.89],
			"rotation": {"angle": -45, "axis": "z", "origin": [9.52301, 8.09915, 7.12]},
			"faces": {
				"north": {"uv": [0, 0, 1.95, 0.4], "texture": "#1"},
				"east": {"uv": [0, 0, 0.44, 0.4], "texture": "#1"},
				"south": {"uv": [0, 0, 1.95, 0.4], "texture": "#1"},
				"west": {"uv": [0, 0, 0.44, 0.4], "texture": "#1"},
				"up": {"uv": [0, 0, 1.95, 0.44], "texture": "#1"},
				"down": {"uv": [0, 0, 1.95, 0.44], "texture": "#1"}
			}
		},
		{
			"from": [5.95386, 5.60114, 7.45],
			"to": [10.35386, 7.55114, 7.89],
			"rotation": {"angle": 0, "axis": "y", "origin": [10.15386, 6.57614, 7.12]},
			"faces": {
				"north": {"uv": [0, 0, 1.95, 4.4], "rotation": 270, "texture": "#1"},
				"east": {"uv": [0, 0, 1.95, 0.44], "rotation": 90, "texture": "#1"},
				"south": {"uv": [0, 0, 1.95, 4.4], "rotation": 90, "texture": "#1"},
				"west": {"uv": [0, 0, 1.95, 0.44], "rotation": 90, "texture": "#1"},
				"up": {"uv": [0, 0, 0.44, 4.4], "rotation": 90, "texture": "#1"},
				"down": {"uv": [0, 0, 0.44, 4.4], "rotation": 90, "texture": "#1"}
			}
		},
		{
			"from": [5.32301, 4.07813, 7.45],
			"to": [9.72301, 6.02813, 7.89],
			"rotation": {"angle": -45, "axis": "z", "origin": [9.52301, 5.05313, 7.12]},
			"faces": {
				"north": {"uv": [0, 0, 1.95, 4.4], "rotation": 270, "texture": "#1"},
				"east": {"uv": [0, 0, 1.95, 0.44], "rotation": 90, "texture": "#1"},
				"south": {"uv": [0, 0, 1.95, 4.4], "rotation": 90, "texture": "#1"},
				"west": {"uv": [0, 0, 1.95, 0.44], "rotation": 90, "texture": "#1"},
				"up": {"uv": [0, 0, 0.44, 4.4], "rotation": 90, "texture": "#1"},
				"down": {"uv": [0, 0, 0.44, 4.4], "rotation": 90, "texture": "#1"}
			}
		},
		{
			"from": [5.50199, 4.85313, 7.45],
			"to": [7.45199, 9.25313, 7.89],
			"rotation": {"angle": -45, "axis": "z", "origin": [6.47699, 5.05313, 7.12]},
			"faces": {
				"north": {"uv": [0, 0, 1.95, 4.4], "rotation": 180, "texture": "#1"},
				"east": {"uv": [0, 0, 0.44, 4.4], "rotation": 180, "texture": "#1"},
				"south": {"uv": [0, 0, 1.95, 4.4], "rotation": 180, "texture": "#1"},
				"west": {"uv": [0, 0, 0.44, 4.4], "rotation": 180, "texture": "#1"},
				"up": {"uv": [0, 0, 1.95, 0.44], "rotation": 180, "texture": "#1"},
				"down": {"uv": [0, 0, 1.95, 0.44], "rotation": 180, "texture": "#1"}
			}
		},
		{
			"from": [7.025, 4.22228, 7.45],
			"to": [8.975, 4.62228, 7.89],
			"rotation": {"angle": 0, "axis": "y", "origin": [8, 4.42228, 7.12]},
			"faces": {
				"north": {"uv": [0, 0, 1.95, 0.4], "rotation": 180, "texture": "#1"},
				"east": {"uv": [0, 0, 0.44, 0.4], "rotation": 180, "texture": "#1"},
				"south": {"uv": [0, 0, 1.95, 0.4], "rotation": 180, "texture": "#1"},
				"west": {"uv": [0, 0, 0.44, 0.4], "rotation": 180, "texture": "#1"},
				"up": {"uv": [0, 0, 1.95, 0.44], "rotation": 180, "texture": "#1"},
				"down": {"uv": [0, 0, 1.95, 0.44], "rotation": 180, "texture": "#1"}
			}
		},
		{
			"from": [5.64614, 5.60114, 7.45],
			"to": [6.04614, 7.55114, 7.89],
			"rotation": {"angle": 0, "axis": "y", "origin": [5.84614, 6.57614, 7.12]},
			"faces": {
				"north": {"uv": [0, 0, 1.95, 0.4], "rotation": 270, "texture": "#1"},
				"east": {"uv": [0, 0, 1.95, 0.44], "rotation": 90, "texture": "#1"},
				"south": {"uv": [0, 0, 1.95, 0.4], "rotation": 90, "texture": "#1"},
				"west": {"uv": [0, 0, 1.95, 0.44], "rotation": 90, "texture": "#1"},
				"up": {"uv": [0, 0, 0.44, 0.4], "rotation": 90, "texture": "#1"},
				"down": {"uv": [0, 0, 0.44, 0.4], "rotation": 90, "texture": "#1"}
			}
		},
		{
			"from": [5.50199, 7.89915, 7.45],
			"to": [7.45199, 8.29915, 7.89],
			"rotation": {"angle": 45, "axis": "z", "origin": [6.47699, 8.09915, 7.12]},
			"faces": {
				"north": {"uv": [0, 0, 1.95, 0.4], "texture": "#1"},
				"east": {"uv": [0, 0, 0.44, 0.4], "texture": "#1"},
				"south": {"uv": [0, 0, 1.95, 0.4], "texture": "#1"},
				"west": {"uv": [0, 0, 0.44, 0.4], "texture": "#1"},
				"up": {"uv": [0, 0, 1.95, 0.44], "texture": "#1"},
				"down": {"uv": [0, 0, 1.95, 0.44], "texture": "#1"}
			}
		}
	],
	"display": {
		"thirdperson_righthand": {
			"translation": [0, 0, -1.25],
			"scale": [0.9, 0.9, 0.9]
		},
		"thirdperson_lefthand": {
			"translation": [0, 0.25, -1.25]
		},
		"firstperson_righthand": {
			"translation": [0, 1, 1]
		},
		"firstperson_lefthand": {
			"translation": [0, 1, 1]
		},
		"ground": {
			"rotation": [25, 0, 10],
			"translation": [0, 5, 0]
		},
		"gui": {
			"rotation": [0, -90, 0]
		},
		"head": {
			"rotation": [0, 90, 0],
			"translation": [0, -0.25, 0]
		},
		"fixed": {
			"rotation": [0, 90, 0],
			"translation": [0, 0, -2.25],
			"scale": [1.2, 1.2, 1.2]
		}
	},
	"groups": [
		{
			"name": "Outside Cover",
			"origin": [0.5, 8.09013, 13.69984],
			"color": 0,
			"children": [0, 1, 2, 3, 4, 5, 6, 7, 8, 9, 10, 11, 12, 13, 14, 15, 16]
		},
		{
			"name": "Rubber Butt",
			"origin": [0.5, 6.35678, 19.78033],
			"color": 0,
			"children": [17, 18, 19, 20, 21, 22]
		},
		{
			"name": "Grips",
			"origin": [0.5, 6.35678, 19.78033],
			"color": 0,
			"children": [23, 24, 25]
		},
		{
			"name": "Handle",
			"origin": [0, 0.38, -0.65],
			"color": 0,
			"children": [26, 27, 28, 29, 30, 31, 32, 33, 34, 35, 36, 37, 38, 39, 40, 41, 42, 43, 44, 45, 46, 47, 48, 49, 50, 51, 52]
		},
		{
			"name": "Metal Handle Frame",
			"origin": [8, 8, 8],
			"color": 0,
			"children": [53, 54, 55, 56, 57, 58, 59, 60, 61, 62]
		},
		{
			"name": "Metal Bits",
			"origin": [8, 6.11848, 9.12328],
			"color": 0,
			"children": [
				63,
				64,
				65,
				66,
				67,
				68,
				69,
				70,
				71,
				72,
				73,
				74,
				75,
				76,
				77,
				78,
				79,
				80,
				81,
				82,
				83,
				84,
				85,
				86,
				87,
				88,
				89,
				{
					"name": "Barrel",
					"origin": [8, 11.675, -2.95],
					"color": 0,
					"children": [90, 91, 92, 93, 94, 95, 96, 97, 98]
				},
				99,
				100,
				101,
				102,
				103,
				104,
				105,
				106,
				107,
				108,
				109,
				110,
				111,
				112,
				113
			]
		},
		{
			"name": "Drum",
			"origin": [8.125, 0, -0.4],
			"color": 0,
			"children": [114, 115, 116, 117, 118, 119, 120, 121, 122]
		},
		{
			"name": "Drum Inner",
			"origin": [8.125, 0, -0.4],
			"color": 0,
			"children": [123, 124, 125, 126, 127, 128, 129, 130]
		}
	]
}