{
	"credit": "Made By Ubalube",
	"textures": {
		"texture": "guns/gray5",
		"texture1": "guns/gray6",
		"texture3": "guns/gray2",
		"texture4": "guns/red1",
		"texture5": "guns/blue1",
		"texture6": "guns/scopes_red",
		"particle": "blocks/e_particle"
	},
	"elements": [
		{
			"name": "Box12",
			"from": [-13, 8, 7],
			"to": [-6, 9.5, 8.5],
			"faces": {
				"north": {"uv": [6, 6.5, 13, 8], "texture": "#texture1"},
				"east": {"uv": [7.5, 6.5, 9, 8], "texture": "#texture1"},
				"south": {"uv": [3, 6.5, 10, 8], "texture": "#texture1"},
				"west": {"uv": [7, 6.5, 8.5, 8], "texture": "#texture1"},
				"up": {"uv": [3, 7, 10, 8.5], "texture": "#texture1"},
				"down": {"uv": [3, 7.5, 10, 9], "texture": "#texture1"}
			}
		},
		{
			"name": "Box13",
			"from": [-13.001, 8.5, 7.5],
			"to": [-13, 9, 8],
			"faces": {
				"north": {"uv": [14, 7, 14.001, 7.5], "texture": "#texture"},
				"east": {"uv": [7.5, 7, 8, 7.5], "texture": "#texture"},
				"south": {"uv": [1.999, 7, 2, 7.5], "texture": "#texture"},
				"west": {"uv": [8, 7, 8.5, 7.5], "texture": "#texture"},
				"up": {"uv": [14, 7.5, 14.001, 8], "rotation": 180, "texture": "#texture"},
				"down": {"uv": [14, 8, 14.001, 8.5], "rotation": 180, "texture": "#texture"}
			}
		},
		{
			"name": "Box14",
			"from": [-6, 3.5, 6.5],
			"to": [-5, 7, 9],
			"faces": {
				"north": {"uv": [5, 9, 6, 12.5], "texture": "#texture"},
				"east": {"uv": [7, 9, 9.5, 12.5], "texture": "#texture"},
				"south": {"uv": [10, 9, 11, 12.5], "texture": "#texture"},
				"west": {"uv": [6.5, 9, 9, 12.5], "texture": "#texture"},
				"up": {"uv": [10, 6.5, 11, 9], "texture": "#texture"},
				"down": {"uv": [10, 7, 11, 9.5], "texture": "#texture"}
			}
		},
		{
			"name": "Box15",
			"from": [-6, 7, 6.5],
			"to": [-5, 8.5, 9],
			"rotation": {"angle": -22.5, "axis": "z", "origin": [-6, 7, 6.5]},
			"faces": {
				"north": {"uv": [11, 6, 12, 9], "texture": "#texture"},
				"east": {"uv": [1, 6, 2, 9], "texture": "#texture"},
				"south": {"uv": [4, 6, 5, 9], "texture": "#texture"},
				"west": {"uv": [14, 6, 15, 9], "texture": "#texture"},
				"up": {"uv": [4, 14, 5, 15], "texture": "#texture"},
				"down": {"uv": [4, 1, 5, 2], "texture": "#texture"}
			}
		},
		{
			"name": "Box17",
			"from": [-5.5, 7.5, 6.5],
			"to": [-4.5, 10.5, 9],
			"faces": {
				"north": {"uv": [4.5, 5.5, 5.5, 8.5], "texture": "#texture"},
				"east": {"uv": [7, 5.5, 9.5, 8.5], "texture": "#texture"},
				"south": {"uv": [10.5, 5.5, 11.5, 8.5], "texture": "#texture"},
				"west": {"uv": [6.5, 5.5, 9, 8.5], "texture": "#texture"},
				"up": {"uv": [10.5, 6.5, 11.5, 9], "texture": "#texture"},
				"down": {"uv": [10.5, 7, 11.5, 9.5], "texture": "#texture"}
			}
		},
		{
			"name": "Box24",
			"from": [-6, 8.5, 7.5],
			"to": [-5, 9, 8],
			"faces": {
				"north": {"uv": [5, 7, 6, 7.5], "texture": "#texture"},
				"east": {"uv": [8, 7, 8.5, 7.5], "texture": "#texture"},
				"south": {"uv": [10, 7, 11, 7.5], "texture": "#texture"},
				"west": {"uv": [7.5, 7, 8, 7.5], "texture": "#texture"},
				"up": {"uv": [10, 7.5, 11, 8], "texture": "#texture"},
				"down": {"uv": [10, 8, 11, 8.5], "texture": "#texture"}
			}
		},
		{
			"name": "Box25",
			"from": [-7, 6.5, 7.5],
			"to": [-5, 7.5, 8.5],
			"rotation": {"angle": 45, "axis": "x", "origin": [-7, 7.5, 8.5]},
			"faces": {
				"north": {"uv": [5, 9, 3, 8], "texture": "#texture"},
				"east": {"uv": [1, 8, 2, 9], "rotation": 180, "texture": "#texture"},
				"south": {"uv": [13, 9, 11, 8], "texture": "#texture"},
				"west": {"uv": [14, 8, 15, 9], "rotation": 180, "texture": "#texture"},
				"up": {"uv": [3, 1, 5, 2], "texture": "#texture"},
				"down": {"uv": [3, 14, 5, 15], "texture": "#texture"}
			}
		},
		{
			"name": "Box27",
			"from": [-7, 4, 7],
			"to": [-6, 7, 8.5],
			"faces": {
				"north": {"uv": [6, 9, 7, 12], "texture": "#texture1"},
				"east": {"uv": [7.5, 9, 9, 12], "texture": "#texture1"},
				"south": {"uv": [9, 9, 10, 12], "texture": "#texture1"},
				"west": {"uv": [7, 9, 8.5, 12], "texture": "#texture1"},
				"up": {"uv": [9, 7, 10, 8.5], "texture": "#texture1"},
				"down": {"uv": [9, 7.5, 10, 9], "texture": "#texture1"}
			}
		},
		{
			"name": "Box28",
			"from": [-8, 2.5, 7.25],
			"to": [-7, 7, 8.25],
			"faces": {
				"north": {"uv": [7, 9, 8, 13.5], "texture": "#texture1"},
				"east": {"uv": [7.75, 9, 8.75, 13.5], "texture": "#texture1"},
				"south": {"uv": [8, 9, 9, 13.5], "texture": "#texture1"},
				"west": {"uv": [7.25, 9, 8.25, 13.5], "texture": "#texture1"},
				"up": {"uv": [8, 7.25, 9, 8.25], "texture": "#texture1"},
				"down": {"uv": [8, 7.75, 9, 8.75], "texture": "#texture1"}
			}
		},
		{
			"name": "Box29",
			"from": [-8, 2, 7.25],
			"to": [-7.5, 2.5, 8.25],
			"faces": {
				"north": {"uv": [7.5, 13.5, 8, 14], "texture": "#texture"},
				"east": {"uv": [7.75, 13.5, 8.75, 14], "texture": "#texture"},
				"south": {"uv": [8, 13.5, 8.5, 14], "texture": "#texture"},
				"west": {"uv": [7.25, 13.5, 8.25, 14], "texture": "#texture"},
				"up": {"uv": [8, 7.25, 8.5, 8.25], "texture": "#texture"},
				"down": {"uv": [8, 7.75, 8.5, 8.75], "texture": "#texture"}
			}
		},
		{
			"name": "Box30",
			"from": [-7.5, 2, 7.25],
			"to": [-6.5, 2.5, 8.25],
			"rotation": {"angle": 45, "axis": "z", "origin": [-7.5, 2, 7.25]},
			"faces": {
				"north": {"uv": [12.5, 13.5, 13.5, 14], "texture": "#texture1"},
				"east": {"uv": [1, 13.5, 2, 14], "texture": "#texture1"},
				"south": {"uv": [2.5, 13.5, 3.5, 14], "texture": "#texture1"},
				"west": {"uv": [14, 13.5, 15, 14], "texture": "#texture1"},
				"up": {"uv": [2.5, 14, 3.5, 15], "texture": "#texture1"},
				"down": {"uv": [2.5, 1, 3.5, 2], "texture": "#texture1"}
			}
		},
		{
			"name": "Box31",
			"from": [-5, 3, 6.5],
			"to": [2, 9.5, 9],
			"faces": {
				"north": {"uv": [0, 6.5, 6, 13], "texture": "#texture"},
				"east": {"uv": [7, 6.5, 9.5, 13], "texture": "#texture"},
				"south": {"uv": [0, 6.5, 6, 13], "texture": "#texture"},
				"west": {"uv": [6.5, 6.5, 9, 13], "texture": "#texture"},
				"up": {"uv": [0, 6.5, 2, 9], "texture": "#texture"},
				"down": {"uv": [0, 7, 2, 9.5], "texture": "#texture"}
			}
		},
		{
			"name": "Box32",
			"from": [-4.5, 9.5, 6.5],
			"to": [11.5, 10.5, 7.5],
			"rotation": {"angle": 22.5, "axis": "x", "origin": [-4.5, 9.5, 6.5]},
			"faces": {
				"north": {"uv": [4, 5.5, 10.5, 6.5], "texture": "#texture"},
				"east": {"uv": [8.5, 5.5, 9.5, 6.5], "texture": "#texture"},
				"south": {"uv": [5.5, 5.5, 12, 6.5], "texture": "#texture"},
				"west": {"uv": [6.5, 5.5, 7.5, 6.5], "texture": "#texture"},
				"up": {"uv": [5.5, 6.5, 12, 7.5], "texture": "#texture"},
				"down": {"uv": [5.5, 8.5, 12, 9.5], "texture": "#texture"}
			}
		},
		{
			"name": "Box32",
			"from": [-4.5, 9.5, 8],
			"to": [11.5, 10.5, 9],
			"rotation": {"angle": -22.5, "axis": "x", "origin": [11.5, 9.5, 9]},
			"faces": {
				"north": {"uv": [5.5, 5.5, 12, 6.5], "texture": "#texture"},
				"east": {"uv": [6.5, 5.5, 7.5, 6.5], "texture": "#texture"},
				"south": {"uv": [4, 5.5, 10.5, 6.5], "texture": "#texture"},
				"west": {"uv": [8.5, 5.5, 9.5, 6.5], "texture": "#texture"},
				"up": {"uv": [5.5, 6.5, 12, 7.5], "rotation": 180, "texture": "#texture"},
				"down": {"uv": [5.5, 8.5, 12, 9.5], "rotation": 180, "texture": "#texture"}
			}
		},
		{
			"name": "Box34",
			"from": [2, 3, 6.5],
			"to": [7, 4.5, 9],
			"faces": {
				"north": {"uv": [9, 11.5, 14, 13], "texture": "#texture"},
				"east": {"uv": [7, 11.5, 9.5, 13], "texture": "#texture"},
				"south": {"uv": [2, 11.5, 7, 13], "texture": "#texture"},
				"west": {"uv": [6.5, 11.5, 9, 13], "texture": "#texture"},
				"up": {"uv": [2, 6.5, 7, 9], "texture": "#texture"},
				"down": {"uv": [2, 7, 7, 9.5], "texture": "#texture"}
			}
		},
		{
			"name": "Box36",
			"from": [-1, 2, 7],
			"to": [2, 3, 8.5],
			"faces": {
				"north": {"uv": [14, 13, 16, 14], "texture": "#texture"},
				"east": {"uv": [7.5, 13, 9, 14], "texture": "#texture"},
				"south": {"uv": [0, 13, 2, 14], "texture": "#texture"},
				"west": {"uv": [7, 13, 8.5, 14], "texture": "#texture"},
				"up": {"uv": [0, 7, 2, 8.5], "texture": "#texture"},
				"down": {"uv": [0, 7.5, 2, 9], "texture": "#texture"}
			}
		},
		{
			"name": "Box37",
			"from": [2, 2, 7],
			"to": [3.5, 3, 8.5],
			"rotation": {"angle": 45, "axis": "z", "origin": [2, 2, 7]},
			"faces": {
				"north": {"uv": [12.5, 12.5, 14, 13.5], "texture": "#texture"},
				"east": {"uv": [1, 12.5, 2, 13.5], "texture": "#texture"},
				"south": {"uv": [2, 12.5, 3.5, 13.5], "texture": "#texture"},
				"west": {"uv": [14, 12.5, 15, 13.5], "texture": "#texture"},
				"up": {"uv": [2, 14, 3.5, 15], "texture": "#texture"},
				"down": {"uv": [2, 1, 3.5, 2], "texture": "#texture"}
			}
		},
		{
			"name": "Box38",
			"from": [12.5, 3.5, 7],
			"to": [14, 4.5, 8.5],
			"rotation": {"angle": 22.5, "axis": "z", "origin": [12.5, 3.5, 7]},
			"faces": {
				"north": {"uv": [6.5, 11.5, 8, 12.5], "texture": "#texture"},
				"east": {"uv": [1, 11.5, 2, 12.5], "texture": "#texture"},
				"south": {"uv": [8, 11.5, 9.5, 12.5], "texture": "#texture"},
				"west": {"uv": [14, 11.5, 15, 12.5], "texture": "#texture"},
				"up": {"uv": [8, 14, 9.5, 15], "texture": "#texture"},
				"down": {"uv": [8, 1, 9.5, 2], "texture": "#texture"}
			}
		},
		{
			"name": "Box39",
			"from": [13.5, 4, 7],
			"to": [14, 5, 8.5],
			"faces": {
				"north": {"uv": [2, 11, 2.5, 12], "texture": "#texture"},
				"east": {"uv": [7.5, 11, 9, 12], "texture": "#texture"},
				"south": {"uv": [13.5, 11, 14, 12], "texture": "#texture"},
				"west": {"uv": [7, 11, 8.5, 12], "texture": "#texture"},
				"up": {"uv": [13.5, 7, 14, 8.5], "texture": "#texture"},
				"down": {"uv": [13.5, 7.5, 14, 9], "texture": "#texture"}
			}
		},
		{
			"name": "Box39",
			"from": [14, 4, 7],
			"to": [15.5, 5, 8.5],
			"rotation": {"angle": 22.5, "axis": "z", "origin": [14, 4, 7]},
			"faces": {
				"north": {"uv": [5, 11, 6.5, 12], "texture": "#texture"},
				"east": {"uv": [1, 11, 2, 12], "texture": "#texture"},
				"south": {"uv": [9.5, 11, 11, 12], "texture": "#texture"},
				"west": {"uv": [14, 11, 15, 12], "texture": "#texture"},
				"up": {"uv": [9.5, 14, 11, 15], "texture": "#texture"},
				"down": {"uv": [9.5, 1, 11, 2], "texture": "#texture"}
			}
		},
		{
			"name": "Box41",
			"from": [15, 4.5, 7],
			"to": [15.5, 5.5, 8.5],
			"faces": {
				"north": {"uv": [0.5, 10.5, 1, 11.5], "texture": "#texture"},
				"east": {"uv": [7.5, 10.5, 9, 11.5], "texture": "#texture"},
				"south": {"uv": [15, 10.5, 15.5, 11.5], "texture": "#texture"},
				"west": {"uv": [7, 10.5, 8.5, 11.5], "texture": "#texture"},
				"up": {"uv": [15, 7, 15.5, 8.5], "texture": "#texture"},
				"down": {"uv": [15, 7.5, 15.5, 9], "texture": "#texture"}
			}
		},
		{
			"name": "Box41",
			"from": [15.5, 4.5, 7],
			"to": [17, 5.5, 8.5],
			"rotation": {"angle": 22.5, "axis": "z", "origin": [15.5, 4.5, 7]},
			"faces": {
				"north": {"uv": [3.5, 10.5, 5, 11.5], "texture": "#texture"},
				"east": {"uv": [1, 10.5, 2, 11.5], "texture": "#texture"},
				"south": {"uv": [11, 10.5, 12.5, 11.5], "texture": "#texture"},
				"west": {"uv": [14, 10.5, 15, 11.5], "texture": "#texture"},
				"up": {"uv": [11, 14, 12.5, 15], "texture": "#texture"},
				"down": {"uv": [11, 1, 12.5, 2], "texture": "#texture"}
			}
		},
		{
			"name": "Box43",
			"from": [16.5, 5, 7],
			"to": [17, 6, 8.5],
			"faces": {
				"north": {"uv": [15, 10, 15.5, 11], "texture": "#texture"},
				"east": {"uv": [7.5, 10, 9, 11], "texture": "#texture"},
				"south": {"uv": [0.5, 10, 1, 11], "texture": "#texture"},
				"west": {"uv": [7, 10, 8.5, 11], "texture": "#texture"},
				"up": {"uv": [0.5, 7, 1, 8.5], "texture": "#texture"},
				"down": {"uv": [0.5, 7.5, 1, 9], "texture": "#texture"}
			}
		},
		{
			"name": "Box44",
			"from": [17, 5, 7],
			"to": [18.5, 6, 8.5],
			"rotation": {"angle": 22.5, "axis": "z", "origin": [17, 5, 7]},
			"faces": {
				"north": {"uv": [2, 10, 3.5, 11], "texture": "#texture"},
				"east": {"uv": [1, 10, 2, 11], "texture": "#texture"},
				"south": {"uv": [12.5, 10, 14, 11], "texture": "#texture"},
				"west": {"uv": [14, 10, 15, 11], "texture": "#texture"},
				"up": {"uv": [12.5, 14, 14, 15], "texture": "#texture"},
				"down": {"uv": [12.5, 1, 14, 2], "texture": "#texture"}
			}
		},
		{
			"name": "Box45",
			"from": [17.5, 5.5, 7],
			"to": [18.5, 10.5, 8.5],
			"faces": {
				"north": {"uv": [13.5, 5.5, 14.5, 10.5], "texture": "#texture"},
				"east": {"uv": [7.5, 5.5, 9, 10.5], "texture": "#texture"},
				"south": {"uv": [1.5, 5.5, 2.5, 10.5], "texture": "#texture"},
				"west": {"uv": [7, 5.5, 8.5, 10.5], "texture": "#texture"},
				"up": {"uv": [1.5, 7, 2.5, 8.5], "texture": "#texture"},
				"down": {"uv": [1.5, 7.5, 2.5, 9], "texture": "#texture"}
			}
		},
		{
			"name": "Box27",
			"from": [10.5, 4, 6.5],
			"to": [13, 9.5, 9],
			"faces": {
				"north": {"uv": [3, 6.5, 5.5, 12], "texture": "#texture"},
				"east": {"uv": [7, 6.5, 9.5, 12], "texture": "#texture"},
				"south": {"uv": [10.5, 6.5, 13, 12], "texture": "#texture"},
				"west": {"uv": [6.5, 6.5, 9, 12], "texture": "#texture"},
				"up": {"uv": [10.5, 6.5, 13, 9], "texture": "#texture"},
				"down": {"uv": [10.5, 7, 13, 9.5], "texture": "#texture"}
			}
		},
		{
			"name": "Box28",
			"from": [-4.5, 10, 7],
			"to": [11.5, 10.5, 8.5],
			"faces": {
				"north": {"uv": [4.5, 5.5, 16, 6], "texture": "#texture"},
				"east": {"uv": [7.5, 5.5, 9, 6], "texture": "#texture"},
				"south": {"uv": [0, 5.5, 11.5, 6], "texture": "#texture"},
				"west": {"uv": [7, 5.5, 8.5, 6], "texture": "#texture"},
				"up": {"uv": [0, 7, 11.5, 8.5], "texture": "#texture"},
				"down": {"uv": [0, 7.5, 11.5, 9], "texture": "#texture"}
			}
		},
		{
			"name": "Box36",
			"from": [5.5, 4.5, 7],
			"to": [7, 9, 8.5],
			"faces": {
				"north": {"uv": [9, 7, 10.5, 11.5], "texture": "#texture1"},
				"east": {"uv": [7.5, 7, 9, 11.5], "texture": "#texture1"},
				"south": {"uv": [5.5, 7, 7, 11.5], "texture": "#texture1"},
				"west": {"uv": [7, 7, 8.5, 11.5], "texture": "#texture1"},
				"up": {"uv": [5.5, 7, 7, 8.5], "texture": "#texture1"},
				"down": {"uv": [5.5, 7.5, 7, 9], "texture": "#texture1"}
			}
		},
		{
			"name": "Box51",
			"from": [2, 7.5, 7],
			"to": [2.5, 9, 8.5],
			"faces": {
				"north": {"uv": [13.5, 7, 14, 8.5], "texture": "#texture"},
				"east": {"uv": [7.5, 7, 9, 8.5], "texture": "#texture"},
				"south": {"uv": [2, 7, 2.5, 8.5], "texture": "#texture"},
				"west": {"uv": [7, 7, 8.5, 8.5], "texture": "#texture"},
				"up": {"uv": [2, 7, 2.5, 8.5], "texture": "#texture"},
				"down": {"uv": [2, 7.5, 2.5, 9], "texture": "#texture"}
			}
		},
		{
			"name": "Box52",
			"from": [2, 9, 6.5],
			"to": [10.5, 9.5, 9],
			"faces": {
				"north": {"uv": [5.5, 6.5, 14, 7], "texture": "#texture"},
				"east": {"uv": [7, 6.5, 9.5, 7], "texture": "#texture"},
				"south": {"uv": [2, 6.5, 10.5, 7], "texture": "#texture"},
				"west": {"uv": [6.5, 6.5, 9, 7], "texture": "#texture"},
				"up": {"uv": [2, 6.5, 10.5, 9], "texture": "#texture"},
				"down": {"uv": [2, 7, 10.5, 9.5], "texture": "#texture"}
			}
		},
		{
			"name": "Box34",
			"from": [7, 2.5, 6.5],
			"to": [12.5, 4, 9],
			"faces": {
				"north": {"uv": [3.5, 12, 9, 13.5], "texture": "#texture"},
				"east": {"uv": [7, 12, 9.5, 13.5], "texture": "#texture"},
				"south": {"uv": [7, 12, 12.5, 13.5], "texture": "#texture"},
				"west": {"uv": [6.5, 12, 9, 13.5], "texture": "#texture"},
				"up": {"uv": [7, 6.5, 12.5, 9], "texture": "#texture"},
				"down": {"uv": [7, 7, 12.5, 9.5], "texture": "#texture"}
			}
		},
		{
			"name": "Box54",
			"from": [6, 2.5, 7],
			"to": [7, 3, 8.5],
			"faces": {
				"north": {"uv": [9, 13, 10, 13.5], "texture": "#texture"},
				"east": {"uv": [7.5, 13, 9, 13.5], "texture": "#texture"},
				"south": {"uv": [6, 13, 7, 13.5], "texture": "#texture"},
				"west": {"uv": [7, 13, 8.5, 13.5], "texture": "#texture"},
				"up": {"uv": [6, 7, 7, 8.5], "texture": "#texture"},
				"down": {"uv": [6, 7.5, 7, 9], "texture": "#texture"}
			}
		},
		{
			"name": "Box55",
			"from": [7.5, 2, 7],
			"to": [12, 2.5, 8.5],
			"faces": {
				"north": {"uv": [4, 13.5, 8.5, 14], "texture": "#texture"},
				"east": {"uv": [7.5, 13.5, 9, 14], "texture": "#texture"},
				"south": {"uv": [7.5, 13.5, 12, 14], "texture": "#texture"},
				"west": {"uv": [7, 13.5, 8.5, 14], "texture": "#texture"},
				"up": {"uv": [7.5, 7, 12, 8.5], "texture": "#texture"},
				"down": {"uv": [7.5, 7.5, 12, 9], "texture": "#texture"}
			}
		},
		{
			"name": "Box56",
			"from": [7, 4, 7],
			"to": [10, 4.5, 8.5],
			"faces": {
				"north": {"uv": [6, 11.5, 9, 12], "texture": "#texture1"},
				"east": {"uv": [7.5, 11.5, 9, 12], "texture": "#texture1"},
				"south": {"uv": [7, 11.5, 10, 12], "texture": "#texture1"},
				"west": {"uv": [7, 11.5, 8.5, 12], "texture": "#texture1"},
				"up": {"uv": [7, 7, 10, 8.5], "texture": "#texture1"},
				"down": {"uv": [7, 7.5, 10, 9], "texture": "#texture1"}
			}
		},
		{
			"name": "Box57",
			"from": [10, 4, 7],
			"to": [10.5, 9, 8.5],
			"faces": {
				"north": {"uv": [5.5, 7, 6, 12], "texture": "#texture1"},
				"east": {"uv": [7.5, 7, 9, 12], "texture": "#texture1"},
				"south": {"uv": [10, 7, 10.5, 12], "texture": "#texture1"},
				"west": {"uv": [7, 7, 8.5, 12], "texture": "#texture1"},
				"up": {"uv": [10, 7, 10.5, 8.5], "texture": "#texture1"},
				"down": {"uv": [10, 7.5, 10.5, 9], "texture": "#texture1"}
			}
		},
		{
			"name": "Box58",
			"from": [5, 7.5, 7.25],
			"to": [5.5, 9, 8.25],
			"faces": {
				"north": {"uv": [10.5, 7, 11, 8.5], "texture": "#texture1"},
				"east": {"uv": [7.75, 7, 8.75, 8.5], "texture": "#texture1"},
				"south": {"uv": [5, 7, 5.5, 8.5], "texture": "#texture1"},
				"west": {"uv": [7.25, 7, 8.25, 8.5], "texture": "#texture1"},
				"up": {"uv": [5, 7.25, 5.5, 8.25], "texture": "#texture1"},
				"down": {"uv": [5, 7.75, 5.5, 8.75], "texture": "#texture1"}
			}
		},
		{
			"name": "Box59",
			"from": [3, 7, 7.25],
			"to": [5.5, 7.5, 8.25],
			"faces": {
				"north": {"uv": [10.5, 8.5, 13, 9], "texture": "#texture1"},
				"east": {"uv": [7.75, 8.5, 8.75, 9], "texture": "#texture1"},
				"south": {"uv": [3, 8.5, 5.5, 9], "texture": "#texture1"},
				"west": {"uv": [7.25, 8.5, 8.25, 9], "texture": "#texture1"},
				"up": {"uv": [3, 7.25, 5.5, 8.25], "texture": "#texture1"},
				"down": {"uv": [3, 7.75, 5.5, 8.75], "texture": "#texture1"}
			}
		},
		{
			"name": "Box60",
			"from": [3, 7.5, 7.25],
			"to": [3.5, 9, 8.25],
			"faces": {
				"north": {"uv": [12.5, 7, 13, 8.5], "texture": "#texture1"},
				"east": {"uv": [7.75, 7, 8.75, 8.5], "texture": "#texture1"},
				"south": {"uv": [3, 7, 3.5, 8.5], "texture": "#texture1"},
				"west": {"uv": [7.25, 7, 8.25, 8.5], "texture": "#texture1"},
				"up": {"uv": [3, 7.25, 3.5, 8.25], "texture": "#texture1"},
				"down": {"uv": [3, 7.75, 3.5, 8.75], "texture": "#texture1"}
			}
		},
		{
			"name": "Box62",
			"from": [11.5, 9.5, 6.75],
			"to": [12.5, 11, 8.75],
			"faces": {
				"north": {"uv": [3.5, 5, 4.5, 6.5], "texture": "#texture"},
				"east": {"uv": [7.25, 5, 9.25, 6.5], "texture": "#texture"},
				"south": {"uv": [11.5, 5, 12.5, 6.5], "texture": "#texture"},
				"west": {"uv": [6.75, 5, 8.75, 6.5], "texture": "#texture"},
				"up": {"uv": [11.5, 6.75, 12.5, 8.75], "texture": "#texture"},
				"down": {"uv": [11.5, 7.25, 12.5, 9.25], "texture": "#texture"}
			}
		},
		{
			"name": "Box66",
			"from": [12.5, 3.5, 8.5],
			"to": [19, 4.5, 9],
			"rotation": {"angle": 22.5, "axis": "z", "origin": [12.5, 3.5, 8.5]},
			"faces": {
				"north": {"uv": [0, 11.5, 3.5, 12], "texture": "#texture"},
				"east": {"uv": [1, 11.5, 2, 12], "texture": "#texture"},
				"south": {"uv": [12.5, 11.5, 16, 12], "texture": "#texture"},
				"west": {"uv": [14, 11.5, 15, 12], "texture": "#texture"},
				"up": {"uv": [12.5, 14, 16, 15], "texture": "#texture"},
				"down": {"uv": [12.5, 1, 16, 2], "texture": "#texture"}
			}
		},
		{
			"name": "Box66",
			"from": [12.5, 3.5, 6.5],
			"to": [19, 4.5, 7],
			"rotation": {"angle": 22.5, "axis": "z", "origin": [12.5, 3.5, 6.5]},
			"faces": {
				"north": {"uv": [0, 11.5, 3.5, 12], "texture": "#texture"},
				"east": {"uv": [1, 11.5, 2, 12], "texture": "#texture"},
				"south": {"uv": [12.5, 11.5, 16, 12], "texture": "#texture"},
				"west": {"uv": [14, 11.5, 15, 12], "texture": "#texture"},
				"up": {"uv": [12.5, 14, 16, 15], "texture": "#texture"},
				"down": {"uv": [12.5, 1, 16, 2], "texture": "#texture"}
			}
		},
		{
			"name": "Box60",
			"from": [17.5, 6, 8.25],
			"to": [18.5, 9.5, 8.75],
			"faces": {
				"north": {"uv": [13.5, 6.5, 14.5, 10], "texture": "#texture"},
				"east": {"uv": [7.25, 6.5, 7.75, 10], "texture": "#texture"},
				"south": {"uv": [1.5, 6.5, 2.5, 10], "texture": "#texture"},
				"west": {"uv": [8.25, 6.5, 8.75, 10], "texture": "#texture"},
				"up": {"uv": [1.5, 8.25, 2.5, 8.75], "texture": "#texture"},
				"down": {"uv": [1.5, 7.25, 2.5, 7.75], "texture": "#texture"}
			}
		},
		{
			"name": "Box62",
			"from": [13, 6, 6.75],
			"to": [17.5, 9.5, 8.75],
			"faces": {
				"north": {"uv": [0, 6.5, 3, 10], "texture": "#texture"},
				"east": {"uv": [7.25, 6.5, 9.25, 10], "texture": "#texture"},
				"south": {"uv": [13, 6.5, 16, 10], "texture": "#texture"},
				"west": {"uv": [6.75, 6.5, 8.75, 10], "texture": "#texture"},
				"up": {"uv": [13, 6.75, 16, 8.75], "texture": "#texture"},
				"down": {"uv": [13, 7.25, 16, 9.25], "texture": "#texture"}
			}
		},
		{
			"name": "Box63",
			"from": [13, 5, 6.75],
			"to": [16, 6, 8.75],
			"faces": {
				"north": {"uv": [0, 10, 3, 11], "texture": "#texture"},
				"east": {"uv": [7.25, 10, 9.25, 11], "texture": "#texture"},
				"south": {"uv": [13, 10, 16, 11], "texture": "#texture"},
				"west": {"uv": [6.75, 10, 8.75, 11], "texture": "#texture"},
				"up": {"uv": [13, 6.75, 16, 8.75], "texture": "#texture"},
				"down": {"uv": [13, 7.25, 16, 9.25], "texture": "#texture"}
			}
		},
		{
			"name": "Box64",
			"from": [13, 4.5, 6.75],
			"to": [13.5, 5, 8.75],
			"faces": {
				"north": {"uv": [2.5, 11, 3, 11.5], "texture": "#texture"},
				"east": {"uv": [7.25, 11, 9.25, 11.5], "texture": "#texture"},
				"south": {"uv": [13, 11, 13.5, 11.5], "texture": "#texture"},
				"west": {"uv": [6.75, 11, 8.75, 11.5], "texture": "#texture"},
				"up": {"uv": [13, 6.75, 13.5, 8.75], "texture": "#texture"},
				"down": {"uv": [13, 7.25, 13.5, 9.25], "texture": "#texture"}
			}
		},
		{
			"name": "Box60",
			"from": [17.5, 6, 6.75],
			"to": [18.5, 9.5, 7.25],
			"faces": {
				"north": {"uv": [13.5, 6.5, 14.5, 10], "texture": "#texture"},
				"east": {"uv": [8.75, 6.5, 9.25, 10], "texture": "#texture"},
				"south": {"uv": [1.5, 6.5, 2.5, 10], "texture": "#texture"},
				"west": {"uv": [6.75, 6.5, 7.25, 10], "texture": "#texture"},
				"up": {"uv": [1.5, 6.75, 2.5, 7.25], "texture": "#texture"},
				"down": {"uv": [1.5, 8.75, 2.5, 9.25], "texture": "#texture"}
			}
		},
		{
			"name": "Box63",
			"from": [13.5, 2, 7.25],
			"to": [15.5, 6.5, 8.25],
			"faces": {
				"north": {"uv": [0.5, 9.5, 2.5, 14], "texture": "#texture1"},
				"east": {"uv": [7.75, 9.5, 8.75, 14], "texture": "#texture1"},
				"south": {"uv": [13.5, 9.5, 15.5, 14], "texture": "#texture1"},
				"west": {"uv": [7.25, 9.5, 8.25, 14], "texture": "#texture1"},
				"up": {"uv": [13.5, 7.25, 15.5, 8.25], "texture": "#texture1"},
				"down": {"uv": [13.5, 7.75, 15.5, 8.75], "texture": "#texture1"}
			}
		},
		{
			"name": "Box68",
			"from": [7, 4.5, 7.25],
			"to": [7.5, 9, 8.25],
			"faces": {
				"north": {"uv": [8.5, 7, 9, 11.5], "texture": "#texture1"},
				"east": {"uv": [7.75, 7, 8.75, 11.5], "texture": "#texture1"},
				"south": {"uv": [7, 7, 7.5, 11.5], "texture": "#texture1"},
				"west": {"uv": [7.25, 7, 8.25, 11.5], "texture": "#texture1"},
				"up": {"uv": [7, 7.25, 7.5, 8.25], "texture": "#texture1"},
				"down": {"uv": [7, 7.75, 7.5, 8.75], "texture": "#texture1"}
			}
		},
		{
			"name": "Box69",
			"from": [7.5, 8.5, 7.25],
			"to": [10, 9, 8.25],
			"faces": {
				"north": {"uv": [6, 7, 8.5, 7.5], "texture": "#texture1"},
				"east": {"uv": [7.75, 7, 8.75, 7.5], "texture": "#texture1"},
				"south": {"uv": [7.5, 7, 10, 7.5], "texture": "#texture1"},
				"west": {"uv": [7.25, 7, 8.25, 7.5], "texture": "#texture1"},
				"up": {"uv": [7.5, 7.25, 10, 8.25], "texture": "#texture1"},
				"down": {"uv": [7.5, 7.75, 10, 8.75], "texture": "#texture1"}
			}
		},
		{
			"name": "Box70",
			"from": [-4, 10.5, 8],
			"to": [-3, 11, 8.5],
			"rotation": {"angle": 45, "axis": "x", "origin": [-4, 10.5, 8]},
			"faces": {
				"north": {"uv": [0.5, 5, 1.5, 5.5], "texture": "#texture1"},
				"east": {"uv": [7, 5, 8, 5.5], "texture": "#texture1"},
				"south": {"uv": [14.5, 5, 15.5, 5.5], "texture": "#texture1"},
				"west": {"uv": [8, 5, 9, 5.5], "texture": "#texture1"},
				"up": {"uv": [14.5, 8, 15.5, 9], "texture": "#texture1"},
				"down": {"uv": [14.5, 7, 15.5, 8], "texture": "#texture1"}
			}
		},
		{
			"name": "Box71",
			"from": [-4, 10.5, 7],
			"to": [-3, 11, 8.5],
			"faces": {
				"north": {"uv": [3, 5, 4, 5.5], "texture": "#texture1"},
				"east": {"uv": [7.5, 5, 9, 5.5], "texture": "#texture1"},
				"south": {"uv": [12, 5, 13, 5.5], "texture": "#texture1"},
				"west": {"uv": [7, 5, 8.5, 5.5], "texture": "#texture1"},
				"up": {"uv": [12, 7, 13, 8.5], "texture": "#texture1"},
				"down": {"uv": [12, 7.5, 13, 9], "texture": "#texture1"}
			}
		},
		{
			"name": "Box70",
			"from": [-4, 10.5, 7],
			"to": [-3, 11, 7.5],
			"rotation": {"angle": -45, "axis": "x", "origin": [-3, 10.5, 7.5]},
			"faces": {
				"north": {"uv": [14.5, 5, 15.5, 5.5], "texture": "#texture1"},
				"east": {"uv": [8, 5, 9, 5.5], "texture": "#texture1"},
				"south": {"uv": [0.5, 5, 1.5, 5.5], "texture": "#texture1"},
				"west": {"uv": [7, 5, 8, 5.5], "texture": "#texture1"},
				"up": {"uv": [14.5, 8, 15.5, 9], "rotation": 180, "texture": "#texture1"},
				"down": {"uv": [14.5, 7, 15.5, 8], "rotation": 180, "texture": "#texture1"}
			}
		},
		{
			"name": "Box70",
			"from": [-2, 10.5, 8],
			"to": [-1, 11, 8.5],
			"rotation": {"angle": 45, "axis": "x", "origin": [-2, 10.5, 8]},
			"faces": {
				"north": {"uv": [0.5, 5, 1.5, 5.5], "texture": "#texture1"},
				"east": {"uv": [7, 5, 8, 5.5], "texture": "#texture1"},
				"south": {"uv": [14.5, 5, 15.5, 5.5], "texture": "#texture1"},
				"west": {"uv": [8, 5, 9, 5.5], "texture": "#texture1"},
				"up": {"uv": [14.5, 8, 15.5, 9], "texture": "#texture1"},
				"down": {"uv": [14.5, 7, 15.5, 8], "texture": "#texture1"}
			}
		},
		{
			"name": "Box71",
			"from": [-2, 10.5, 7],
			"to": [-1, 11, 8.5],
			"faces": {
				"north": {"uv": [1, 5, 2, 5.5], "texture": "#texture"},
				"east": {"uv": [7.5, 5, 9, 5.5], "texture": "#texture"},
				"south": {"uv": [14, 5, 15, 5.5], "texture": "#texture"},
				"west": {"uv": [7, 5, 8.5, 5.5], "texture": "#texture"},
				"up": {"uv": [14, 7, 15, 8.5], "texture": "#texture"},
				"down": {"uv": [14, 7.5, 15, 9], "texture": "#texture"}
			}
		},
		{
			"name": "Box70",
			"from": [-2, 10.5, 7],
			"to": [-1, 11, 7.5],
			"rotation": {"angle": -45, "axis": "x", "origin": [-1, 10.5, 7.5]},
			"faces": {
				"north": {"uv": [14.5, 5, 15.5, 5.5], "texture": "#texture1"},
				"east": {"uv": [8, 5, 9, 5.5], "texture": "#texture1"},
				"south": {"uv": [0.5, 5, 1.5, 5.5], "texture": "#texture1"},
				"west": {"uv": [7, 5, 8, 5.5], "texture": "#texture1"},
				"up": {"uv": [14.5, 8, 15.5, 9], "rotation": 180, "texture": "#texture1"},
				"down": {"uv": [14.5, 7, 15.5, 8], "rotation": 180, "texture": "#texture1"}
			}
		},
		{
			"name": "Box70",
			"from": [0, 10.5, 8],
			"to": [1, 11, 8.5],
			"rotation": {"angle": 45, "axis": "x", "origin": [0, 10.5, 8]},
			"faces": {
				"north": {"uv": [0.5, 5, 1.5, 5.5], "texture": "#texture1"},
				"east": {"uv": [7, 5, 8, 5.5], "texture": "#texture1"},
				"south": {"uv": [14.5, 5, 15.5, 5.5], "texture": "#texture1"},
				"west": {"uv": [8, 5, 9, 5.5], "texture": "#texture1"},
				"up": {"uv": [14.5, 8, 15.5, 9], "texture": "#texture1"},
				"down": {"uv": [14.5, 7, 15.5, 8], "texture": "#texture1"}
			}
		},
		{
			"name": "Box71",
			"from": [0, 10.5, 7],
			"to": [1, 11, 8.5],
			"faces": {
				"north": {"uv": [15, 5, 16, 5.5], "texture": "#texture"},
				"east": {"uv": [7.5, 5, 9, 5.5], "texture": "#texture"},
				"south": {"uv": [0, 5, 1, 5.5], "texture": "#texture"},
				"west": {"uv": [7, 5, 8.5, 5.5], "texture": "#texture"},
				"up": {"uv": [0, 7, 1, 8.5], "texture": "#texture"},
				"down": {"uv": [0, 7.5, 1, 9], "texture": "#texture"}
			}
		},
		{
			"name": "Box70",
			"from": [0, 10.5, 7],
			"to": [1, 11, 7.5],
			"rotation": {"angle": -45, "axis": "x", "origin": [1, 10.5, 7.5]},
			"faces": {
				"north": {"uv": [14.5, 5, 15.5, 5.5], "texture": "#texture1"},
				"east": {"uv": [8, 5, 9, 5.5], "texture": "#texture1"},
				"south": {"uv": [0.5, 5, 1.5, 5.5], "texture": "#texture1"},
				"west": {"uv": [7, 5, 8, 5.5], "texture": "#texture1"},
				"up": {"uv": [14.5, 8, 15.5, 9], "rotation": 180, "texture": "#texture1"},
				"down": {"uv": [14.5, 7, 15.5, 8], "rotation": 180, "texture": "#texture1"}
			}
		},
		{
			"name": "Box70",
			"from": [2, 10.5, 8],
			"to": [3, 11, 8.5],
			"rotation": {"angle": 45, "axis": "x", "origin": [2, 10.5, 8]},
			"faces": {
				"north": {"uv": [0.5, 5, 1.5, 5.5], "texture": "#texture1"},
				"east": {"uv": [7, 5, 8, 5.5], "texture": "#texture1"},
				"south": {"uv": [14.5, 5, 15.5, 5.5], "texture": "#texture1"},
				"west": {"uv": [8, 5, 9, 5.5], "texture": "#texture1"},
				"up": {"uv": [14.5, 8, 15.5, 9], "texture": "#texture1"},
				"down": {"uv": [14.5, 7, 15.5, 8], "texture": "#texture1"}
			}
		},
		{
			"name": "Box71",
			"from": [2, 10.5, 7],
			"to": [3, 11, 8.5],
			"faces": {
				"north": {"uv": [13, 5, 14, 5.5], "texture": "#texture1"},
				"east": {"uv": [7.5, 5, 9, 5.5], "texture": "#texture1"},
				"south": {"uv": [2, 5, 3, 5.5], "texture": "#texture1"},
				"west": {"uv": [7, 5, 8.5, 5.5], "texture": "#texture1"},
				"up": {"uv": [2, 7, 3, 8.5], "texture": "#texture1"},
				"down": {"uv": [2, 7.5, 3, 9], "texture": "#texture1"}
			}
		},
		{
			"name": "Box70",
			"from": [2, 10.5, 7],
			"to": [3, 11, 7.5],
			"rotation": {"angle": -45, "axis": "x", "origin": [3, 10.5, 7.5]},
			"faces": {
				"north": {"uv": [14.5, 5, 15.5, 5.5], "texture": "#texture1"},
				"east": {"uv": [8, 5, 9, 5.5], "texture": "#texture1"},
				"south": {"uv": [0.5, 5, 1.5, 5.5], "texture": "#texture1"},
				"west": {"uv": [7, 5, 8, 5.5], "texture": "#texture1"},
				"up": {"uv": [14.5, 8, 15.5, 9], "rotation": 180, "texture": "#texture1"},
				"down": {"uv": [14.5, 7, 15.5, 8], "rotation": 180, "texture": "#texture1"}
			}
		},
		{
			"name": "Box70",
			"from": [4, 10.5, 8],
			"to": [5, 11, 8.5],
			"rotation": {"angle": 45, "axis": "x", "origin": [4, 10.5, 8]},
			"faces": {
				"north": {"uv": [0.5, 5, 1.5, 5.5], "texture": "#texture1"},
				"east": {"uv": [7, 5, 8, 5.5], "texture": "#texture1"},
				"south": {"uv": [14.5, 5, 15.5, 5.5], "texture": "#texture1"},
				"west": {"uv": [8, 5, 9, 5.5], "texture": "#texture1"},
				"up": {"uv": [14.5, 8, 15.5, 9], "texture": "#texture1"},
				"down": {"uv": [14.5, 7, 15.5, 8], "texture": "#texture1"}
			}
		},
		{
			"name": "Box71",
			"from": [4, 10.5, 7],
			"to": [5, 11, 8.5],
			"faces": {
				"north": {"uv": [11, 5, 12, 5.5], "texture": "#texture1"},
				"east": {"uv": [7.5, 5, 9, 5.5], "texture": "#texture1"},
				"south": {"uv": [4, 5, 5, 5.5], "texture": "#texture1"},
				"west": {"uv": [7, 5, 8.5, 5.5], "texture": "#texture1"},
				"up": {"uv": [4, 7, 5, 8.5], "texture": "#texture1"},
				"down": {"uv": [4, 7.5, 5, 9], "texture": "#texture1"}
			}
		},
		{
			"name": "Box70",
			"from": [4, 10.5, 7],
			"to": [5, 11, 7.5],
			"rotation": {"angle": -45, "axis": "x", "origin": [5, 10.5, 7.5]},
			"faces": {
				"north": {"uv": [14.5, 5, 15.5, 5.5], "texture": "#texture1"},
				"east": {"uv": [8, 5, 9, 5.5], "texture": "#texture1"},
				"south": {"uv": [0.5, 5, 1.5, 5.5], "texture": "#texture1"},
				"west": {"uv": [7, 5, 8, 5.5], "texture": "#texture1"},
				"up": {"uv": [14.5, 8, 15.5, 9], "rotation": 180, "texture": "#texture1"},
				"down": {"uv": [14.5, 7, 15.5, 8], "rotation": 180, "texture": "#texture1"}
			}
		},
		{
			"name": "Box70",
			"from": [6, 10.5, 8],
			"to": [7, 11, 8.5],
			"rotation": {"angle": 45, "axis": "x", "origin": [6, 10.5, 8]},
			"faces": {
				"north": {"uv": [0.5, 5, 1.5, 5.5], "texture": "#texture1"},
				"east": {"uv": [7, 5, 8, 5.5], "texture": "#texture1"},
				"south": {"uv": [14.5, 5, 15.5, 5.5], "texture": "#texture1"},
				"west": {"uv": [8, 5, 9, 5.5], "texture": "#texture1"},
				"up": {"uv": [14.5, 8, 15.5, 9], "texture": "#texture1"},
				"down": {"uv": [14.5, 7, 15.5, 8], "texture": "#texture1"}
			}
		},
		{
			"name": "Box71",
			"from": [6, 10.5, 7],
			"to": [7, 11, 8.5],
			"faces": {
				"north": {"uv": [9, 5, 10, 5.5], "texture": "#texture1"},
				"east": {"uv": [7.5, 5, 9, 5.5], "texture": "#texture1"},
				"south": {"uv": [6, 5, 7, 5.5], "texture": "#texture1"},
				"west": {"uv": [7, 5, 8.5, 5.5], "texture": "#texture1"},
				"up": {"uv": [6, 7, 7, 8.5], "texture": "#texture1"},
				"down": {"uv": [6, 7.5, 7, 9], "texture": "#texture1"}
			}
		},
		{
			"name": "Box70",
			"from": [6, 10.5, 7],
			"to": [7, 11, 7.5],
			"rotation": {"angle": -45, "axis": "x", "origin": [7, 10.5, 7.5]},
			"faces": {
				"north": {"uv": [14.5, 5, 15.5, 5.5], "texture": "#texture1"},
				"east": {"uv": [8, 5, 9, 5.5], "texture": "#texture1"},
				"south": {"uv": [0.5, 5, 1.5, 5.5], "texture": "#texture1"},
				"west": {"uv": [7, 5, 8, 5.5], "texture": "#texture1"},
				"up": {"uv": [14.5, 8, 15.5, 9], "rotation": 180, "texture": "#texture1"},
				"down": {"uv": [14.5, 7, 15.5, 8], "rotation": 180, "texture": "#texture1"}
			}
		},
		{
			"name": "Box70",
			"from": [8, 10.5, 8],
			"to": [9, 11, 8.5],
			"rotation": {"angle": 45, "axis": "x", "origin": [8, 10.5, 8]},
			"faces": {
				"north": {"uv": [0.5, 5, 1.5, 5.5], "texture": "#texture1"},
				"east": {"uv": [7, 5, 8, 5.5], "texture": "#texture1"},
				"south": {"uv": [14.5, 5, 15.5, 5.5], "texture": "#texture1"},
				"west": {"uv": [8, 5, 9, 5.5], "texture": "#texture1"},
				"up": {"uv": [14.5, 8, 15.5, 9], "texture": "#texture1"},
				"down": {"uv": [14.5, 7, 15.5, 8], "texture": "#texture1"}
			}
		},
		{
			"name": "Box71",
			"from": [8, 10.5, 7],
			"to": [9, 11, 8.5],
			"faces": {
				"north": {"uv": [7, 5, 8, 5.5], "texture": "#texture1"},
				"east": {"uv": [7.5, 5, 9, 5.5], "texture": "#texture1"},
				"south": {"uv": [8, 5, 9, 5.5], "texture": "#texture1"},
				"west": {"uv": [7, 5, 8.5, 5.5], "texture": "#texture1"},
				"up": {"uv": [8, 7, 9, 8.5], "texture": "#texture1"},
				"down": {"uv": [8, 7.5, 9, 9], "texture": "#texture1"}
			}
		},
		{
			"name": "Box70",
			"from": [8, 10.5, 7],
			"to": [9, 11, 7.5],
			"rotation": {"angle": -45, "axis": "x", "origin": [9, 10.5, 7.5]},
			"faces": {
				"north": {"uv": [14.5, 5, 15.5, 5.5], "texture": "#texture1"},
				"east": {"uv": [8, 5, 9, 5.5], "texture": "#texture1"},
				"south": {"uv": [0.5, 5, 1.5, 5.5], "texture": "#texture1"},
				"west": {"uv": [7, 5, 8, 5.5], "texture": "#texture1"},
				"up": {"uv": [14.5, 8, 15.5, 9], "rotation": 180, "texture": "#texture1"},
				"down": {"uv": [14.5, 7, 15.5, 8], "rotation": 180, "texture": "#texture1"}
			}
		},
		{
			"name": "Box92",
			"from": [-4.5, 10.5, 7],
			"to": [10.5, 10.75, 8.5],
			"faces": {
				"north": {"uv": [5.5, 5.25, 16, 5.5], "texture": "#texture"},
				"east": {"uv": [7.5, 5.25, 9, 5.5], "texture": "#texture"},
				"south": {"uv": [0, 5.25, 10.5, 5.5], "texture": "#texture"},
				"west": {"uv": [7, 5.25, 8.5, 5.5], "texture": "#texture"},
				"up": {"uv": [0, 7, 10.5, 8.5], "texture": "#texture"},
				"down": {"uv": [0, 7.5, 10.5, 9], "texture": "#texture"}
			}
		},
		{
			"name": "Box94",
			"from": [-2.5, 8, 8.75],
			"to": [1.5, 8.5, 9.25],
			"faces": {
				"north": {"uv": [14.5, 7.5, 16, 8], "texture": "#texture3"},
				"east": {"uv": [6.75, 7.5, 7.25, 8], "texture": "#texture3"},
				"south": {"uv": [0, 7.5, 1.5, 8], "texture": "#texture3"},
				"west": {"uv": [8.75, 7.5, 9.25, 8], "texture": "#texture3"},
				"up": {"uv": [0, 8.75, 1.5, 9.25], "texture": "#texture3"},
				"down": {"uv": [0, 6.75, 1.5, 7.25], "texture": "#texture3"}
			}
		},
		{
			"name": "Box97",
			"from": [-2.5, 8, 9.25],
			"to": [-2, 8.5, 10.25],
			"rotation": {"angle": 22.5, "axis": "y", "origin": [-2.5, 8, 9.25]},
			"faces": {
				"north": {"uv": [2, 7.5, 2.5, 8], "texture": "#texture4"},
				"east": {"uv": [5.5, 7.5, 6.5, 8], "texture": "#texture4"},
				"south": {"uv": [13.5, 7.5, 14, 8], "texture": "#texture4"},
				"west": {"uv": [9.5, 7.5, 10.5, 8], "texture": "#texture4"},
				"up": {"uv": [13.5, 9.5, 14, 10.5], "texture": "#texture4"},
				"down": {"uv": [13.5, 5.5, 14, 6.5], "texture": "#texture4"}
			}
		},
		{
			"name": "Box99",
			"from": [-2, 8, 9.25],
			"to": [-1.5, 8.5, 10.25],
			"faces": {
				"north": {"uv": [1.5, 7.5, 2, 8], "texture": "#texture4"},
				"east": {"uv": [5.5, 7.5, 6.5, 8], "texture": "#texture4"},
				"south": {"uv": [14, 7.5, 14.5, 8], "texture": "#texture4"},
				"west": {"uv": [9.5, 7.5, 10.5, 8], "texture": "#texture4"},
				"up": {"uv": [14, 9.5, 14.5, 10.5], "texture": "#texture4"},
				"down": {"uv": [14, 5.5, 14.5, 6.5], "texture": "#texture4"}
			}
		},
		{
			"name": "Box100",
			"from": [-5, 2.5, 7.25],
			"to": [6, 3, 8.25],
			"faces": {
				"north": {"uv": [10, 13, 16, 13.5], "texture": "#texture"},
				"east": {"uv": [7.75, 13, 8.75, 13.5], "texture": "#texture"},
				"south": {"uv": [0, 13, 6, 13.5], "texture": "#texture"},
				"west": {"uv": [7.25, 13, 8.25, 13.5], "texture": "#texture"},
				"up": {"uv": [0, 7.25, 6, 8.25], "texture": "#texture"},
				"down": {"uv": [0, 7.75, 6, 8.75], "texture": "#texture"}
			}
		},
		{
			"name": "Box101",
			"from": [12.5, 9.5, 7],
			"to": [17.5, 10, 8.5],
			"faces": {
				"north": {"uv": [0, 6, 3.5, 6.5], "texture": "#texture"},
				"east": {"uv": [7.5, 6, 9, 6.5], "texture": "#texture"},
				"south": {"uv": [12.5, 6, 16, 6.5], "texture": "#texture"},
				"west": {"uv": [7, 6, 8.5, 6.5], "texture": "#texture"},
				"up": {"uv": [12.5, 7, 16, 8.5], "texture": "#texture"},
				"down": {"uv": [12.5, 7.5, 16, 9], "texture": "#texture"}
			}
		},
		{
			"name": "Box102",
			"from": [12.5, 10, 7],
			"to": [17.5, 10.5, 8.5],
			"faces": {
				"north": {"uv": [0, 5.5, 3.5, 6], "texture": "#texture5"},
				"east": {"uv": [7.5, 5.5, 9, 6], "texture": "#texture5"},
				"south": {"uv": [12.5, 5.5, 16, 6], "texture": "#texture5"},
				"west": {"uv": [7, 5.5, 8.5, 6], "texture": "#texture5"},
				"up": {"uv": [12.5, 7, 16, 8.5], "texture": "#texture5"},
				"down": {"uv": [12.5, 7.5, 16, 9], "texture": "#texture5"}
			}
		},
		{
			"name": "Box103",
			"from": [12.5, 10.5, 7],
			"to": [17.5, 11, 8],
			"rotation": {"angle": 22.5, "axis": "x", "origin": [12.5, 10.5, 7]},
			"faces": {
				"north": {"uv": [0, 5, 3.5, 5.5], "texture": "#texture5"},
				"east": {"uv": [8, 5, 9, 5.5], "texture": "#texture5"},
				"south": {"uv": [12.5, 5, 16, 5.5], "texture": "#texture5"},
				"west": {"uv": [7, 5, 8, 5.5], "texture": "#texture5"},
				"up": {"uv": [12.5, 7, 16, 8], "texture": "#texture5"},
				"down": {"uv": [12.5, 8, 16, 9], "texture": "#texture5"}
			}
		},
		{
			"name": "Box103",
			"from": [12.5, 10.5, 7.5],
			"to": [17.5, 11, 8.5],
			"rotation": {"angle": -22.5, "axis": "x", "origin": [17.5, 10.5, 8.5]},
			"faces": {
				"north": {"uv": [12.5, 5, 16, 5.5], "texture": "#texture5"},
				"east": {"uv": [7, 5, 8, 5.5], "texture": "#texture5"},
				"south": {"uv": [0, 5, 3.5, 5.5], "texture": "#texture5"},
				"west": {"uv": [8, 5, 9, 5.5], "texture": "#texture5"},
				"up": {"uv": [12.5, 7, 16, 8], "rotation": 180, "texture": "#texture5"},
				"down": {"uv": [12.5, 8, 16, 9], "rotation": 180, "texture": "#texture5"}
			}
		},
		{
			"name": "Box105",
			"from": [12.5, 10.5, 7.25],
			"to": [17.5, 11, 8.25],
			"faces": {
				"north": {"uv": [0, 5, 3.5, 5.5], "texture": "#texture5"},
				"east": {"uv": [7.75, 5, 8.75, 5.5], "texture": "#texture5"},
				"south": {"uv": [12.5, 5, 16, 5.5], "texture": "#texture5"},
				"west": {"uv": [7.25, 5, 8.25, 5.5], "texture": "#texture5"},
				"up": {"uv": [12.5, 7.25, 16, 8.25], "texture": "#texture5"},
				"down": {"uv": [12.5, 7.75, 16, 8.75], "texture": "#texture5"}
			}
		},
		{
			"name": "Box99",
			"from": [-2.5, 2, 7],
			"to": [-1, 3, 8.5],
			"rotation": {"angle": -45, "axis": "z", "origin": [-1, 2, 7]},
			"faces": {
				"north": {"uv": [2, 16, 1, 15], "rotation": 270, "texture": "#texture"},
				"east": {"uv": [14, 1, 15, 2], "rotation": 270, "texture": "#texture"},
				"south": {"uv": [15, 16, 14, 15], "rotation": 90, "texture": "#texture"},
				"west": {"uv": [15, 15, 14, 14], "rotation": 90, "texture": "#texture"},
				"up": {"uv": [1, 15, 2, 16], "rotation": 270, "texture": "#texture"},
				"down": {"uv": [15, 16, 14, 15], "rotation": 90, "texture": "#texture"}
			}
		},
		{
			"name": "Box100",
			"from": [-2, 10.75, 7.25],
			"to": [1, 11.25, 8.25],
			"faces": {
				"north": {"uv": [15, 4.75, 16, 5.25], "texture": "#texture"},
				"east": {"uv": [7.75, 4.75, 8.75, 5.25], "texture": "#texture"},
				"south": {"uv": [0, 4.75, 1, 5.25], "texture": "#texture"},
				"west": {"uv": [7.25, 4.75, 8.25, 5.25], "texture": "#texture"},
				"up": {"uv": [0, 7.25, 1, 8.25], "texture": "#texture"},
				"down": {"uv": [0, 7.75, 1, 8.75], "texture": "#texture"}
			}
		},
		{
			"name": "Box101",
			"from": [-2.5, 10.5, 7.25],
			"to": [-2, 11.5, 8.25],
			"rotation": {"angle": -22.5, "axis": "z", "origin": [-2.5, 10.5, 7.25]},
			"faces": {
				"north": {"uv": [2, 4.5, 2.5, 5.5], "texture": "#texture"},
				"east": {"uv": [1, 4.5, 2, 5.5], "texture": "#texture"},
				"south": {"uv": [13.5, 4.5, 14, 5.5], "texture": "#texture"},
				"west": {"uv": [14, 4.5, 15, 5.5], "texture": "#texture"},
				"up": {"uv": [13.5, 14, 14, 15], "texture": "#texture"},
				"down": {"uv": [13.5, 1, 14, 2], "texture": "#texture"}
			}
		},
		{
			"name": "Box102",
			"from": [-2, 11, 8.25],
			"to": [0, 12.5, 8.5],
			"faces": {
				"north": {"uv": [0, 3.5, 2, 5], "texture": "#texture"},
				"east": {"uv": [7.5, 3.5, 7.75, 5], "texture": "#texture"},
				"south": {"uv": [14, 3.5, 16, 5], "texture": "#texture"},
				"west": {"uv": [8.25, 3.5, 8.5, 5], "texture": "#texture"},
				"up": {"uv": [14, 8.25, 16, 8.5], "texture": "#texture"},
				"down": {"uv": [14, 7.5, 16, 7.75], "texture": "#texture"}
			}
		},
		{
			"name": "Box102",
			"from": [0, 11, 8.25],
			"to": [1, 11.5, 8.5],
			"faces": {
				"north": {"uv": [15, 4.5, 16, 5], "texture": "#texture"},
				"east": {"uv": [7.5, 4.5, 7.75, 5], "texture": "#texture"},
				"south": {"uv": [0, 4.5, 1, 5], "texture": "#texture"},
				"west": {"uv": [8.25, 4.5, 8.5, 5], "texture": "#texture"},
				"up": {"uv": [0, 8.25, 1, 8.5], "texture": "#texture"},
				"down": {"uv": [0, 7.5, 1, 7.75], "texture": "#texture"}
			}
		},
		{
			"name": "Box102",
			"from": [0, 11.5, 8.25],
			"to": [0.5, 12, 8.5],
			"faces": {
				"north": {"uv": [15.5, 4, 16, 4.5], "texture": "#texture"},
				"east": {"uv": [7.5, 4, 7.75, 4.5], "texture": "#texture"},
				"south": {"uv": [0, 4, 0.5, 4.5], "texture": "#texture"},
				"west": {"uv": [8.25, 4, 8.5, 4.5], "texture": "#texture"},
				"up": {"uv": [0, 8.25, 0.5, 8.5], "texture": "#texture"},
				"down": {"uv": [0, 7.5, 0.5, 7.75], "texture": "#texture"}
			}
		},
		{
			"name": "Box102",
			"from": [0.5, 11.5, 8.25],
			"to": [1, 12, 8.5],
			"rotation": {"angle": 22.5, "axis": "z", "origin": [1, 11.5, 8.25]},
			"faces": {
				"north": {"uv": [0.5, 4, 1, 4.5], "texture": "#texture"},
				"east": {"uv": [8, 4, 8.001, 4.5], "texture": "#texture"},
				"south": {"uv": [15, 4, 15.5, 4.5], "texture": "#texture"},
				"west": {"uv": [7.999, 4, 8, 4.5], "texture": "#texture"},
				"up": {"uv": [0.5, 8, 1, 8.001], "rotation": 180, "texture": "#texture"},
				"down": {"uv": [0.5, 7.999, 1, 8], "rotation": 180, "texture": "#texture"}
			}
		},
		{
			"name": "Box107",
			"from": [0.5, 11.5, 8.25],
			"to": [0.75, 12, 8.5],
			"faces": {
				"north": {"uv": [15.25, 4, 15.5, 4.5], "texture": "#texture"},
				"east": {"uv": [7.5, 4, 7.75, 4.5], "texture": "#texture"},
				"south": {"uv": [0.5, 4, 0.75, 4.5], "texture": "#texture"},
				"west": {"uv": [8.25, 4, 8.5, 4.5], "texture": "#texture"},
				"up": {"uv": [0.5, 8.25, 0.75, 8.5], "texture": "#texture"},
				"down": {"uv": [0.5, 7.5, 0.75, 7.75], "texture": "#texture"}
			}
		},
		{
			"name": "Box102",
			"from": [-2, 11, 7],
			"to": [0, 12.5, 7.25],
			"faces": {
				"north": {"uv": [0, 3.5, 2, 5], "texture": "#texture"},
				"east": {"uv": [8.75, 3.5, 9, 5], "texture": "#texture"},
				"south": {"uv": [14, 3.5, 16, 5], "texture": "#texture"},
				"west": {"uv": [7, 3.5, 7.25, 5], "texture": "#texture"},
				"up": {"uv": [14, 7, 16, 7.25], "texture": "#texture"},
				"down": {"uv": [14, 8.75, 16, 9], "texture": "#texture"}
			}
		},
		{
			"name": "Box102",
			"from": [0, 11.5, 7],
			"to": [0.5, 12, 7.25],
			"faces": {
				"north": {"uv": [15.5, 4, 16, 4.5], "texture": "#texture"},
				"east": {"uv": [8.75, 4, 9, 4.5], "texture": "#texture"},
				"south": {"uv": [0, 4, 0.5, 4.5], "texture": "#texture"},
				"west": {"uv": [7, 4, 7.25, 4.5], "texture": "#texture"},
				"up": {"uv": [0, 7, 0.5, 7.25], "texture": "#texture"},
				"down": {"uv": [0, 8.75, 0.5, 9], "texture": "#texture"}
			}
		},
		{
			"name": "Box102",
			"from": [0, 11, 7],
			"to": [1, 11.5, 7.25],
			"faces": {
				"north": {"uv": [15, 4.5, 16, 5], "texture": "#texture"},
				"east": {"uv": [8.75, 4.5, 9, 5], "texture": "#texture"},
				"south": {"uv": [0, 4.5, 1, 5], "texture": "#texture"},
				"west": {"uv": [7, 4.5, 7.25, 5], "texture": "#texture"},
				"up": {"uv": [0, 7, 1, 7.25], "texture": "#texture"},
				"down": {"uv": [0, 8.75, 1, 9], "texture": "#texture"}
			}
		},
		{
			"name": "Box107",
			"from": [0.5, 11.5, 7],
			"to": [0.75, 12, 7.25],
			"faces": {
				"north": {"uv": [15.25, 4, 15.5, 4.5], "texture": "#texture"},
				"east": {"uv": [8.75, 4, 9, 4.5], "texture": "#texture"},
				"south": {"uv": [0.5, 4, 0.75, 4.5], "texture": "#texture"},
				"west": {"uv": [7, 4, 7.25, 4.5], "texture": "#texture"},
				"up": {"uv": [0.5, 7, 0.75, 7.25], "texture": "#texture"},
				"down": {"uv": [0.5, 8.75, 0.75, 9], "texture": "#texture"}
			}
		},
		{
			"name": "Box102",
			"from": [0.5, 11.5, 7],
			"to": [1, 12, 7.25],
			"rotation": {"angle": 22.5, "axis": "z", "origin": [1, 11.5, 7]},
			"faces": {
				"north": {"uv": [0.5, 4, 1, 4.5], "texture": "#texture"},
				"east": {"uv": [8, 4, 8.001, 4.5], "texture": "#texture"},
				"south": {"uv": [15, 4, 15.5, 4.5], "texture": "#texture"},
				"west": {"uv": [7.999, 4, 8, 4.5], "texture": "#texture"},
				"up": {"uv": [0.5, 8, 1, 8.001], "rotation": 180, "texture": "#texture"},
				"down": {"uv": [0.5, 7.999, 1, 8], "rotation": 180, "texture": "#texture"}
			}
		},
		{
			"name": "Box113",
			"from": [-2, 12.5, 7],
			"to": [0, 13, 8.5],
			"faces": {
				"north": {"uv": [0, 3, 2, 3.5], "texture": "#texture"},
				"east": {"uv": [7.5, 3, 9, 3.5], "texture": "#texture"},
				"south": {"uv": [14, 3, 16, 3.5], "texture": "#texture"},
				"west": {"uv": [7, 3, 8.5, 3.5], "texture": "#texture"},
				"up": {"uv": [14, 7, 16, 8.5], "texture": "#texture"},
				"down": {"uv": [14, 7.5, 16, 9], "texture": "#texture"}
			}
		},
		{
			"name": "Box114",
			"from": [-1.5, 10.5, 6.75],
			"to": [-1, 11, 8.75],
			"rotation": {"angle": 45, "axis": "z", "origin": [-1.5, 10.5, 6.75]},
			"faces": {
				"north": {"uv": [1, 5, 1.5, 5.5], "texture": "#texture"},
				"east": {"uv": [7.5, 5, 9.5, 5.5], "texture": "#texture"},
				"south": {"uv": [14.5, 5, 15, 5.5], "texture": "#texture"},
				"west": {"uv": [6.5, 5, 8.5, 5.5], "texture": "#texture"},
				"up": {"uv": [14.5, 6.5, 15, 8.5], "texture": "#texture"},
				"down": {"uv": [14.5, 7.5, 15, 9.5], "texture": "#texture"}
			}
		},
		{
			"name": "Box114",
			"from": [0.5, 10.5, 6.75],
			"to": [1, 11, 8.75],
			"rotation": {"angle": 45, "axis": "z", "origin": [0.5, 10.5, 6.75]},
			"faces": {
				"north": {"uv": [1, 5, 1.5, 5.5], "texture": "#texture"},
				"east": {"uv": [7.5, 5, 9.5, 5.5], "texture": "#texture"},
				"south": {"uv": [14.5, 5, 15, 5.5], "texture": "#texture"},
				"west": {"uv": [6.5, 5, 8.5, 5.5], "texture": "#texture"},
				"up": {"uv": [14.5, 6.5, 15, 8.5], "texture": "#texture"},
				"down": {"uv": [14.5, 7.5, 15, 9.5], "texture": "#texture"}
			}
		},
		{
			"name": "Box116",
			"from": [-1.5, 11.5, 7.25],
			"to": [-1.499, 12.5, 8.25],
			"faces": {
				"north": {"uv": [1.499, 3.5, 1.5, 4.5], "texture": "#texture6"},
				"east": {"uv": [1, 1, 8, 8], "texture": "#texture6"},
				"south": {"uv": [14.5, 3.5, 14.501, 4.5], "texture": "#texture6"},
				"west": {"uv": [1, 1, 8, 8], "texture": "#texture6"},
				"up": {"uv": [14.5, 7.25, 14.501, 8.25], "texture": "#texture6"},
				"down": {"uv": [14.5, 7.75, 14.501, 8.75], "texture": "#texture6"}
			}
		},
		{
			"name": "Box117",
			"from": [-2.1, 11, 7.25],
			"to": [0.4, 11.5, 8.25],
			"faces": {
				"north": {"uv": [15.6, 4.5, 16, 5], "texture": "#texture"},
				"east": {"uv": [7.75, 4.5, 8.75, 5], "texture": "#texture"},
				"south": {"uv": [0, 4.5, 0.4, 5], "texture": "#texture"},
				"west": {"uv": [7.25, 4.5, 8.25, 5], "texture": "#texture"},
				"up": {"uv": [0, 7.25, 0.4, 8.25], "texture": "#texture"},
				"down": {"uv": [0, 7.75, 0.4, 8.75], "texture": "#texture"}
			}
		},
		{
			"name": "Box116",
			"from": [5, 7.5, 7.5],
			"to": [6, 9.5, 8],
			"rotation": {"angle": 22.5, "axis": "z", "origin": [5, 7.5, 7.5]},
			"faces": {
				"north": {"uv": [10.5, 7, 11.5, 8.5], "texture": "#texture4"},
				"east": {"uv": [1, 7, 2, 8.5], "texture": "#texture4"},
				"south": {"uv": [4.5, 7, 5.5, 8.5], "texture": "#texture4"},
				"west": {"uv": [14, 7, 15, 8.5], "texture": "#texture4"},
				"up": {"uv": [4.5, 14, 5.5, 15], "texture": "#texture4"},
				"down": {"uv": [4.5, 1, 5.5, 2], "texture": "#texture4"}
			}
		}
	],
	"overrides": [
		{"predicate": {"damaged": 0, "damage": 0}, "model": "item/diamond_hoe"},
		{"_cmd_": "give @p minecraft:diamond_hoe 1 1 {Unbreakable:1}", "predicate": {"damaged": 0, "damage": 0.00064}, "model": "item/razor_aim"},
		{"predicate": {"damaged": 1, "damage": 0}, "model": "item/diamond_hoe"}
	],
	"display": {
		"thirdperson_righthand": {
			"rotation": [0, -90, 0],
			"translation": [0, 0.6956, 2.7826],
			"scale": [0.6, 0.6, 0.6]
		},
		"thirdperson_lefthand": {
			"rotation": [0, 90, 0],
			"translation": [0, 0.6956, 2.7826],
			"scale": [0.6, 0.6, 0.6]
		},
		"firstperson_righthand": {
			"rotation": [0, -90, 0],
			"translation": [-2.086, 2.0869, 4.8695]
		},
		"firstperson_lefthand": {
			"rotation": [0, 90, 0],
			"translation": [-2.086, 2.0869, 4.8695]
		},
		"ground": {
			"rotation": [-90, 0, 0],
			"translation": [2.7826, -0.695, 0]
		},
		"gui": {
			"rotation": [0, 36, 16],
			"translation": [1.3913, 1.3913, 0],
			"scale": [0.5, 0.5, 0.5]
		},
		"head": {
			"translation": [3.75, 1.25, 0],
			"scale": [0.8, 0.8, 0.8]
		}
	}
}