{
	"credit": "by Torrezx",
	"texture_size": [64, 64],
	"textures": {
		"1": "item/torrezx",
		"particle": "item/torrezx"
	},
	"elements": [
		{
			"from": [0, 13, -13],
			"to": [2, 16, -1],
			"faces": {
				"north": {"uv": [3, 3, 3.5, 3.75], "texture": "#1"},
				"east": {"uv": [0, 3, 3, 3.75], "texture": "#1"},
				"south": {"uv": [6.5, 3, 7, 3.75], "texture": "#1"},
				"west": {"uv": [3.5, 3, 6.5, 3.75], "texture": "#1"},
				"up": {"uv": [3.5, 3, 3, 0], "texture": "#1"},
				"down": {"uv": [4, 0, 3.5, 3], "texture": "#1"}
			}
		},
		{
			"from": [0, 16, 4],
			"to": [2, 18, 32],
			"faces": {
				"north": {"uv": [7, 7, 7.5, 7.5], "texture": "#1"},
				"east": {"uv": [0, 7, 7, 7.5], "texture": "#1"},
				"south": {"uv": [14.5, 7, 15, 7.5], "texture": "#1"},
				"west": {"uv": [7.5, 7, 14.5, 7.5], "texture": "#1"},
				"up": {"uv": [7.5, 7, 7, 0], "texture": "#1"},
				"down": {"uv": [8, 0, 7.5, 7], "texture": "#1"}
			}
		},
		{
			"from": [0, 15, -5],
			"to": [2, 18, 4],
			"faces": {
				"north": {"uv": [2.25, 6, 2.75, 6.75], "texture": "#1"},
				"east": {"uv": [0, 6, 2.25, 6.75], "texture": "#1"},
				"south": {"uv": [5, 6, 5.5, 6.75], "texture": "#1"},
				"west": {"uv": [2.75, 6, 5, 6.75], "texture": "#1"},
				"up": {"uv": [2.75, 6, 2.25, 3.75], "texture": "#1"},
				"down": {"uv": [3.25, 3.75, 2.75, 6], "texture": "#1"}
			}
		},
		{
			"from": [0, 15, 4],
			"to": [2, 16, 9],
			"faces": {
				"north": {"uv": [4.5, 5, 5, 5.25], "texture": "#1"},
				"east": {"uv": [3.25, 5, 4.5, 5.25], "texture": "#1"},
				"south": {"uv": [6.25, 5, 6.75, 5.25], "texture": "#1"},
				"west": {"uv": [5, 5, 6.25, 5.25], "texture": "#1"},
				"up": {"uv": [5, 5, 4.5, 3.75], "texture": "#1"},
				"down": {"uv": [5.5, 3.75, 5, 5], "texture": "#1"}
			}
		},
		{
			"from": [0, 11, -14],
			"to": [2, 13, -6],
			"faces": {
				"north": {"uv": [5, 9.5, 5.5, 10], "texture": "#1"},
				"east": {"uv": [3, 9.5, 5, 10], "texture": "#1"},
				"south": {"uv": [7.5, 9.5, 8, 10], "texture": "#1"},
				"west": {"uv": [5.5, 9.5, 7.5, 10], "texture": "#1"},
				"up": {"uv": [5.5, 9.5, 5, 7.5], "texture": "#1"},
				"down": {"uv": [6, 7.5, 5.5, 9.5], "texture": "#1"}
			}
		},
		{
			"from": [0, 13, -14],
			"to": [2, 15, -13],
			"faces": {
				"north": {"uv": [0.25, 0.25, 0.75, 0.75], "texture": "#1"},
				"east": {"uv": [0, 0.25, 0.25, 0.75], "texture": "#1"},
				"south": {"uv": [1, 0.25, 1.5, 0.75], "texture": "#1"},
				"west": {"uv": [0.75, 0.25, 1, 0.75], "texture": "#1"},
				"up": {"uv": [0.75, 0.25, 0.25, 0], "texture": "#1"},
				"down": {"uv": [1.25, 0, 0.75, 0.25], "texture": "#1"}
			}
		},
		{
			"from": [1, 13, -1],
			"to": [1, 15, 9],
			"faces": {
				"north": {"uv": [2.5, 7.5, 2.5, 8], "texture": "#1"},
				"east": {"uv": [0, 7.5, 2.5, 8], "texture": "#1"},
				"south": {"uv": [5, 7.5, 5, 8], "texture": "#1"},
				"west": {"uv": [2.5, 7.5, 5, 8], "texture": "#1"},
				"up": {"uv": [2.5, 7.5, 2.5, 5], "texture": "#1"},
				"down": {"uv": [2.5, 5, 2.5, 7.5], "texture": "#1"}
			}
		},
		{
			"from": [1, 18, 0],
			"to": [1, 20, 5],
			"faces": {
				"north": {"uv": [1.25, 1.25, 1.25, 1.75], "texture": "#1"},
				"east": {"uv": [0, 1.25, 1.25, 1.75], "texture": "#1"},
				"south": {"uv": [2.5, 1.25, 2.5, 1.75], "texture": "#1"},
				"west": {"uv": [1.25, 1.25, 2.5, 1.75], "texture": "#1"},
				"up": {"uv": [1.25, 1.25, 1.25, 0], "texture": "#1"},
				"down": {"uv": [1.25, 0, 1.25, 1.25], "texture": "#1"}
			}
		},
		{
			"from": [1, 18, 29],
			"to": [1, 20, 32],
			"faces": {
				"north": {"uv": [0.75, 0.75, 0.75, 1.25], "texture": "#1"},
				"east": {"uv": [0, 0.75, 0.75, 1.25], "texture": "#1"},
				"south": {"uv": [1.5, 0.75, 1.5, 1.25], "texture": "#1"},
				"west": {"uv": [0.75, 0.75, 1.5, 1.25], "texture": "#1"},
				"up": {"uv": [0.75, 0.75, 0.75, 0], "texture": "#1"},
				"down": {"uv": [0.75, 0, 0.75, 0.75], "texture": "#1"}
			}
		}
	],
	"display": {
		"thirdperson_righthand": {
			"rotation": [0, 180, 0],
			"translation": [-4.75, -4.25, -4],
			"scale": [0.7, 0.7, 0.54]
		},
		"thirdperson_lefthand": {
			"rotation": [0, 180, 0],
			"translation": [4.75, -4.25, -4],
			"scale": [0.7, 0.7, 0.54]
		},
		"firstperson_righthand": {
			"rotation": [-6, 180, 0],
			"translation": [-7.25, -1, 3.25],
			"scale": [0.7, 0.7, 0.46]
		},
		"firstperson_lefthand": {
			"rotation": [-6, 180, 0],
			"translation": [2.5, -1, 3.25],
			"scale": [0.7, 0.7, 0.46]
		},
		"ground": {
			"translation": [4.75, -4.5, 3.25],
			"scale": [0.8, 0.8, 0.8]
		},
		"gui": {
			"rotation": [-78.78, 51.23, 67.21],
			"translation": [2, -3, 0],
			"scale": [0.22, 0.45, 0.45]
		},
		"head": {
			"rotation": [0, -90, 0],
			"translation": [0.75, -4.75, 4],
			"scale": [0.6, 0.6, 0.6]
		},
		"fixed": {
			"rotation": [-180, 86.5, -180],
			"translation": [0, -6.25, -8.5]
		}
	},
	"groups": [
		{
			"name": "group",
			"origin": [0, 0, 0],
			"color": 0,
			"children": [0, 1, 2, 3, 4, 5, 6, 7, 8]
		}
	]
}