{
	"credit": "Made with Blockbench",
	"textures": {
		"0": "item/stripped_dark_oak_log",
		"1": "item/anvil_top",
		"2": "item/iron_block",
		"3": "item/coal_block",
		"4": "item/white_stained_glass",
		"particle": "item/stripped_dark_oak_log"
	},
	"elements": [
		{
			"from": [7, 8, -16],
			"to": [9, 10, 0],
			"faces": {
				"north": {"uv": [0, 0, 2, 2], "texture": "#3"},
				"east": {"uv": [0, 1, 16, 3], "texture": "#2"},
				"south": {"uv": [0, 0, 2, 2], "texture": "#3"},
				"west": {"uv": [0, 1, 16, 3], "texture": "#2"},
				"up": {"uv": [0, 1, 16, 3], "rotation": 90, "texture": "#2"},
				"down": {"uv": [0, 1, 16, 3], "rotation": 90, "texture": "#2"}
			}
		},
		{
			"from": [6.5, 6.5, 0],
			"to": [9.5, 10.5, 13],
			"faces": {
				"north": {"uv": [7, 1, 10, 5], "texture": "#1"},
				"east": {"uv": [7, 1, 11, 14], "rotation": 90, "texture": "#1"},
				"south": {"uv": [7, 1, 10, 5], "texture": "#1"},
				"west": {"uv": [7, 1, 11, 14], "rotation": 90, "texture": "#1"},
				"up": {"uv": [7, 1, 10, 14], "texture": "#1"},
				"down": {"uv": [7, 1, 10, 14], "texture": "#1"}
			}
		},
		{
			"from": [6.5, 8, 13],
			"to": [9.5, 10, 23],
			"rotation": {"angle": 0, "axis": "y", "origin": [0, -0.25, 0]},
			"faces": {
				"north": {"uv": [6, 0, 9, 2], "texture": "#0"},
				"east": {"uv": [0, 0, 10, 2], "texture": "#0"},
				"south": {"uv": [6, 0, 9, 2], "texture": "#0"},
				"west": {"uv": [0, 0, 10, 2], "texture": "#0"},
				"up": {"uv": [6, 0, 9, 10], "texture": "#0"},
				"down": {"uv": [6, 0, 9, 10], "texture": "#0"}
			}
		},
		{
			"from": [6.5, 6, 13],
			"to": [9.5, 8, 23],
			"rotation": {"angle": 22.5, "axis": "x", "origin": [8, 6.25, 13]},
			"faces": {
				"north": {"uv": [0, 0, 3, 2], "texture": "#0"},
				"east": {"uv": [0, 0, 2, 10], "rotation": 90, "texture": "#0"},
				"south": {"uv": [7, 0, 10, 2], "texture": "#0"},
				"west": {"uv": [0, 0, 2, 10], "rotation": 90, "texture": "#0"},
				"up": {"uv": [7, 0, 10, 10], "texture": "#0"},
				"down": {"uv": [7, 0, 10, 10], "texture": "#0"}
			}
		},
		{
			"from": [6.501, 3, 21],
			"to": [9.501, 8, 23],
			"rotation": {"angle": 0, "axis": "y", "origin": [0, -0.25, 0]},
			"faces": {
				"north": {"uv": [0, 0, 3, 5], "texture": "#0"},
				"east": {"uv": [0, 2, 2, 7], "texture": "#0"},
				"south": {"uv": [6, 2, 9, 7], "texture": "#0"},
				"west": {"uv": [8, 2, 10, 7], "texture": "#0"},
				"up": {"uv": [0, 0, 3, 2], "texture": "#0"},
				"down": {"uv": [0, 0, 3, 2], "texture": "#0"}
			}
		},
		{
			"from": [6.501, 4, 19],
			"to": [9.501, 8, 21],
			"rotation": {"angle": 0, "axis": "y", "origin": [0, -0.25, 0]},
			"faces": {
				"north": {"uv": [0, 0, 3, 4], "texture": "#0"},
				"east": {"uv": [2, 2, 4, 6], "texture": "#0"},
				"south": {"uv": [0, 0, 3, 4], "texture": "#0"},
				"west": {"uv": [6, 2, 8, 6], "texture": "#0"},
				"up": {"uv": [0, 0, 3, 2], "texture": "#0"},
				"down": {"uv": [0, 0, 3, 2], "texture": "#0"}
			}
		},
		{
			"from": [6.501, 5, 17],
			"to": [9.501, 8, 19],
			"rotation": {"angle": 0, "axis": "y", "origin": [0, -0.25, 0]},
			"faces": {
				"north": {"uv": [0, 0, 3, 3], "texture": "#0"},
				"east": {"uv": [4, 2, 6, 5], "texture": "#0"},
				"south": {"uv": [0, 0, 3, 3], "texture": "#0"},
				"west": {"uv": [4, 2, 6, 5], "texture": "#0"},
				"up": {"uv": [0, 0, 3, 2], "texture": "#0"},
				"down": {"uv": [0, 0, 3, 2], "texture": "#0"}
			}
		},
		{
			"from": [6.501, 6, 15],
			"to": [9.501, 8, 17],
			"rotation": {"angle": 0, "axis": "y", "origin": [0, -0.25, 0]},
			"faces": {
				"north": {"uv": [0, 0, 3, 2], "texture": "#0"},
				"east": {"uv": [6, 2, 8, 4], "texture": "#0"},
				"south": {"uv": [0, 0, 3, 2], "texture": "#0"},
				"west": {"uv": [2, 2, 4, 4], "texture": "#0"},
				"up": {"uv": [0, 0, 3, 2], "texture": "#0"},
				"down": {"uv": [0, 0, 3, 2], "texture": "#0"}
			}
		},
		{
			"from": [6.501, 6, 13],
			"to": [9.501, 8, 15],
			"rotation": {"angle": 0, "axis": "y", "origin": [0, -0.25, 0]},
			"faces": {
				"north": {"uv": [7, 0, 10, 2], "texture": "#0"},
				"east": {"uv": [8, 2, 10, 4], "texture": "#0"},
				"south": {"uv": [0, 0, 3, 2], "texture": "#0"},
				"west": {"uv": [0, 2, 2, 4], "texture": "#0"},
				"up": {"uv": [0, 0, 3, 2], "texture": "#0"},
				"down": {"uv": [0, 0, 3, 2], "texture": "#0"}
			}
		},
		{
			"from": [7, 3, 2],
			"to": [9, 7, 6],
			"faces": {
				"north": {"uv": [1, 1, 5, 3], "rotation": 90, "texture": "#2"},
				"east": {"uv": [1, 1, 5, 5], "texture": "#2"},
				"south": {"uv": [1, 1, 5, 3], "rotation": 90, "texture": "#2"},
				"west": {"uv": [1, 1, 5, 5], "texture": "#2"},
				"up": {"uv": [1, 1, 3, 5], "texture": "#2"},
				"down": {"uv": [1, 1, 3, 5], "texture": "#2"}
			}
		},
		{
			"from": [7.001, 1, 2.001],
			"to": [9.001, 5, 6.001],
			"rotation": {"angle": 22.5, "axis": "x", "origin": [8.001, 4, 2.001]},
			"faces": {
				"north": {"uv": [1, 1, 5, 3], "rotation": 90, "texture": "#2"},
				"east": {"uv": [1, 1, 5, 5], "texture": "#2"},
				"south": {"uv": [1, 1, 5, 3], "rotation": 90, "texture": "#2"},
				"west": {"uv": [1, 1, 5, 5], "texture": "#2"},
				"up": {"uv": [1, 1, 3, 5], "texture": "#2"},
				"down": {"uv": [1, 1, 3, 5], "texture": "#2"}
			}
		},
		{
			"from": [7.5, 0, 10],
			"to": [8.5, 9, 13],
			"rotation": {"angle": -22.5, "axis": "x", "origin": [8, 6.5, 10]},
			"faces": {
				"north": {"uv": [6, 0, 7, 9], "texture": "#0"},
				"east": {"uv": [7, 0, 10, 9], "texture": "#0"},
				"south": {"uv": [6, 0, 7, 9], "texture": "#0"},
				"west": {"uv": [7, 0, 10, 9], "texture": "#0"},
				"up": {"uv": [5, 0, 6, 3], "texture": "#0"},
				"down": {"uv": [5, 0, 6, 3], "texture": "#0"}
			}
		},
		{
			"from": [7.501, 4.25, 9.25],
			"to": [8.501, 5.25, 11.25],
			"rotation": {"angle": 0, "axis": "y", "origin": [8, 3.5, 11]},
			"faces": {
				"north": {"uv": [0, 0, 1, 1], "texture": "#3"},
				"east": {"uv": [0, 0, 2, 1], "texture": "#3"},
				"south": {"uv": [0, 0, 1, 1], "texture": "#3"},
				"west": {"uv": [0, 0, 2, 1], "texture": "#3"},
				"up": {"uv": [0, 0, 1, 2], "texture": "#3"},
				"down": {"uv": [0, 0, 1, 2], "texture": "#3"}
			}
		},
		{
			"from": [7.501, 4.25, 8.25],
			"to": [8.501, 8.25, 9.25],
			"rotation": {"angle": 0, "axis": "y", "origin": [8, 3.5, 11]},
			"faces": {
				"north": {"uv": [0, 0, 1, 4], "texture": "#3"},
				"east": {"uv": [0, 0, 1, 4], "texture": "#3"},
				"south": {"uv": [0, 0, 1, 4], "texture": "#3"},
				"west": {"uv": [0, 0, 1, 4], "texture": "#3"},
				"up": {"uv": [0, 0, 1, 1], "texture": "#3"},
				"down": {"uv": [0, 0, 1, 1], "texture": "#3"}
			}
		},
		{
			"from": [7.5, 10, -14],
			"to": [8.5, 12, -13],
			"faces": {
				"north": {"uv": [0, 0, 1, 2], "texture": "#3"},
				"east": {"uv": [0, 0, 1, 2], "texture": "#3"},
				"south": {"uv": [0, 0, 1, 2], "texture": "#3"},
				"west": {"uv": [0, 0, 1, 2], "texture": "#3"},
				"up": {"uv": [0, 0, 1, 1], "texture": "#3"},
				"down": {"uv": [0, 0, 1, 1], "texture": "#3"}
			}
		},
		{
			"from": [7.5, 10, -15],
			"to": [8.5, 11, -14],
			"faces": {
				"north": {"uv": [0, 0, 1, 1], "texture": "#3"},
				"east": {"uv": [0, 0, 1, 1], "texture": "#3"},
				"south": {"uv": [0, 0, 1, 1], "texture": "#3"},
				"west": {"uv": [0, 0, 1, 1], "texture": "#3"},
				"up": {"uv": [0, 0, 1, 1], "texture": "#3"},
				"down": {"uv": [0, 0, 1, 1], "texture": "#3"}
			}
		},
		{
			"from": [7.5, 10.5, 2],
			"to": [8.5, 11.5, 3],
			"faces": {
				"north": {"uv": [0, 0, 1, 1], "texture": "#3"},
				"east": {"uv": [0, 0, 1, 1], "texture": "#3"},
				"south": {"uv": [0, 0, 1, 1], "texture": "#3"},
				"west": {"uv": [0, 0, 1, 1], "texture": "#3"},
				"up": {"uv": [0, 0, 1, 1], "texture": "#3"},
				"down": {"uv": [0, 0, 1, 1], "texture": "#3"}
			}
		},
		{
			"from": [7.5, 10.5, 10],
			"to": [8.5, 11.5, 11],
			"faces": {
				"north": {"uv": [0, 0, 1, 1], "texture": "#3"},
				"east": {"uv": [0, 0, 1, 1], "texture": "#3"},
				"south": {"uv": [0, 0, 1, 1], "texture": "#3"},
				"west": {"uv": [0, 0, 1, 1], "texture": "#3"},
				"up": {"uv": [0, 0, 1, 1], "texture": "#3"},
				"down": {"uv": [0, 0, 1, 1], "texture": "#3"}
			}
		},
		{
			"from": [7, 11, 0],
			"to": [9, 13, 13],
			"faces": {
				"north": {"uv": [12, 12, 14, 14], "texture": "#4"},
				"east": {"uv": [7, 0, 9, 13], "rotation": 90, "texture": "#1"},
				"south": {"uv": [4, 2, 6, 4], "texture": "#4"},
				"west": {"uv": [7, 0, 9, 13], "rotation": 90, "texture": "#1"},
				"up": {"uv": [7, 0, 9, 13], "texture": "#1"},
				"down": {"uv": [7, 0, 9, 13], "texture": "#1"}
			}
		}
	],
	"display": {
		"thirdperson_righthand": {
			"translation": [0, 1.25, 0.5],
			"scale": [0.55, 0.55, 0.55]
		},
		"thirdperson_lefthand": {
			"translation": [0, 1.5, 0.5],
			"scale": [0.55, 0.55, 0.55]
		},
		"firstperson_righthand": {
			"translation": [0.75, 1.25, 0],
			"scale": [1, 1, 0.69]
		},
		"firstperson_lefthand": {
			"translation": [0.75, 1.25, 0],
			"scale": [1, 1, 0.69]
		},
		"ground": {
			"rotation": [0, 0, 92],
			"translation": [0, -2.75, 0]
		},
		"gui": {
			"rotation": [45, 45, -45],
			"translation": [1.25, -1, 0],
			"scale": [0.75, 0.75, 0.75]
		},
		"head": {
			"rotation": [0, 90, 0],
			"translation": [3.25, 2.5, 0],
			"scale": [0.8, 0.8, 0.8]
		},
		"fixed": {
			"rotation": [-45, -90, -45]
		}
	}
}