{
	"credit": "Made with Blockbench",
	"texture_size": [32, 32],
	"textures": {
		"0": "item/taucannon_idle"
	},
	"elements": [
		{
			"name": "ring",
			"from": [4.5, 2, 13],
			"to": [11.5, 9, 16],
			"rotation": {"angle": 0, "axis": "y", "origin": [8, 6, 10]},
			"faces": {
				"north": {"uv": [5, 7, 1.5, 10.5], "rotation": 180, "texture": "#0"},
				"east": {"uv": [1.5, 2, 0, 5.5], "texture": "#0"},
				"south": {"uv": [5, 2, 1.5, 5.5], "texture": "#0"},
				"west": {"uv": [6.5, 2, 5, 5.5], "texture": "#0"},
				"up": {"uv": [1.5, 2, 5, 0.5], "texture": "#0"},
				"down": {"uv": [1.5, 7, 5, 5.5], "rotation": 180, "texture": "#0"}
			}
		},
		{
			"name": "ring",
			"from": [4.5, 2, 3],
			"to": [11.5, 9, 6],
			"rotation": {"angle": 0, "axis": "y", "origin": [8, 6, 10]},
			"faces": {
				"north": {"uv": [1.5, 2, 5, 5.5], "texture": "#0"},
				"east": {"uv": [0, 2, 1.5, 5.5], "texture": "#0"},
				"south": {"uv": [1.5, 7, 5, 10.5], "rotation": 180, "texture": "#0"},
				"west": {"uv": [5, 2, 6.5, 5.5], "texture": "#0"},
				"up": {"uv": [1.5, 0.5, 5, 2], "texture": "#0"},
				"down": {"uv": [1.5, 5.5, 5, 7], "rotation": 180, "texture": "#0"}
			}
		},
		{
			"from": [7, 3, 6],
			"to": [9, 10, 13],
			"rotation": {"angle": 0, "axis": "y", "origin": [8, 6, 10]},
			"faces": {
				"north": {"uv": [6.5, 2, 7.5, 5.5], "texture": "#0"},
				"east": {"uv": [11, 2, 7.5, 5.5], "texture": "#0"},
				"south": {"uv": [11, 2, 12, 5.5], "texture": "#0"},
				"west": {"uv": [7.5, 2, 11, 5.5], "texture": "#0"},
				"up": {"uv": [7.5, 1, 11, 2], "rotation": 90, "texture": "#0"},
				"down": {"uv": [7.5, 5.5, 11, 6.5], "rotation": 270, "texture": "#0"}
			}
		},
		{
			"name": "barrel",
			"from": [6.5, 4, -6],
			"to": [9.5, 7, -2],
			"rotation": {"angle": 0, "axis": "y", "origin": [8, 6, 10]},
			"faces": {
				"north": {"uv": [0, 5.5, 1.5, 7], "texture": "#0"},
				"east": {"uv": [7.5, 7, 5.5, 8.5], "texture": "#0"},
				"south": {"uv": [0, 7, 1.5, 8.5], "texture": "#0"},
				"west": {"uv": [5.5, 7, 7.5, 8.5], "texture": "#0"},
				"up": {"uv": [5.5, 5.5, 7.5, 7], "rotation": 90, "texture": "#0"},
				"down": {"uv": [5.5, 8.5, 7.5, 10], "rotation": 270, "texture": "#0"}
			}
		},
		{
			"name": "barrel",
			"from": [7.5, 5, -3],
			"to": [8.5, 6, 4],
			"rotation": {"angle": 0, "axis": "y", "origin": [8, 6, 10]},
			"faces": {
				"east": {"uv": [11, 9.5, 7.5, 10], "texture": "#0"},
				"west": {"uv": [7.5, 9.5, 11, 10], "texture": "#0"},
				"up": {"uv": [7.5, 9, 11, 9.5], "rotation": 90, "texture": "#0"},
				"down": {"uv": [7.5, 10, 11, 10.5], "rotation": 270, "texture": "#0"}
			}
		},
		{
			"name": "barrel",
			"from": [6.5, 4, -7],
			"to": [9.5, 7, -6],
			"rotation": {"angle": 0, "axis": "y", "origin": [8, 6, 10]},
			"faces": {
				"east": {"uv": [5.5, 7, 5, 8.5], "texture": "#0"},
				"west": {"uv": [5, 7, 5.5, 8.5], "texture": "#0"},
				"up": {"uv": [5, 5.5, 5.5, 7], "rotation": 90, "texture": "#0"},
				"down": {"uv": [5, 8.5, 5.5, 10], "rotation": 270, "texture": "#0"}
			}
		},
		{
			"name": "barrel",
			"from": [9.5, 7, -6],
			"to": [6.5, 4, -7],
			"rotation": {"angle": 0, "axis": "y", "origin": [0, 2, 3]},
			"faces": {
				"east": {"uv": [0.5, 8.5, 1, 10], "rotation": 180, "texture": "#0"},
				"west": {"uv": [0.5, 8.5, 1, 10], "rotation": 180, "texture": "#0"},
				"up": {"uv": [0, 8.5, 0.5, 10], "rotation": 90, "texture": "#0"},
				"down": {"uv": [1, 8.5, 1.5, 10], "rotation": 270, "texture": "#0"}
			}
		},
		{
			"name": "stock",
			"from": [7, 1, 14],
			"to": [9, 4, 20],
			"rotation": {"angle": 22.5, "axis": "x", "origin": [8, 2.5, 15.5]},
			"faces": {
				"north": {"uv": [0, 15, 1.5, 16], "rotation": 90, "texture": "#0"},
				"east": {"uv": [1, 16, 2.5, 13], "rotation": 90, "texture": "#0"},
				"south": {"uv": [0, 13, 1.5, 14], "rotation": 90, "texture": "#0"},
				"west": {"uv": [1, 13, 2.5, 16], "rotation": 90, "texture": "#0"},
				"up": {"uv": [0, 13, 1, 16], "texture": "#0"},
				"down": {"uv": [1.5, 13, 2.5, 16], "texture": "#0"}
			}
		},
		{
			"name": "stock",
			"from": [7, 3, 20],
			"to": [9, 6, 27],
			"rotation": {"angle": 22.5, "axis": "x", "origin": [8, 2.5, 15.5]},
			"faces": {
				"east": {"uv": [6, 13, 2.5, 14.5], "texture": "#0"},
				"south": {"uv": [6, 13, 7, 14.5], "texture": "#0"},
				"west": {"uv": [2.5, 13, 6, 14.5], "texture": "#0"},
				"down": {"uv": [2.5, 14.5, 6, 15.5], "rotation": 270, "texture": "#0"}
			}
		},
		{
			"name": "stock",
			"from": [6.99, 1.32272, 18.45401],
			"to": [9.01, 4.34272, 27.47401],
			"rotation": {"angle": 0, "axis": "y", "origin": [8, 6, 10]},
			"faces": {
				"north": {"uv": [1.5, 13, 3, 14], "rotation": 270, "texture": "#0"},
				"east": {"uv": [6, 11.5, 1.5, 13], "texture": "#0"},
				"south": {"uv": [6, 11.5, 7, 13], "texture": "#0"},
				"west": {"uv": [1.5, 11.5, 6, 13], "texture": "#0"},
				"up": {"uv": [1.5, 10.5, 6, 11.5], "rotation": 90, "texture": "#0"},
				"down": {"uv": [1.5, 12.5, 6, 13], "rotation": 270, "texture": "#0"}
			}
		},
		{
			"name": "tube",
			"from": [4.99, 2.99, 5.99],
			"to": [7.01, 7.01, 8.01],
			"rotation": {"angle": 45, "axis": "y", "origin": [6, 7, 7]},
			"faces": {
				"north": {"uv": [13, 10, 14, 12], "texture": "#0"},
				"east": {"uv": [15.5, 10, 16, 12], "texture": "#0"},
				"south": {"uv": [15, 10, 16, 12], "texture": "#0"},
				"west": {"uv": [14, 10, 15, 12], "texture": "#0"},
				"up": {"uv": [13.5, 9, 14.5, 10], "texture": "#0"},
				"down": {"uv": [15, 11, 16, 12], "rotation": 270, "texture": "#0"}
			}
		},
		{
			"name": "tube",
			"from": [8.99, 2.99, 5.99],
			"to": [11.01, 7.01, 8.01],
			"rotation": {"angle": -45, "axis": "y", "origin": [10, 7, 7]},
			"faces": {
				"north": {"uv": [14, 10, 13, 12], "texture": "#0"},
				"east": {"uv": [15, 10, 14, 12], "texture": "#0"},
				"south": {"uv": [16, 10, 15, 12], "texture": "#0"},
				"west": {"uv": [16, 10, 15.5, 12], "texture": "#0"},
				"up": {"uv": [14.5, 9, 13.5, 10], "texture": "#0"},
				"down": {"uv": [15, 12, 16, 11], "rotation": 270, "texture": "#0"}
			}
		},
		{
			"name": "tube",
			"from": [6, 6, -3.5],
			"to": [6, 12, 7.5],
			"rotation": {"angle": 22.5, "axis": "z", "origin": [6, 7, 7]},
			"faces": {
				"east": {"uv": [13, 11, 7.5, 14], "texture": "#0"},
				"west": {"uv": [7.5, 11, 13, 14], "texture": "#0"}
			}
		},
		{
			"name": "tube",
			"from": [10, 6, -3.5],
			"to": [10, 12, 7.5],
			"rotation": {"angle": -22.5, "axis": "z", "origin": [10, 7, 7]},
			"faces": {
				"east": {"uv": [13, 11, 7.5, 14], "texture": "#0"},
				"west": {"uv": [7.5, 11, 13, 14], "texture": "#0"}
			}
		},
		{
			"name": "tube",
			"from": [3.5, 3, -1],
			"to": [5.5, 5, 5],
			"rotation": {"angle": 0, "axis": "y", "origin": [4.5, 4, 4]},
			"faces": {
				"north": {"uv": [15, 0, 16, 1], "texture": "#0"},
				"east": {"uv": [15, 3, 16, 0], "rotation": 90, "texture": "#0"},
				"south": {"uv": [14, 0, 13.5, 1], "texture": "#0"},
				"west": {"uv": [13, 0, 14, 3], "rotation": 90, "texture": "#0"},
				"up": {"uv": [12, 0, 13, 3], "rotation": 180, "texture": "#0"},
				"down": {"uv": [14, 0, 15, 3], "texture": "#0"}
			}
		},
		{
			"name": "tube",
			"from": [3.499, 2.999, -6.001],
			"to": [5.501, 5.001, -0.999],
			"rotation": {"angle": -45, "axis": "y", "origin": [3.5, 4, -1]},
			"faces": {
				"north": {"uv": [15, 0, 16, 1], "rotation": 90, "texture": "#0"},
				"east": {"uv": [16, 3, 15, 5.5], "rotation": 270, "texture": "#0"},
				"south": {"uv": [16, 0, 15, 1], "rotation": 90, "texture": "#0"},
				"west": {"uv": [13, 3, 14, 5.5], "rotation": 90, "texture": "#0"},
				"up": {"uv": [12, 3, 13, 5.5], "rotation": 180, "texture": "#0"},
				"down": {"uv": [14, 3, 15, 5.5], "texture": "#0"}
			}
		},
		{
			"name": "ring",
			"from": [5.5, 2, 10.5],
			"to": [10.5, 7, 12.5],
			"rotation": {"angle": 0, "axis": "y", "origin": [8, 4.5, 11.5]},
			"faces": {
				"north": {"uv": [11, 6.5, 13.5, 9], "texture": "#0"},
				"east": {"uv": [10, 6.5, 11, 9], "texture": "#0"},
				"south": {"uv": [10, 6.5, 7.5, 9], "texture": "#0"},
				"west": {"uv": [13.5, 6.5, 14.5, 9], "texture": "#0"},
				"up": {"uv": [11, 5.5, 13.5, 6.5], "rotation": 180, "texture": "#0"},
				"down": {"uv": [11, 9, 13.5, 10], "rotation": 180, "texture": "#0"}
			}
		},
		{
			"name": "handle",
			"from": [8, 9, 8],
			"to": [10, 11, 14],
			"rotation": {"angle": -22.5, "axis": "x", "origin": [9, 10, 9]},
			"faces": {
				"north": {"uv": [15, 14, 16, 15], "rotation": 90, "texture": "#0"},
				"east": {"uv": [16, 13, 13, 14], "texture": "#0"},
				"south": {"uv": [15, 15, 16, 14], "rotation": 90, "texture": "#0"},
				"west": {"uv": [13, 15, 16, 16], "texture": "#0"},
				"up": {"uv": [13, 12, 16, 13], "rotation": 90, "texture": "#0"},
				"down": {"uv": [13, 14, 16, 15], "rotation": 270, "texture": "#0"}
			}
		},
		{
			"name": "barrel",
			"from": [8, 5, -11],
			"to": [8, 6, -5],
			"rotation": {"angle": 0, "axis": "y", "origin": [8, 6, 10]},
			"faces": {
				"east": {"uv": [11, 10.5, 8, 11], "texture": "#0"},
				"west": {"uv": [8, 10.5, 11, 11], "texture": "#0"}
			}
		}
	],
	"gui_light": "front",
	"overrides": [
		{"predicate": {"pulling": 1}, "model": "item/tau_cannon_state1"},
		{"predicate": {"pulling": 1, "pull": 0.25}, "model": "item/tau_cannon_state2"},
		{"predicate": {"pulling": 1, "pull": 1}, "model": "item/tau_cannon_state3"}
	],
	"display": {
		"thirdperson_righthand": {
			"translation": [0, 3.25, -1.5],
			"scale": [0.5, 0.5, 0.5]
		},
		"thirdperson_lefthand": {
			"translation": [0, 3.25, -1.5],
			"scale": [0.5, 0.5, 0.5]
		},
		"firstperson_righthand": {
			"rotation": [0, 7, 0],
			"translation": [0, 4.5, 4],
			"scale": [1, 1, 0.9]
		},
		"firstperson_lefthand": {
			"rotation": [0, 7, 0],
			"translation": [0, 4.5, 4],
			"scale": [1, 1, 0.9]
		},
		"ground": {
			"rotation": [22.5, 0, 0],
			"translation": [0, 3, 0],
			"scale": [0.5, 0.5, 0.5]
		},
		"gui": {
			"rotation": [-137, -45, -180],
			"translation": [0, 1, 0],
			"scale": [0.65, 0.65, 0.65]
		},
		"head": {
			"rotation": [0, 90, 0],
			"translation": [0, 5, -2]
		},
		"fixed": {
			"rotation": [-95, 0, 0],
			"translation": [0, 1.5, -5]
		}
	},
	"groups": [
		{
			"name": "tau_cannon",
			"origin": [8, 8, 8],
			"color": 0,
			"children": [0, 1, 2, 3, 4, 5, 6, 7, 8, 9, 10, 11, 12, 13, 14, 15, 16, 17, 18]
		}
	]
}