{
	"credit": "Model generated using MrCrayfish's Model Creator (http://mrcrayfish.com/modelcreator/)",
	"ambientocclusion": false,
	"textures": {
		"0": "custom/dark",
		"1": "custom/light",
		"2": "custom/ammo",
		"3": "custom/black"
	},
	"elements": [
		{
			"name": "handle1",
			"from": [7.3, 7, 6],
			"to": [9, 8.7, 20.1],
			"rotation": {"angle": -45, "axis": "z", "origin": [8, 8, 8]},
			"faces": {
				"north": {"uv": [0, 0, 15.7, 15.7], "texture": "#0"},
				"east": {"uv": [0, 0, 15, 15.7], "rotation": 90, "texture": "#0"},
				"south": {"uv": [0, 0, 15.7, 15.7], "rotation": 90, "texture": "#1"},
				"west": {"uv": [0, 0, 12, 15.7], "rotation": 180, "texture": "#1"},
				"up": {"uv": [0, 0, 15.7, 16], "rotation": 90, "texture": "#1"},
				"down": {"uv": [0, 0, 15.7, 16], "texture": "#0"}
			}
		},
		{
			"name": "handle2",
			"from": [7.5, 6.1, 10.5],
			"to": [8.5, 7.1, 19.7],
			"faces": {
				"north": {"uv": [0, 0, 1, 1], "texture": "#0"},
				"east": {"uv": [0, 0, 9.2, 1], "texture": "#0"},
				"south": {"uv": [0, 0, 1, 1], "texture": "#0"},
				"west": {"uv": [0, 0, 9.2, 1], "texture": "#0"},
				"up": {"uv": [0, 0, 1, 9.2], "texture": "#0"},
				"down": {"uv": [0, 0, 1, 9.2], "texture": "#-1"}
			}
		},
		{
			"name": "handle3",
			"from": [7.5, 6.5, 18.7],
			"to": [8.5, 11.6, 19.6],
			"rotation": {"angle": 22.5, "axis": "x", "origin": [8, 8, 8]},
			"faces": {
				"north": {"uv": [0, 0, 1, 2.1], "texture": "#0"},
				"east": {"uv": [0, 0, 0.9, 2.1], "texture": "#0"},
				"south": {"uv": [0, 0, 1, 4.1], "texture": "#1"},
				"west": {"uv": [0, 0, 0.9, 2.1], "texture": "#0"},
				"up": {"uv": [0, 0, 1, 0.9], "texture": "#0"},
				"down": {"uv": [0, 0, 1, 0.9], "texture": "#0"}
			}
		},
		{
			"name": "handle4",
			"from": [7.5, 5.1, 13],
			"to": [8.5, 6.1, 19.2],
			"faces": {
				"north": {"uv": [0, 0, 1, 1], "texture": "#0"},
				"east": {"uv": [0, 0, 6.2, 1], "texture": "#0"},
				"south": {"uv": [0, 0, 1, 1], "texture": "#0"},
				"west": {"uv": [0, 0, 6.2, 1], "texture": "#0"},
				"up": {"uv": [0, 0, 1, 6.2], "texture": "#0"},
				"down": {"uv": [0, 0, 1, 6.2], "texture": "#0"}
			}
		},
		{
			"name": "handle5",
			"from": [7.5, 4.1, 14.8],
			"to": [8.5, 5.1, 18.6],
			"faces": {
				"north": {"uv": [0, 0, 1, 1], "texture": "#0"},
				"east": {"uv": [0, 0, 3.8, 1], "texture": "#0"},
				"south": {"uv": [0, 0, 1, 1], "texture": "#0"},
				"west": {"uv": [0, 0, 3.8, 1], "texture": "#0"},
				"up": {"uv": [0, 0, 1, 3.8], "texture": "#0"},
				"down": {"uv": [0, 0, 1, 3.8], "texture": "#0"}
			}
		},
		{
			"name": "handle6",
			"from": [7.5, 3.1, 15.4],
			"to": [8.5, 4.1, 18],
			"faces": {
				"north": {"uv": [0, 0, 1, 1], "texture": "#0"},
				"east": {"uv": [0, 0, 2.6, 1], "texture": "#0"},
				"south": {"uv": [0, 0, 1, 1], "texture": "#0"},
				"west": {"uv": [0, 0, 2.6, 1], "texture": "#0"},
				"up": {"uv": [0, 0, 1, 2.6], "texture": "#0"},
				"down": {"uv": [0, 0, 1, 2.6], "texture": "#0"}
			}
		},
		{
			"name": "handle7",
			"from": [7.5, 2.2, 15.5],
			"to": [8.5, 3.2, 18.1],
			"faces": {
				"north": {"uv": [0, 0, 1, 1], "texture": "#0"},
				"east": {"uv": [0, 0, 2.6, 1], "texture": "#0"},
				"south": {"uv": [0, 0, 1, 1], "texture": "#0"},
				"west": {"uv": [0, 0, 2.6, 1], "texture": "#0"},
				"up": {"uv": [0, 0, 1, 2.6], "texture": "#0"},
				"down": {"uv": [0, 0, 1, 2.6], "texture": "#0"}
			}
		},
		{
			"name": "handle8",
			"from": [7.5, -0.2, 12.7],
			"to": [8.5, 3.9, 13.7],
			"rotation": {"angle": -22.5, "axis": "x", "origin": [8, 8, 8]},
			"faces": {
				"north": {"uv": [0, 0, 1, 4.1], "texture": "#0"},
				"east": {"uv": [0, 1, 1, 0.1], "texture": "#0"},
				"south": {"uv": [0, 2, 2, 1.1], "texture": "#0"},
				"west": {"uv": [7, 0.2, 2.7, 2.1], "texture": "#0"},
				"up": {"uv": [0, 0, 1, 1], "texture": "#0"},
				"down": {"uv": [0, 0, 1, 1], "texture": "#0"}
			}
		},
		{
			"name": "handle9",
			"from": [7.5, 7.2, 11],
			"to": [8.5, 8.3, 15.8],
			"rotation": {"angle": 22.5, "axis": "x", "origin": [8, 8, 8]},
			"faces": {
				"north": {"uv": [0, 0, 1, 1.1], "texture": "#0"},
				"east": {"uv": [0, 0, 4.8, 1.1], "texture": "#0"},
				"south": {"uv": [0, 0, 1, 1.1], "texture": "#0"},
				"west": {"uv": [5, 0, 0.8, 2.1], "texture": "#0"},
				"up": {"uv": [0, 0, 1, 4.8], "texture": "#0"},
				"down": {"uv": [0, 0, 1, 4.8], "texture": "#0"}
			}
		},
		{
			"name": "handle10",
			"from": [7.5, 7.4, 8],
			"to": [8.5, 8.1, 12.8],
			"rotation": {"angle": 22.5, "axis": "x", "origin": [8, 8, 8]},
			"faces": {
				"north": {"uv": [0, 0, 1, 0.7], "texture": "#0"},
				"east": {"uv": [0, 0, 4.8, 0.7], "texture": "#0"},
				"south": {"uv": [0, 0, 1, 0.7], "texture": "#0"},
				"west": {"uv": [0, 0, 4.8, 0.7], "texture": "#0"},
				"up": {"uv": [0, 0, 1, 4.8], "texture": "#0"},
				"down": {"uv": [0, 0, 1, 4.8], "texture": "#0"}
			}
		},
		{
			"name": "scopehandle1",
			"from": [7.5, 9.5, 11],
			"to": [8.5, 10.7, 13.2],
			"rotation": {"angle": 22.5, "axis": "x", "origin": [8, 8, 8]},
			"faces": {
				"north": {"uv": [2, 11, 3, 12.2], "rotation": 180, "texture": "#1"},
				"east": {"uv": [3, 10, 5.2, 11.2], "rotation": 90, "texture": "#1"},
				"south": {"uv": [2, 10, 3, 11.2], "texture": "#1"},
				"west": {"uv": [4, 9, 6.2, 10.2], "texture": "#1"},
				"up": {"uv": [6, 10, 7, 12.2], "texture": "#1"},
				"down": {"uv": [4, 11, 5, 13.2], "texture": "#1"}
			}
		},
		{
			"name": "scopehandle2",
			"from": [7.5, 8.2, 6],
			"to": [8.5, 9.4, 11.8],
			"faces": {
				"north": {"uv": [4, 11, 5, 12.2], "texture": "#1"},
				"east": {"uv": [1, 11, 6.8, 12.2], "texture": "#1"},
				"south": {"uv": [5, 12, 6, 13.2], "texture": "#1"},
				"west": {"uv": [2, 11, 7.8, 12.2], "texture": "#1"},
				"up": {"uv": [7, 8, 8, 13.8], "texture": "#1"},
				"down": {"uv": [0, 10, 1, 15.8], "texture": "#1"}
			}
		},
		{
			"name": "ammobox1",
			"from": [7.6, 3.3, 11.6],
			"to": [8.4, 7.2, 13.8],
			"rotation": {"angle": 22.5, "axis": "x", "origin": [8, 8, 8]},
			"faces": {
				"north": {"uv": [0, 0, 14.8, 14.9], "texture": "#2"},
				"east": {"uv": [0, 0, 15.2, 14.9], "texture": "#2"},
				"south": {"uv": [0, 0, 14.8, 14.9], "texture": "#2"},
				"west": {"uv": [0, 0, 15.2, 14.9], "texture": "#2"},
				"up": {"uv": [0, 0, 13.8, 14.2], "texture": "#2"},
				"down": {"uv": [0, 0, 14.8, 15.2], "texture": "#-1"}
			}
		},
		{
			"name": "ammobox2",
			"from": [7.4, 2.8, 11.4],
			"to": [8.6, 3.3, 13.8],
			"rotation": {"angle": 22.5, "axis": "x", "origin": [8, 8, 8]},
			"faces": {
				"north": {"uv": [0, 0, 1.2, 0.5], "texture": "#0"},
				"east": {"uv": [0, 0, 2.4, 0.5], "texture": "#0"},
				"south": {"uv": [0, 0, 1.2, 0.5], "texture": "#0"},
				"west": {"uv": [0, 0, 2.4, 0.5], "texture": "#0"},
				"up": {"uv": [0, 0, 1.2, 2.4], "texture": "#0"},
				"down": {"uv": [0, 0, 1.2, 2.4], "texture": "#0"}
			}
		},
		{
			"name": "head1",
			"from": [7.8, 7, 1],
			"to": [9, 7.1, 6],
			"rotation": {"angle": -45, "axis": "z", "origin": [8, 8, 8]},
			"faces": {
				"north": {"uv": [0, 0, 1.2, 0.1], "texture": "#0"},
				"east": {"uv": [0, 0, 5, 0.1], "texture": "#0"},
				"south": {"uv": [0, 0, 1.2, 0.1], "texture": "#0"},
				"west": {"uv": [0, 0, 5, 0.1], "texture": "#0"},
				"up": {"uv": [0, 0, 1.2, 5], "texture": "#0"},
				"down": {"uv": [0, 0, 1.2, 5], "texture": "#0"}
			}
		},
		{
			"name": "head2",
			"from": [8.9, 7.1, 1],
			"to": [9, 8.2, 6],
			"rotation": {"angle": -45, "axis": "z", "origin": [8, 8, 8]},
			"faces": {
				"north": {"uv": [0, 0, 0.1, 1.1], "texture": "#0"},
				"east": {"uv": [0, 0, 5, 1.1], "texture": "#0"},
				"south": {"uv": [0, 0, 0.1, 1.1], "texture": "#0"},
				"west": {"uv": [0, 0, 5, 1.1], "texture": "#0"},
				"up": {"uv": [0, 0, 0.1, 5], "texture": "#0"},
				"down": {"uv": [0, 0, 0.1, 5], "texture": "#0"}
			}
		},
		{
			"name": "head3",
			"from": [8.5, 8, 1],
			"to": [8.9, 8.2, 6],
			"rotation": {"angle": -45, "axis": "z", "origin": [8, 8, 8]},
			"faces": {
				"north": {"uv": [0, 0, 0.4, 0.2], "texture": "#0"},
				"east": {"uv": [0, 0, 5, 0.2], "texture": "#0"},
				"south": {"uv": [0, 0, 0.4, 0.2], "texture": "#0"},
				"west": {"uv": [0, 0, 5, 0.2], "texture": "#0"},
				"up": {"uv": [0, 0, 0.4, 5], "texture": "#0"},
				"down": {"uv": [0, 0, 0.4, 5], "texture": "#0"}
			}
		},
		{
			"name": "head4",
			"from": [7.8, 7.1, 1],
			"to": [8, 7.5, 6],
			"rotation": {"angle": -45, "axis": "z", "origin": [8, 8, 8]},
			"faces": {
				"north": {"uv": [0, 0, 0.2, 0.4], "texture": "#0"},
				"east": {"uv": [0, 0, 5, 0.4], "texture": "#0"},
				"south": {"uv": [0, 0, 0.2, 0.4], "texture": "#0"},
				"west": {"uv": [0, 0, 5, 0.4], "texture": "#0"},
				"up": {"uv": [0, 0, 0.2, 5], "texture": "#0"},
				"down": {"uv": [0, 0, 0.2, 5], "texture": "#0"}
			}
		},
		{
			"name": "head5",
			"from": [7.5, 7.6, 1],
			"to": [8.5, 7.8, 6],
			"faces": {
				"north": {"uv": [0, 0, 1, 0.2], "texture": "#0"},
				"east": {"uv": [0, 0, 5, 0.2], "texture": "#0"},
				"south": {"uv": [0, 0, 1, 0.2], "texture": "#0"},
				"west": {"uv": [0, 0, 5, 0.2], "texture": "#0"},
				"up": {"uv": [0, 0, 1, 5], "texture": "#0"},
				"down": {"uv": [0, 0, 1, 5], "texture": "#0"}
			}
		},
		{
			"name": "head6",
			"from": [7.5, 9.2, 1.1],
			"to": [8.5, 9.4, 6],
			"faces": {
				"north": {"uv": [0, 0, 1, 0.2], "texture": "#0"},
				"east": {"uv": [0, 0, 4.9, 0.2], "texture": "#0"},
				"south": {"uv": [0, 0, 1, 0.2], "texture": "#0"},
				"west": {"uv": [0, 0, 4.9, 0.2], "texture": "#0"},
				"up": {"uv": [0, 0, 1, 4.9], "texture": "#0"},
				"down": {"uv": [0, 0, 1, 4.9], "texture": "#0"}
			}
		},
		{
			"name": "head7",
			"from": [7.5, 6.6, 5.7],
			"to": [8.5, 8.4, 6.4],
			"rotation": {"angle": 22.5, "axis": "x", "origin": [8, 8, 8]},
			"faces": {
				"north": {"uv": [0, 0, 1, 1.8], "texture": "#0"},
				"east": {"uv": [2, 9, 2.7, 10.8], "texture": "#1"},
				"south": {"uv": [0, 0, 1, 1.8], "texture": "#0"},
				"west": {"uv": [3, 11, 3.7, 12.8], "texture": "#1"},
				"up": {"uv": [0, 0, 1, 0.7], "texture": "#0"},
				"down": {"uv": [0, 0, 1, 0.7], "texture": "#0"}
			}
		},
		{
			"name": "head8",
			"from": [7.5, 9.7, 2.8],
			"to": [8.5, 11.4, 3.4],
			"rotation": {"angle": -22.5, "axis": "x", "origin": [8, 8, 8]},
			"faces": {
				"north": {"uv": [0, 0, 1, 1.7], "texture": "#0"},
				"east": {"uv": [0, 0, 0.6, 1.7], "texture": "#0"},
				"south": {"uv": [0, 0, 1, 1.7], "texture": "#0"},
				"west": {"uv": [0, 0, 0.6, 1.7], "texture": "#0"},
				"up": {"uv": [0, 0, 1, 0.6], "texture": "#0"},
				"down": {"uv": [0, 0, 1, 0.6], "texture": "#0"}
			}
		},
		{
			"name": "head9",
			"from": [7.5, 7.7, 1.8],
			"to": [8.5, 9.4, 2.5],
			"faces": {
				"north": {"uv": [0, 0, 1, 1.7], "texture": "#0"},
				"east": {"uv": [0, 0, 0.7, 1.7], "texture": "#0"},
				"south": {"uv": [0, 0, 1, 1.7], "texture": "#0"},
				"west": {"uv": [0, 0, 0.7, 1.7], "texture": "#0"},
				"up": {"uv": [0, 0, 1, 0.7], "texture": "#0"},
				"down": {"uv": [0, 0, 1, 0.7], "texture": "#0"}
			}
		},
		{
			"name": "holder1",
			"from": [7.5, 3.2, 6],
			"to": [8.5, 8.2, 7],
			"rotation": {"angle": -22.5, "axis": "x", "origin": [8, 8, 8]},
			"faces": {
				"north": {"uv": [0, 0, 1, 5], "texture": "#0"},
				"east": {"uv": [0, 0, 1, 5], "texture": "#0"},
				"south": {"uv": [0, 0, 1, 5], "texture": "#0"},
				"west": {"uv": [0, 0, 1, 5], "texture": "#0"},
				"up": {"uv": [0, 0, 1, 1], "texture": "#0"},
				"down": {"uv": [0, 0, 1, 1], "texture": "#0"}
			}
		},
		{
			"name": "holder2",
			"from": [7.5, 2.8, 4.7],
			"to": [8.5, 3.2, 8.9],
			"faces": {
				"north": {"uv": [0, 0, 1, 0.4], "texture": "#0"},
				"east": {"uv": [0, 0, 4.2, 0.4], "texture": "#0"},
				"south": {"uv": [0, 0, 1, 0.4], "texture": "#0"},
				"west": {"uv": [0, 0, 4.2, 0.4], "texture": "#0"},
				"up": {"uv": [0, 0, 1, 4.2], "texture": "#0"},
				"down": {"uv": [0, 0, 1, 4.2], "texture": "#0"}
			}
		},
		{
			"name": "holder3",
			"from": [7.5, 4.6, 3],
			"to": [8.5, 9.3, 3.4],
			"rotation": {"angle": -22.5, "axis": "x", "origin": [8, 8, 8]},
			"faces": {
				"north": {"uv": [0, 0, 1, 4.7], "texture": "#0"},
				"east": {"uv": [0, 0, 0.4, 4.7], "texture": "#0"},
				"south": {"uv": [0, 0, 1, 4.7], "texture": "#0"},
				"west": {"uv": [0, 0, 0.4, 4.7], "texture": "#0"},
				"up": {"uv": [0, 0, 1, 0.4], "texture": "#0"},
				"down": {"uv": [0, 0, 1, 0.4], "texture": "#0"}
			}
		},
		{
			"name": "holder4",
			"from": [7.5, 3.9, 5.2],
			"to": [8.5, 6.6, 5.6],
			"rotation": {"angle": 22.5, "axis": "x", "origin": [8, 8, 8]},
			"faces": {
				"north": {"uv": [0, 0, 1, 2.7], "texture": "#0"},
				"east": {"uv": [0, 0, 0.4, 2.7], "texture": "#0"},
				"south": {"uv": [0, 0, 1, 2.7], "texture": "#0"},
				"west": {"uv": [0, 0, 0.4, 2.7], "texture": "#0"},
				"up": {"uv": [0, 0, 1, 0.4], "texture": "#0"},
				"down": {"uv": [0, 0, 1, 0.4], "texture": "#0"}
			}
		},
		{
			"name": "holder5",
			"from": [7.5, 4.3, 4.6],
			"to": [8.5, 6.3, 5.6],
			"rotation": {"angle": 22.5, "axis": "x", "origin": [8, 8, 8]},
			"faces": {
				"north": {"uv": [0, 0, 1, 2], "texture": "#0"},
				"east": {"uv": [0, 0, 1, 2], "texture": "#0"},
				"south": {"uv": [0, 0, 1, 2], "texture": "#0"},
				"west": {"uv": [0, 0, 1, 2], "texture": "#0"},
				"up": {"uv": [0, 0, 1, 1], "texture": "#0"},
				"down": {"uv": [0, 0, 1, 1], "texture": "#0"}
			}
		},
		{
			"name": "holder6",
			"from": [7.5, 4.9, 4.1],
			"to": [8.5, 5.9, 5.1],
			"rotation": {"angle": 22.5, "axis": "x", "origin": [8, 8, 8]},
			"faces": {
				"north": {"uv": [0, 0, 1, 1], "texture": "#0"},
				"east": {"uv": [0, 0, 1, 1], "texture": "#0"},
				"south": {"uv": [0, 0, 1, 1], "texture": "#0"},
				"west": {"uv": [0, 0, 1, 1], "texture": "#0"},
				"up": {"uv": [0, 0, 1, 1], "texture": "#0"},
				"down": {"uv": [0, 0, 1, 1], "texture": "#0"}
			}
		},
		{
			"name": "holder7",
			"from": [7.8, 5.9, 5.9],
			"to": [8.2, 8.9, 6.8],
			"faces": {
				"north": {"uv": [0, 0, 0.4, 1], "texture": "#1"},
				"east": {"uv": [0, 0, 0.9, 1], "texture": "#1"},
				"south": {"uv": [0, 0, 0.4, 1], "texture": "#1"},
				"west": {"uv": [0, 0, 0.9, 1], "texture": "#1"},
				"up": {"uv": [0, 0, 0.4, 0.9], "texture": "#1"},
				"down": {"uv": [0, 0, 0.4, 0.9], "texture": "#1"}
			}
		},
		{
			"name": "head10",
			"from": [7.9, 8.2, 3.5],
			"to": [8.1, 9.2, 3.7],
			"faces": {
				"north": {"uv": [0, 0, 0.2, 1], "texture": "#1"},
				"east": {"uv": [0, 0, 0.2, 1], "texture": "#1"},
				"south": {"uv": [0, 0, 0.2, 1], "texture": "#1"},
				"west": {"uv": [0, 0, 0.2, 1], "texture": "#1"},
				"up": {"uv": [0, 0, 0.2, 0.2], "texture": "#1"},
				"down": {"uv": [0, 0, 0.2, 0.2], "texture": "#1"}
			}
		},
		{
			"name": "head11",
			"from": [7.9, 8.2, 4.8],
			"to": [8.1, 9.2, 5],
			"faces": {
				"north": {"uv": [0, 0, 0.2, 1], "texture": "#1"},
				"east": {"uv": [0, 0, 0.2, 1], "texture": "#1"},
				"south": {"uv": [0, 0, 0.2, 1], "texture": "#1"},
				"west": {"uv": [0, 0, 0.2, 1], "texture": "#1"},
				"up": {"uv": [0, 0, 0.2, 0.2], "texture": "#1"},
				"down": {"uv": [0, 0, 0.2, 0.2], "texture": "#-1"}
			}
		},
		{
			"name": "head12",
			"from": [7.9, 7.8, 2.5],
			"to": [8.1, 8.2, 5.7],
			"faces": {
				"north": {"uv": [8, 1, 8.2, 1.4], "texture": "#1"},
				"east": {"uv": [3, 4, 0.2, 1.4], "texture": "#1"},
				"south": {"uv": [0, 0, 0.2, 0.4], "texture": "#1"},
				"west": {"uv": [0, 0, 3.2, 0.4], "texture": "#1"},
				"up": {"uv": [0, 0, 0.2, 3.2], "texture": "#1"},
				"down": {"uv": [0, 0, 0.2, 3.2], "texture": "#1"}
			}
		},
		{
			"name": "end1",
			"from": [7.6, 6.6, -2.6],
			"to": [8.4, 6.8, 1.6],
			"faces": {
				"north": {"uv": [0, 0, 0.2, 0.4], "texture": "#1"},
				"east": {"uv": [0, 0, 3.2, 0.4], "texture": "#1"},
				"south": {"uv": [0, 0, 0.2, 0.4], "texture": "#1"},
				"west": {"uv": [0, 0, 3.2, 0.4], "texture": "#1"},
				"up": {"uv": [0, 0, 0.2, 3.2], "texture": "#1"},
				"down": {"uv": [0, 0, 0.2, 3.2], "texture": "#1"}
			}
		},
		{
			"name": "end2",
			"from": [7.3, 6.7, -2.6],
			"to": [8.4, 7, 1.6],
			"rotation": {"angle": 45, "axis": "z", "origin": [8, 8, 8]},
			"faces": {
				"north": {"uv": [0, 0, 0.2, 0.4], "texture": "#1"},
				"east": {"uv": [0, 0, 3.2, 0.4], "texture": "#1"},
				"south": {"uv": [0, 0, 0.2, 0.4], "texture": "#1"},
				"west": {"uv": [0, 0, 3.2, 0.4], "texture": "#1"},
				"up": {"uv": [0, 0, 0.2, 3.2], "texture": "#1"},
				"down": {"uv": [0, 0, 0.2, 3.2], "texture": "#1"}
			}
		},
		{
			"name": "end3",
			"from": [7.6, 6.7, -2.6],
			"to": [8.7, 7, 1.6],
			"rotation": {"angle": -45, "axis": "z", "origin": [8, 8, 8]},
			"faces": {
				"north": {"uv": [0, 0, 0.2, 0.4], "texture": "#1"},
				"east": {"uv": [0, 0, 3.2, 0.4], "texture": "#1"},
				"south": {"uv": [0, 0, 0.2, 0.4], "texture": "#1"},
				"west": {"uv": [0, 0, 3.2, 0.4], "texture": "#1"},
				"up": {"uv": [0, 0, 0.2, 3.2], "texture": "#1"},
				"down": {"uv": [0, 0, 0.2, 3.2], "texture": "#1"}
			}
		},
		{
			"name": "end4",
			"from": [8.9, 7.4, -2.6],
			"to": [9.2, 8.5, 1.6],
			"faces": {
				"north": {"uv": [0, 0, 0.2, 0.4], "texture": "#1"},
				"east": {"uv": [0, 0, 3.2, 0.4], "texture": "#1"},
				"south": {"uv": [0, 0, 0.2, 0.4], "texture": "#1"},
				"west": {"uv": [0, 0, 3.2, 0.4], "texture": "#1"},
				"up": {"uv": [0, 0, 0.2, 3.2], "texture": "#1"},
				"down": {"uv": [0, 0, 0.2, 3.2], "texture": "#1"}
			}
		},
		{
			"name": "end5",
			"from": [8.9, 7.5, -2.6],
			"to": [9.2, 8.5, 1.6],
			"rotation": {"angle": 45, "axis": "z", "origin": [8, 8, 8]},
			"faces": {
				"north": {"uv": [0, 0, 0.2, 0.4], "texture": "#1"},
				"east": {"uv": [0, 0, 3.2, 0.4], "texture": "#1"},
				"south": {"uv": [0, 0, 0.2, 0.4], "texture": "#1"},
				"west": {"uv": [0, 0, 3.2, 0.4], "texture": "#1"},
				"up": {"uv": [0, 0, 0.2, 3.2], "texture": "#1"},
				"down": {"uv": [0, 0, 0.2, 3.2], "texture": "#1"}
			}
		},
		{
			"name": "end6",
			"from": [7.5, 9, -2.6],
			"to": [8.5, 9.2, 1.6],
			"faces": {
				"north": {"uv": [0, 0, 0.2, 0.4], "texture": "#1"},
				"east": {"uv": [0, 0, 3.2, 0.4], "texture": "#1"},
				"south": {"uv": [0, 0, 0.2, 0.4], "texture": "#1"},
				"west": {"uv": [0, 0, 3.2, 0.4], "texture": "#1"},
				"up": {"uv": [0, 0, 0.2, 3.2], "texture": "#1"},
				"down": {"uv": [0, 0, 0.2, 3.2], "texture": "#1"}
			}
		},
		{
			"name": "end7",
			"from": [6.8, 7.5, -2.6],
			"to": [7.1, 8.5, 1.6],
			"rotation": {"angle": -45, "axis": "z", "origin": [8, 8, 8]},
			"faces": {
				"north": {"uv": [0, 0, 0.2, 0.4], "texture": "#1"},
				"east": {"uv": [0, 0, 3.2, 0.4], "texture": "#1"},
				"south": {"uv": [0, 0, 0.2, 0.4], "texture": "#1"},
				"west": {"uv": [0, 0, 3.2, 0.4], "texture": "#1"},
				"up": {"uv": [0, 0, 0.2, 3.2], "texture": "#1"},
				"down": {"uv": [0, 0, 0.2, 3.2], "texture": "#1"}
			}
		},
		{
			"name": "end8",
			"from": [6.8, 7.4, -2.6],
			"to": [7.1, 8.5, 1.6],
			"faces": {
				"north": {"uv": [0, 0, 0.2, 0.4], "texture": "#1"},
				"east": {"uv": [0, 0, 3.2, 0.4], "texture": "#1"},
				"south": {"uv": [0, 0, 0.2, 0.4], "texture": "#1"},
				"west": {"uv": [0, 0, 3.2, 0.4], "texture": "#1"},
				"up": {"uv": [0, 0, 0.2, 3.2], "texture": "#1"},
				"down": {"uv": [0, 0, 0.2, 3.2], "texture": "#1"}
			}
		},
		{
			"name": "end9",
			"from": [7.8, 7.6, -4.6],
			"to": [8.4, 8.2, 1.8],
			"rotation": {"angle": -45, "axis": "z", "origin": [8, 8, 8]},
			"faces": {
				"north": {"uv": [0, 0, 0.2, 0.4], "texture": "#0"},
				"east": {"uv": [0, 0, 3.2, 0.4], "texture": "#0"},
				"south": {"uv": [0, 0, 0.2, 0.4], "texture": "#0"},
				"west": {"uv": [0, 0, 3.2, 0.4], "texture": "#0"},
				"up": {"uv": [0, 0, 0.2, 3.2], "texture": "#0"},
				"down": {"uv": [0, 0, 0.2, 3.2], "texture": "#0"}
			}
		},
		{
			"name": "end10",
			"from": [8, 7.1, 1],
			"to": [8.9, 8.1, 1.1],
			"rotation": {"angle": -45, "axis": "z", "origin": [8, 8, 8]},
			"faces": {
				"north": {"uv": [0, 0, 0.2, 0.4], "texture": "#0"},
				"east": {"uv": [0, 0, 3.2, 0.4], "texture": "#0"},
				"south": {"uv": [0, 0, 0.2, 0.4], "texture": "#0"},
				"west": {"uv": [0, 0, 3.2, 0.4], "texture": "#0"},
				"up": {"uv": [0, 0, 0.2, 3.2], "texture": "#0"},
				"down": {"uv": [0, 0, 0.2, 3.2], "texture": "#0"}
			}
		},
		{
			"name": "end11",
			"from": [7.5, 9.2, -2.6],
			"to": [8.5, 9.4, 0.7],
			"faces": {
				"north": {"uv": [0, 0, 1, 1.2], "texture": "#0"},
				"east": {"uv": [0, 0, 5.8, 1.2], "texture": "#0"},
				"south": {"uv": [0, 0, 1, 1.2], "texture": "#0"},
				"west": {"uv": [0, 0, 5.8, 1.2], "texture": "#0"},
				"up": {"uv": [0, 0, 1, 5.8], "texture": "#0"},
				"down": {"uv": [0, 0, 1, 5.8], "texture": "#0"}
			}
		},
		{
			"name": "end12",
			"from": [7.6, 6.4, -2.6],
			"to": [8.4, 6.6, 0.7],
			"faces": {
				"north": {"uv": [0, 0, 1, 1.2], "texture": "#0"},
				"east": {"uv": [0, 0, 5.8, 1.2], "texture": "#0"},
				"south": {"uv": [0, 0, 1, 1.2], "texture": "#0"},
				"west": {"uv": [0, 0, 5.8, 1.2], "texture": "#0"},
				"up": {"uv": [0, 0, 1, 5.8], "texture": "#0"},
				"down": {"uv": [0, 0, 1, 5.8], "texture": "#0"}
			}
		},
		{
			"name": "handleend1",
			"from": [7.7, 3.3, -0.3],
			"to": [8.3, 6.3, 0.7],
			"faces": {
				"north": {"uv": [0, 0, 0.6, 3], "texture": "#0"},
				"east": {"uv": [0, 0, 1, 3], "texture": "#0"},
				"south": {"uv": [0, 0, 0.6, 3], "texture": "#0"},
				"west": {"uv": [0, 0, 1, 3], "texture": "#0"},
				"up": {"uv": [0, 0, 0.6, 1], "texture": "#0"},
				"down": {"uv": [0, 0, 0.6, 1], "texture": "#0"}
			}
		},
		{
			"name": "handleend2",
			"from": [7.6, 6.1, -0.3],
			"to": [8.4, 6.6, 1.1],
			"faces": {
				"north": {"uv": [0, 0, 0.8, 0.5], "texture": "#0"},
				"east": {"uv": [0, 0, 1.4, 0.5], "texture": "#0"},
				"south": {"uv": [0, 0, 0.8, 0.5], "texture": "#0"},
				"west": {"uv": [0, 0, 1.4, 0.5], "texture": "#0"},
				"up": {"uv": [0, 0, 0.8, 1.4], "texture": "#0"},
				"down": {"uv": [0, 0, 0.8, 1.4], "texture": "#0"}
			}
		},
		{
			"name": "handleend3",
			"from": [7.7, 9.8, -1.2],
			"to": [8.3, 10.6, -0.5],
			"rotation": {"angle": -45, "axis": "x", "origin": [8, 8, 8]},
			"faces": {
				"north": {"uv": [0, 0, 0.6, 0.8], "texture": "#0"},
				"east": {"uv": [0, 0, 0.7, 0.8], "texture": "#0"},
				"south": {"uv": [0, 0, 0.6, 0.8], "texture": "#0"},
				"west": {"uv": [0, 0, 0.7, 0.8], "texture": "#0"},
				"up": {"uv": [0, 0, 0.6, 0.7], "texture": "#0"},
				"down": {"uv": [0, 0, 0.6, 0.7], "texture": "#0"}
			}
		},
		{
			"name": "enddetail1",
			"from": [6.7, 7.8, -2],
			"to": [6.8, 8.2, -0.9],
			"rotation": {"angle": -45, "axis": "z", "origin": [8, 8, 8]},
			"faces": {
				"north": {"uv": [0, 0, 0.1, 0.4], "texture": "#0"},
				"east": {"uv": [0, 0, 1.1, 0.4], "texture": "#0"},
				"south": {"uv": [1, 1, 1.1, 1.4], "texture": "#0"},
				"west": {"uv": [0, 0, 1.1, 0.4], "texture": "#0"},
				"up": {"uv": [0, 0, 0.1, 1.1], "texture": "#0"},
				"down": {"uv": [0, 0, 0.1, 1.1], "texture": "#0"}
			}
		},
		{
			"name": "enddetail2",
			"from": [6.7, 7.8, -0.4],
			"to": [6.8, 8.2, 0.7],
			"rotation": {"angle": -45, "axis": "z", "origin": [8, 8, 8]},
			"faces": {
				"north": {"uv": [0, 0, 0.1, 0.4], "texture": "#0"},
				"east": {"uv": [0, 0, 1.1, 0.4], "texture": "#0"},
				"south": {"uv": [0, 0, 0.1, 0.4], "texture": "#0"},
				"west": {"uv": [0, 0, 1.1, 0.4], "texture": "#0"},
				"up": {"uv": [0, 0, 0.1, 1.1], "texture": "#0"},
				"down": {"uv": [0, 0, 0.1, 1.1], "texture": "#0"}
			}
		},
		{
			"name": "enddetail3",
			"from": [6.7, 7.8, -2.4],
			"to": [6.8, 8.2, -1.3],
			"faces": {
				"north": {"uv": [0, 0, 0.1, 0.4], "texture": "#0"},
				"east": {"uv": [0, 0, 1.1, 0.4], "texture": "#0"},
				"south": {"uv": [0, 0, 0.1, 0.4], "texture": "#0"},
				"west": {"uv": [0, 0, 1.1, 0.4], "texture": "#0"},
				"up": {"uv": [0, 0, 0.1, 1.1], "texture": "#0"},
				"down": {"uv": [0, 0, 0.1, 1.1], "texture": "#0"}
			}
		},
		{
			"name": "enddetail4",
			"from": [6.7, 7.8, -1.1],
			"to": [6.8, 8.2, 0],
			"faces": {
				"north": {"uv": [0, 0, 0.1, 0.4], "texture": "#0"},
				"east": {"uv": [0, 0, 1.1, 0.4], "texture": "#0"},
				"south": {"uv": [0, 0, 0.1, 0.4], "texture": "#0"},
				"west": {"uv": [0, 0, 1.1, 0.4], "texture": "#0"},
				"up": {"uv": [0, 0, 0.1, 1.1], "texture": "#0"},
				"down": {"uv": [0, 0, 0.1, 1.1], "texture": "#0"}
			}
		},
		{
			"name": "enddetail5",
			"from": [6.7, 7.8, 0.2],
			"to": [6.8, 8.2, 0.9],
			"faces": {
				"north": {"uv": [0, 0, 0.1, 0.4], "texture": "#0"},
				"east": {"uv": [0, 0, 0.7, 0.4], "texture": "#0"},
				"south": {"uv": [0, 0, 0.1, 0.4], "texture": "#0"},
				"west": {"uv": [0, 0, 0.7, 0.4], "texture": "#0"},
				"up": {"uv": [0, 0, 0.1, 0.7], "texture": "#0"},
				"down": {"uv": [0, 0, 0.1, 0.7], "texture": "#0"}
			}
		},
		{
			"name": "enddetail6",
			"from": [6.6, 7.7, -0.5],
			"to": [6.7, 8.1, 0.6],
			"rotation": {"angle": 45, "axis": "z", "origin": [8, 8, 8]},
			"faces": {
				"north": {"uv": [0, 0, 0.1, 0.4], "texture": "#0"},
				"east": {"uv": [0, 0, 1.1, 0.4], "texture": "#0"},
				"south": {"uv": [0, 0, 0.1, 0.4], "texture": "#0"},
				"west": {"uv": [0, 0, 1.1, 0.4], "texture": "#0"},
				"up": {"uv": [0, 0, 0.1, 1.1], "texture": "#0"},
				"down": {"uv": [0, 0, 0.1, 1.1], "texture": "#0"}
			}
		},
		{
			"name": "enddetail7",
			"from": [6.6, 7.7, -2],
			"to": [6.7, 8.1, -0.9],
			"rotation": {"angle": 45, "axis": "z", "origin": [8, 8, 8]},
			"faces": {
				"north": {"uv": [0, 0, 0.1, 0.4], "texture": "#0"},
				"east": {"uv": [0, 0, 1.1, 0.4], "texture": "#0"},
				"south": {"uv": [0, 0, 0.1, 0.4], "texture": "#0"},
				"west": {"uv": [0, 0, 1.1, 0.4], "texture": "#0"},
				"up": {"uv": [0, 0, 0.1, 1.1], "texture": "#0"},
				"down": {"uv": [0, 0, 0.1, 1.1], "texture": "#0"}
			}
		},
		{
			"name": "enddetail8",
			"from": [9.2, 7.8, -2],
			"to": [9.3, 8.2, -0.9],
			"rotation": {"angle": 45, "axis": "z", "origin": [8, 8, 8]},
			"faces": {
				"north": {"uv": [0, 0, 0.1, 0.4], "texture": "#0"},
				"east": {"uv": [0, 0, 1.1, 0.4], "texture": "#0"},
				"south": {"uv": [0, 0, 0.1, 0.4], "texture": "#0"},
				"west": {"uv": [0, 0, 1.1, 0.4], "texture": "#0"},
				"up": {"uv": [0, 0, 0.1, 1.1], "texture": "#0"},
				"down": {"uv": [0, 0, 0.1, 1.1], "texture": "#0"}
			}
		},
		{
			"name": "enddetail9",
			"from": [9.2, 7.8, -0.4],
			"to": [9.3, 8.2, 0.7],
			"rotation": {"angle": 45, "axis": "z", "origin": [8, 8, 8]},
			"faces": {
				"north": {"uv": [0, 0, 0.1, 0.4], "texture": "#0"},
				"east": {"uv": [0, 0, 1.1, 0.4], "texture": "#0"},
				"south": {"uv": [0, 0, 0.1, 0.4], "texture": "#0"},
				"west": {"uv": [0, 0, 1.1, 0.4], "texture": "#0"},
				"up": {"uv": [0, 0, 0.1, 1.1], "texture": "#0"},
				"down": {"uv": [0, 0, 0.1, 1.1], "texture": "#0"}
			}
		},
		{
			"name": "enddetail10",
			"from": [9.2, 7.8, 0.2],
			"to": [9.3, 8.2, 0.9],
			"faces": {
				"north": {"uv": [0, 0, 0.1, 0.4], "texture": "#0"},
				"east": {"uv": [0, 0, 0.7, 0.4], "texture": "#0"},
				"south": {"uv": [0, 0, 0.1, 0.4], "texture": "#0"},
				"west": {"uv": [0, 0, 0.7, 0.4], "texture": "#0"},
				"up": {"uv": [0, 0, 0.1, 0.7], "texture": "#0"},
				"down": {"uv": [0, 0, 0.1, 0.7], "texture": "#0"}
			}
		},
		{
			"name": "enddetail11",
			"from": [9.2, 7.8, -2.4],
			"to": [9.3, 8.2, -1.3],
			"faces": {
				"north": {"uv": [0, 0, 0.1, 0.4], "texture": "#0"},
				"east": {"uv": [0, 0, 1.1, 0.4], "texture": "#0"},
				"south": {"uv": [0, 0, 0.1, 0.4], "texture": "#0"},
				"west": {"uv": [0, 0, 1.1, 0.4], "texture": "#0"},
				"up": {"uv": [0, 0, 0.1, 1.1], "texture": "#0"},
				"down": {"uv": [0, 0, 0.1, 1.1], "texture": "#0"}
			}
		},
		{
			"name": "enddetail12",
			"from": [9.2, 7.8, -1.1],
			"to": [9.3, 8.2, 0],
			"faces": {
				"north": {"uv": [0, 0, 0.1, 0.4], "texture": "#0"},
				"east": {"uv": [0, 0, 1.1, 0.4], "texture": "#0"},
				"south": {"uv": [0, 0, 0.1, 0.4], "texture": "#0"},
				"west": {"uv": [0, 0, -24.9, 11.4], "texture": "#0"},
				"up": {"uv": [0, 0, 0.1, 1.1], "texture": "#0"},
				"down": {"uv": [0, 0, 0.1, 1.1], "texture": "#0"}
			}
		},
		{
			"name": "enddetail13",
			"from": [9.3, 7.7, -0.5],
			"to": [9.4, 8.1, 0.6],
			"rotation": {"angle": -45, "axis": "z", "origin": [8, 8, 8]},
			"faces": {
				"north": {"uv": [0, 0, 0.1, 0.4], "texture": "#0"},
				"east": {"uv": [0, 0, 1.1, 0.4], "texture": "#0"},
				"south": {"uv": [0, 0, 0.1, 0.4], "texture": "#0"},
				"west": {"uv": [0, 0, 1.1, 0.4], "texture": "#0"},
				"up": {"uv": [0, 0, 0.1, 1.1], "texture": "#0"},
				"down": {"uv": [0, 0, 0.1, 1.1], "texture": "#0"}
			}
		},
		{
			"name": "enddetail14",
			"from": [9.3, 7.7, -2],
			"to": [9.4, 8.1, -0.9],
			"rotation": {"angle": -45, "axis": "z", "origin": [8, 8, 8]},
			"faces": {
				"north": {"uv": [0, 0, 0.1, 0.4], "texture": "#0"},
				"east": {"uv": [0, 0, 1.1, 0.4], "texture": "#0"},
				"south": {"uv": [0, 0, 0.1, 0.4], "texture": "#0"},
				"west": {"uv": [0, 0, 1.1, 0.4], "texture": "#0"},
				"up": {"uv": [0, 0, 0.1, 1.1], "texture": "#0"},
				"down": {"uv": [0, 0, 0.1, 1.1], "texture": "#0"}
			}
		},
		{
			"name": "scopedetail1",
			"from": [7.6, 9.4, -2.4],
			"to": [8.4, 9.6, -2],
			"faces": {
				"north": {"uv": [0, 0, 0.8, 0.2], "texture": "#1"},
				"east": {"uv": [0, 0, 0.4, 0.2], "texture": "#1"},
				"south": {"uv": [0, 0, 0.8, 0.2], "texture": "#1"},
				"west": {"uv": [0, 0, 0.4, 0.2], "texture": "#1"},
				"up": {"uv": [0, 0, 0.8, 0.4], "texture": "#1"},
				"down": {"uv": [0, 0, 0.8, 0.4], "texture": "#1"}
			}
		},
		{
			"name": "scopedetail2",
			"from": [7.6, 9.4, -1.8],
			"to": [8.4, 9.6, -1.4],
			"faces": {
				"north": {"uv": [0, 0, 0.8, 0.2], "texture": "#1"},
				"east": {"uv": [0, 0, 0.4, 0.2], "texture": "#1"},
				"south": {"uv": [0, 0, 0.8, 0.2], "texture": "#1"},
				"west": {"uv": [0, 0, 0.4, 0.2], "texture": "#1"},
				"up": {"uv": [0, 0, 0.8, 0.4], "texture": "#1"},
				"down": {"uv": [0, 0, 0.8, 0.4], "texture": "#1"}
			}
		},
		{
			"name": "scopedetail3",
			"from": [7.6, 9.4, -1.2],
			"to": [8.4, 9.6, -0.8],
			"faces": {
				"north": {"uv": [0, 0, 0.8, 0.2], "texture": "#1"},
				"east": {"uv": [0, 0, 0.4, 0.2], "texture": "#1"},
				"south": {"uv": [0, 0, 0.8, 0.2], "texture": "#1"},
				"west": {"uv": [0, 0, 0.4, 0.2], "texture": "#1"},
				"up": {"uv": [0, 0, 0.8, 0.4], "texture": "#1"},
				"down": {"uv": [0, 0, 0.8, 0.4], "texture": "#1"}
			}
		},
		{
			"name": "scopedetail4",
			"from": [7.6, 9.4, -0.6],
			"to": [8.4, 9.6, -0.2],
			"faces": {
				"north": {"uv": [0, 0, 0.8, 0.2], "texture": "#1"},
				"east": {"uv": [0, 0, 0.4, 0.2], "texture": "#1"},
				"south": {"uv": [0, 0, 0.8, 0.2], "texture": "#1"},
				"west": {"uv": [0, 0, 0.4, 0.2], "texture": "#1"},
				"up": {"uv": [0, 0, 0.8, 0.4], "texture": "#1"},
				"down": {"uv": [0, 0, 0.8, 0.4], "texture": "#1"}
			}
		},
		{
			"name": "scopedetail5",
			"from": [7.6, 9.4, 0],
			"to": [8.4, 9.6, 0.4],
			"faces": {
				"north": {"uv": [0, 0, 0.8, 0.2], "texture": "#1"},
				"east": {"uv": [0, 0, 0.4, 0.2], "texture": "#1"},
				"south": {"uv": [0, 0, 0.8, 0.2], "texture": "#1"},
				"west": {"uv": [0, 0, 0.4, 0.2], "texture": "#1"},
				"up": {"uv": [0, 0, 0.8, 0.4], "texture": "#1"},
				"down": {"uv": [0, 0, 0.8, 0.4], "texture": "#1"}
			}
		},
		{
			"name": "scope1",
			"from": [7.6, 9.4, 3],
			"to": [8.4, 9.9, 6.6],
			"faces": {
				"north": {"uv": [0, 0, 0.8, 0.5], "texture": "#1"},
				"east": {"uv": [0, 0, 3.6, 0.5], "texture": "#1"},
				"south": {"uv": [0, 0, 0.8, 0.5], "texture": "#1"},
				"west": {"uv": [0, 0, 3.6, 0.5], "texture": "#1"},
				"up": {"uv": [0, 0, 0.8, 3.6], "texture": "#1"},
				"down": {"uv": [0, 0, 0.8, 3.6], "texture": "#1"}
			}
		},
		{
			"name": "scope2",
			"from": [9.3, 9.3, 4.3],
			"to": [10.3, 10.3, 7.8],
			"rotation": {"angle": 45, "axis": "z", "origin": [8, 8, 8]},
			"faces": {
				"north": {"uv": [0, 0, 1, 1], "texture": "#0"},
				"east": {"uv": [0, 0, 3.5, 1], "texture": "#0"},
				"south": {"uv": [0, 0, 1, 1], "texture": "#0"},
				"west": {"uv": [0, 0, 3.5, 1], "texture": "#0"},
				"up": {"uv": [0, 0, 1, 3.5], "texture": "#0"},
				"down": {"uv": [0, 0, 1, 3.5], "texture": "#0"}
			}
		},
		{
			"name": "scope3",
			"from": [9.3, 9.3, 3],
			"to": [10.6, 10.6, 4.3],
			"rotation": {"angle": 45, "axis": "z", "origin": [8, 8, 8]},
			"faces": {
				"north": {"uv": [0, 0, 1.3, 1.3], "texture": "#1"},
				"east": {"uv": [0, 0, 1.3, 1.3], "texture": "#1"},
				"south": {"uv": [0, 0, 1.3, 1.3], "texture": "#1"},
				"west": {"uv": [0, 0, 1.3, 1.3], "texture": "#1"},
				"up": {"uv": [0, 0, 1.3, 1.3], "texture": "#1"},
				"down": {"uv": [0, 0, 1.3, 1.3], "texture": "#1"}
			}
		},
		{
			"name": "scope4",
			"from": [9.2, 9.2, 6.6],
			"to": [10.4, 10.4, 6.9],
			"rotation": {"angle": 45, "axis": "z", "origin": [8, 8, 8]},
			"faces": {
				"north": {"uv": [0, 0, 1.2, 1.2], "texture": "#1"},
				"east": {"uv": [0, 0, 0.3, 1.2], "texture": "#1"},
				"south": {"uv": [0, 0, 1.2, 1.2], "texture": "#1"},
				"west": {"uv": [0, 0, 0.3, 1.2], "texture": "#1"},
				"up": {"uv": [0, 0, 1.2, 0.3], "texture": "#1"},
				"down": {"uv": [0, 0, 1.2, 0.3], "texture": "#1"}
			}
		},
		{
			"name": "scope5",
			"from": [9.6, 10.3, 6],
			"to": [10, 10.5, 6.4],
			"rotation": {"angle": 45, "axis": "z", "origin": [8, 8, 8]},
			"faces": {
				"north": {"uv": [0, 0, 0.4, 0.2], "texture": "#1"},
				"east": {"uv": [0, 0, 0.4, 0.2], "texture": "#1"},
				"south": {"uv": [0, 0, 0.4, 0.2], "texture": "#1"},
				"west": {"uv": [0, 0, 0.4, 0.2], "texture": "#1"},
				"up": {"uv": [0, 0, 0.4, 0.4], "texture": "#1"},
				"down": {"uv": [0, 0, 0.4, 0.4], "texture": "#1"}
			}
		},
		{
			"name": "scope6",
			"from": [6.6, 10.9, 6.6],
			"to": [6.9, 11.4, 6.9],
			"rotation": {"angle": -45, "axis": "y", "origin": [8, 8, 8]},
			"faces": {
				"north": {"uv": [0, 0, 0.3, 0.5], "texture": "#1"},
				"east": {"uv": [0, 0, 0.3, 0.5], "texture": "#1"},
				"south": {"uv": [0, 0, 0.3, 0.5], "texture": "#1"},
				"west": {"uv": [0, 0, 0.3, 0.5], "texture": "#1"},
				"up": {"uv": [0, 0, 0.3, 0.3], "texture": "#1"},
				"down": {"uv": [0, 0, 0.3, 0.3], "texture": "#1"}
			}
		},
		{
			"name": "scope7",
			"from": [9.5, 9.5, 2.9],
			"to": [10.4, 10.4, 3],
			"rotation": {"angle": 45, "axis": "z", "origin": [8, 8, 8]},
			"faces": {
				"north": {"uv": [0, 0, 0.9, 0.9], "texture": "#3"},
				"east": {"uv": [0, 0, 0.1, 0.9], "texture": "#3"},
				"south": {"uv": [0, 0, 0.9, 0.9], "texture": "#3"},
				"west": {"uv": [0, 0, 0.1, 0.9], "texture": "#3"},
				"up": {"uv": [0, 0, 0.9, 0.1], "texture": "#3"},
				"down": {"uv": [0, 0, 0.9, 0.1], "texture": "#3"}
			}
		},
		{
			"name": "scopedetail6",
			"from": [7.6, 9.4, 1.3],
			"to": [8.4, 9.6, 1.7],
			"faces": {
				"north": {"uv": [0, 0, 0.8, 0.2], "texture": "#1"},
				"east": {"uv": [0, 0, 0.4, 0.2], "texture": "#1"},
				"south": {"uv": [0, 0, 0.8, 0.2], "texture": "#1"},
				"west": {"uv": [0, 0, 0.4, 0.2], "texture": "#1"},
				"up": {"uv": [0, 0, 0.8, 0.4], "texture": "#1"},
				"down": {"uv": [0, 0, 0.8, 0.4], "texture": "#1"}
			}
		},
		{
			"name": "scopedetail7",
			"from": [7.6, 9.4, 1.9],
			"to": [8.4, 9.6, 2.3],
			"faces": {
				"north": {"uv": [0, 0, 0.8, 0.2], "texture": "#1"},
				"east": {"uv": [0, 0, 0.4, 0.2], "texture": "#1"},
				"south": {"uv": [0, 0, 0.8, 0.2], "texture": "#1"},
				"west": {"uv": [0, 0, 0.4, 0.2], "texture": "#1"},
				"up": {"uv": [0, 0, 0.8, 0.4], "texture": "#1"},
				"down": {"uv": [0, 0, 0.8, 0.4], "texture": "#1"}
			}
		},
		{
			"name": "scopedetail8",
			"from": [7.6, 9.4, 2.5],
			"to": [8.4, 9.6, 2.9],
			"faces": {
				"north": {"uv": [0, 0, 0.8, 0.2], "texture": "#1"},
				"east": {"uv": [0, 0, 0.4, 0.2], "texture": "#1"},
				"south": {"uv": [0, 0, 0.8, 0.2], "texture": "#1"},
				"west": {"uv": [0, 0, 0.4, 0.2], "texture": "#1"},
				"up": {"uv": [0, 0, 0.8, 0.4], "texture": "#1"},
				"down": {"uv": [0, 0, 0.8, 0.4], "texture": "#1"}
			}
		},
		{
			"name": "scopedetail9",
			"from": [7.6, 9.4, 6.8],
			"to": [8.4, 9.6, 7.2],
			"faces": {
				"north": {"uv": [0, 0, 0.8, 0.2], "texture": "#1"},
				"east": {"uv": [0, 0, 0.4, 0.2], "texture": "#1"},
				"south": {"uv": [0, 0, 0.8, 0.2], "texture": "#1"},
				"west": {"uv": [0, 0, 0.4, 0.2], "texture": "#1"},
				"up": {"uv": [0, 0, 0.8, 0.4], "texture": "#1"},
				"down": {"uv": [0, 0, 0.8, 0.4], "texture": "#1"}
			}
		},
		{
			"name": "scopedetail10",
			"from": [7.6, 9.4, 7.4],
			"to": [8.4, 9.6, 7.8],
			"faces": {
				"north": {"uv": [0, 0, 0.8, 0.2], "texture": "#1"},
				"east": {"uv": [0, 0, 0.4, 0.2], "texture": "#1"},
				"south": {"uv": [0, 0, 0.8, 0.2], "texture": "#1"},
				"west": {"uv": [0, 0, 0.4, 0.2], "texture": "#1"},
				"up": {"uv": [0, 0, 0.8, 0.4], "texture": "#1"},
				"down": {"uv": [0, 0, 0.8, 0.4], "texture": "#1"}
			}
		},
		{
			"name": "scopedetail11",
			"from": [7.6, 9.4, 8],
			"to": [8.4, 9.6, 8.4],
			"faces": {
				"north": {"uv": [0, 0, 0.8, 0.2], "texture": "#1"},
				"east": {"uv": [0, 0, 0.4, 0.2], "texture": "#1"},
				"south": {"uv": [0, 0, 0.8, 0.2], "texture": "#1"},
				"west": {"uv": [0, 0, 0.4, 0.2], "texture": "#1"},
				"up": {"uv": [0, 0, 0.8, 0.4], "texture": "#1"},
				"down": {"uv": [0, 0, 0.8, 0.4], "texture": "#1"}
			}
		},
		{
			"name": "scopedetail12",
			"from": [7.6, 9.4, 8.6],
			"to": [8.4, 9.6, 9],
			"faces": {
				"north": {"uv": [0, 0, 0.8, 0.2], "texture": "#1"},
				"east": {"uv": [0, 0, 0.4, 0.2], "texture": "#1"},
				"south": {"uv": [0, 0, 0.8, 0.2], "texture": "#1"},
				"west": {"uv": [0, 0, 0.4, 0.2], "texture": "#1"},
				"up": {"uv": [0, 0, 0.8, 0.4], "texture": "#1"},
				"down": {"uv": [0, 0, 0.8, 0.4], "texture": "#1"}
			}
		},
		{
			"name": "scopedetail13",
			"from": [7.6, 9.4, 9.2],
			"to": [8.4, 9.6, 9.6],
			"faces": {
				"north": {"uv": [0, 0, 0.8, 0.2], "texture": "#1"},
				"east": {"uv": [0, 0, 0.4, 0.2], "texture": "#1"},
				"south": {"uv": [0, 0, 0.8, 0.2], "texture": "#1"},
				"west": {"uv": [0, 0, 0.4, 0.2], "texture": "#1"},
				"up": {"uv": [0, 0, 0.8, 0.4], "texture": "#1"},
				"down": {"uv": [0, 0, 0.8, 0.4], "texture": "#1"}
			}
		},
		{
			"name": "scopedetail14",
			"from": [7.6, 9.4, 9.8],
			"to": [8.4, 9.6, 10.2],
			"faces": {
				"north": {"uv": [0, 0, 0.8, 0.2], "texture": "#1"},
				"east": {"uv": [0, 0, 0.4, 0.2], "texture": "#1"},
				"south": {"uv": [0, 0, 0.8, 0.2], "texture": "#1"},
				"west": {"uv": [0, 0, 0.4, 0.2], "texture": "#1"},
				"up": {"uv": [0, 0, 0.8, 0.4], "texture": "#1"},
				"down": {"uv": [0, 0, 0.8, 0.4], "texture": "#1"}
			}
		},
		{
			"name": "scopedetail15",
			"from": [7.6, 9.4, 10.4],
			"to": [8.4, 9.6, 10.8],
			"faces": {
				"north": {"uv": [0, 0, 0.8, 0.2], "texture": "#1"},
				"east": {"uv": [0, 0, 0.4, 0.2], "texture": "#1"},
				"south": {"uv": [0, 0, 0.8, 0.2], "texture": "#1"},
				"west": {"uv": [0, 0, 0.4, 0.2], "texture": "#1"},
				"up": {"uv": [0, 0, 0.8, 0.4], "texture": "#1"},
				"down": {"uv": [0, 0, 0.8, 0.4], "texture": "#1"}
			}
		},
		{
			"name": "scopedetail16",
			"from": [7.6, 9.4, 11],
			"to": [8.4, 9.6, 11.4],
			"faces": {
				"north": {"uv": [0, 0, 0.8, 0.2], "texture": "#1"},
				"east": {"uv": [0, 0, 0.4, 0.2], "texture": "#1"},
				"south": {"uv": [0, 0, 0.8, 0.2], "texture": "#1"},
				"west": {"uv": [0, 0, 0.4, 0.2], "texture": "#1"},
				"up": {"uv": [0, 0, 0.8, 0.4], "texture": "#1"},
				"down": {"uv": [0, 0, 0.8, 0.4], "texture": "#-1"}
			}
		},
		{
			"name": "scopedetail17",
			"from": [7.6, 6.2, -0.9],
			"to": [8.4, 6.4, -0.5],
			"faces": {
				"north": {"uv": [0, 0, 0.8, 0.2], "texture": "#1"},
				"east": {"uv": [0, 0, 0.4, 0.2], "texture": "#1"},
				"south": {"uv": [0, 0, 0.8, 0.2], "texture": "#1"},
				"west": {"uv": [0, 0, 0.4, 0.2], "texture": "#1"},
				"up": {"uv": [0, 0, 0.8, 0.4], "texture": "#1"},
				"down": {"uv": [0, 0, 0.8, 0.4], "texture": "#1"}
			}
		},
		{
			"name": "scopedetail18",
			"from": [7.6, 6.2, -2.1],
			"to": [8.4, 6.4, -1.7],
			"faces": {
				"north": {"uv": [0, 0, 0.8, 0.2], "texture": "#1"},
				"east": {"uv": [0, 0, 0.4, 0.2], "texture": "#1"},
				"south": {"uv": [0, 0, 0.8, 0.2], "texture": "#1"},
				"west": {"uv": [0, 0, 0.4, 0.2], "texture": "#1"},
				"up": {"uv": [0, 0, 0.8, 0.4], "texture": "#1"},
				"down": {"uv": [0, 0, 0.8, 0.4], "texture": "#1"}
			}
		},
		{
			"name": "scopedetail19",
			"from": [7.6, 6.2, -1.5],
			"to": [8.4, 6.4, -1.1],
			"faces": {
				"north": {"uv": [0, 0, 0.8, 0.2], "texture": "#1"},
				"east": {"uv": [0, 0, 0.4, 0.2], "texture": "#1"},
				"south": {"uv": [0, 0, 0.8, 0.2], "texture": "#1"},
				"west": {"uv": [0, 0, 0.4, 0.2], "texture": "#1"},
				"up": {"uv": [0, 0, 0.8, 0.4], "texture": "#1"},
				"down": {"uv": [0, 0, 0.8, 0.4], "texture": "#1"}
			}
		},
		{
			"name": "holderdetail1",
			"from": [7.7, 3.4, 7],
			"to": [8.3, 6.8, 7.1],
			"rotation": {"angle": -22.5, "axis": "x", "origin": [8, 8, 8]},
			"faces": {
				"north": {"uv": [0, 0, 1, 0.4], "texture": "#1"},
				"east": {"uv": [0, 0, 4.2, 0.4], "texture": "#1"},
				"south": {"uv": [0, 0, 1, 0.4], "texture": "#1"},
				"west": {"uv": [0, 0, 4.2, 0.4], "texture": "#1"},
				"up": {"uv": [0, 0, 1, 4.2], "texture": "#1"},
				"down": {"uv": [0, 0, 1, 4.2], "texture": "#1"}
			}
		},
		{
			"name": "holderdetail2",
			"from": [7.7, 3.8, 5.9],
			"to": [8.3, 6.2, 6],
			"rotation": {"angle": -22.5, "axis": "x", "origin": [8, 8, 8]},
			"faces": {
				"north": {"uv": [0, 0, 1, 0.4], "texture": "#1"},
				"east": {"uv": [0, 0, 4.2, 0.4], "texture": "#1"},
				"south": {"uv": [0, 0, 1, 0.4], "texture": "#1"},
				"west": {"uv": [0, 0, 4.2, 0.4], "texture": "#1"},
				"up": {"uv": [0, 0, 1, 4.2], "texture": "#1"},
				"down": {"uv": [0, 0, 1, 4.2], "texture": "#1"}
			}
		},
		{
			"name": "detail1",
			"from": [7.7, 7.2, 3],
			"to": [7.8, 7.3, 6],
			"rotation": {"angle": -45, "axis": "z", "origin": [8, 8, 8]},
			"faces": {
				"north": {"uv": [0, 0, 1, 0.4], "texture": "#3"},
				"east": {"uv": [0, 0, 4.2, 0.4], "texture": "#3"},
				"south": {"uv": [0, 0, 1, 0.4], "texture": "#3"},
				"west": {"uv": [0, 0, 4.2, 0.4], "texture": "#3"},
				"up": {"uv": [0, 0, 1, 4.2], "texture": "#3"},
				"down": {"uv": [0, 0, 1, 4.2], "texture": "#3"}
			}
		},
		{
			"name": "detail2",
			"from": [7.2, 7.1, 2.9],
			"to": [7.8, 7.4, 3.6],
			"rotation": {"angle": -45, "axis": "z", "origin": [8, 8, 8]},
			"faces": {
				"north": {"uv": [0, 0, 1, 0.4], "texture": "#1"},
				"east": {"uv": [0, 0, 4.2, 0.4], "texture": "#1"},
				"south": {"uv": [0, 0, 1, 0.4], "texture": "#1"},
				"west": {"uv": [0, 0, 4.2, 0.4], "texture": "#1"},
				"up": {"uv": [0, 0, 1, 4.2], "texture": "#1"},
				"down": {"uv": [0, 0, 1, 4.2], "texture": "#1"}
			}
		},
		{
			"name": "handledetail1",
			"from": [7.4, 5, 13.9],
			"to": [8.6, 7, 14.3],
			"faces": {
				"north": {"uv": [0, 0, 1, 0.4], "texture": "#1"},
				"east": {"uv": [0, 0, 4.2, 0.4], "texture": "#1"},
				"south": {"uv": [0, 0, 1, 0.4], "texture": "#1"},
				"west": {"uv": [0, 0, 4.2, 0.4], "texture": "#1"},
				"up": {"uv": [0, 0, 1, 4.2], "texture": "#1"},
				"down": {"uv": [0, 0, 1, 4.2], "texture": "#1"}
			}
		},
		{
			"name": "handledetail2",
			"from": [7.2, 7.4, 11],
			"to": [7.3, 7.8, 13.4],
			"rotation": {"angle": -45, "axis": "z", "origin": [8, 8, 8]},
			"faces": {
				"north": {"uv": [0, 0, 1, 0.4], "texture": "#0"},
				"east": {"uv": [0, 0, 4.2, 0.4], "texture": "#0"},
				"south": {"uv": [0, 0, 1, 0.4], "texture": "#0"},
				"west": {"uv": [0, 0, 4.2, 0.4], "texture": "#0"},
				"up": {"uv": [0, 0, 1, 4.2], "texture": "#0"},
				"down": {"uv": [0, 0, 1, 4.2], "texture": "#0"}
			}
		},
		{
			"name": "handledetail3",
			"from": [8.7, 7.4, 11],
			"to": [8.8, 7.8, 13.4],
			"rotation": {"angle": 45, "axis": "z", "origin": [8, 8, 8]},
			"faces": {
				"north": {"uv": [0, 0, 1, 0.4], "texture": "#0"},
				"east": {"uv": [0, 0, 4.2, 0.4], "texture": "#0"},
				"south": {"uv": [0, 0, 1, 0.4], "texture": "#0"},
				"west": {"uv": [0, 0, 4.2, 0.4], "texture": "#0"},
				"up": {"uv": [0, 0, 1, 4.2], "texture": "#0"},
				"down": {"uv": [0, 0, 1, 4.2], "texture": "#0"}
			}
		},
		{
			"name": "handledetail4",
			"from": [8.7, 7.4, 7],
			"to": [8.8, 7.8, 8],
			"rotation": {"angle": 45, "axis": "z", "origin": [8, 8, 8]},
			"faces": {
				"north": {"uv": [0, 0, 1, 0.4], "texture": "#0"},
				"east": {"uv": [0, 0, 4.2, 0.4], "texture": "#0"},
				"south": {"uv": [0, 0, 1, 0.4], "texture": "#0"},
				"west": {"uv": [0, 0, 4.2, 0.4], "texture": "#0"},
				"up": {"uv": [0, 0, 1, 4.2], "texture": "#0"},
				"down": {"uv": [0, 0, 1, 4.2], "texture": "#0"}
			}
		},
		{
			"name": "handledetail5",
			"from": [8.7, 7.4, 8.2],
			"to": [8.8, 7.8, 9.2],
			"rotation": {"angle": 45, "axis": "z", "origin": [8, 8, 8]},
			"faces": {
				"north": {"uv": [0, 0, 1, 0.4], "texture": "#0"},
				"east": {"uv": [0, 0, 4.2, 0.4], "texture": "#0"},
				"south": {"uv": [0, 0, 1, 0.4], "texture": "#0"},
				"west": {"uv": [0, 0, 4.2, 0.4], "texture": "#0"},
				"up": {"uv": [0, 0, 1, 4.2], "texture": "#0"},
				"down": {"uv": [0, 0, 1, 4.2], "texture": "#0"}
			}
		},
		{
			"name": "handledetail6",
			"from": [7.2, 7.4, 8.2],
			"to": [7.3, 7.8, 9.2],
			"rotation": {"angle": -45, "axis": "z", "origin": [8, 8, 8]},
			"faces": {
				"north": {"uv": [0, 0, 1, 0.4], "texture": "#0"},
				"east": {"uv": [0, 0, 4.2, 0.4], "texture": "#0"},
				"south": {"uv": [0, 0, 1, 0.4], "texture": "#0"},
				"west": {"uv": [0, 0, 4.2, 0.4], "texture": "#0"},
				"up": {"uv": [0, 0, 1, 4.2], "texture": "#0"},
				"down": {"uv": [0, 0, 1, 4.2], "texture": "#0"}
			}
		},
		{
			"name": "handledetail7",
			"from": [7.2, 7.4, 7],
			"to": [7.3, 7.8, 8],
			"rotation": {"angle": -45, "axis": "z", "origin": [8, 8, 8]},
			"faces": {
				"north": {"uv": [0, 0, 1, 0.4], "texture": "#0"},
				"east": {"uv": [0, 0, 4.2, 0.4], "texture": "#0"},
				"south": {"uv": [0, 0, 1, 0.4], "texture": "#0"},
				"west": {"uv": [0, 0, 4.2, 0.4], "texture": "#0"},
				"up": {"uv": [0, 0, 1, 4.2], "texture": "#0"},
				"down": {"uv": [0, 0, 1, 4.2], "texture": "#0"}
			}
		},
		{
			"name": "handledetail8",
			"from": [7.4, 13.8, 16.2],
			"to": [8.6, 14.2, 16.6],
			"rotation": {"angle": 45, "axis": "x", "origin": [8, 8, 8]},
			"faces": {
				"north": {"uv": [0, 0, 1, 0.4], "texture": "#1"},
				"east": {"uv": [0, 0, 4.2, 0.4], "texture": "#1"},
				"south": {"uv": [0, 0, 1, 0.4], "texture": "#1"},
				"west": {"uv": [0, 0, 4.2, 0.4], "texture": "#1"},
				"up": {"uv": [0, 0, 1, 4.2], "texture": "#1"},
				"down": {"uv": [0, 0, 1, 4.2], "texture": "#1"}
			}
		},
		{
			"name": "handeldetail9",
			"from": [7.7, 6.5, 19.6],
			"to": [8.3, 11.6, 19.7],
			"rotation": {"angle": 22.5, "axis": "x", "origin": [8, 8, 8]},
			"faces": {
				"north": {"uv": [0, 0, 1, 5.1], "texture": "#1"},
				"east": {"uv": [0, 0, 0.9, 5.1], "texture": "#1"},
				"south": {"uv": [0, 0, 1, 5.1], "texture": "#1"},
				"west": {"uv": [0, 0, 0.9, 5.1], "texture": "#1"},
				"up": {"uv": [0, 0, 1, 0.9], "texture": "#1"},
				"down": {"uv": [0, 0, 1, 0.9], "texture": "#1"}
			}
		},
		{
			"name": "handledetail10",
			"from": [7.7, 2.1, 15.5],
			"to": [8.3, 2.2, 18.2],
			"faces": {
				"north": {"uv": [0, 0, 1, 5.1], "texture": "#1"},
				"east": {"uv": [0, 0, 0.9, 5.1], "texture": "#1"},
				"south": {"uv": [0, 0, 1, 5.1], "texture": "#1"},
				"west": {"uv": [0, 0, 0.9, 5.1], "texture": "#1"},
				"up": {"uv": [0, 0, 1, 0.9], "texture": "#1"},
				"down": {"uv": [0, 0, 1, 0.9], "texture": "#1"}
			}
		},
		{
			"name": "handledetail11",
			"from": [7.7, -0.3, 12.6],
			"to": [8.3, 2.2, 12.7],
			"rotation": {"angle": -22.5, "axis": "x", "origin": [8, 8, 8]},
			"faces": {
				"north": {"uv": [0, 0, 1, 5.1], "texture": "#1"},
				"east": {"uv": [0, 0, 0.9, 5.1], "texture": "#1"},
				"south": {"uv": [0, 0, 1, 5.1], "texture": "#1"},
				"west": {"uv": [0, 0, 0.9, 5.1], "texture": "#1"},
				"up": {"uv": [0, 0, 1, 0.9], "texture": "#1"},
				"down": {"uv": [0, 0, 1, 0.9], "texture": "#1"}
			}
		},
		{
			"name": "handledetail12",
			"from": [7.7, 7.1, 11],
			"to": [8.3, 7.2, 15.5],
			"rotation": {"angle": 22.5, "axis": "x", "origin": [8, 8, 8]},
			"faces": {
				"north": {"uv": [0, 0, 1, 5.1], "texture": "#1"},
				"east": {"uv": [0, 0, 0.9, 5.1], "texture": "#1"},
				"south": {"uv": [0, 0, 1, 5.1], "texture": "#1"},
				"west": {"uv": [0, 0, 0.9, 5.1], "texture": "#1"},
				"up": {"uv": [0, 0, 1, 0.9], "texture": "#1"},
				"down": {"uv": [0, 0, 1, 0.9], "texture": "#1"}
			}
		},
		{
			"name": "handledetail13",
			"from": [7.7, 7.1, 10.9],
			"to": [8.3, 7.6, 11],
			"rotation": {"angle": 22.5, "axis": "x", "origin": [8, 8, 8]},
			"faces": {
				"north": {"uv": [0, 0, 1, 5.1], "texture": "#1"},
				"east": {"uv": [0, 0, 0.9, 5.1], "texture": "#1"},
				"south": {"uv": [0, 0, 1, 5.1], "texture": "#1"},
				"west": {"uv": [0, 0, 0.9, 5.1], "texture": "#1"},
				"up": {"uv": [0, 0, 1, 0.9], "texture": "#1"},
				"down": {"uv": [0, 0, 1, 0.9], "texture": "#1"}
			}
		},
		{
			"name": "handledetail14",
			"from": [7.7, 7.3, 8.4],
			"to": [8.3, 7.4, 10.9],
			"rotation": {"angle": 22.5, "axis": "x", "origin": [8, 8, 8]},
			"faces": {
				"north": {"uv": [0, 0, 1, 5.1], "texture": "#1"},
				"east": {"uv": [0, 0, 0.9, 5.1], "texture": "#1"},
				"south": {"uv": [0, 0, 1, 5.1], "texture": "#1"},
				"west": {"uv": [0, 0, 0.9, 5.1], "texture": "#1"},
				"up": {"uv": [0, 0, 1, 0.9], "texture": "#1"},
				"down": {"uv": [0, 0, 1, 0.9], "texture": "#1"}
			}
		},
		{
			"name": "endetail15",
			"from": [7.7, 7.5, -4.6],
			"to": [8.5, 8.3, -2.8],
			"rotation": {"angle": -45, "axis": "z", "origin": [8, 8, 8]},
			"faces": {
				"north": {"uv": [0, 0, 0.2, 0.4], "texture": "#1"},
				"east": {"uv": [0, 0, 3.2, 0.4], "texture": "#1"},
				"south": {"uv": [0, 0, 0.2, 0.4], "texture": "#1"},
				"west": {"uv": [0, 0, 3.2, 0.4], "texture": "#1"},
				"up": {"uv": [0, 0, 0.2, 3.2], "texture": "#1"},
				"down": {"uv": [0, 0, 0.2, 3.2], "texture": "#1"}
			}
		},
		{
			"name": "endetail16",
			"from": [7.8, 7.6, -4.7],
			"to": [8.4, 8.2, -4.6],
			"rotation": {"angle": -45, "axis": "z", "origin": [8, 8, 8]},
			"faces": {
				"north": {"uv": [0, 0, 0.2, 0.4], "texture": "#3"},
				"east": {"uv": [0, 0, 3.2, 0.4], "texture": "#3"},
				"south": {"uv": [0, 0, 0.2, 0.4], "texture": "#3"},
				"west": {"uv": [0, 0, 3.2, 0.4], "texture": "#3"},
				"up": {"uv": [0, 0, 0.2, 3.2], "texture": "#3"},
				"down": {"uv": [0, 0, 0.2, 3.2], "texture": "#3"}
			}
		}
	],
	"display": {
		"thirdperson_righthand": {
			"translation": [0, 1, 3],
			"scale": [0.7, 0.7, 0.7]
		},
		"thirdperson_lefthand": {
			"translation": [0, 1, 3],
			"scale": [0.7, 0.7, 0.7]
		},
		"firstperson_righthand": {
			"scale": [1.3, 1.3, 1.3]
		},
		"firstperson_lefthand": {
			"scale": [1.3, 1.3, 1.3]
		},
		"ground": {
			"scale": [0.8, 0.8, 0.8]
		},
		"gui": {
			"rotation": [30, 225, 0],
			"scale": [0.85, 0.85, 0.85]
		},
		"head": {
			"rotation": [0, 90, 0],
			"translation": [0, 2.75, 0]
		}
	}
}