{
	"credit": "Made with Blockbench",
	"texture_size": [32, 32],
	"textures": {
		"0": "item/gold_digger",
		"particle": "item/gold_digger"
	},
	"elements": [
		{
			"from": [7.5, 0.75, 9.25],
			"to": [8.5, 3.75, 11.25],
			"rotation": {"angle": -22.5, "axis": "x", "origin": [8.5, 3, 9]},
			"faces": {
				"north": {"uv": [6.5, 3.5, 7, 5], "texture": "#0"},
				"east": {"uv": [5.5, 3.5, 6.5, 5], "texture": "#0"},
				"south": {"uv": [8, 3.5, 8.5, 5], "texture": "#0"},
				"west": {"uv": [7, 3.5, 8, 5], "texture": "#0"},
				"up": {"uv": [7, 3.5, 6.5, 2.5], "texture": "#0"},
				"down": {"uv": [7.5, 2.5, 7, 3.5], "texture": "#0"}
			}
		},
		{
			"from": [7, 3, 7],
			"to": [9, 5, 11],
			"rotation": {"angle": 0, "axis": "y", "origin": [-0.5, 1, -4]},
			"faces": {
				"north": {"uv": [2, 2, 3, 3], "texture": "#0"},
				"east": {"uv": [0, 2, 2, 3], "texture": "#0"},
				"south": {"uv": [5, 2, 6, 3], "texture": "#0"},
				"west": {"uv": [3, 2, 5, 3], "texture": "#0"},
				"up": {"uv": [3, 2, 2, 0], "texture": "#0"},
				"down": {"uv": [4, 0, 3, 2], "texture": "#0"}
			}
		},
		{
			"from": [8, 2, 8],
			"to": [8, 3, 10],
			"rotation": {"angle": 0, "axis": "y", "origin": [-0.5, 1, -4]},
			"faces": {
				"north": {"uv": [5.5, 1, 5.5, 1.5], "texture": "#0"},
				"east": {"uv": [4.5, 1, 5.5, 1.5], "texture": "#0"},
				"south": {"uv": [6.5, 1, 6.5, 1.5], "texture": "#0"},
				"west": {"uv": [5.5, 1, 6.5, 1.5], "texture": "#0"},
				"up": {"uv": [5.5, 1, 5.5, 0], "texture": "#0"},
				"down": {"uv": [5.5, 0, 5.5, 1], "texture": "#0"}
			}
		},
		{
			"from": [7.5, 4, 3],
			"to": [8.5, 5, 7],
			"rotation": {"angle": 0, "axis": "y", "origin": [-0.5, 1, -4]},
			"faces": {
				"north": {"uv": [2, 5.5, 2.5, 6], "texture": "#0"},
				"east": {"uv": [0, 5.5, 2, 6], "texture": "#0"},
				"south": {"uv": [4.5, 5.5, 5, 6], "texture": "#0"},
				"west": {"uv": [2.5, 5.5, 4.5, 6], "texture": "#0"},
				"up": {"uv": [2.5, 5.5, 2, 3.5], "texture": "#0"},
				"down": {"uv": [3, 3.5, 2.5, 5.5], "texture": "#0"}
			}
		},
		{
			"from": [8, 5, 3],
			"to": [8, 6, 4],
			"rotation": {"angle": 0, "axis": "y", "origin": [-0.5, 1, -4]},
			"faces": {
				"north": {"uv": [0.5, 0.5, 0.5, 1], "texture": "#0"},
				"east": {"uv": [0, 0.5, 0.5, 1], "texture": "#0"},
				"south": {"uv": [1, 0.5, 1, 1], "texture": "#0"},
				"west": {"uv": [0.5, 0.5, 1, 1], "texture": "#0"},
				"up": {"uv": [0.5, 0.5, 0.5, 0], "texture": "#0"},
				"down": {"uv": [0.5, 0, 0.5, 0.5], "texture": "#0"}
			}
		},
		{
			"from": [8, 4, 11],
			"to": [8, 5, 12],
			"rotation": {"angle": 0, "axis": "y", "origin": [-0.5, 1, -4]},
			"faces": {
				"north": {"uv": [0.5, 4, 0.5, 4.5], "texture": "#0"},
				"east": {"uv": [0, 4, 0.5, 4.5], "texture": "#0"},
				"south": {"uv": [1, 4, 1, 4.5], "texture": "#0"},
				"west": {"uv": [0.5, 4, 1, 4.5], "texture": "#0"},
				"up": {"uv": [0.5, 4, 0.5, 3.5], "texture": "#0"},
				"down": {"uv": [0.5, 3.5, 0.5, 4], "texture": "#0"}
			}
		}
	],
	"display": {
		"thirdperson_righthand": {
			"translation": [0, 5.25, -0.75]
		},
		"thirdperson_lefthand": {
			"translation": [0, 5.25, -0.75]
		},
		"firstperson_righthand": {
			"translation": [-0.62, 6.45, 0.63],
			"scale": [0.8, 0.8, 0.8]
		},
		"firstperson_lefthand": {
			"translation": [-0.62, 6.45, 0.63],
			"scale": [0.8, 0.8, 0.8]
		},
		"ground": {
			"translation": [0, 5, 0]
		},
		"gui": {
			"rotation": [30, 225, 0],
			"translation": [-0.5, 6.5, 0],
			"scale": [1.7, 1.7, 1.7]
		},
		"head": {
			"rotation": [0, 90, 0],
			"translation": [0, 9.75, 0],
			"scale": [2, 2, 2]
		},
		"fixed": {
			"rotation": [0, 90, 0],
			"translation": [1.25, 8, 0],
			"scale": [2, 2, 2]
		}
	}
}