{
	"credit": "Made with Blockbench",
	"texture_size": [32, 32],
	"textures": {
		"0": "item/rainbow_rifle",
		"particle": "item/rainbow_rifle"
	},
	"elements": [
		{
			"from": [7, 3, 5],
			"to": [9, 5, 13],
			"rotation": {"angle": 0, "axis": "y", "origin": [0, -2, 0]},
			"faces": {
				"north": {"uv": [4, 4, 5, 5], "texture": "#0"},
				"east": {"uv": [0, 4, 4, 5], "texture": "#0"},
				"south": {"uv": [9, 4, 10, 5], "texture": "#0"},
				"west": {"uv": [5, 4, 9, 5], "texture": "#0"},
				"up": {"uv": [5, 4, 4, 0], "texture": "#0"},
				"down": {"uv": [6, 0, 5, 4], "texture": "#0"}
			}
		},
		{
			"from": [7.5, 0, 8.5],
			"to": [8.5, 3, 10.5],
			"rotation": {"angle": 0, "axis": "y", "origin": [0, -2, 0]},
			"faces": {
				"north": {"uv": [1, 1, 1.5, 2.5], "texture": "#0"},
				"east": {"uv": [0, 1, 1, 2.5], "texture": "#0"},
				"south": {"uv": [2.5, 1, 3, 2.5], "texture": "#0"},
				"west": {"uv": [1.5, 1, 2.5, 2.5], "texture": "#0"},
				"up": {"uv": [1.5, 1, 1, 0], "texture": "#0"},
				"down": {"uv": [2, 0, 1.5, 1], "texture": "#0"}
			}
		},
		{
			"from": [8, 2, 10.5],
			"to": [8, 3, 11.5],
			"rotation": {"angle": 0, "axis": "y", "origin": [0, -2, 0]},
			"faces": {
				"north": {"uv": [0.5, 6, 0.5, 6.5], "texture": "#0"},
				"east": {"uv": [0, 6, 0.5, 6.5], "texture": "#0"},
				"south": {"uv": [1, 6, 1, 6.5], "texture": "#0"},
				"west": {"uv": [0.5, 6, 1, 6.5], "texture": "#0"},
				"up": {"uv": [0.5, 6, 0.5, 5.5], "texture": "#0"},
				"down": {"uv": [0.5, 5.5, 0.5, 6], "texture": "#0"}
			}
		},
		{
			"from": [7.5, 1, 11],
			"to": [8.5, 3, 12],
			"rotation": {"angle": -22.5, "axis": "x", "origin": [8, 3, 11]},
			"faces": {
				"north": {"uv": [7, 2.5, 7.5, 3.5], "texture": "#0"},
				"east": {"uv": [6.5, 2.5, 7, 3.5], "texture": "#0"},
				"south": {"uv": [8, 2.5, 8.5, 3.5], "texture": "#0"},
				"west": {"uv": [7.5, 2.5, 8, 3.5], "texture": "#0"},
				"up": {"uv": [7.5, 2.5, 7, 2], "texture": "#0"},
				"down": {"uv": [8, 2, 7.5, 2.5], "texture": "#0"}
			}
		},
		{
			"from": [7.5, 5, 5],
			"to": [7.5, 6, 6],
			"rotation": {"angle": 0, "axis": "y", "origin": [0, -2, 0]},
			"faces": {
				"north": {"uv": [8, 8, 8, 8.5], "texture": "#0"},
				"east": {"uv": [7.5, 8, 8, 8.5], "texture": "#0"},
				"south": {"uv": [8.5, 8, 8.5, 8.5], "texture": "#0"},
				"west": {"uv": [8, 8, 8.5, 8.5], "texture": "#0"},
				"up": {"uv": [8, 8, 8, 7.5], "texture": "#0"},
				"down": {"uv": [8, 7.5, 8, 8], "texture": "#0"}
			}
		},
		{
			"from": [8.5, 5, 5],
			"to": [8.5, 6, 6],
			"rotation": {"angle": 0, "axis": "y", "origin": [0, -2, 0]},
			"faces": {
				"north": {"uv": [3.5, 6, 3.5, 6.5], "texture": "#0"},
				"east": {"uv": [3, 6, 3.5, 6.5], "texture": "#0"},
				"south": {"uv": [4, 6, 4, 6.5], "texture": "#0"},
				"west": {"uv": [3.5, 6, 4, 6.5], "texture": "#0"},
				"up": {"uv": [3.5, 6, 3.5, 5.5], "texture": "#0"},
				"down": {"uv": [3.5, 5.5, 3.5, 6], "texture": "#0"}
			}
		},
		{
			"from": [7.5, 3, 2],
			"to": [8.5, 4, 5],
			"rotation": {"angle": 0, "axis": "y", "origin": [0, -2, 0]},
			"faces": {
				"north": {"uv": [1.5, 7, 2, 7.5], "texture": "#0"},
				"east": {"uv": [0, 7, 1.5, 7.5], "texture": "#0"},
				"south": {"uv": [3.5, 7, 4, 7.5], "texture": "#0"},
				"west": {"uv": [2, 7, 3.5, 7.5], "texture": "#0"},
				"up": {"uv": [2, 7, 1.5, 5.5], "texture": "#0"},
				"down": {"uv": [2.5, 5.5, 2, 7], "texture": "#0"}
			}
		},
		{
			"from": [7.5, 3, 13],
			"to": [8.5, 4, 15],
			"rotation": {"angle": 0, "axis": "y", "origin": [0, -2, 0]},
			"faces": {
				"north": {"uv": [7.5, 1, 8, 1.5], "texture": "#0"},
				"east": {"uv": [6.5, 1, 7.5, 1.5], "texture": "#0"},
				"south": {"uv": [9, 1, 9.5, 1.5], "texture": "#0"},
				"west": {"uv": [8, 1, 9, 1.5], "texture": "#0"},
				"up": {"uv": [8, 1, 7.5, 0], "texture": "#0"},
				"down": {"uv": [8.5, 0, 8, 1], "texture": "#0"}
			}
		},
		{
			"from": [7.5, 2, 15],
			"to": [8.5, 4, 17],
			"rotation": {"angle": 0, "axis": "y", "origin": [0, -2, 0]},
			"faces": {
				"north": {"uv": [5.5, 6.5, 6, 7.5], "texture": "#0"},
				"east": {"uv": [4.5, 6.5, 5.5, 7.5], "texture": "#0"},
				"south": {"uv": [7, 6.5, 7.5, 7.5], "texture": "#0"},
				"west": {"uv": [6, 6.5, 7, 7.5], "texture": "#0"},
				"up": {"uv": [6, 6.5, 5.5, 5.5], "texture": "#0"},
				"down": {"uv": [6.5, 5.5, 6, 6.5], "texture": "#0"}
			}
		}
	],
	"display": {
		"thirdperson_righthand": {
			"translation": [0, 5.5, -2.75]
		},
		"thirdperson_lefthand": {
			"translation": [0, 5.5, -2.75]
		},
		"firstperson_righthand": {
			"translation": [-0.62, 6.7, 0.38],
			"scale": [0.8, 0.8, 0.8]
		},
		"firstperson_lefthand": {
			"translation": [-0.62, 6.7, 0.38],
			"scale": [0.8, 0.8, 0.8]
		},
		"ground": {
			"translation": [0, 5.5, 0]
		},
		"gui": {
			"rotation": [30, 225, 0],
			"translation": [1.5, 5.25, 0],
			"scale": [1.4, 1.4, 1.4]
		},
		"head": {
			"rotation": [0, 90, 0],
			"translation": [-2.25, 7.25, 0],
			"scale": [1.5, 1.5, 1.5]
		},
		"fixed": {
			"rotation": [0, 90, 0],
			"translation": [-2.75, 9.75, -1],
			"scale": [2, 2, 2]
		}
	}
}