{
	"credit": "Made with Blockbench",
	"textures": {
		"0": "item/pistol2",
		"particle": "item/pistol2"
	},
	"elements": [
		{
			"from": [7.001, 1.001, 8.751],
			"to": [8.999, 3.999, 10.749],
			"rotation": {"angle": -22.5, "axis": "x", "origin": [8, 2, 10]},
			"faces": {
				"north": {"uv": [2, 11, 4, 14], "texture": "#0"},
				"east": {"uv": [0, 11, 2, 14], "texture": "#0"},
				"south": {"uv": [6, 11, 8, 14], "texture": "#0"},
				"west": {"uv": [4, 11, 6, 14], "texture": "#0"},
				"up": {"uv": [4, 11, 2, 9], "texture": "#0"},
				"down": {"uv": [6, 9, 4, 11], "texture": "#0"}
			}
		},
		{
			"from": [7, 3, 5],
			"to": [9, 5, 11],
			"faces": {
				"north": {"uv": [6, 6, 8, 8], "texture": "#0"},
				"east": {"uv": [0, 6, 6, 8], "texture": "#0"},
				"south": {"uv": [14, 6, 16, 8], "texture": "#0"},
				"west": {"uv": [8, 6, 14, 8], "texture": "#0"},
				"up": {"uv": [8, 6, 6, 0], "texture": "#0"},
				"down": {"uv": [10, 0, 8, 6], "texture": "#0"}
			}
		},
		{
			"from": [8, 2, 7],
			"to": [8, 3, 9],
			"faces": {
				"north": {"uv": [3, 3, 3, 4], "texture": "#0"},
				"east": {"uv": [1, 3, 3, 4], "texture": "#0"},
				"south": {"uv": [5, 3, 5, 4], "texture": "#0"},
				"west": {"uv": [3, 3, 5, 4], "texture": "#0"},
				"up": {"uv": [3, 3, 3, 1], "texture": "#0"},
				"down": {"uv": [3, 1, 3, 3], "texture": "#0"}
			}
		},
		{
			"from": [8, 5, 5],
			"to": [8, 6, 6],
			"faces": {
				"north": {"uv": [1, 1, 1, 2], "texture": "#0"},
				"east": {"uv": [0, 1, 1, 2], "texture": "#0"},
				"south": {"uv": [2, 1, 2, 2], "texture": "#0"},
				"west": {"uv": [1, 1, 2, 2], "texture": "#0"},
				"up": {"uv": [1, 1, 1, 0], "texture": "#0"},
				"down": {"uv": [1, 0, 1, 1], "texture": "#0"}
			}
		}
	],
	"display": {
		"thirdperson_righthand": {
			"translation": [0, 5.25, -0.75]
		},
		"thirdperson_lefthand": {
			"translation": [0, 5.25, -0.75]
		},
		"firstperson_righthand": {
			"translation": [-0.37, 6.45, 1.13],
			"scale": [0.8, 0.8, 0.8]
		},
		"firstperson_lefthand": {
			"translation": [-0.37, 6.45, 1.13],
			"scale": [0.8, 0.8, 0.8]
		},
		"ground": {
			"translation": [0, 4.5, 0]
		},
		"gui": {
			"rotation": [30, 225, 0],
			"translation": [0, 6.5, 0],
			"scale": [1.7, 1.7, 1.7]
		},
		"head": {
			"rotation": [0, 90, 0],
			"translation": [0, 10, 0],
			"scale": [2, 2, 2]
		},
		"fixed": {
			"rotation": [0, 90, 0],
			"translation": [0, 9.75, -1],
			"scale": [2, 2, 2]
		}
	}
}