{
	"credit": "Made By Ubalube",
	"textures": {
		"texture": "guns/gray7",
		"texture1": "guns/gambitpanel",
		"texture2": "guns/gambitgrey",
		"texture3": "guns/gold",
		"texture4": "guns/red2",
		"texture5": "guns/scope2",
		"particle": "blocks/e_particle"
	},
	"elements": [
		{
			"name": "Box1",
			"from": [-16, 6.5, 8],
			"to": [-3.5, 8, 8.5],
			"faces": {
				"north": {"uv": [3.5, 8, 16, 9.5], "texture": "#texture"},
				"east": {"uv": [7.5, 8, 8, 9.5], "texture": "#texture"},
				"south": {"uv": [0, 8, 12.5, 9.5], "texture": "#texture"},
				"west": {"uv": [8, 8, 8.5, 9.5], "texture": "#texture"},
				"up": {"uv": [0, 8, 12.5, 8.5], "texture": "#texture"},
				"down": {"uv": [0, 7.5, 12.5, 8], "texture": "#texture"}
			}
		},
		{
			"name": "Box1",
			"from": [-16, 6.5, 9],
			"to": [-3.5, 8, 9.5],
			"faces": {
				"north": {"uv": [3.5, 8, 16, 9.5], "texture": "#texture"},
				"east": {"uv": [6.5, 8, 7, 9.5], "texture": "#texture"},
				"south": {"uv": [0, 8, 12.5, 9.5], "texture": "#texture"},
				"west": {"uv": [9, 8, 9.5, 9.5], "texture": "#texture"},
				"up": {"uv": [0, 9, 12.5, 9.5], "texture": "#texture"},
				"down": {"uv": [0, 6.5, 12.5, 7], "texture": "#texture"}
			}
		},
		{
			"name": "Box3",
			"from": [-16, 8, 8],
			"to": [-3.5, 8.5, 8.5],
			"faces": {
				"north": {"uv": [13.5, 7.5, 14, 8], "texture": "#texture"},
				"east": {"uv": [7.5, 7.5, 8, 8], "texture": "#texture"},
				"south": {"uv": [2, 7.5, 2.5, 8], "texture": "#texture"},
				"west": {"uv": [8, 7.5, 8.5, 8], "texture": "#texture"},
				"up": {"uv": [2, 8, 2.5, 8.5], "texture": "#texture"},
				"down": {"uv": [2, 7.5, 2.5, 8], "texture": "#texture"}
			}
		},
		{
			"name": "Box3",
			"from": [-16, 8, 9],
			"to": [-3.5, 8.5, 9.5],
			"faces": {
				"north": {"uv": [2, 7.5, 2.5, 8], "texture": "#texture"},
				"east": {"uv": [8, 7.5, 8.5, 8], "texture": "#texture"},
				"south": {"uv": [13.5, 7.5, 14, 8], "texture": "#texture"},
				"west": {"uv": [7.5, 7.5, 8, 8], "texture": "#texture"},
				"up": {"uv": [2, 8, 2.5, 8.5], "rotation": 180, "texture": "#texture"},
				"down": {"uv": [2, 7.5, 2.5, 8], "rotation": 180, "texture": "#texture"}
			}
		},
		{
			"name": "Box3",
			"from": [-16, 6, 8],
			"to": [-3.5, 6.5, 8.5],
			"faces": {
				"north": {"uv": [14, 8, 13.5, 7.5], "texture": "#texture"},
				"east": {"uv": [8, 7.5, 8.5, 8], "rotation": 180, "texture": "#texture"},
				"south": {"uv": [2.5, 8, 2, 7.5], "texture": "#texture"},
				"west": {"uv": [7.5, 7.5, 8, 8], "rotation": 180, "texture": "#texture"},
				"up": {"uv": [2, 7.5, 2.5, 8], "rotation": 180, "texture": "#texture"},
				"down": {"uv": [2, 8, 2.5, 8.5], "rotation": 180, "texture": "#texture"}
			}
		},
		{
			"name": "Box3",
			"from": [-16, 6, 9],
			"to": [-3.5, 6.5, 9.5],
			"faces": {
				"north": {"uv": [2.5, 8, 2, 7.5], "texture": "#texture"},
				"east": {"uv": [7.5, 7.5, 8, 8], "rotation": 180, "texture": "#texture"},
				"south": {"uv": [14, 8, 13.5, 7.5], "texture": "#texture"},
				"west": {"uv": [8, 7.5, 8.5, 8], "rotation": 180, "texture": "#texture"},
				"up": {"uv": [2, 7.5, 2.5, 8], "texture": "#texture"},
				"down": {"uv": [2, 8, 2.5, 8.5], "texture": "#texture"}
			}
		},
		{
			"name": "Box7",
			"from": [-16, 8, 8.25],
			"to": [-3.5, 8.5, 9.25],
			"faces": {
				"north": {"uv": [3.5, 7.5, 16, 8], "texture": "#texture"},
				"east": {"uv": [6.75, 7.5, 7.75, 8], "texture": "#texture"},
				"south": {"uv": [0, 7.5, 12.5, 8], "texture": "#texture"},
				"west": {"uv": [8.25, 7.5, 9.25, 8], "texture": "#texture"},
				"up": {"uv": [0, 8.25, 12.5, 9.25], "texture": "#texture"},
				"down": {"uv": [0, 6.75, 12.5, 7.75], "texture": "#texture"}
			}
		},
		{
			"name": "Box7",
			"from": [-16, 6, 8.25],
			"to": [-3.5, 6.5, 9.25],
			"faces": {
				"north": {"uv": [3.5, 9.5, 16, 10], "texture": "#texture"},
				"east": {"uv": [6.75, 9.5, 7.75, 10], "texture": "#texture"},
				"south": {"uv": [0, 9.5, 12.5, 10], "texture": "#texture"},
				"west": {"uv": [8.25, 9.5, 9.25, 10], "texture": "#texture"},
				"up": {"uv": [0, 8.25, 12.5, 9.25], "texture": "#texture"},
				"down": {"uv": [0, 6.75, 12.5, 7.75], "texture": "#texture"}
			}
		},
		{
			"name": "Box9",
			"from": [-16, 6, 9.5],
			"to": [-12.5, 8.5, 10],
			"faces": {
				"north": {"uv": [0, 0, 16, 16], "texture": "#texture1"},
				"east": {"uv": [6, 7.5, 6.5, 10], "texture": "#texture1"},
				"south": {"uv": [0, 0, 16, 16], "texture": "#texture1"},
				"west": {"uv": [0, 0, 1, 16], "texture": "#texture1"},
				"up": {"uv": [0, 0, 16, 1], "texture": "#texture1"},
				"down": {"uv": [0, 15, 16, 16], "texture": "#texture1"}
			}
		},
		{
			"name": "Box9",
			"from": [-12.5, 6, 9.5],
			"to": [-9, 8.5, 10],
			"faces": {
				"north": {"uv": [0, 0, 16, 16], "texture": "#texture1"},
				"east": {"uv": [6, 7.5, 6.5, 10], "texture": "#texture1"},
				"south": {"uv": [0, 0, 16, 16], "texture": "#texture1"},
				"west": {"uv": [0, 0, 1, 16], "texture": "#texture1"},
				"up": {"uv": [0, 0, 16, 1], "texture": "#texture1"},
				"down": {"uv": [0, 15, 16, 16], "texture": "#texture1"}
			}
		},
		{
			"name": "Box9",
			"from": [-9, 6, 9.5],
			"to": [-5.5, 8.5, 10],
			"faces": {
				"north": {"uv": [0, 0, 16, 16], "texture": "#texture1"},
				"east": {"uv": [6, 7.5, 6.5, 10], "texture": "#texture1"},
				"south": {"uv": [0, 0, 16, 16], "texture": "#texture1"},
				"west": {"uv": [0, 0, 1, 16], "texture": "#texture1"},
				"up": {"uv": [0, 0, 16, 1], "texture": "#texture1"},
				"down": {"uv": [0, 15, 16, 16], "texture": "#texture1"}
			}
		},
		{
			"name": "Box9",
			"from": [-5.5, 6, 9.5],
			"to": [-2, 8.5, 10],
			"faces": {
				"north": {"uv": [0, 0, 16, 16], "texture": "#texture1"},
				"east": {"uv": [6, 7.5, 6.5, 10], "texture": "#texture1"},
				"south": {"uv": [0, 0, 16, 16], "texture": "#texture1"},
				"west": {"uv": [0, 0, 1, 16], "texture": "#texture1"},
				"up": {"uv": [0, 0, 16, 1], "texture": "#texture1"},
				"down": {"uv": [0, 15, 16, 16], "texture": "#texture1"}
			}
		},
		{
			"name": "Box9",
			"from": [-16, 6, 7.5],
			"to": [-12.5, 8.5, 8],
			"faces": {
				"north": {"uv": [0, 0, 16, 16], "texture": "#texture1"},
				"east": {"uv": [6, 7.5, 6.5, 10], "texture": "#texture1"},
				"south": {"uv": [0, 0, 16, 16], "texture": "#texture1"},
				"west": {"uv": [0, 0, 1, 16], "texture": "#texture1"},
				"up": {"uv": [0, 0, 16, 1], "texture": "#texture1"},
				"down": {"uv": [0, 15, 16, 16], "texture": "#texture1"}
			}
		},
		{
			"name": "Box9",
			"from": [-12.5, 6, 7.5],
			"to": [-9, 8.5, 8],
			"faces": {
				"north": {"uv": [0, 0, 16, 16], "texture": "#texture1"},
				"east": {"uv": [6, 7.5, 6.5, 10], "texture": "#texture1"},
				"south": {"uv": [0, 0, 16, 16], "texture": "#texture1"},
				"west": {"uv": [0, 0, 1, 16], "texture": "#texture1"},
				"up": {"uv": [0, 0, 16, 1], "texture": "#texture1"},
				"down": {"uv": [0, 15, 16, 16], "texture": "#texture1"}
			}
		},
		{
			"name": "Box9",
			"from": [-9, 6, 7.5],
			"to": [-5.5, 8.5, 8],
			"faces": {
				"north": {"uv": [0, 0, 16, 16], "texture": "#texture1"},
				"east": {"uv": [6, 7.5, 6.5, 10], "texture": "#texture1"},
				"south": {"uv": [0, 0, 16, 16], "texture": "#texture1"},
				"west": {"uv": [0, 0, 1, 16], "texture": "#texture1"},
				"up": {"uv": [0, 0, 16, 1], "texture": "#texture1"},
				"down": {"uv": [0, 15, 16, 16], "texture": "#texture1"}
			}
		},
		{
			"name": "Box9",
			"from": [-5.5, 6, 7.5],
			"to": [-2, 8.5, 8],
			"faces": {
				"north": {"uv": [0, 0, 16, 16], "texture": "#texture1"},
				"east": {"uv": [6, 7.5, 6.5, 10], "texture": "#texture1"},
				"south": {"uv": [0, 0, 16, 16], "texture": "#texture1"},
				"west": {"uv": [0, 0, 1, 16], "texture": "#texture1"},
				"up": {"uv": [0, 0, 16, 1], "texture": "#texture1"},
				"down": {"uv": [0, 15, 16, 16], "texture": "#texture1"}
			}
		},
		{
			"name": "Box17",
			"from": [-16, 5.5, 8],
			"to": [-2, 6, 9.5],
			"faces": {
				"north": {"uv": [1, 8, 0, 6.5], "texture": "#texture1"},
				"east": {"uv": [0, 6.5, 1, 8], "rotation": 180, "texture": "#texture1"},
				"south": {"uv": [1, 8, 0, 6.5], "texture": "#texture1"},
				"west": {"uv": [0, 6.5, 1, 8], "rotation": 180, "texture": "#texture1"},
				"up": {"uv": [0, 6.5, 1, 8], "texture": "#texture1"},
				"down": {"uv": [0, 6.5, 1, 8], "texture": "#texture1"}
			}
		},
		{
			"name": "Box17",
			"from": [-16, 5.5, 7.5],
			"to": [-2, 6, 8],
			"rotation": {"angle": 45, "axis": "x", "origin": [-16, 5.5, 8]},
			"faces": {
				"north": {"uv": [1, 8, 0, 6.5], "texture": "#texture1"},
				"east": {"uv": [0, 6.5, 1, 8], "rotation": 180, "texture": "#texture1"},
				"south": {"uv": [1, 8, 0, 6.5], "texture": "#texture1"},
				"west": {"uv": [0, 6.5, 1, 8], "rotation": 180, "texture": "#texture1"},
				"up": {"uv": [0, 6.5, 1, 8], "texture": "#texture1"},
				"down": {"uv": [0, 6.5, 1, 8], "texture": "#texture1"}
			}
		},
		{
			"name": "Box17",
			"from": [-16, 5.5, 9.5],
			"to": [-2, 6, 10],
			"rotation": {"angle": -45, "axis": "x", "origin": [-2, 5.5, 9.5]},
			"faces": {
				"north": {"uv": [0, 6.5, 1, 8], "rotation": 180, "texture": "#texture1"},
				"east": {"uv": [0, 6.5, 1, 8], "rotation": 180, "texture": "#texture1"},
				"south": {"uv": [0, 6.5, 1, 8], "rotation": 180, "texture": "#texture1"},
				"west": {"uv": [0, 6.5, 1, 8], "rotation": 180, "texture": "#texture1"},
				"up": {"uv": [1, 8, 0, 6.5], "texture": "#texture1"},
				"down": {"uv": [1, 8, 0, 6.5], "texture": "#texture1"}
			}
		},
		{
			"name": "Box17",
			"from": [-16, 8.5, 8],
			"to": [-2, 9, 9.5],
			"faces": {
				"north": {"uv": [3, 0, 4, 1], "rotation": 90, "texture": "#texture1"},
				"east": {"uv": [3, 0, 4, 1], "rotation": 90, "texture": "#texture1"},
				"south": {"uv": [3, 0, 4, 1], "rotation": 90, "texture": "#texture1"},
				"west": {"uv": [3, 0, 4, 1], "rotation": 90, "texture": "#texture1"},
				"up": {"uv": [3, 0, 4, 1], "rotation": 90, "texture": "#texture1"},
				"down": {"uv": [3, 0, 4, 1], "rotation": 90, "texture": "#texture1"}
			}
		},
		{
			"name": "Box17",
			"from": [-15.999, 8.5, 7.5],
			"to": [-1.999, 9.3, 8],
			"rotation": {"angle": 45, "axis": "x", "origin": [-15.999, 8.5, 7.5]},
			"faces": {
				"north": {"uv": [3, 0, 4, 1], "rotation": 90, "texture": "#texture1"},
				"east": {"uv": [3, 0, 4, 1], "rotation": 90, "texture": "#texture1"},
				"south": {"uv": [3, 0, 4, 1], "rotation": 90, "texture": "#texture1"},
				"west": {"uv": [3, 0, 4, 1], "rotation": 90, "texture": "#texture1"},
				"up": {"uv": [3, 0, 4, 1], "rotation": 90, "texture": "#texture1"},
				"down": {"uv": [3, 0, 4, 1], "rotation": 90, "texture": "#texture1"}
			}
		},
		{
			"name": "Box17",
			"from": [-15.999, 8.5, 9.5],
			"to": [-1.999, 9.3, 10],
			"rotation": {"angle": -45, "axis": "x", "origin": [-1.999, 8.5, 10]},
			"faces": {
				"north": {"uv": [3, 0, 4, 1], "rotation": 90, "texture": "#texture1"},
				"east": {"uv": [3, 0, 4, 1], "rotation": 90, "texture": "#texture1"},
				"south": {"uv": [3, 0, 4, 1], "rotation": 90, "texture": "#texture1"},
				"west": {"uv": [3, 0, 4, 1], "rotation": 90, "texture": "#texture1"},
				"up": {"uv": [3, 0, 4, 1], "rotation": 90, "texture": "#texture1"},
				"down": {"uv": [3, 0, 4, 1], "rotation": 90, "texture": "#texture1"}
			}
		},
		{
			"name": "Box23",
			"from": [-2, 7, 8],
			"to": [4.5, 7.5, 9.5],
			"faces": {
				"north": {"uv": [11.5, 8.5, 16, 9], "texture": "#texture"},
				"east": {"uv": [6.5, 8.5, 8, 9], "texture": "#texture"},
				"south": {"uv": [0, 8.5, 4.5, 9], "texture": "#texture"},
				"west": {"uv": [8, 8.5, 9.5, 9], "texture": "#texture"},
				"up": {"uv": [0, 8, 4.5, 9.5], "texture": "#texture"},
				"down": {"uv": [0, 6.5, 4.5, 8], "texture": "#texture"}
			}
		},
		{
			"name": "Box24",
			"from": [-2, 7.5, 7.5],
			"to": [9, 9, 10],
			"faces": {
				"north": {"uv": [7, 7, 16, 8.5], "texture": "#texture2"},
				"east": {"uv": [6, 7, 8.5, 8.5], "texture": "#texture2"},
				"south": {"uv": [0, 7, 9, 8.5], "texture": "#texture2"},
				"west": {"uv": [7.5, 7, 10, 8.5], "texture": "#texture2"},
				"up": {"uv": [0, 7.5, 9, 10], "texture": "#texture2"},
				"down": {"uv": [0, 6, 9, 8.5], "texture": "#texture2"}
			}
		},
		{
			"name": "Box24",
			"from": [-2, 5.5, 7.5],
			"to": [9, 7, 10],
			"faces": {
				"north": {"uv": [0, 0, 16, 5], "texture": "#texture2"},
				"east": {"uv": [0, 0, 7.5, 4.5], "texture": "#texture2"},
				"south": {"uv": [0, 0, 16, 5], "texture": "#texture2"},
				"west": {"uv": [0, 0, 7.5, 4.5], "texture": "#texture2"},
				"up": {"uv": [0, 0, 16, 5], "texture": "#texture2"},
				"down": {"uv": [0, 0, 16, 5], "texture": "#texture2"}
			}
		},
		{
			"name": "Box26",
			"from": [4.5, 7, 7.5],
			"to": [9, 7.5, 10],
			"faces": {
				"north": {"uv": [7, 8.5, 11.5, 9], "texture": "#texture2"},
				"east": {"uv": [6, 8.5, 8.5, 9], "texture": "#texture2"},
				"south": {"uv": [4.5, 8.5, 9, 9], "texture": "#texture2"},
				"west": {"uv": [7.5, 8.5, 10, 9], "texture": "#texture2"},
				"up": {"uv": [4.5, 7.5, 9, 10], "texture": "#texture2"},
				"down": {"uv": [4.5, 6, 9, 8.5], "texture": "#texture2"}
			}
		},
		{
			"name": "Box27",
			"from": [2, 6.5, 9.5],
			"to": [2.5, 8, 10.5],
			"faces": {
				"north": {"uv": [13.5, 8, 14, 9.5], "texture": "#texture"},
				"east": {"uv": [5.5, 8, 6.5, 9.5], "texture": "#texture"},
				"south": {"uv": [2, 8, 2.5, 9.5], "texture": "#texture"},
				"west": {"uv": [9.5, 8, 10.5, 9.5], "texture": "#texture"},
				"up": {"uv": [2, 9.5, 2.5, 10.5], "texture": "#texture"},
				"down": {"uv": [2, 5.5, 2.5, 6.5], "texture": "#texture"}
			}
		},
		{
			"name": "Box27",
			"from": [5.5, 6.5, 9.5],
			"to": [6, 8, 10.5],
			"faces": {
				"north": {"uv": [10, 8, 10.5, 9.5], "texture": "#texture"},
				"east": {"uv": [5.5, 8, 6.5, 9.5], "texture": "#texture"},
				"south": {"uv": [5.5, 8, 6, 9.5], "texture": "#texture"},
				"west": {"uv": [9.5, 8, 10.5, 9.5], "texture": "#texture"},
				"up": {"uv": [5.5, 9.5, 6, 10.5], "texture": "#texture"},
				"down": {"uv": [5.5, 5.5, 6, 6.5], "texture": "#texture"}
			}
		},
		{
			"name": "Box29",
			"from": [2, 8, 9.5],
			"to": [6, 8.5, 10.5],
			"faces": {
				"north": {"uv": [10, 7.5, 14, 8], "texture": "#texture"},
				"east": {"uv": [5.5, 7.5, 6.5, 8], "texture": "#texture"},
				"south": {"uv": [2, 7.5, 6, 8], "texture": "#texture"},
				"west": {"uv": [9.5, 7.5, 10.5, 8], "texture": "#texture"},
				"up": {"uv": [2, 9.5, 6, 10.5], "texture": "#texture"},
				"down": {"uv": [2, 5.5, 6, 6.5], "texture": "#texture"}
			}
		},
		{
			"name": "Box29",
			"from": [2.5, 6.5, 9.5],
			"to": [5.5, 7, 10.5],
			"faces": {
				"north": {"uv": [10.5, 9, 13.5, 9.5], "texture": "#texture"},
				"east": {"uv": [5.5, 9, 6.5, 9.5], "texture": "#texture"},
				"south": {"uv": [2.5, 9, 5.5, 9.5], "texture": "#texture"},
				"west": {"uv": [9.5, 9, 10.5, 9.5], "texture": "#texture"},
				"up": {"uv": [2.5, 9.5, 5.5, 10.5], "texture": "#texture"},
				"down": {"uv": [2.5, 5.5, 5.5, 6.5], "texture": "#texture"}
			}
		},
		{
			"name": "Box31",
			"from": [2.5, 7, 10],
			"to": [5.5, 8, 13.5],
			"faces": {
				"north": {"uv": [10.5, 8, 13.5, 9], "texture": "#texture"},
				"east": {"uv": [2.5, 8, 6, 9], "texture": "#texture"},
				"south": {"uv": [2.5, 8, 5.5, 9], "texture": "#texture"},
				"west": {"uv": [10, 8, 13.5, 9], "texture": "#texture"},
				"up": {"uv": [2.5, 10, 5.5, 13.5], "texture": "#texture"},
				"down": {"uv": [2.5, 2.5, 5.5, 6], "texture": "#texture"}
			}
		},
		{
			"name": "Box32",
			"from": [2, 7, 13.5],
			"to": [5.5, 8, 14],
			"faces": {
				"north": {"uv": [10.5, 8, 14, 9], "texture": "#texture"},
				"east": {"uv": [2, 8, 2.5, 9], "texture": "#texture"},
				"south": {"uv": [2, 8, 5.5, 9], "texture": "#texture"},
				"west": {"uv": [13.5, 8, 14, 9], "texture": "#texture"},
				"up": {"uv": [2, 13.5, 5.5, 14], "texture": "#texture"},
				"down": {"uv": [2, 2, 5.5, 2.5], "texture": "#texture"}
			}
		},
		{
			"name": "Box33",
			"from": [3, 7, 14],
			"to": [5.5, 8, 14.5],
			"faces": {
				"north": {"uv": [10.5, 8, 13, 9], "texture": "#texture"},
				"east": {"uv": [1.5, 8, 2, 9], "texture": "#texture"},
				"south": {"uv": [3, 8, 5.5, 9], "texture": "#texture"},
				"west": {"uv": [14, 8, 14.5, 9], "texture": "#texture"},
				"up": {"uv": [3, 14, 5.5, 14.5], "texture": "#texture"},
				"down": {"uv": [3, 1.5, 5.5, 2], "texture": "#texture"}
			}
		},
		{
			"name": "Box34",
			"from": [5.5, 7, 11.5],
			"to": [6, 8, 14],
			"faces": {
				"north": {"uv": [10, 8, 10.5, 9], "texture": "#texture"},
				"east": {"uv": [2, 8, 4.5, 9], "texture": "#texture"},
				"south": {"uv": [5.5, 8, 6, 9], "texture": "#texture"},
				"west": {"uv": [11.5, 8, 14, 9], "texture": "#texture"},
				"up": {"uv": [5.5, 11.5, 6, 14], "texture": "#texture"},
				"down": {"uv": [5.5, 2, 6, 4.5], "texture": "#texture"}
			}
		},
		{
			"name": "Box35",
			"from": [-9, 7, 10],
			"to": [-8.5, 7.5, 12],
			"rotation": {"angle": 45, "axis": "x", "origin": [-9, 7.5, 10]},
			"faces": {
				"north": {"uv": [9, 9, 8.5, 8.5], "rotation": 90, "texture": "#texture3"},
				"east": {"uv": [7, 10, 7.5, 12], "rotation": 90, "texture": "#texture3"},
				"south": {"uv": [7.5, 9, 7, 8.5], "rotation": 270, "texture": "#texture3"},
				"west": {"uv": [7.5, 6, 7, 4], "rotation": 270, "texture": "#texture3"},
				"up": {"uv": [12, 9, 10, 8.5], "rotation": 270, "texture": "#texture3"},
				"down": {"uv": [4, 8.5, 6, 9], "rotation": 90, "texture": "#texture3"}
			}
		},
		{
			"name": "Box35",
			"from": [-12.5, 7, 10],
			"to": [-12, 7.5, 12],
			"rotation": {"angle": 45, "axis": "x", "origin": [-12.5, 7.5, 10]},
			"faces": {
				"north": {"uv": [9, 9, 8.5, 8.5], "rotation": 90, "texture": "#texture3"},
				"east": {"uv": [7, 10, 7.5, 12], "rotation": 90, "texture": "#texture3"},
				"south": {"uv": [7.5, 9, 7, 8.5], "rotation": 270, "texture": "#texture3"},
				"west": {"uv": [7.5, 6, 7, 4], "rotation": 270, "texture": "#texture3"},
				"up": {"uv": [12, 9, 10, 8.5], "rotation": 270, "texture": "#texture3"},
				"down": {"uv": [4, 8.5, 6, 9], "rotation": 90, "texture": "#texture3"}
			}
		},
		{
			"name": "Box35",
			"from": [-5.5, 7, 10],
			"to": [-5, 7.5, 12],
			"rotation": {"angle": 45, "axis": "x", "origin": [-5.5, 7.5, 10]},
			"faces": {
				"north": {"uv": [9, 9, 8.5, 8.5], "rotation": 90, "texture": "#texture3"},
				"east": {"uv": [7, 10, 7.5, 12], "rotation": 90, "texture": "#texture3"},
				"south": {"uv": [7.5, 9, 7, 8.5], "rotation": 270, "texture": "#texture3"},
				"west": {"uv": [7.5, 6, 7, 4], "rotation": 270, "texture": "#texture3"},
				"up": {"uv": [12, 9, 10, 8.5], "rotation": 270, "texture": "#texture3"},
				"down": {"uv": [4, 8.5, 6, 9], "rotation": 90, "texture": "#texture3"}
			}
		},
		{
			"name": "Box35",
			"from": [-9, 7, 5.5],
			"to": [-8.5, 7.5, 7.5],
			"rotation": {"angle": -45, "axis": "x", "origin": [-8.5, 7.5, 7.5]},
			"faces": {
				"north": {"uv": [7.5, 9, 7, 8.5], "rotation": 270, "texture": "#texture3"},
				"east": {"uv": [7.5, 6, 7, 4], "rotation": 270, "texture": "#texture3"},
				"south": {"uv": [9, 9, 8.5, 8.5], "rotation": 90, "texture": "#texture3"},
				"west": {"uv": [7, 10, 7.5, 12], "rotation": 90, "texture": "#texture3"},
				"up": {"uv": [12, 9, 10, 8.5], "rotation": 90, "texture": "#texture3"},
				"down": {"uv": [4, 8.5, 6, 9], "rotation": 270, "texture": "#texture3"}
			}
		},
		{
			"name": "Box35",
			"from": [-12.5, 7, 5.5],
			"to": [-12, 7.5, 7.5],
			"rotation": {"angle": -45, "axis": "x", "origin": [-12, 7.5, 7.5]},
			"faces": {
				"north": {"uv": [7.5, 9, 7, 8.5], "rotation": 270, "texture": "#texture3"},
				"east": {"uv": [7.5, 6, 7, 4], "rotation": 270, "texture": "#texture3"},
				"south": {"uv": [9, 9, 8.5, 8.5], "rotation": 90, "texture": "#texture3"},
				"west": {"uv": [7, 10, 7.5, 12], "rotation": 90, "texture": "#texture3"},
				"up": {"uv": [12, 9, 10, 8.5], "rotation": 90, "texture": "#texture3"},
				"down": {"uv": [4, 8.5, 6, 9], "rotation": 270, "texture": "#texture3"}
			}
		},
		{
			"name": "Box35",
			"from": [-5.5, 7, 5.5],
			"to": [-5, 7.5, 7.5],
			"rotation": {"angle": -45, "axis": "x", "origin": [-5, 7.5, 7.5]},
			"faces": {
				"north": {"uv": [7.5, 9, 7, 8.5], "rotation": 270, "texture": "#texture3"},
				"east": {"uv": [7.5, 6, 7, 4], "rotation": 270, "texture": "#texture3"},
				"south": {"uv": [9, 9, 8.5, 8.5], "rotation": 90, "texture": "#texture3"},
				"west": {"uv": [7, 10, 7.5, 12], "rotation": 90, "texture": "#texture3"},
				"up": {"uv": [12, 9, 10, 8.5], "rotation": 90, "texture": "#texture3"},
				"down": {"uv": [4, 8.5, 6, 9], "rotation": 270, "texture": "#texture3"}
			}
		},
		{
			"name": "Box41",
			"from": [-1, 4.5, 8],
			"to": [5.5, 5.5, 9.5],
			"faces": {
				"north": {"uv": [10.5, 10.5, 16, 11.5], "texture": "#texture"},
				"east": {"uv": [6.5, 10.5, 8, 11.5], "texture": "#texture"},
				"south": {"uv": [0, 10.5, 5.5, 11.5], "texture": "#texture"},
				"west": {"uv": [8, 10.5, 9.5, 11.5], "texture": "#texture"},
				"up": {"uv": [0, 8, 5.5, 9.5], "texture": "#texture"},
				"down": {"uv": [0, 6.5, 5.5, 8], "texture": "#texture"}
			}
		},
		{
			"name": "Box42",
			"from": [4.5, 1, 8],
			"to": [5.5, 5.5, 9.5],
			"rotation": {"angle": 22.5, "axis": "z", "origin": [5.5, 5.5, 9.5]},
			"faces": {
				"north": {"uv": [5.5, 10.5, 8.5, 11.5], "rotation": 90, "texture": "#texture"},
				"east": {"uv": [5.5, 1, 8.5, 2], "rotation": 90, "texture": "#texture"},
				"south": {"uv": [7.5, 10.5, 10.5, 11.5], "rotation": 270, "texture": "#texture"},
				"west": {"uv": [8.5, 15, 5.5, 14], "rotation": 270, "texture": "#texture"},
				"up": {"uv": [15, 11.5, 14, 10.5], "rotation": 90, "texture": "#texture"},
				"down": {"uv": [1, 10.5, 2, 11.5], "rotation": 270, "texture": "#texture"}
			}
		},
		{
			"name": "Box43",
			"from": [6.5, 0.5, 8],
			"to": [9.5, 1.5, 9.5],
			"rotation": {"angle": 22.5, "axis": "z", "origin": [6.5, 0.5, 8]},
			"faces": {
				"north": {"uv": [9, 13, 10.5, 14], "texture": "#texture"},
				"east": {"uv": [1, 13, 2, 14], "texture": "#texture"},
				"south": {"uv": [5.5, 13, 7, 14], "texture": "#texture"},
				"west": {"uv": [14, 13, 15, 14], "texture": "#texture"},
				"up": {"uv": [5.5, 14, 7, 15], "texture": "#texture"},
				"down": {"uv": [5.5, 1, 7, 2], "texture": "#texture"}
			}
		},
		{
			"name": "Box44",
			"from": [8, 1.5, 8.25],
			"to": [9.5, 2.5, 9.25],
			"faces": {
				"north": {"uv": [6.5, 13.5, 8, 14.5], "texture": "#texture"},
				"east": {"uv": [6.75, 13.5, 7.75, 14.5], "texture": "#texture"},
				"south": {"uv": [8, 13.5, 9.5, 14.5], "texture": "#texture"},
				"west": {"uv": [8.25, 13.5, 9.25, 14.5], "texture": "#texture"},
				"up": {"uv": [8, 8.25, 9.5, 9.25], "texture": "#texture"},
				"down": {"uv": [8, 6.75, 9.5, 7.75], "texture": "#texture"}
			}
		},
		{
			"name": "Box45",
			"from": [8, 2.5, 8],
			"to": [9.5, 5.5, 9.5],
			"rotation": {"angle": 22.5, "axis": "z", "origin": [9.5, 2.5, 9.5]},
			"faces": {
				"north": {"uv": [8, 10.5, 9.5, 13.5], "texture": "#texture"},
				"east": {"uv": [14, 10.5, 15, 13.5], "texture": "#texture"},
				"south": {"uv": [6.5, 10.5, 8, 13.5], "texture": "#texture"},
				"west": {"uv": [1, 10.5, 2, 13.5], "texture": "#texture"},
				"up": {"uv": [8, 14, 9.5, 15], "rotation": 180, "texture": "#texture"},
				"down": {"uv": [8, 1, 9.5, 2], "rotation": 180, "texture": "#texture"}
			}
		},
		{
			"name": "Box46",
			"from": [7, 4.5, 8],
			"to": [8.5, 5.5, 9.5],
			"faces": {
				"north": {"uv": [7.5, 10.5, 9, 11.5], "texture": "#texture"},
				"east": {"uv": [6.5, 10.5, 8, 11.5], "texture": "#texture"},
				"south": {"uv": [7, 10.5, 8.5, 11.5], "texture": "#texture"},
				"west": {"uv": [8, 10.5, 9.5, 11.5], "texture": "#texture"},
				"up": {"uv": [7, 8, 8.5, 9.5], "texture": "#texture"},
				"down": {"uv": [7, 6.5, 8.5, 8], "texture": "#texture"}
			}
		},
		{
			"name": "Box47",
			"from": [5.5, 4, 8.25],
			"to": [7.5, 4.5, 9.25],
			"faces": {
				"north": {"uv": [8.5, 11.5, 10.5, 12], "texture": "#texture"},
				"east": {"uv": [6.75, 11.5, 7.75, 12], "texture": "#texture"},
				"south": {"uv": [5.5, 11.5, 7.5, 12], "texture": "#texture"},
				"west": {"uv": [8.25, 11.5, 9.25, 12], "texture": "#texture"},
				"up": {"uv": [5.5, 8.25, 7.5, 9.25], "texture": "#texture"},
				"down": {"uv": [5.5, 6.75, 7.5, 7.75], "texture": "#texture"}
			}
		},
		{
			"name": "Box48",
			"from": [-2, 4, 8.25],
			"to": [-0.5, 4.5, 9.25],
			"faces": {
				"north": {"uv": [0.5, 11.5, 2, 12], "texture": "#texture"},
				"east": {"uv": [6.75, 11.5, 7.75, 12], "texture": "#texture"},
				"south": {"uv": [14, 11.5, 15.5, 12], "texture": "#texture"},
				"west": {"uv": [8.25, 11.5, 9.25, 12], "texture": "#texture"},
				"up": {"uv": [14, 8.25, 15.5, 9.25], "texture": "#texture"},
				"down": {"uv": [14, 6.75, 15.5, 7.75], "texture": "#texture"}
			}
		},
		{
			"name": "Box49",
			"from": [-3, 3, 8],
			"to": [-2, 4.5, 9.5],
			"faces": {
				"north": {"uv": [2, 11.5, 3, 13], "texture": "#texture"},
				"east": {"uv": [6.5, 11.5, 8, 13], "texture": "#texture"},
				"south": {"uv": [13, 11.5, 14, 13], "texture": "#texture"},
				"west": {"uv": [8, 11.5, 9.5, 13], "texture": "#texture"},
				"up": {"uv": [13, 8, 14, 9.5], "texture": "#texture"},
				"down": {"uv": [13, 6.5, 14, 8], "texture": "#texture"}
			}
		},
		{
			"name": "Box50",
			"from": [-3, 2.5, 7.5],
			"to": [-2, 4, 8],
			"faces": {
				"north": {"uv": [2, 12, 3, 13.5], "texture": "#texture"},
				"east": {"uv": [8, 12, 8.5, 13.5], "texture": "#texture"},
				"south": {"uv": [13, 12, 14, 13.5], "texture": "#texture"},
				"west": {"uv": [7.5, 12, 8, 13.5], "texture": "#texture"},
				"up": {"uv": [13, 7.5, 14, 8], "texture": "#texture"},
				"down": {"uv": [13, 8, 14, 8.5], "texture": "#texture"}
			}
		},
		{
			"name": "Box50",
			"from": [-3, 2.5, 9.5],
			"to": [-2, 4, 10],
			"faces": {
				"north": {"uv": [2, 12, 3, 13.5], "texture": "#texture"},
				"east": {"uv": [6, 12, 6.5, 13.5], "texture": "#texture"},
				"south": {"uv": [13, 12, 14, 13.5], "texture": "#texture"},
				"west": {"uv": [9.5, 12, 10, 13.5], "texture": "#texture"},
				"up": {"uv": [13, 9.5, 14, 10], "texture": "#texture"},
				"down": {"uv": [13, 6, 14, 6.5], "texture": "#texture"}
			}
		},
		{
			"name": "Box52",
			"from": [-7.5, 2.5, 7.5],
			"to": [-3, 3, 8],
			"faces": {
				"north": {"uv": [3, 13, 7.5, 13.5], "texture": "#texture"},
				"east": {"uv": [7, 13, 8, 13.5], "texture": "#texture"},
				"south": {"uv": [8.5, 13, 13, 13.5], "texture": "#texture"},
				"west": {"uv": [8, 13, 9, 13.5], "texture": "#texture"},
				"up": {"uv": [8.5, 8, 13, 9], "texture": "#texture"},
				"down": {"uv": [8.5, 7, 13, 8], "texture": "#texture"}
			}
		},
		{
			"name": "Box52",
			"from": [-7.5, 2.5, 9.5],
			"to": [-3, 3, 10],
			"faces": {
				"north": {"uv": [3, 13, 7.5, 13.5], "texture": "#texture"},
				"east": {"uv": [7, 13, 8, 13.5], "texture": "#texture"},
				"south": {"uv": [8.5, 13, 13, 13.5], "texture": "#texture"},
				"west": {"uv": [8, 13, 9, 13.5], "texture": "#texture"},
				"up": {"uv": [8.5, 8, 13, 9], "texture": "#texture"},
				"down": {"uv": [8.5, 7, 13, 8], "texture": "#texture"}
			}
		},
		{
			"name": "Box54",
			"from": [-8, 1.75, 7.5],
			"to": [-7.5, 2.75, 8.5],
			"rotation": {"angle": 45, "axis": "x", "origin": [-8, 2.75, 8.5]},
			"faces": {
				"north": {"uv": [8.5, 13.5, 8, 12.5], "texture": "#texture"},
				"east": {"uv": [1, 12.5, 2, 13.5], "rotation": 180, "texture": "#texture"},
				"south": {"uv": [8, 13.5, 7.5, 12.5], "texture": "#texture"},
				"west": {"uv": [14, 12.5, 15, 13.5], "rotation": 180, "texture": "#texture"},
				"up": {"uv": [8, 1, 8.5, 2], "texture": "#texture"},
				"down": {"uv": [8, 14, 8.5, 15], "texture": "#texture"}
			}
		},
		{
			"name": "Box54",
			"from": [-8, 1.75, 9.5],
			"to": [-7.5, 2.75, 10.5],
			"rotation": {"angle": 45, "axis": "x", "origin": [-8, 2.75, 10.5]},
			"faces": {
				"north": {"uv": [8.5, 13.5, 8, 12.5], "texture": "#texture"},
				"east": {"uv": [1, 12.5, 2, 13.5], "rotation": 180, "texture": "#texture"},
				"south": {"uv": [8, 13.5, 7.5, 12.5], "texture": "#texture"},
				"west": {"uv": [14, 12.5, 15, 13.5], "rotation": 180, "texture": "#texture"},
				"up": {"uv": [8, 1, 8.5, 2], "texture": "#texture"},
				"down": {"uv": [8, 14, 8.5, 15], "texture": "#texture"}
			}
		},
		{
			"name": "Box56",
			"from": [-1, 5, 9],
			"to": [5.5, 6, 9.5],
			"rotation": {"angle": 22.5, "axis": "x", "origin": [-1, 5, 9.5]},
			"faces": {
				"north": {"uv": [5.5, 10.5, 0, 9.5], "texture": "#texture"},
				"east": {"uv": [5.5, 10.5, 6.5, 11], "rotation": 90, "texture": "#texture"},
				"south": {"uv": [0, 5.5, 5.5, 6.5], "texture": "#texture"},
				"west": {"uv": [9.5, 10.5, 10.5, 11], "rotation": 270, "texture": "#texture"},
				"up": {"uv": [0, 10.5, 5.5, 11], "texture": "#texture"},
				"down": {"uv": [16, 11, 10.5, 10.5], "texture": "#texture"}
			}
		},
		{
			"name": "Box56",
			"from": [-1, 5, 8],
			"to": [5.5, 6, 8.5],
			"rotation": {"angle": -22.5, "axis": "x", "origin": [5.5, 5, 8]},
			"faces": {
				"north": {"uv": [0, 5.5, 5.5, 6.5], "texture": "#texture"},
				"east": {"uv": [9.5, 10.5, 10.5, 11], "rotation": 270, "texture": "#texture"},
				"south": {"uv": [5.5, 10.5, 0, 9.5], "texture": "#texture"},
				"west": {"uv": [5.5, 10.5, 6.5, 11], "rotation": 90, "texture": "#texture"},
				"up": {"uv": [0, 10.5, 5.5, 11], "rotation": 180, "texture": "#texture"},
				"down": {"uv": [16, 11, 10.5, 10.5], "rotation": 180, "texture": "#texture"}
			}
		},
		{
			"name": "Box58",
			"from": [9, 7.5, 8],
			"to": [12, 9, 9.5],
			"faces": {
				"north": {"uv": [4, 7, 7, 8.5], "texture": "#texture"},
				"east": {"uv": [6.5, 7, 8, 8.5], "texture": "#texture"},
				"south": {"uv": [9, 7, 12, 8.5], "texture": "#texture"},
				"west": {"uv": [8, 7, 9.5, 8.5], "texture": "#texture"},
				"up": {"uv": [9, 8, 12, 9.5], "texture": "#texture"},
				"down": {"uv": [9, 6.5, 12, 8], "texture": "#texture"}
			}
		},
		{
			"name": "Box59",
			"from": [9, 6, 8.25],
			"to": [12.5, 7.5, 9.25],
			"rotation": {"angle": 22.5, "axis": "z", "origin": [9, 6, 8.25]},
			"faces": {
				"north": {"uv": [4, 8.5, 7, 10], "texture": "#texture"},
				"east": {"uv": [1, 8.5, 2, 10], "texture": "#texture"},
				"south": {"uv": [9, 8.5, 12, 10], "texture": "#texture"},
				"west": {"uv": [14, 8.5, 15, 10], "texture": "#texture"},
				"up": {"uv": [9, 14, 12, 15], "texture": "#texture"},
				"down": {"uv": [9, 1, 12, 2], "texture": "#texture"}
			}
		},
		{
			"name": "Box60",
			"from": [12, 7.5, 8],
			"to": [15.5, 9, 9.5],
			"faces": {
				"north": {"uv": [0.5, 7, 4, 8.5], "texture": "#texture"},
				"east": {"uv": [6.5, 7, 8, 8.5], "texture": "#texture"},
				"south": {"uv": [12, 7, 15.5, 8.5], "texture": "#texture"},
				"west": {"uv": [8, 7, 9.5, 8.5], "texture": "#texture"},
				"up": {"uv": [12, 8, 15.5, 9.5], "texture": "#texture"},
				"down": {"uv": [12, 6.5, 15.5, 8], "texture": "#texture"}
			}
		},
		{
			"name": "Box61",
			"from": [15.5, 4.5, 8],
			"to": [16.5, 9, 9.5],
			"faces": {
				"north": {"uv": [0, 7, 0.5, 11.5], "texture": "#texture"},
				"east": {"uv": [6.5, 7, 8, 11.5], "texture": "#texture"},
				"south": {"uv": [15.5, 7, 16, 11.5], "texture": "#texture"},
				"west": {"uv": [8, 7, 9.5, 11.5], "texture": "#texture"},
				"up": {"uv": [15.5, 8, 16, 9.5], "texture": "#texture"},
				"down": {"uv": [15.5, 6.5, 16, 8], "texture": "#texture"}
			}
		},
		{
			"name": "Box62",
			"from": [15.5, 5.5, 8.25],
			"to": [16.5, 8.5, 9.25],
			"rotation": {"angle": 45, "axis": "z", "origin": [15.5, 5.5, 8.25]},
			"faces": {
				"north": {"uv": [0, 8, 1, 10.5], "texture": "#texture"},
				"east": {"uv": [1, 8, 2, 10.5], "texture": "#texture"},
				"south": {"uv": [15, 8, 16, 10.5], "texture": "#texture"},
				"west": {"uv": [14, 8, 15, 10.5], "texture": "#texture"},
				"up": {"uv": [15, 14, 16, 15], "texture": "#texture"},
				"down": {"uv": [15, 1, 16, 2], "texture": "#texture"}
			}
		},
		{
			"name": "Box63",
			"from": [14.5, 6.5, 8],
			"to": [15.5, 7.5, 9.5],
			"faces": {
				"north": {"uv": [0.5, 8.5, 1.5, 9.5], "texture": "#texture"},
				"east": {"uv": [6.5, 8.5, 8, 9.5], "texture": "#texture"},
				"south": {"uv": [14.5, 8.5, 15.5, 9.5], "texture": "#texture"},
				"west": {"uv": [8, 8.5, 9.5, 9.5], "texture": "#texture"},
				"up": {"uv": [14.5, 8, 15.5, 9.5], "texture": "#texture"},
				"down": {"uv": [14.5, 6.5, 15.5, 8], "texture": "#texture"}
			}
		},
		{
			"name": "Box64",
			"from": [16.5, 8, 8.25],
			"to": [18, 9, 9.25],
			"rotation": {"angle": -45, "axis": "z", "origin": [16.5, 9, 8.25]},
			"faces": {
				"north": {"uv": [15.5, 8, 14.5, 7], "rotation": 90, "texture": "#texture"},
				"east": {"uv": [0.5, 14, 1.5, 15], "rotation": 90, "texture": "#texture"},
				"south": {"uv": [1.5, 8, 0.5, 7], "rotation": 270, "texture": "#texture"},
				"west": {"uv": [1.5, 2, 0.5, 1], "rotation": 270, "texture": "#texture"},
				"up": {"uv": [15, 8, 14, 7], "rotation": 270, "texture": "#texture"},
				"down": {"uv": [1, 7, 2, 8], "rotation": 90, "texture": "#texture"}
			}
		},
		{
			"name": "Box65",
			"from": [16.5, 4.5, 8.25],
			"to": [18, 5.5, 9.25],
			"rotation": {"angle": 45, "axis": "z", "origin": [16.5, 4.5, 8.25]},
			"faces": {
				"north": {"uv": [14, 10.5, 15.5, 11.5], "texture": "#texture"},
				"east": {"uv": [1, 10.5, 2, 11.5], "texture": "#texture"},
				"south": {"uv": [0.5, 10.5, 2, 11.5], "texture": "#texture"},
				"west": {"uv": [14, 10.5, 15, 11.5], "texture": "#texture"},
				"up": {"uv": [0.5, 14, 2, 15], "texture": "#texture"},
				"down": {"uv": [0.5, 1, 2, 2], "texture": "#texture"}
			}
		},
		{
			"name": "Box66",
			"from": [16.5, 5.5, 8],
			"to": [17.5, 8, 9.5],
			"faces": {
				"north": {"uv": [14.5, 8, 15.5, 10.5], "texture": "#texture"},
				"east": {"uv": [6.5, 8, 8, 10.5], "texture": "#texture"},
				"south": {"uv": [0.5, 8, 1.5, 10.5], "texture": "#texture"},
				"west": {"uv": [8, 8, 9.5, 10.5], "texture": "#texture"},
				"up": {"uv": [0.5, 8, 1.5, 9.5], "texture": "#texture"},
				"down": {"uv": [0.5, 6.5, 1.5, 8], "texture": "#texture"}
			}
		},
		{
			"name": "Box67",
			"from": [13.5, 4.5, 8.25],
			"to": [15.5, 5.5, 9.25],
			"faces": {
				"north": {"uv": [0.5, 10.5, 2.5, 11.5], "texture": "#texture"},
				"east": {"uv": [6.75, 10.5, 7.75, 11.5], "texture": "#texture"},
				"south": {"uv": [13.5, 10.5, 15.5, 11.5], "texture": "#texture"},
				"west": {"uv": [8.25, 10.5, 9.25, 11.5], "texture": "#texture"},
				"up": {"uv": [13.5, 8.25, 15.5, 9.25], "texture": "#texture"},
				"down": {"uv": [13.5, 6.75, 15.5, 7.75], "texture": "#texture"}
			}
		},
		{
			"name": "Box68",
			"from": [9, 4.5, 8.25],
			"to": [13.5, 5.5, 9.25],
			"rotation": {"angle": -45, "axis": "z", "origin": [13.5, 4.5, 9.25]},
			"faces": {
				"north": {"uv": [14, 15, 15, 16], "texture": "#texture"},
				"east": {"uv": [14, 15, 15, 16], "texture": "#texture"},
				"south": {"uv": [1, 15, 2, 16], "texture": "#texture"},
				"west": {"uv": [1, 15, 2, 16], "texture": "#texture"},
				"up": {"uv": [14, 14, 15, 15], "rotation": 180, "texture": "#texture"},
				"down": {"uv": [14, 1, 15, 2], "rotation": 180, "texture": "#texture"}
			}
		},
		{
			"name": "Box69",
			"from": [-0.5, 9, 8],
			"to": [8.5, 9.5, 9.5],
			"faces": {
				"north": {"uv": [7.5, 6.5, 16, 7], "texture": "#texture"},
				"east": {"uv": [6.5, 6.5, 8, 7], "texture": "#texture"},
				"south": {"uv": [0, 6.5, 8.5, 7], "texture": "#texture"},
				"west": {"uv": [8, 6.5, 9.5, 7], "texture": "#texture"},
				"up": {"uv": [0, 8, 8.5, 9.5], "texture": "#texture"},
				"down": {"uv": [0, 6.5, 8.5, 8], "texture": "#texture"}
			}
		},
		{
			"name": "Box70",
			"from": [2, 9.5, 7.5],
			"to": [7, 10.5, 8],
			"faces": {
				"north": {"uv": [9, 5.5, 14, 6.5], "texture": "#texture"},
				"east": {"uv": [8, 5.5, 8.5, 6.5], "texture": "#texture"},
				"south": {"uv": [2, 5.5, 7, 6.5], "texture": "#texture"},
				"west": {"uv": [7.5, 5.5, 8, 6.5], "texture": "#texture"},
				"up": {"uv": [2, 7.5, 7, 8], "texture": "#texture"},
				"down": {"uv": [2, 8, 7, 8.5], "texture": "#texture"}
			}
		},
		{
			"name": "Box70",
			"from": [2, 10.5, 7.5],
			"to": [6.5, 11.5, 8],
			"faces": {
				"north": {"uv": [9.5, 4.5, 14, 5.5], "texture": "#texture4"},
				"east": {"uv": [8, 4.5, 8.5, 5.5], "texture": "#texture4"},
				"south": {"uv": [2, 4.5, 6.5, 5.5], "texture": "#texture4"},
				"west": {"uv": [7.5, 4.5, 8, 5.5], "texture": "#texture4"},
				"up": {"uv": [2, 7.5, 6.5, 8], "texture": "#texture4"},
				"down": {"uv": [2, 8, 6.5, 8.5], "texture": "#texture4"}
			}
		},
		{
			"name": "Box72",
			"from": [6.5, 10.5, 7.5],
			"to": [7, 11.5, 8],
			"faces": {
				"north": {"uv": [9, 4.5, 9.5, 5.5], "texture": "#texture"},
				"east": {"uv": [8, 4.5, 8.5, 5.5], "texture": "#texture"},
				"south": {"uv": [6.5, 4.5, 7, 5.5], "texture": "#texture"},
				"west": {"uv": [7.5, 4.5, 8, 5.5], "texture": "#texture"},
				"up": {"uv": [6.5, 7.5, 7, 8], "texture": "#texture"},
				"down": {"uv": [6.5, 8, 7, 8.5], "texture": "#texture"}
			}
		},
		{
			"name": "Box73",
			"from": [2, 11.5, 7.5],
			"to": [7, 12, 8],
			"faces": {
				"north": {"uv": [9, 4, 14, 4.5], "texture": "#texture"},
				"east": {"uv": [8, 4, 8.5, 4.5], "texture": "#texture"},
				"south": {"uv": [2, 4, 7, 4.5], "texture": "#texture"},
				"west": {"uv": [7.5, 4, 8, 4.5], "texture": "#texture"},
				"up": {"uv": [2, 7.5, 7, 8], "texture": "#texture"},
				"down": {"uv": [2, 8, 7, 8.5], "texture": "#texture"}
			}
		},
		{
			"name": "Box70",
			"from": [2, 10.5, 9.5],
			"to": [6.5, 11.5, 10],
			"faces": {
				"north": {"uv": [9.5, 4.5, 14, 5.5], "texture": "#texture4"},
				"east": {"uv": [6, 4.5, 6.5, 5.5], "texture": "#texture4"},
				"south": {"uv": [2, 4.5, 6.5, 5.5], "texture": "#texture4"},
				"west": {"uv": [9.5, 4.5, 10, 5.5], "texture": "#texture4"},
				"up": {"uv": [2, 9.5, 6.5, 10], "texture": "#texture4"},
				"down": {"uv": [2, 6, 6.5, 6.5], "texture": "#texture4"}
			}
		},
		{
			"name": "Box70",
			"from": [2, 9.5, 9.5],
			"to": [7, 10.5, 10],
			"faces": {
				"north": {"uv": [9, 5.5, 14, 6.5], "texture": "#texture"},
				"east": {"uv": [6, 5.5, 6.5, 6.5], "texture": "#texture"},
				"south": {"uv": [2, 5.5, 7, 6.5], "texture": "#texture"},
				"west": {"uv": [9.5, 5.5, 10, 6.5], "texture": "#texture"},
				"up": {"uv": [2, 9.5, 7, 10], "texture": "#texture"},
				"down": {"uv": [2, 6, 7, 6.5], "texture": "#texture"}
			}
		},
		{
			"name": "Box73",
			"from": [2, 11.5, 9.5],
			"to": [7, 12, 10],
			"faces": {
				"north": {"uv": [9, 4, 14, 4.5], "texture": "#texture"},
				"east": {"uv": [6, 4, 6.5, 4.5], "texture": "#texture"},
				"south": {"uv": [2, 4, 7, 4.5], "texture": "#texture"},
				"west": {"uv": [9.5, 4, 10, 4.5], "texture": "#texture"},
				"up": {"uv": [2, 9.5, 7, 10], "texture": "#texture"},
				"down": {"uv": [2, 6, 7, 6.5], "texture": "#texture"}
			}
		},
		{
			"name": "Box72",
			"from": [6.5, 10.5, 9.5],
			"to": [7, 11.5, 10],
			"faces": {
				"north": {"uv": [9, 4.5, 9.5, 5.5], "texture": "#texture"},
				"east": {"uv": [6, 4.5, 6.5, 5.5], "texture": "#texture"},
				"south": {"uv": [6.5, 4.5, 7, 5.5], "texture": "#texture"},
				"west": {"uv": [9.5, 4.5, 10, 5.5], "texture": "#texture"},
				"up": {"uv": [6.5, 9.5, 7, 10], "texture": "#texture"},
				"down": {"uv": [6.5, 6, 7, 6.5], "texture": "#texture"}
			}
		},
		{
			"name": "Box78",
			"from": [2, 11.5, 8],
			"to": [7, 12.1, 9.5],
			"faces": {
				"north": {"uv": [9, 3.9, 14, 4.5], "texture": "#texture"},
				"east": {"uv": [6.5, 3.9, 8, 4.5], "texture": "#texture"},
				"south": {"uv": [2, 3.9, 7, 4.5], "texture": "#texture"},
				"west": {"uv": [8, 3.9, 9.5, 4.5], "texture": "#texture"},
				"up": {"uv": [2, 8, 7, 9.5], "texture": "#texture"},
				"down": {"uv": [2, 6.5, 7, 8], "texture": "#texture"}
			}
		},
		{
			"name": "Box79",
			"from": [2, 9.5, 8],
			"to": [7, 10, 9.5],
			"faces": {
				"north": {"uv": [9, 6, 14, 6.5], "texture": "#texture"},
				"east": {"uv": [6.5, 6, 8, 6.5], "texture": "#texture"},
				"south": {"uv": [2, 6, 7, 6.5], "texture": "#texture"},
				"west": {"uv": [8, 6, 9.5, 6.5], "texture": "#texture"},
				"up": {"uv": [2, 8, 7, 9.5], "texture": "#texture"},
				"down": {"uv": [2, 6.5, 7, 8], "texture": "#texture"}
			}
		},
		{
			"name": "Box80",
			"from": [7, 10, 8],
			"to": [9.5, 11.5, 8.5],
			"rotation": {"angle": -22.5, "axis": "x", "origin": [7, 10, 8]},
			"faces": {
				"north": {"uv": [14, 14.5, 16, 15.5], "texture": "#texture"},
				"east": {"uv": [1, 14.5, 1.5, 15.5], "texture": "#texture"},
				"south": {"uv": [0, 14.5, 2, 15.5], "texture": "#texture"},
				"west": {"uv": [14.5, 14.5, 15, 15.5], "texture": "#texture"},
				"up": {"uv": [0, 14.5, 2, 15], "texture": "#texture"},
				"down": {"uv": [0, 1, 2, 1.5], "texture": "#texture"}
			}
		},
		{
			"name": "Box80",
			"from": [7, 10, 9],
			"to": [9.5, 11.5, 9.5],
			"rotation": {"angle": 22.5, "axis": "x", "origin": [9.5, 10, 9.5]},
			"faces": {
				"north": {"uv": [0, 14.5, 2, 15.5], "texture": "#texture"},
				"east": {"uv": [14.5, 14.5, 15, 15.5], "texture": "#texture"},
				"south": {"uv": [14, 14.5, 16, 15.5], "texture": "#texture"},
				"west": {"uv": [1, 14.5, 1.5, 15.5], "texture": "#texture"},
				"up": {"uv": [0, 14.5, 2, 15], "rotation": 180, "texture": "#texture"},
				"down": {"uv": [0, 1, 2, 1.5], "rotation": 180, "texture": "#texture"}
			}
		},
		{
			"name": "Box82",
			"from": [6.5, 9.5, 8],
			"to": [7, 10.5, 9.5],
			"rotation": {"angle": -45, "axis": "z", "origin": [7, 9.5, 8]},
			"faces": {
				"north": {"uv": [16, 0.5, 15.5, 0], "rotation": 270, "texture": "#texture"},
				"east": {"uv": [0, 1, 0.5, 2], "rotation": 270, "texture": "#texture"},
				"south": {"uv": [0.5, 0.5, 0, 0], "rotation": 90, "texture": "#texture"},
				"west": {"uv": [0.5, 15, 0, 14], "rotation": 90, "texture": "#texture"},
				"up": {"uv": [1, 0, 2, 0.5], "rotation": 270, "texture": "#texture"},
				"down": {"uv": [15, 0.5, 14, 0], "rotation": 90, "texture": "#texture"}
			}
		},
		{
			"name": "Box83",
			"from": [7, 10, 8],
			"to": [9.5, 10.5, 9.5],
			"faces": {
				"north": {"uv": [6.5, 5.5, 9, 6], "texture": "#texture"},
				"east": {"uv": [6.5, 5.5, 8, 6], "texture": "#texture"},
				"south": {"uv": [7, 5.5, 9.5, 6], "texture": "#texture"},
				"west": {"uv": [8, 5.5, 9.5, 6], "texture": "#texture"},
				"up": {"uv": [7, 8, 9.5, 9.5], "texture": "#texture"},
				"down": {"uv": [7, 6.5, 9.5, 8], "texture": "#texture"}
			}
		},
		{
			"name": "Box84",
			"from": [7, 11.25, 7.45],
			"to": [9.5, 11.75, 7.95],
			"faces": {
				"north": {"uv": [6.5, 4.25, 9, 4.75], "texture": "#texture"},
				"east": {"uv": [8.05, 4.25, 8.55, 4.75], "texture": "#texture"},
				"south": {"uv": [7, 4.25, 9.5, 4.75], "texture": "#texture"},
				"west": {"uv": [7.45, 4.25, 7.95, 4.75], "texture": "#texture"},
				"up": {"uv": [7, 7.45, 9.5, 7.95], "texture": "#texture"},
				"down": {"uv": [7, 8.05, 9.5, 8.55], "texture": "#texture"}
			}
		},
		{
			"name": "Box84",
			"from": [7, 11.25, 9.55],
			"to": [9.5, 11.75, 10.05],
			"faces": {
				"north": {"uv": [6.5, 4.25, 9, 4.75], "texture": "#texture"},
				"east": {"uv": [5.95, 4.25, 6.45, 4.75], "texture": "#texture"},
				"south": {"uv": [7, 4.25, 9.5, 4.75], "texture": "#texture"},
				"west": {"uv": [9.55, 4.25, 10.05, 4.75], "texture": "#texture"},
				"up": {"uv": [7, 9.55, 9.5, 10.05], "texture": "#texture"},
				"down": {"uv": [7, 5.95, 9.5, 6.45], "texture": "#texture"}
			}
		},
		{
			"name": "Box86",
			"from": [7, 11.5, 7.75],
			"to": [9.5, 12, 9.75],
			"faces": {
				"north": {"uv": [6.5, 4, 9, 4.5], "texture": "#texture"},
				"east": {"uv": [6.25, 4, 8.25, 4.5], "texture": "#texture"},
				"south": {"uv": [7, 4, 9.5, 4.5], "texture": "#texture"},
				"west": {"uv": [7.75, 4, 9.75, 4.5], "texture": "#texture"},
				"up": {"uv": [7, 7.75, 9.5, 9.75], "texture": "#texture"},
				"down": {"uv": [7, 6.25, 9.5, 8.25], "texture": "#texture"}
			}
		},
		{
			"name": "Box87",
			"from": [1.5, 10.5, 7.5],
			"to": [2, 12, 8],
			"faces": {
				"north": {"uv": [14, 4, 14.5, 5.5], "texture": "#texture"},
				"east": {"uv": [8, 4, 8.5, 5.5], "texture": "#texture"},
				"south": {"uv": [1.5, 4, 2, 5.5], "texture": "#texture"},
				"west": {"uv": [7.5, 4, 8, 5.5], "texture": "#texture"},
				"up": {"uv": [1.5, 7.5, 2, 8], "texture": "#texture"},
				"down": {"uv": [1.5, 8, 2, 8.5], "texture": "#texture"}
			}
		},
		{
			"name": "Box87",
			"from": [1.5, 10.5, 9.5],
			"to": [2, 12, 10],
			"faces": {
				"north": {"uv": [14, 4, 14.5, 5.5], "texture": "#texture"},
				"east": {"uv": [6, 4, 6.5, 5.5], "texture": "#texture"},
				"south": {"uv": [1.5, 4, 2, 5.5], "texture": "#texture"},
				"west": {"uv": [9.5, 4, 10, 5.5], "texture": "#texture"},
				"up": {"uv": [1.5, 9.5, 2, 10], "texture": "#texture"},
				"down": {"uv": [1.5, 6, 2, 6.5], "texture": "#texture"}
			}
		},
		{
			"name": "Box89",
			"from": [1.5, 11.5, 8],
			"to": [2, 12.1, 9.5],
			"faces": {
				"north": {"uv": [14, 3.9, 14.5, 4.5], "texture": "#texture"},
				"east": {"uv": [6.5, 3.9, 8, 4.5], "texture": "#texture"},
				"south": {"uv": [1.5, 3.9, 2, 4.5], "texture": "#texture"},
				"west": {"uv": [8, 3.9, 9.5, 4.5], "texture": "#texture"},
				"up": {"uv": [1.5, 8, 2, 9.5], "texture": "#texture"},
				"down": {"uv": [1.5, 6.5, 2, 8], "texture": "#texture"}
			}
		},
		{
			"name": "Box90",
			"from": [2, 10, 7.501],
			"to": [2.5, 11, 8.001],
			"rotation": {"angle": 22.5, "axis": "z", "origin": [2, 10, 7.501]},
			"faces": {
				"north": {"uv": [5, 15, 5.5, 16], "texture": "#texture"},
				"east": {"uv": [1, 15, 2, 16], "texture": "#texture"},
				"south": {"uv": [10.5, 15, 11, 16], "texture": "#texture"},
				"west": {"uv": [14, 15, 15, 16], "texture": "#texture"},
				"up": {"uv": [10.5, 14, 11, 15], "texture": "#texture"},
				"down": {"uv": [10.5, 1, 11, 2], "texture": "#texture"}
			}
		},
		{
			"name": "Box90",
			"from": [2, 10, 9.499],
			"to": [2.5, 11, 9.999],
			"rotation": {"angle": 22.5, "axis": "z", "origin": [2, 10, 9.499]},
			"faces": {
				"north": {"uv": [5, 15, 5.5, 16], "texture": "#texture"},
				"east": {"uv": [1, 15, 2, 16], "texture": "#texture"},
				"south": {"uv": [10.5, 15, 11, 16], "texture": "#texture"},
				"west": {"uv": [14, 15, 15, 16], "texture": "#texture"},
				"up": {"uv": [10.5, 14, 11, 15], "texture": "#texture"},
				"down": {"uv": [10.5, 1, 11, 2], "texture": "#texture"}
			}
		},
		{
			"name": "Box92",
			"from": [9, 10.5, 8],
			"to": [9.001, 11.5, 9.5],
			"faces": {
				"north": {"uv": [6.999, 4.5, 7, 5.5], "texture": "#texture5"},
				"east": {"uv": [6.5, 4.5, 8, 5.5], "texture": "#texture5"},
				"south": {"uv": [9, 4.5, 9.001, 5.5], "texture": "#texture5"},
				"west": {"uv": [8, 4.5, 9.5, 5.5], "texture": "#texture5"},
				"up": {"uv": [9, 8, 9.001, 9.5], "texture": "#texture5"},
				"down": {"uv": [9, 6.5, 9.001, 8], "texture": "#texture5"}
			}
		},
		{
			"name": "Box92",
			"from": [2, 10, 8],
			"to": [2.001, 11.5, 9.5],
			"faces": {
				"north": {"uv": [13.999, 4.5, 14, 6], "texture": "#texture5"},
				"east": {"uv": [6.5, 4.5, 8, 6], "texture": "#texture5"},
				"south": {"uv": [2, 4.5, 2.001, 6], "texture": "#texture5"},
				"west": {"uv": [8, 4.5, 9.5, 6], "texture": "#texture5"},
				"up": {"uv": [2, 8, 2.001, 9.5], "texture": "#texture5"},
				"down": {"uv": [2, 6.5, 2.001, 8], "texture": "#texture5"}
			}
		},
		{
			"name": "Box94",
			"from": [4, 12, 8],
			"to": [5, 12.5, 9],
			"rotation": {"angle": -45, "axis": "y", "origin": [4, 12, 8]},
			"faces": {
				"north": {"uv": [11, 3.5, 12, 4], "texture": "#texture"},
				"east": {"uv": [7, 3.5, 8, 4], "texture": "#texture"},
				"south": {"uv": [4, 3.5, 5, 4], "texture": "#texture"},
				"west": {"uv": [8, 3.5, 9, 4], "texture": "#texture"},
				"up": {"uv": [4, 8, 5, 9], "texture": "#texture"},
				"down": {"uv": [4, 7, 5, 8], "texture": "#texture"}
			}
		},
		{
			"name": "Box95",
			"from": [2, 10.5, 9.5],
			"to": [6.5, 11, 10],
			"rotation": {"angle": 22.5, "axis": "x", "origin": [2, 10.5, 10]},
			"faces": {
				"north": {"uv": [6.5, 10.5, 2, 10], "texture": "#texture4"},
				"east": {"uv": [5.5, 5, 6, 5.5], "rotation": 90, "texture": "#texture4"},
				"south": {"uv": [2, 5.5, 6.5, 6], "texture": "#texture4"},
				"west": {"uv": [10, 5, 10.5, 5.5], "rotation": 270, "texture": "#texture4"},
				"up": {"uv": [2, 5, 6.5, 5.5], "texture": "#texture4"},
				"down": {"uv": [14, 5.5, 9.5, 5], "texture": "#texture4"}
			}
		},
		{
			"name": "Box95",
			"from": [2, 11, 9.5],
			"to": [6.5, 11.5, 10],
			"rotation": {"angle": -22.5, "axis": "x", "origin": [6.5, 11.5, 10]},
			"faces": {
				"north": {"uv": [6.5, 10.5, 2, 10], "rotation": 180, "texture": "#texture4"},
				"east": {"uv": [10, 5, 10.5, 5.5], "rotation": 90, "texture": "#texture4"},
				"south": {"uv": [2, 5.5, 6.5, 6], "rotation": 180, "texture": "#texture4"},
				"west": {"uv": [5.5, 5, 6, 5.5], "rotation": 270, "texture": "#texture4"},
				"up": {"uv": [9.5, 5, 14, 5.5], "texture": "#texture4"},
				"down": {"uv": [6.5, 5.5, 2, 5], "texture": "#texture4"}
			}
		},
		{
			"name": "Box97",
			"from": [2, 11, 7.5],
			"to": [6.5, 11.5, 8],
			"rotation": {"angle": 22.5, "axis": "x", "origin": [2, 11.5, 7.5]},
			"faces": {
				"north": {"uv": [6.5, 9, 2, 8.5], "texture": "#texture4"},
				"east": {"uv": [8.5, 5, 9, 5.5], "rotation": 270, "texture": "#texture4"},
				"south": {"uv": [2, 7, 6.5, 7.5], "texture": "#texture4"},
				"west": {"uv": [7, 5, 7.5, 5.5], "rotation": 90, "texture": "#texture4"},
				"up": {"uv": [14, 5.5, 9.5, 5], "texture": "#texture4"},
				"down": {"uv": [2, 5, 6.5, 5.5], "texture": "#texture4"}
			}
		},
		{
			"name": "Box97",
			"from": [2, 10.5, 7.5],
			"to": [6.5, 11, 8],
			"rotation": {"angle": -22.5, "axis": "x", "origin": [2, 10.5, 7.5]},
			"faces": {
				"north": {"uv": [9.5, 5, 14, 5.5], "texture": "#texture4"},
				"east": {"uv": [8.5, 5, 9, 5.5], "texture": "#texture4"},
				"south": {"uv": [2, 5, 6.5, 5.5], "texture": "#texture4"},
				"west": {"uv": [7, 5, 7.5, 5.5], "texture": "#texture4"},
				"up": {"uv": [2, 7, 6.5, 7.5], "texture": "#texture4"},
				"down": {"uv": [2, 8.5, 6.5, 9], "texture": "#texture4"}
			}
		}
	],
	"display": {
		"thirdperson_righthand": {
			"rotation": [0, -90, 0],
			"translation": [0.6956, 2.7826, 2.7826],
			"scale": [0.8, 0.8, 0.8]
		},
		"thirdperson_lefthand": {
			"rotation": [0, 90, 0],
			"translation": [-0.695, 2.7826, 2.7826],
			"scale": [0.8, 0.8, 0.8]
		},
		"firstperson_righthand": {
			"rotation": [0, -90, 0],
			"translation": [-0.695, 2.7826, 2.0869]
		},
		"firstperson_lefthand": {
			"rotation": [0, 90, 0],
			"translation": [-0.695, 2.7826, 2.0869]
		},
		"ground": {
			"rotation": [-90, 0, 0],
			"translation": [7.6521, -3.478, 0]
		},
		"gui": {
			"rotation": [31, 41, -31],
			"translation": [2.0869, 0, 0],
			"scale": [0.5, 0.5, 0.5]
		},
		"head": {
			"translation": [5.5, 0.5, -0.5],
			"scale": [0.7, 0.7, 0.7]
		}
	}
}