{
	"credit": "Made with Blockbench",
	"textures": {
		"particle": "item/chavalry_gold"
	},
	"elements": [
		{
			"from": [7, 4.3, 10.15],
			"to": [9, 7.3, 18.15],
			"rotation": {"angle": 22.5, "axis": "x", "origin": [8, 8, 10]},
			"faces": {
				"north": {"uv": [15.49993, 0, 15.99947, 0.49954], "texture": "#particle"},
				"east": {"uv": [12, 3.5, 15.995, 4.995], "texture": "#particle"},
				"south": {"uv": [8.5, 3, 8.999, 4.499], "texture": "#particle"},
				"west": {"uv": [12.009, 5, 16, 6.493], "texture": "#particle"},
				"up": {"uv": [11.5, 3.5, 12, 7.496], "texture": "#particle"},
				"down": {"uv": [10.5, 3.5, 11, 7.497], "texture": "#particle"}
			}
		},
		{
			"from": [7, 5.5, -7.5],
			"to": [9, 7.5, 4.5],
			"faces": {
				"north": {"uv": [9.99905, 12.99926, 11.49662, 14.49496], "texture": "#particle"},
				"east": {"uv": [7, 8.5, 12.996, 9.495], "texture": "#particle"},
				"south": {"uv": [0, 0, 0.5, 0.5], "texture": "#particle"},
				"west": {"uv": [7, 10, 12.994, 10.994], "texture": "#particle"},
				"up": {"uv": [13, 8, 13.994, 13.996], "texture": "#particle"},
				"down": {"uv": [14.5, 8, 15.495, 13.998], "texture": "#particle"}
			}
		},
		{
			"from": [6.5, 4.5, -7],
			"to": [9.5, 6.5, 4],
			"rotation": {"angle": 0, "axis": "y", "origin": [0, 0, -10]},
			"faces": {
				"north": {"uv": [8, 15, 9.499, 16], "texture": "#particle"},
				"east": {"uv": [0, 14, 4.998, 15], "texture": "#particle"},
				"south": {"uv": [0, 0, 0.5, 0.5], "texture": "#particle"},
				"west": {"uv": [0, 15.001, 5, 16], "texture": "#particle"},
				"up": {"uv": [5, 11.002, 6.499, 16], "texture": "#particle"},
				"down": {"uv": [6.5, 11.002, 7.998, 16], "texture": "#particle"}
			}
		},
		{
			"from": [7.5, 4.25, -7.5],
			"to": [8.5, 5.25, 4.5],
			"faces": {
				"north": {"uv": [1, 2, 1.5, 2.5], "texture": "#particle"},
				"east": {"uv": [0.5, 2, 1, 2.5], "texture": "#particle"},
				"south": {"uv": [0, 0, 0.5, 0.5], "texture": "#particle"},
				"west": {"uv": [0.5, 2, 1, 2.5], "texture": "#particle"},
				"up": {"uv": [1, 2, 1.5, 2.5], "texture": "#particle"},
				"down": {"uv": [0, 2, 0.498, 2.5], "texture": "#particle"}
			}
		},
		{
			"from": [6.5, 4, 4],
			"to": [9.5, 8, 10],
			"rotation": {"angle": 0, "axis": "y", "origin": [0, 0, -11]},
			"faces": {
				"north": {"uv": [8, 3, 9.494, 5.499], "texture": "#particle"},
				"east": {"uv": [0, 0, 2.999, 1.999], "texture": "#particle"},
				"south": {"uv": [7.5, 0, 8.998, 1.997], "texture": "#particle"},
				"west": {"uv": [4.5, 0, 7.499, 1.999], "texture": "#particle"},
				"up": {"uv": [9, 0, 10.498, 2.999], "texture": "#particle"},
				"down": {"uv": [5, 2, 6.5, 4.999], "texture": "#particle"}
			}
		},
		{
			"from": [7.01, 1.46278, 14.11369],
			"to": [8.99, 2.46278, 16.11369],
			"rotation": {"angle": 0, "axis": "y", "origin": [8, 2.96278, 18.11369]},
			"faces": {
				"north": {"uv": [9.49993, 7, 10.49947, 7.49954], "texture": "#particle"},
				"east": {"uv": [9.5, 8, 10.495, 8.495], "texture": "#particle"},
				"south": {"uv": [8.5, 3, 8.999, 4.499], "texture": "#particle"},
				"west": {"uv": [9.509, 7.5, 10.5, 7.993], "texture": "#particle"},
				"up": {"uv": [8.5, 6.5, 9.5, 7.496], "texture": "#particle"},
				"down": {"uv": [8.5, 7.5, 9.5, 8.497], "texture": "#particle"}
			}
		},
		{
			"from": [9.5, 4, 4.5],
			"to": [10.5, 7, 7.5],
			"rotation": {"angle": 45, "axis": "x", "origin": [10, 5.5, 6]},
			"faces": {
				"north": {"uv": [15.5, 14.501, 15.994, 16], "texture": "#particle"},
				"east": {"uv": [8.5, 13, 9.999, 14.499], "texture": "#particle"},
				"south": {"uv": [14.5, 14.5, 14.998, 15.997], "texture": "#particle"},
				"west": {"uv": [8, 6.5, 9.499, 7.999], "texture": "#particle"},
				"up": {"uv": [15, 14.501, 15.498, 16], "texture": "#particle"},
				"down": {"uv": [14, 14.5, 14.5, 15.999], "texture": "#particle"}
			}
		},
		{
			"from": [6.51, 3.20711, 4.5],
			"to": [9.49, 6.20711, 6.5],
			"rotation": {"angle": -45, "axis": "x", "origin": [7.9, 3.70711, 5]},
			"faces": {
				"north": {"uv": [3.5, 1.5, 4.994, 1.999], "texture": "#particle"},
				"east": {"uv": [2.5, 1.5, 2.999, 1.999], "texture": "#particle"},
				"south": {"uv": [11, 0, 10.998, 0], "texture": "#particle"},
				"west": {"uv": [2.5, 1.5, 2.999, 1.999], "texture": "#particle"},
				"up": {"uv": [11, 0, 10.998, 0], "texture": "#particle"},
				"down": {"uv": [3.5, 0, 5, 1.499], "texture": "#particle"}
			}
		},
		{
			"from": [6.5, 3, 5],
			"to": [9.5, 4, 8],
			"rotation": {"angle": 0, "axis": "y", "origin": [0, 0, -5.5]},
			"faces": {
				"north": {"uv": [3.5, 1, 4.994, 1.499], "texture": "#particle"},
				"east": {"uv": [1.5, 1.5, 2.999, 1.999], "texture": "#particle"},
				"south": {"uv": [3, 1, 4.498, 1.497], "texture": "#particle"},
				"west": {"uv": [0, 1.5, 1.499, 1.999], "texture": "#particle"},
				"up": {"uv": [9.5, 1.5, 10.998, 2.999], "texture": "#particle"},
				"down": {"uv": [6.5, 3.5, 8, 4.999], "texture": "#particle"}
			}
		},
		{
			"from": [8, 2, 8],
			"to": [8.01, 4, 11],
			"rotation": {"angle": 0, "axis": "y", "origin": [0, 0, -13.2]},
			"faces": {
				"north": {"uv": [0, 0, 0.5, 0.5], "texture": "#particle"},
				"east": {"uv": [3, 2, 1.5, 3], "texture": "#particle"},
				"south": {"uv": [0, 0, 0.5, 0.5], "texture": "#particle"},
				"west": {"uv": [1.5, 2, 2.997, 2.997], "texture": "#particle"},
				"up": {"uv": [0, 0, 0.5, 0.5], "texture": "#particle"},
				"down": {"uv": [0, 0, 0.5, 0.5], "texture": "#particle"}
			}
		},
		{
			"from": [6.05585, 5, 2.81492],
			"to": [6.06585, 9, 4.81492],
			"rotation": {"angle": 22.5, "axis": "y", "origin": [9.5, 5.5, -5.5]},
			"faces": {
				"north": {"uv": [0, 0, 0.5, 0.5], "texture": "#particle"},
				"east": {"uv": [5, 2, 4, 4], "texture": "#particle"},
				"south": {"uv": [0, 0, 0.5, 0.5], "texture": "#particle"},
				"west": {"uv": [4, 2, 4.999, 4], "texture": "#particle"},
				"up": {"uv": [0, 0, 0.5, 0.5], "texture": "#particle"},
				"down": {"uv": [0, 0, 0.5, 0.5], "texture": "#particle"}
			}
		}
	],
	"display": {
		"thirdperson_righthand": {
			"translation": [0, 1.5, -1.15],
			"scale": [0.73, 0.73, 0.73]
		},
		"thirdperson_lefthand": {
			"translation": [0, 1.5, -1.15],
			"scale": [0.73, 0.73, 0.73]
		},
		"firstperson_righthand": {
			"rotation": [0, 7, 0],
			"translation": [-1.5, 5, 2],
			"scale": [0.75, 0.75, 0.7]
		},
		"firstperson_lefthand": {
			"rotation": [0, 7, 0],
			"translation": [-1.5, 5, 2],
			"scale": [0.75, 0.75, 0.7]
		},
		"ground": {
			"rotation": [0, 0, 90],
			"translation": [-2, -1, 0],
			"scale": [0.6, 0.6, 0.6]
		},
		"gui": {
			"rotation": [13, 123, -4],
			"translation": [1.5, 1.3, 0],
			"scale": [0.79, 0.79, 0.79]
		},
		"head": {
			"rotation": [0, 90, 0],
			"translation": [3.75, 3, 0]
		},
		"fixed": {
			"rotation": [0, 90, 0],
			"translation": [3.75, 3, -1.75],
			"scale": [1.63, 1.63, 1.63]
		}
	}
}