{
	"credit": "Made with Blockbench",
	"textures": {
		"0": "item/quick2",
		"particle": "item/quick2"
	},
	"elements": [
		{
			"name": "upperR",
			"from": [7.7, 4, 5.6],
			"to": [8.4, 4.4, 11.8],
			"rotation": {"angle": 0, "axis": "y", "origin": [7.83483, 4.12373, 3.71621]},
			"faces": {
				"north": {"uv": [7.95, 6.95, 8.35, 7.65], "rotation": 90, "texture": "#0"},
				"east": {"uv": [7.95, 6.95, 8.35, 13.15], "rotation": 90, "texture": "#0"},
				"south": {"uv": [7.95, 6.95, 8.35, 7.65], "rotation": 90, "texture": "#0"},
				"west": {"uv": [7.95, 6.95, 8.35, 13.15], "rotation": 90, "texture": "#0"},
				"up": {"uv": [7.95, 6.95, 14.15, 7.65], "rotation": 90, "texture": "#0"},
				"down": {"uv": [7.95, 6.95, 14.15, 7.65], "rotation": 90, "texture": "#0"}
			}
		},
		{
			"name": "upperR1",
			"from": [7.6, 4, 4.4],
			"to": [8.5, 4.4, 5.6],
			"rotation": {"angle": 0, "axis": "y", "origin": [7.83483, 4.12373, 3.31621]},
			"faces": {
				"north": {"uv": [14.25, 14.75, 15.25, 15.25], "texture": "#0"},
				"east": {"uv": [7.95, 6.95, 8.35, 8.15], "rotation": 90, "texture": "#0"},
				"south": {"uv": [7.95, 6.95, 8.35, 7.85], "rotation": 90, "texture": "#0"},
				"west": {"uv": [7.95, 6.95, 8.35, 8.15], "rotation": 90, "texture": "#0"},
				"up": {"uv": [7.95, 6.95, 9.15, 7.85], "rotation": 90, "texture": "#0"},
				"down": {"uv": [7.95, 6.95, 9.15, 7.85], "rotation": 90, "texture": "#0"}
			}
		},
		{
			"name": "upperR2",
			"from": [8.3, 3.9, 2.4],
			"to": [8.5, 4.4, 4.4],
			"rotation": {"angle": 0, "axis": "y", "origin": [7.83483, 4.12373, 3.31621]},
			"faces": {
				"north": {"uv": [7.95, 6.95, 8.45, 7.15], "rotation": 90, "texture": "#0"},
				"east": {"uv": [7.95, 6.95, 8.45, 8.95], "rotation": 90, "texture": "#0"},
				"south": {"uv": [7.95, 6.95, 8.45, 7.15], "rotation": 90, "texture": "#0"},
				"west": {"uv": [7.95, 6.95, 8.45, 8.95], "rotation": 90, "texture": "#0"},
				"up": {"uv": [7.95, 6.95, 9.95, 7.15], "rotation": 90, "texture": "#0"},
				"down": {"uv": [7.95, 6.95, 9.95, 7.15], "rotation": 90, "texture": "#0"}
			}
		},
		{
			"name": "upperR3",
			"from": [7.6, 4, 1.2],
			"to": [8.5, 4.4, 2.4],
			"rotation": {"angle": 0, "axis": "y", "origin": [7.83483, 4.12373, 3.31621]},
			"faces": {
				"north": {"uv": [7.95, 6.95, 8.35, 7.85], "rotation": 90, "texture": "#0"},
				"east": {"uv": [7.95, 6.95, 8.35, 8.15], "rotation": 90, "texture": "#0"},
				"south": {"uv": [7.95, 6.95, 8.35, 7.85], "rotation": 90, "texture": "#0"},
				"west": {"uv": [7.95, 6.95, 8.35, 8.15], "rotation": 90, "texture": "#0"},
				"up": {"uv": [7.95, 6.95, 9.15, 7.85], "rotation": 90, "texture": "#0"},
				"down": {"uv": [7.95, 6.95, 9.15, 7.85], "rotation": 90, "texture": "#0"}
			}
		},
		{
			"name": "upperR4",
			"from": [7.8, 3.55147, 11.24142],
			"to": [8.3, 4.05147, 11.84142],
			"rotation": {"angle": 45, "axis": "x", "origin": [8.05, 3.55147, 11.94142]},
			"faces": {
				"north": {"uv": [7.75, 6.95, 8.25, 7.45], "texture": "#0"},
				"east": {"uv": [7.75, 6.95, 8.35, 7.45], "texture": "#0"},
				"south": {"uv": [7.75, 6.95, 8.25, 7.45], "texture": "#0"},
				"west": {"uv": [7.75, 6.95, 8.35, 7.45], "texture": "#0"},
				"up": {"uv": [7.75, 6.95, 8.25, 7.55], "texture": "#0"},
				"down": {"uv": [7.75, 6.95, 8.25, 7.55], "texture": "#0"}
			}
		},
		{
			"name": "receiver",
			"from": [7.5, 2.9, 1.9],
			"to": [8.6, 4, 5.6],
			"rotation": {"angle": 0, "axis": "y", "origin": [7.83483, 4.12373, 3.81621]},
			"faces": {
				"north": {"uv": [5.7, 5.2, 6.8, 6.3], "rotation": 90, "texture": "#0"},
				"east": {"uv": [5.7, 5.2, 6.8, 8.9], "rotation": 90, "texture": "#0"},
				"south": {"uv": [5.7, 5.2, 6.8, 6.3], "rotation": 90, "texture": "#0"},
				"west": {"uv": [5.7, 5.2, 6.8, 8.9], "rotation": 90, "texture": "#0"},
				"up": {"uv": [5.7, 5.2, 9.4, 6.3], "rotation": 90, "texture": "#0"},
				"down": {"uv": [5.7, 5.2, 9.4, 6.3], "rotation": 90, "texture": "#0"}
			}
		},
		{
			"name": "receiver1",
			"from": [7.6, 3, 5.6],
			"to": [8.5, 4, 12.2],
			"rotation": {"angle": 0, "axis": "y", "origin": [7.83483, 4.12373, 3.81621]},
			"faces": {
				"north": {"uv": [5.7, 5.2, 6.7, 6.1], "rotation": 90, "texture": "#0"},
				"east": {"uv": [5.7, 5.2, 6.7, 11.8], "rotation": 90, "texture": "#0"},
				"south": {"uv": [5.7, 5.2, 6.7, 6.1], "rotation": 90, "texture": "#0"},
				"west": {"uv": [5.7, 5.2, 6.7, 11.8], "rotation": 90, "texture": "#0"},
				"up": {"uv": [5.7, 5.2, 12.3, 6.1], "rotation": 90, "texture": "#0"},
				"down": {"uv": [5.7, 5.2, 12.3, 6.1], "rotation": 90, "texture": "#0"}
			}
		},
		{
			"name": "receiver2",
			"from": [7.7, 3.2795, 12.00516],
			"to": [8.4, 4.1795, 12.40516],
			"rotation": {"angle": -22.5, "axis": "x", "origin": [7.75, 3.6295, 12.80516]},
			"faces": {
				"north": {"uv": [5.7, 5.2, 6.6, 5.9], "rotation": 90, "texture": "#0"},
				"east": {"uv": [5.7, 5.2, 6.6, 5.6], "rotation": 90, "texture": "#0"},
				"south": {"uv": [5.7, 5.2, 6.6, 5.9], "rotation": 90, "texture": "#0"},
				"west": {"uv": [5.7, 5.2, 6.6, 5.6], "rotation": 90, "texture": "#0"},
				"up": {"uv": [5.7, 5.2, 6.1, 5.9], "rotation": 90, "texture": "#0"},
				"down": {"uv": [5.7, 5.2, 6.1, 5.9], "rotation": 90, "texture": "#0"}
			}
		},
		{
			"name": "rail",
			"from": [7.8, 4.4, 4.6],
			"to": [8.3, 4.5, 11],
			"rotation": {"angle": 0, "axis": "y", "origin": [7.83483, 4.12373, 3.31621]},
			"faces": {
				"north": {"uv": [7.7, 6.95, 7.8, 7.45], "rotation": 90, "texture": "#0"},
				"east": {"uv": [7.7, 6.95, 7.8, 13.35], "rotation": 90, "texture": "#0"},
				"south": {"uv": [7.7, 6.95, 7.8, 7.45], "rotation": 90, "texture": "#0"},
				"west": {"uv": [7.7, 6.95, 7.8, 13.35], "rotation": 90, "texture": "#0"},
				"up": {"uv": [7.7, 6.95, 14.1, 7.45], "rotation": 90, "texture": "#0"},
				"down": {"uv": [7.7, 6.95, 14.1, 7.45], "rotation": 90, "texture": "#0"}
			}
		},
		{
			"name": "leg",
			"from": [7.5, 3.4, 6.7],
			"to": [7.6, 3.9, 10.2],
			"rotation": {"angle": 0, "axis": "y", "origin": [7.83483, 4.12373, 3.81621]},
			"faces": {
				"north": {"uv": [0, 0.2, 0.5, 0.3], "rotation": 90, "texture": "#0"},
				"east": {"uv": [0, 0.2, 0.5, 3.7], "rotation": 90, "texture": "#0"},
				"south": {"uv": [0, 0.2, 0.5, 0.3], "rotation": 90, "texture": "#0"},
				"west": {"uv": [0, 0.2, 0.5, 3.7], "rotation": 90, "texture": "#0"},
				"up": {"uv": [0, 0.2, 3.5, 0.3], "rotation": 90, "texture": "#0"},
				"down": {"uv": [0, 0.2, 3.5, 0.3], "rotation": 90, "texture": "#0"}
			}
		},
		{
			"name": "leg1",
			"from": [8.5, 3.4, 6.7],
			"to": [8.6, 3.9, 10.2],
			"rotation": {"angle": 0, "axis": "y", "origin": [7.83483, 4.12373, 3.81621]},
			"faces": {
				"north": {"uv": [0, 0.2, 0.5, 0.3], "rotation": 90, "texture": "#0"},
				"east": {"uv": [0, 0.2, 0.5, 3.7], "rotation": 90, "texture": "#0"},
				"south": {"uv": [0, 0.2, 0.5, 0.3], "rotation": 90, "texture": "#0"},
				"west": {"uv": [0, 0.2, 0.5, 3.7], "rotation": 90, "texture": "#0"},
				"up": {"uv": [0, 0.2, 3.5, 0.3], "rotation": 90, "texture": "#0"},
				"down": {"uv": [0, 0.2, 3.5, 0.3], "rotation": 90, "texture": "#0"}
			}
		},
		{
			"name": "sidepad",
			"from": [7.5, 2.3, -5.5],
			"to": [7.6, 2.9, -2.9],
			"rotation": {"angle": 0, "axis": "y", "origin": [7.83483, 4.12373, 3.81621]},
			"faces": {
				"north": {"uv": [0, 0.2, 0.6, 0.3], "rotation": 90, "texture": "#0", "cullface": "north"},
				"east": {"uv": [0, 0.2, 0.6, 2.8], "rotation": 90, "texture": "#0"},
				"south": {"uv": [0, 0.2, 0.6, 0.3], "rotation": 90, "texture": "#0"},
				"west": {"uv": [0, 0.2, 0.6, 2.8], "rotation": 90, "texture": "#0"},
				"up": {"uv": [0, 0.2, 2.6, 0.3], "rotation": 90, "texture": "#0"},
				"down": {"uv": [0, 0.2, 2.6, 0.3], "rotation": 90, "texture": "#0"}
			}
		},
		{
			"name": "sidepad1",
			"from": [8.5, 2.3, -5.5],
			"to": [8.6, 2.9, -2.9],
			"rotation": {"angle": 0, "axis": "y", "origin": [7.83483, 4.12373, 3.81621]},
			"faces": {
				"north": {"uv": [0, 0.2, 0.6, 0.3], "rotation": 90, "texture": "#0", "cullface": "north"},
				"east": {"uv": [0, 0.2, 0.6, 2.8], "rotation": 90, "texture": "#0"},
				"south": {"uv": [0, 0.2, 0.6, 0.3], "rotation": 90, "texture": "#0"},
				"west": {"uv": [0, 0.2, 0.6, 2.8], "rotation": 90, "texture": "#0"},
				"up": {"uv": [0, 0.2, 2.6, 0.3], "rotation": 90, "texture": "#0"},
				"down": {"uv": [0, 0.2, 2.6, 0.3], "rotation": 90, "texture": "#0"}
			}
		},
		{
			"name": "grip",
			"from": [7.7, 2.76457, -0.38794],
			"to": [8.4, 3.66457, 0.91206],
			"rotation": {"angle": -22.5, "axis": "x", "origin": [7.95, 3.06457, 0.11206]},
			"faces": {
				"north": {"uv": [5.65, 5.25, 6.55, 5.95], "rotation": 270, "texture": "#0", "cullface": "north"},
				"east": {"uv": [5.65, 5.25, 6.55, 6.55], "rotation": 270, "texture": "#0"},
				"south": {"uv": [5.65, 5.25, 6.55, 5.95], "rotation": 270, "texture": "#0"},
				"west": {"uv": [5.65, 5.25, 6.55, 6.55], "rotation": 270, "texture": "#0"},
				"up": {"uv": [5.65, 5.25, 6.95, 5.95], "rotation": 270, "texture": "#0"},
				"down": {"uv": [5.65, 5.25, 6.95, 5.95], "rotation": 270, "texture": "#0"}
			}
		},
		{
			"name": "grip1",
			"from": [7.6, 0.55728, -1.7684],
			"to": [8.5, 3.25728, -0.8684],
			"rotation": {"angle": 45, "axis": "x", "origin": [8.15, 1.90728, -0.9684]},
			"faces": {
				"north": {"uv": [5.65, 5.25, 6.55, 7.95], "texture": "#0", "cullface": "north"},
				"east": {"uv": [5.65, 5.25, 6.55, 7.95], "texture": "#0"},
				"south": {"uv": [5.65, 5.25, 6.55, 7.95], "texture": "#0"},
				"west": {"uv": [5.65, 5.25, 6.55, 7.95], "texture": "#0"},
				"up": {"uv": [5.65, 5.25, 6.55, 6.15], "texture": "#0"},
				"down": {"uv": [5.65, 5.25, 6.55, 6.15], "texture": "#0"}
			}
		},
		{
			"name": "grip2",
			"from": [7.6, 3, 0.6],
			"to": [8.5, 4, 1.9],
			"rotation": {"angle": 0, "axis": "x", "origin": [7.95, 3.55, 1.4]},
			"faces": {
				"north": {"uv": [11.4, 5, 12.4, 5.9], "rotation": 270, "texture": "#0"},
				"east": {"uv": [11.4, 5, 12.4, 6.3], "rotation": 270, "texture": "#0"},
				"south": {"uv": [11.4, 5, 12.4, 5.9], "rotation": 270, "texture": "#0"},
				"west": {"uv": [11.4, 5, 12.4, 6.3], "rotation": 270, "texture": "#0"},
				"up": {"uv": [11.4, 5, 12.7, 5.9], "rotation": 270, "texture": "#0"},
				"down": {"uv": [11.4, 5, 12.7, 5.9], "rotation": 270, "texture": "#0"}
			}
		},
		{
			"name": "stock",
			"from": [7.6, 2.14663, -5.71759],
			"to": [8.5, 3.54663, -2.11759],
			"rotation": {"angle": 0, "axis": "x", "origin": [7.83483, 4.12373, 4.61621]},
			"faces": {
				"north": {"uv": [5.65, 5.25, 7.05, 6.15], "rotation": 270, "texture": "#0", "cullface": "north"},
				"east": {"uv": [5.65, 5.25, 7.05, 8.85], "rotation": 270, "texture": "#0"},
				"south": {"uv": [5.65, 5.25, 7.05, 6.15], "rotation": 270, "texture": "#0"},
				"west": {"uv": [5.65, 5.25, 7.05, 8.85], "rotation": 270, "texture": "#0"},
				"up": {"uv": [5.65, 5.25, 9.25, 6.15], "rotation": 270, "texture": "#0"},
				"down": {"uv": [5.65, 5.25, 9.25, 6.15], "rotation": 270, "texture": "#0"}
			}
		},
		{
			"name": "stock1",
			"from": [7.7, 0.49132, -5.93131],
			"to": [8.4, 2.09132, -5.33131],
			"rotation": {"angle": 22.5, "axis": "x", "origin": [7.85, 1.59132, -4.88131]},
			"faces": {
				"north": {"uv": [5.65, 5.25, 7.25, 5.95], "rotation": 90, "texture": "#0", "cullface": "north"},
				"east": {"uv": [5.65, 5.25, 6.25, 6.85], "texture": "#0"},
				"south": {"uv": [5.65, 5.25, 7.25, 5.95], "rotation": 270, "texture": "#0"},
				"west": {"uv": [5.65, 5.25, 6.25, 6.85], "rotation": 180, "texture": "#0"},
				"up": {"uv": [5.65, 5.25, 6.25, 5.95], "rotation": 270, "texture": "#0"},
				"down": {"uv": [5.65, 5.25, 6.25, 5.95], "rotation": 90, "texture": "#0"}
			}
		},
		{
			"name": "stock2",
			"from": [7.8, 1.24746, -6.01884],
			"to": [8.3, 2.24746, -1.71884],
			"rotation": {"angle": 0, "axis": "x", "origin": [7.83483, 4.12373, 4.61621]},
			"faces": {
				"north": {"uv": [5.65, 5.25, 6.65, 5.75], "rotation": 270, "texture": "#0", "cullface": "north"},
				"east": {"uv": [5.65, 5.25, 6.65, 9.55], "rotation": 270, "texture": "#0"},
				"south": {"uv": [5.65, 5.25, 6.65, 5.75], "rotation": 270, "texture": "#0"},
				"west": {"uv": [5.65, 5.25, 6.65, 9.55], "rotation": 270, "texture": "#0"},
				"up": {"uv": [5.65, 5.25, 9.95, 5.75], "rotation": 270, "texture": "#0"},
				"down": {"uv": [5.65, 5.25, 9.95, 5.75], "rotation": 270, "texture": "#0"}
			}
		},
		{
			"name": "stock3",
			"from": [7.65, 0.63493, -2.95442],
			"to": [8.45, 2.33493, -1.75442],
			"rotation": {"angle": 45, "axis": "x", "origin": [7.65, 1.88493, -1.10442]},
			"faces": {
				"north": {"uv": [5.65, 5.25, 6.45, 6.95], "rotation": 180, "texture": "#0", "cullface": "north"},
				"east": {"uv": [5.65, 5.25, 7.35, 6.45], "rotation": 270, "texture": "#0"},
				"south": {"uv": [5.65, 5.25, 6.45, 6.95], "texture": "#0"},
				"west": {"uv": [5.65, 5.25, 7.35, 6.45], "rotation": 90, "texture": "#0"},
				"up": {"uv": [5.65, 5.25, 6.45, 6.45], "rotation": 180, "texture": "#0"},
				"down": {"uv": [5.65, 5.25, 6.45, 6.45], "texture": "#0"}
			}
		},
		{
			"name": "pad",
			"from": [7.6, 0.54663, -6.61759],
			"to": [8.5, 3.54663, -5.71759],
			"rotation": {"angle": 0, "axis": "y", "origin": [8.05, 1.94663, -6.31759]},
			"faces": {
				"north": {"uv": [0, 0, 0.9, 3], "rotation": 180, "texture": "#0", "cullface": "north"},
				"east": {"uv": [0, 0, 0.9, 3], "rotation": 180, "texture": "#0"},
				"south": {"uv": [0, 0, 0.9, 3], "rotation": 180, "texture": "#0"},
				"west": {"uv": [0, 0, 0.9, 3], "rotation": 180, "texture": "#0"},
				"up": {"uv": [0, 0, 0.9, 0.9], "rotation": 180, "texture": "#0"},
				"down": {"uv": [0, 0, 0.9, 0.9], "rotation": 180, "texture": "#0"}
			}
		},
		{
			"name": "barrel",
			"from": [7.85, 3.85, 11.9],
			"to": [8.25, 4.25, 17.2],
			"rotation": {"angle": 0, "axis": "y", "origin": [8.05, 4.05, 13.25]},
			"faces": {
				"north": {"uv": [0, 0, 0.4, 0.4], "texture": "#0"},
				"east": {"uv": [0, 0, 5.3, 0.4], "texture": "#0"},
				"south": {"uv": [14.775, 3.775, 15.725, 4.725], "texture": "#0", "cullface": "south"},
				"west": {"uv": [0, 0, 5.3, 0.4], "texture": "#0"},
				"up": {"uv": [0, 0, 0.4, 5.3], "texture": "#0"},
				"down": {"uv": [0, 0, 0.4, 5.3], "texture": "#0"}
			}
		},
		{
			"name": "bolt",
			"from": [7.8, 3.8, 0.4],
			"to": [8.3, 4.3, 5],
			"rotation": {"angle": 0, "axis": "y", "origin": [7.83483, 4.12373, 3.81621]},
			"faces": {
				"north": {"uv": [0, 0, 0.5, 0.5], "texture": "#0"},
				"east": {"uv": [0, 0, 4.6, 0.5], "texture": "#0"},
				"south": {"uv": [0, 0, 0.5, 0.5], "texture": "#0"},
				"west": {"uv": [0, 0, 4.6, 0.5], "texture": "#0"},
				"up": {"uv": [0, 0, 0.5, 4.6], "texture": "#0"},
				"down": {"uv": [0, 0, 0.5, 4.6], "texture": "#0"}
			}
		},
		{
			"name": "handle",
			"from": [6.94342, 3.93514, 0.7],
			"to": [7.94342, 4.23514, 1.1],
			"rotation": {"angle": 45, "axis": "z", "origin": [7.83483, 4.12373, 3.81621]},
			"faces": {
				"north": {"uv": [0, 0, 1, 0.3], "texture": "#0"},
				"east": {"uv": [0, 0, 0.4, 0.3], "texture": "#0"},
				"south": {"uv": [0, 0, 1, 0.3], "texture": "#0"},
				"west": {"uv": [0, 0, 0.4, 0.3], "texture": "#0"},
				"up": {"uv": [0, 0, 1, 0.4], "texture": "#0"},
				"down": {"uv": [0, 0, 1, 0.4], "texture": "#0"}
			}
		},
		{
			"name": "handle1",
			"from": [6.74342, 3.83514, 0.6],
			"to": [6.94342, 4.33514, 1.2],
			"rotation": {"angle": 45, "axis": "z", "origin": [7.83483, 4.12373, 3.81621]},
			"faces": {
				"north": {"uv": [5.75, 5.25, 5.95, 5.75], "texture": "#0"},
				"east": {"uv": [5.75, 5.25, 6.35, 5.75], "texture": "#0"},
				"south": {"uv": [5.75, 5.25, 5.95, 5.75], "texture": "#0"},
				"west": {"uv": [5.75, 5.25, 6.35, 5.75], "texture": "#0"},
				"up": {"uv": [5.75, 5.25, 5.95, 5.85], "texture": "#0"},
				"down": {"uv": [5.75, 5.25, 5.95, 5.85], "texture": "#0"}
			}
		},
		{
			"name": "trigger",
			"from": [7.9, 2.89332, 0.06192],
			"to": [8.1, 3.59332, 0.26192],
			"rotation": {"angle": -22.5, "axis": "x", "origin": [7.83483, 4.72373, 1.91621]},
			"faces": {
				"north": {"uv": [0, 0, 0.7, 0.2], "rotation": 270, "texture": "#0"},
				"east": {"uv": [0, 0, 0.7, 0.2], "rotation": 270, "texture": "#0"},
				"south": {"uv": [0, 0, 0.7, 0.2], "rotation": 270, "texture": "#0"},
				"west": {"uv": [0, 0, 0.7, 0.2], "rotation": 270, "texture": "#0"},
				"up": {"uv": [0, 0, 0.2, 0.2], "rotation": 270, "texture": "#0"},
				"down": {"uv": [0, 0, 0.2, 0.2], "rotation": 270, "texture": "#0"}
			}
		},
		{
			"name": "guard",
			"from": [7.8, 2.83201, -0.24496],
			"to": [8.2, 3.63201, -0.14496],
			"rotation": {"angle": -22.5, "axis": "x", "origin": [7.83483, 4.56242, 2.00933]},
			"faces": {
				"north": {"uv": [0, 0, 0.4, 0.8], "rotation": 180, "texture": "#0"},
				"east": {"uv": [0, 0, 0.1, 0.8], "rotation": 180, "texture": "#0"},
				"south": {"uv": [0, 0, 0.4, 0.8], "rotation": 180, "texture": "#0"},
				"west": {"uv": [0, 0, 0.1, 0.8], "rotation": 180, "texture": "#0"},
				"up": {"uv": [0, 0, 0.4, 0.1], "rotation": 180, "texture": "#0"},
				"down": {"uv": [0, 0, 0.4, 0.1], "rotation": 180, "texture": "#0"}
			}
		},
		{
			"name": "guard1",
			"from": [7.8, 2.10105, 0.58884],
			"to": [8.2, 2.20105, 1.68884],
			"rotation": {"angle": 0, "axis": "x", "origin": [7.83483, 4.72373, 1.91621]},
			"faces": {
				"north": {"uv": [0, 0, 0.4, 0.1], "texture": "#0"},
				"east": {"uv": [0, 0, 1.1, 0.1], "texture": "#0"},
				"south": {"uv": [0, 0, 0.4, 0.1], "texture": "#0"},
				"west": {"uv": [0, 0, 1.1, 0.1], "texture": "#0"},
				"up": {"uv": [0, 0, 0.4, 1.1], "texture": "#0"},
				"down": {"uv": [0, 0, 0.4, 1.1], "texture": "#0"}
			}
		},
		{
			"name": "guard2",
			"from": [7.8, 2.22218, 2.5733],
			"to": [8.2, 3.12218, 2.6733],
			"rotation": {"angle": 22.5, "axis": "x", "origin": [7.83483, 4.63623, 1.87658]},
			"faces": {
				"north": {"uv": [0, 0, 0.9, 0.4], "rotation": 270, "texture": "#0"},
				"east": {"uv": [0, 0, 0.9, 0.1], "rotation": 270, "texture": "#0"},
				"south": {"uv": [0, 0, 0.9, 0.4], "rotation": 270, "texture": "#0"},
				"west": {"uv": [0, 0, 0.9, 0.1], "rotation": 270, "texture": "#0"},
				"up": {"uv": [0, 0, 0.1, 0.4], "rotation": 270, "texture": "#0"},
				"down": {"uv": [0, 0, 0.1, 0.4], "rotation": 270, "texture": "#0"}
			}
		},
		{
			"name": "mag",
			"from": [7.8, 2.74746, 2.38116],
			"to": [8.3, 2.94746, 4.38116],
			"rotation": {"angle": 0, "axis": "y", "origin": [7.83483, 4.57014, 2.40853]},
			"faces": {
				"north": {"uv": [0, 0, 0.5, 0.2], "texture": "#0"},
				"east": {"uv": [0, 0, 2, 0.2], "texture": "#0"},
				"south": {"uv": [0, 0, 0.5, 0.2], "texture": "#0"},
				"west": {"uv": [0, 0, 2, 0.2], "texture": "#0"},
				"up": {"uv": [0, 0, 0.5, 2], "texture": "#0"},
				"down": {"uv": [0, 0, 0.5, 2], "texture": "#0"}
			}
		},
		{
			"name": "mag1",
			"from": [7.8, 1.14746, -5.21884],
			"to": [8.3, 1.24746, -3.21884],
			"rotation": {"angle": 0, "axis": "y", "origin": [7.83483, 4.57014, 2.40853]},
			"faces": {
				"north": {"uv": [0, 0, 0.5, 0.1], "texture": "#0", "cullface": "north"},
				"east": {"uv": [0, 0, 2, 0.1], "texture": "#0"},
				"south": {"uv": [0, 0, 0.5, 0.1], "texture": "#0"},
				"west": {"uv": [0, 0, 2, 0.1], "texture": "#0"},
				"up": {"uv": [0, 0, 0.5, 2], "texture": "#0"},
				"down": {"uv": [0, 0, 0.5, 2], "texture": "#0"}
			}
		},
		{
			"name": "leg",
			"from": [7.7, 4.4, 8.9],
			"to": [8.4, 4.6, 9.4],
			"rotation": {"angle": 0, "axis": "y", "origin": [7.83483, 4.12373, 3.81621]},
			"faces": {
				"north": {"uv": [0, 0, 0.7, 0.2], "texture": "#0"},
				"east": {"uv": [0, 0, 0.5, 0.2], "texture": "#0"},
				"south": {"uv": [0, 0, 0.7, 0.2], "texture": "#0"},
				"west": {"uv": [0, 0, 0.5, 0.2], "texture": "#0"},
				"up": {"uv": [0, 0, 0.7, 0.5], "texture": "#0"},
				"down": {"uv": [0, 0, 0.7, 0.5], "texture": "#0"}
			}
		},
		{
			"name": "leg1",
			"from": [7.7, 4.4, 6.4],
			"to": [8.4, 4.6, 6.9],
			"rotation": {"angle": 0, "axis": "y", "origin": [7.83483, 4.12373, 3.81621]},
			"faces": {
				"north": {"uv": [0, 0, 0.7, 0.2], "texture": "#0"},
				"east": {"uv": [0, 0, 0.5, 0.2], "texture": "#0"},
				"south": {"uv": [0, 0, 0.7, 0.2], "texture": "#0"},
				"west": {"uv": [0, 0, 0.5, 0.2], "texture": "#0"},
				"up": {"uv": [0, 0, 0.7, 0.5], "texture": "#0"},
				"down": {"uv": [0, 0, 0.7, 0.5], "texture": "#0"}
			}
		},
		{
			"name": "leg2",
			"from": [7.9, 4.6, 9],
			"to": [8.2, 4.8, 9.3],
			"rotation": {"angle": 0, "axis": "y", "origin": [7.83483, 4.12373, 3.81621]},
			"faces": {
				"north": {"uv": [0, 0, 0.3, 0.2], "texture": "#0"},
				"east": {"uv": [0, 0, 0.3, 0.2], "texture": "#0"},
				"south": {"uv": [0, 0, 0.3, 0.2], "texture": "#0"},
				"west": {"uv": [0, 0, 0.3, 0.2], "texture": "#0"},
				"up": {"uv": [0, 0, 0.3, 0.3], "texture": "#0"},
				"down": {"uv": [0, 0, 0.3, 0.3], "texture": "#0"}
			}
		},
		{
			"name": "leg3",
			"from": [7.9, 4.6, 6.5],
			"to": [8.2, 4.8, 6.8],
			"rotation": {"angle": 0, "axis": "y", "origin": [7.83483, 4.12373, 3.81621]},
			"faces": {
				"north": {"uv": [0, 0, 0.3, 0.2], "texture": "#0"},
				"east": {"uv": [0, 0, 0.3, 0.2], "texture": "#0"},
				"south": {"uv": [0, 0, 0.3, 0.2], "texture": "#0"},
				"west": {"uv": [0, 0, 0.3, 0.2], "texture": "#0"},
				"up": {"uv": [0, 0, 0.3, 0.3], "texture": "#0"},
				"down": {"uv": [0, 0, 0.3, 0.3], "texture": "#0"}
			}
		},
		{
			"name": "scope",
			"from": [7.8, 4.8, 6.2],
			"to": [8.3, 5.3, 9.6],
			"rotation": {"angle": 0, "axis": "y", "origin": [7.83483, 4.12373, 3.81621]},
			"faces": {
				"north": {"uv": [0, 0, 0.5, 0.5], "texture": "#0"},
				"east": {"uv": [0, 0, 3.4, 0.5], "texture": "#0"},
				"south": {"uv": [0, 0, 0.5, 0.5], "texture": "#0"},
				"west": {"uv": [0, 0, 3.4, 0.5], "texture": "#0"},
				"up": {"uv": [0, 0, 0.5, 3.4], "texture": "#0"},
				"down": {"uv": [0, 0, 0.5, 3.4], "texture": "#0"}
			}
		},
		{
			"name": "scope2",
			"from": [7.6, 4.6, 5.2],
			"to": [8.5, 5.5, 6.2],
			"rotation": {"angle": 0, "axis": "y", "origin": [7.83483, 4.12373, 3.81621]},
			"faces": {
				"north": {"uv": [14.9, 0.175, 15.8, 1.075], "texture": "#0"},
				"east": {"uv": [0, 0, 1, 0.9], "texture": "#0"},
				"south": {"uv": [0, 0, 0.9, 0.9], "texture": "#0"},
				"west": {"uv": [0, 0, 1, 0.9], "texture": "#0"},
				"up": {"uv": [0, 0, 0.9, 1], "texture": "#0"},
				"down": {"uv": [0, 0, 0.9, 1], "texture": "#0"}
			}
		},
		{
			"name": "scope3",
			"from": [7.6, 4.6, 9.6],
			"to": [8.5, 5.5, 10.4],
			"rotation": {"angle": 0, "axis": "y", "origin": [7.83483, 4.12373, 3.81621]},
			"faces": {
				"north": {"uv": [0, 0, 0.9, 0.9], "texture": "#0"},
				"east": {"uv": [0, 0, 0.8, 0.9], "texture": "#0"},
				"south": {"uv": [13.15, 0.2, 14.3, 1.35], "texture": "#0"},
				"west": {"uv": [0, 0, 0.8, 0.9], "texture": "#0"},
				"up": {"uv": [0, 0, 0.9, 0.8], "texture": "#0"},
				"down": {"uv": [0, 0, 0.9, 0.8], "texture": "#0"}
			}
		},
		{
			"name": "cover",
			"from": [7.6, 4.6, 4.9],
			"to": [8.5, 4.7, 5.2],
			"rotation": {"angle": 0, "axis": "y", "origin": [7.83483, 4.12373, 3.81621]},
			"faces": {
				"north": {"uv": [0, 0, 0.9, 0.1], "texture": "#0"},
				"east": {"uv": [0, 0, 0.3, 0.1], "texture": "#0"},
				"south": {"uv": [0, 0, 0.9, 0.1], "texture": "#0"},
				"west": {"uv": [0, 0, 0.3, 0.1], "texture": "#0"},
				"up": {"uv": [0, 0, 0.9, 0.3], "texture": "#0"},
				"down": {"uv": [0, 0, 0.9, 0.3], "texture": "#0"}
			}
		},
		{
			"name": "cover1",
			"from": [7.6, 5.4, 4.9],
			"to": [8.5, 5.5, 5.2],
			"rotation": {"angle": 0, "axis": "y", "origin": [7.83483, 4.12373, 3.81621]},
			"faces": {
				"north": {"uv": [0, 0, 0.9, 0.1], "texture": "#0"},
				"east": {"uv": [0, 0, 0.3, 0.1], "texture": "#0"},
				"south": {"uv": [0, 0, 0.9, 0.1], "texture": "#0"},
				"west": {"uv": [0, 0, 0.3, 0.1], "texture": "#0"},
				"up": {"uv": [0, 0, 0.9, 0.3], "texture": "#0"},
				"down": {"uv": [0, 0, 0.9, 0.3], "texture": "#0"}
			}
		},
		{
			"name": "cover2",
			"from": [8.4, 4.7, 4.9],
			"to": [8.5, 5.4, 5.2],
			"rotation": {"angle": 0, "axis": "y", "origin": [7.83483, 4.12373, 3.81621]},
			"faces": {
				"north": {"uv": [0, 0, 0.1, 0.7], "texture": "#0"},
				"east": {"uv": [0, 0, 0.3, 0.7], "texture": "#0"},
				"south": {"uv": [0, 0, 0.1, 0.7], "texture": "#0"},
				"west": {"uv": [0, 0, 0.3, 0.7], "texture": "#0"},
				"up": {"uv": [0, 0, 0.1, 0.3], "texture": "#0"},
				"down": {"uv": [0, 0, 0.1, 0.3], "texture": "#0"}
			}
		},
		{
			"name": "cover3",
			"from": [7.6, 4.7, 4.9],
			"to": [7.7, 5.4, 5.2],
			"rotation": {"angle": 0, "axis": "y", "origin": [7.83483, 4.12373, 3.81621]},
			"faces": {
				"north": {"uv": [0, 0, 0.1, 0.7], "texture": "#0"},
				"east": {"uv": [0, 0, 0.3, 0.7], "texture": "#0"},
				"south": {"uv": [0, 0, 0.1, 0.7], "texture": "#0"},
				"west": {"uv": [0, 0, 0.3, 0.7], "texture": "#0"},
				"up": {"uv": [0, 0, 0.1, 0.3], "texture": "#0"},
				"down": {"uv": [0, 0, 0.1, 0.3], "texture": "#0"}
			}
		},
		{
			"name": "sunc",
			"from": [7.6, 4.7, 10.4],
			"to": [7.7, 5.4, 11.1],
			"rotation": {"angle": 0, "axis": "y", "origin": [7.83483, 4.12373, 3.81621]},
			"faces": {
				"north": {"uv": [0, 0, 0.1, 0.7], "texture": "#0"},
				"east": {"uv": [0, 0, 0.7, 0.7], "texture": "#0"},
				"south": {"uv": [0, 0, 0.1, 0.7], "texture": "#0"},
				"west": {"uv": [0, 0, 0.7, 0.7], "texture": "#0"},
				"up": {"uv": [0, 0, 0.1, 0.7], "texture": "#0"},
				"down": {"uv": [0, 0, 0.1, 0.7], "texture": "#0"}
			}
		},
		{
			"name": "sunc1",
			"from": [8.4, 4.7, 10.4],
			"to": [8.5, 5.4, 11.1],
			"rotation": {"angle": 0, "axis": "y", "origin": [7.83483, 4.12373, 3.81621]},
			"faces": {
				"north": {"uv": [0, 0, 0.1, 0.7], "texture": "#0"},
				"east": {"uv": [0, 0, 0.7, 0.7], "texture": "#0"},
				"south": {"uv": [0, 0, 0.1, 0.7], "texture": "#0"},
				"west": {"uv": [0, 0, 0.7, 0.7], "texture": "#0"},
				"up": {"uv": [0, 0, 0.1, 0.7], "texture": "#0"},
				"down": {"uv": [0, 0, 0.1, 0.7], "texture": "#0"}
			}
		},
		{
			"name": "sunc2",
			"from": [7.6, 5.4, 10.4],
			"to": [8.5, 5.5, 11.1],
			"rotation": {"angle": 0, "axis": "y", "origin": [7.83483, 4.12373, 3.81621]},
			"faces": {
				"north": {"uv": [0, 0, 0.9, 0.1], "texture": "#0"},
				"east": {"uv": [0, 0, 0.7, 0.1], "texture": "#0"},
				"south": {"uv": [0, 0, 0.9, 0.1], "texture": "#0"},
				"west": {"uv": [0, 0, 0.7, 0.1], "texture": "#0"},
				"up": {"uv": [0, 0, 0.9, 0.7], "texture": "#0"},
				"down": {"uv": [0, 0, 0.9, 0.7], "texture": "#0"}
			}
		},
		{
			"name": "sunc3",
			"from": [7.6, 4.6, 10.4],
			"to": [8.5, 4.7, 11.1],
			"rotation": {"angle": 0, "axis": "y", "origin": [7.83483, 4.12373, 3.81621]},
			"faces": {
				"north": {"uv": [0, 0, 0.9, 0.1], "texture": "#0"},
				"east": {"uv": [0, 0, 0.7, 0.1], "texture": "#0"},
				"south": {"uv": [0, 0, 0.9, 0.1], "texture": "#0"},
				"west": {"uv": [0, 0, 0.7, 0.1], "texture": "#0"},
				"up": {"uv": [0, 0, 0.9, 0.7], "texture": "#0"},
				"down": {"uv": [0, 0, 0.9, 0.7], "texture": "#0"}
			}
		}
	],
	"overrides": [
		{"predicate": {"pulling": 1}, "model": "item/quick2_pulling_0"},
		{"predicate": {"pulling": 1, "pull": 0.58}, "model": "item/quick2_pulling_1"},
		{"predicate": {"pulling": 1, "pull": 1}, "model": "item/quick2_pulling_2"},
		{"predicate": {"charged": 1}, "model": "item/quick2_arrow"},
		{"predicate": {"charged": 1, "firework": 1}, "model": "item/quick2_firework"}
	],
	"display": {
		"thirdperson_righthand": {
			"rotation": [0, 180, 0],
			"translation": [0, 7.25, -8.25],
			"scale": [1.36, 1.29, 1.18]
		},
		"thirdperson_lefthand": {
			"rotation": [0, 180, 0],
			"translation": [0, 7.25, -8.25],
			"scale": [1.36, 1.29, 1.18]
		},
		"firstperson_righthand": {
			"rotation": [-6, 180, 0],
			"translation": [-4.25, 9.25, 0.75]
		},
		"firstperson_lefthand": {
			"rotation": [-6, 180, 0],
			"translation": [-4.25, 9.25, 0.75]
		},
		"ground": {
			"translation": [0, 5, 4]
		},
		"gui": {
			"rotation": [20, -25, 0],
			"translation": [-2, 5, 0],
			"scale": [1.5, 1.5, 1.5]
		},
		"head": {
			"rotation": [0, -90, 0],
			"translation": [-5.75, 7, -0.75],
			"scale": [1.5, 1.5, 1.5]
		},
		"fixed": {
			"rotation": [0, 90, 0],
			"translation": [5, 9, 0],
			"scale": [2.5, 2.5, 2.5]
		}
	},
	"groups": [
		{
			"name": "crossbow",
			"origin": [8, 8, 8],
			"color": 0,
			"children": [
				{
					"name": "body",
					"origin": [8, 8, 8],
					"color": 0,
					"children": [0, 1, 2, 3, 4, 5, 6, 7, 8, 9, 10, 11, 12, 13, 14, 15, 16, 17, 18, 19, 20]
				},
				{
					"name": "upper",
					"origin": [8, 8, 8],
					"color": 0,
					"children": [21, 22, 23, 24]
				},
				{
					"name": "triggergroup",
					"origin": [8, 8, 8],
					"color": 0,
					"children": [25, 26, 27, 28, 29, 30]
				},
				{
					"name": "rail",
					"origin": [8, 8, 8],
					"color": 0,
					"children": [31, 32, 33, 34]
				},
				{
					"name": "scope",
					"origin": [8, 8, 8],
					"color": 0,
					"children": [35, 36, 37, 38, 39, 40, 41, 42, 43, 44, 45]
				}
			]
		}
	]
}