{
	"credit": "Made with Blockbench",
	"textures": {
		"0": "item/crossbow2",
		"particle": "item/crossbow2"
	},
	"elements": [
		{
			"name": "pad",
			"from": [7.6, 0.94663, -6.41759],
			"to": [8.5, 3.14663, -4.91759],
			"rotation": {"angle": 0, "axis": "y", "origin": [8.05, 1.94663, -6.01759]},
			"faces": {
				"north": {"uv": [5.5, 5, 6.4, 7.2], "rotation": 180, "texture": "#0", "cullface": "north"},
				"east": {"uv": [5.5, 5, 7, 7.2], "rotation": 180, "texture": "#0"},
				"south": {"uv": [5.5, 5, 6.4, 7.2], "rotation": 180, "texture": "#0"},
				"west": {"uv": [5.5, 5, 7, 7.2], "rotation": 180, "texture": "#0"},
				"up": {"uv": [5.5, 5, 7, 5.9], "rotation": 270, "texture": "#0"},
				"down": {"uv": [5.5, 5, 7, 5.9], "rotation": 270, "texture": "#0"}
			}
		},
		{
			"name": "pad2",
			"from": [7.7, 0.44663, -6.51759],
			"to": [8.4, 0.94663, -5.61759],
			"rotation": {"angle": 0, "axis": "y", "origin": [8.05, 1.94663, -6.01759]},
			"faces": {
				"north": {"uv": [5.5, 5, 6.2, 5.5], "rotation": 180, "texture": "#0", "cullface": "north"},
				"east": {"uv": [5.5, 5, 6.4, 5.5], "rotation": 180, "texture": "#0"},
				"south": {"uv": [5.5, 5, 6.2, 5.5], "rotation": 180, "texture": "#0"},
				"west": {"uv": [5.5, 5, 6.4, 5.5], "rotation": 180, "texture": "#0"},
				"up": {"uv": [5.5, 5, 6.4, 5.7], "rotation": 270, "texture": "#0"},
				"down": {"uv": [5.5, 5, 6.4, 5.7], "rotation": 270, "texture": "#0"}
			}
		},
		{
			"name": "stock",
			"from": [7.7, 3.14663, -6.51759],
			"to": [8.4, 3.64663, -0.21759],
			"rotation": {"angle": 0, "axis": "y", "origin": [8.05, 1.94663, -6.31759]},
			"faces": {
				"north": {"uv": [5.5, 5, 6.2, 5.5], "rotation": 180, "texture": "#0", "cullface": "north"},
				"east": {"uv": [5.5, 5, 11.8, 5.5], "rotation": 180, "texture": "#0"},
				"south": {"uv": [5.5, 5, 6.2, 5.5], "rotation": 180, "texture": "#0"},
				"west": {"uv": [5.5, 5, 11.8, 5.5], "rotation": 180, "texture": "#0"},
				"up": {"uv": [5.5, 5, 11.8, 5.7], "rotation": 270, "texture": "#0"},
				"down": {"uv": [5.5, 5, 11.8, 5.7], "rotation": 270, "texture": "#0"}
			}
		},
		{
			"name": "stock1",
			"from": [7.9, 0.55382, -5.77869],
			"to": [8.2, 2.25382, -1.57869],
			"rotation": {"angle": -22.5, "axis": "x", "origin": [7.65, 0.75382, -5.47869]},
			"faces": {
				"north": {"uv": [5.5, 5, 5.8, 6.7], "rotation": 180, "texture": "#0", "cullface": "north"},
				"east": {"uv": [5.5, 5, 9.7, 6.7], "rotation": 180, "texture": "#0"},
				"south": {"uv": [5.5, 5, 5.8, 6.7], "rotation": 180, "texture": "#0"},
				"west": {"uv": [5.5, 5, 9.7, 6.7], "rotation": 180, "texture": "#0"},
				"up": {"uv": [5.5, 5, 9.7, 5.3], "rotation": 270, "texture": "#0"},
				"down": {"uv": [5.5, 5, 9.7, 5.3], "rotation": 270, "texture": "#0"}
			}
		},
		{
			"name": "stock2",
			"from": [7.9, 2.28235, -0.48896],
			"to": [8.2, 3.38235, 0.41104],
			"rotation": {"angle": 22.5, "axis": "x", "origin": [7.65, 2.83235, 0.31104]},
			"faces": {
				"north": {"uv": [5.5, 5, 5.8, 6.1], "texture": "#0", "cullface": "north"},
				"east": {"uv": [5.5, 5, 6.6, 5.9], "rotation": 270, "texture": "#0"},
				"south": {"uv": [5.5, 5, 5.8, 6.1], "rotation": 180, "texture": "#0"},
				"west": {"uv": [5.5, 5, 6.4, 6.1], "texture": "#0"},
				"up": {"uv": [5.5, 5, 6.4, 5.3], "rotation": 270, "texture": "#0"},
				"down": {"uv": [5.5, 5, 5.8, 5.9], "texture": "#0"}
			}
		},
		{
			"name": "stock5",
			"from": [7.75, 1.31301, -0.14308],
			"to": [8.35, 3.01301, 0.85692],
			"rotation": {"angle": 22.5, "axis": "x", "origin": [7.85, 2.86301, 0.25692]},
			"faces": {
				"north": {"uv": [5.5, 5, 7.2, 5.6], "rotation": 90, "texture": "#0", "cullface": "north"},
				"east": {"uv": [5.5, 5, 7.2, 6], "rotation": 270, "texture": "#0"},
				"south": {"uv": [5.5, 5, 7.2, 5.6], "rotation": 270, "texture": "#0"},
				"west": {"uv": [5.5, 5, 7.2, 6], "rotation": 90, "texture": "#0"},
				"up": {"uv": [5.5, 5, 6.1, 6], "rotation": 180, "texture": "#0"},
				"down": {"uv": [5.5, 5, 6.1, 6], "texture": "#0"}
			}
		},
		{
			"name": "stock6",
			"from": [7.8, 2.62591, -0.14707],
			"to": [8.3, 3.52591, 1.85293],
			"rotation": {"angle": -22.5, "axis": "x", "origin": [7.85, 3.32591, 0.70293]},
			"faces": {
				"north": {"uv": [5.5, 5, 6, 5.9], "rotation": 180, "texture": "#0"},
				"east": {"uv": [5.5, 5, 7.5, 5.9], "rotation": 180, "texture": "#0"},
				"south": {"uv": [5.5, 5, 6, 5.9], "rotation": 180, "texture": "#0"},
				"west": {"uv": [5.5, 5, 7.5, 5.9], "rotation": 180, "texture": "#0"},
				"up": {"uv": [5.5, 5, 7.5, 5.5], "rotation": 270, "texture": "#0"},
				"down": {"uv": [5.5, 5, 7.5, 5.5], "rotation": 270, "texture": "#0"}
			}
		},
		{
			"name": "stock7",
			"from": [7.6, 2.04663, -4.91759],
			"to": [8.5, 3.14663, -0.01759],
			"rotation": {"angle": 0, "axis": "y", "origin": [8.05, 1.94663, -6.31759]},
			"faces": {
				"north": {"uv": [5.5, 5, 6.4, 6.1], "rotation": 180, "texture": "#0", "cullface": "north"},
				"east": {"uv": [5.5, 5, 10.4, 6.1], "rotation": 180, "texture": "#0"},
				"south": {"uv": [5.5, 5, 6.4, 6.1], "rotation": 180, "texture": "#0"},
				"west": {"uv": [5.5, 5, 10.4, 6.1], "rotation": 180, "texture": "#0"},
				"up": {"uv": [5.5, 5, 10.4, 5.9], "rotation": 270, "texture": "#0"},
				"down": {"uv": [5.5, 5, 10.4, 5.9], "rotation": 270, "texture": "#0"}
			}
		},
		{
			"name": "body",
			"from": [7.7, 3.14107, 2.05101],
			"to": [8.4, 4.04107, 2.55101],
			"rotation": {"angle": 0, "axis": "x", "origin": [7.55, 4.44107, 2.70101]},
			"faces": {
				"north": {"uv": [0, 0, 0.7, 0.9], "rotation": 180, "texture": "#0"},
				"east": {"uv": [0, 0, 0.5, 0.9], "rotation": 180, "texture": "#0"},
				"south": {"uv": [0, 0, 0.7, 0.9], "rotation": 180, "texture": "#0"},
				"west": {"uv": [0, 0, 0.5, 0.9], "rotation": 180, "texture": "#0"},
				"up": {"uv": [0, 0, 0.7, 0.5], "rotation": 180, "texture": "#0"},
				"down": {"uv": [0, 0, 0.7, 0.5], "rotation": 180, "texture": "#0"}
			}
		},
		{
			"name": "body1",
			"from": [7.8, 3.10416, 1.85726],
			"to": [8.3, 4.00416, 2.85726],
			"rotation": {"angle": -22.5, "axis": "x", "origin": [7.95, 3.55416, 1.90726]},
			"faces": {
				"north": {"uv": [0, 0, 0.5, 0.9], "rotation": 180, "texture": "#0"},
				"east": {"uv": [0, 0, 1, 0.9], "rotation": 180, "texture": "#0"},
				"south": {"uv": [0, 0, 0.5, 0.9], "rotation": 180, "texture": "#0"},
				"west": {"uv": [0, 0, 1, 0.9], "rotation": 180, "texture": "#0"},
				"up": {"uv": [0, 0, 0.5, 1], "rotation": 180, "texture": "#0"},
				"down": {"uv": [0, 0, 0.5, 1], "rotation": 180, "texture": "#0"}
			}
		},
		{
			"name": "body2",
			"from": [7.7, 3.14107, 2.55101],
			"to": [8.4, 4.34107, 3.35101],
			"rotation": {"angle": 0, "axis": "y", "origin": [7.65, 4.14107, 2.70101]},
			"faces": {
				"north": {"uv": [0, 0, 0.7, 1.2], "rotation": 180, "texture": "#0"},
				"east": {"uv": [0, 0, 0.8, 1.2], "rotation": 180, "texture": "#0"},
				"south": {"uv": [0, 0, 0.7, 1.2], "rotation": 180, "texture": "#0"},
				"west": {"uv": [0, 0, 0.8, 1.2], "rotation": 180, "texture": "#0"},
				"up": {"uv": [0, 0, 0.7, 0.8], "rotation": 180, "texture": "#0"},
				"down": {"uv": [0, 0, 0.7, 0.8], "rotation": 180, "texture": "#0"}
			}
		},
		{
			"name": "body3",
			"from": [7.7, 3.14107, 3.35101],
			"to": [8.4, 3.64107, 5.05101],
			"rotation": {"angle": 0, "axis": "y", "origin": [7.65, 4.14107, 2.70101]},
			"faces": {
				"north": {"uv": [0, 0, 0.7, 0.5], "rotation": 180, "texture": "#0"},
				"east": {"uv": [0, 0, 1.7, 0.5], "rotation": 180, "texture": "#0"},
				"south": {"uv": [0, 0, 0.7, 0.5], "rotation": 180, "texture": "#0"},
				"west": {"uv": [0, 0, 1.7, 0.5], "rotation": 180, "texture": "#0"},
				"up": {"uv": [0, 0, 0.7, 1.7], "rotation": 180, "texture": "#0"},
				"down": {"uv": [0, 0, 0.7, 1.7], "rotation": 180, "texture": "#0"}
			}
		},
		{
			"name": "pin",
			"from": [7.6, 3.34107, 4.75101],
			"to": [8.5, 3.44107, 4.85101],
			"rotation": {"angle": 0, "axis": "y", "origin": [8.05, 3.39107, 4.80101]},
			"faces": {
				"north": {"uv": [1, 5.25, 1.9, 5.35], "rotation": 180, "texture": "#0"},
				"east": {"uv": [1, 5.25, 1.1, 5.35], "rotation": 180, "texture": "#0"},
				"south": {"uv": [1, 5.25, 1.9, 5.35], "rotation": 180, "texture": "#0"},
				"west": {"uv": [1, 5.25, 1.1, 5.35], "rotation": 180, "texture": "#0"},
				"up": {"uv": [1, 5.25, 1.9, 5.35], "rotation": 180, "texture": "#0"},
				"down": {"uv": [1, 5.25, 1.9, 5.35], "rotation": 180, "texture": "#0"}
			}
		},
		{
			"name": "pin1",
			"from": [7.65, 3.29107, 4.70101],
			"to": [8.45, 3.49107, 4.90101],
			"rotation": {"angle": 0, "axis": "y", "origin": [8.05, 3.39107, 4.80101]},
			"faces": {
				"north": {"uv": [1, 5.25, 1.8, 5.45], "rotation": 180, "texture": "#0"},
				"east": {"uv": [1, 5.25, 1.2, 5.45], "rotation": 180, "texture": "#0"},
				"south": {"uv": [1, 5.25, 1.8, 5.45], "rotation": 180, "texture": "#0"},
				"west": {"uv": [1, 5.25, 1.2, 5.45], "rotation": 180, "texture": "#0"},
				"up": {"uv": [1, 5.25, 1.8, 5.45], "rotation": 180, "texture": "#0"},
				"down": {"uv": [1, 5.25, 1.8, 5.45], "rotation": 180, "texture": "#0"}
			}
		},
		{
			"name": "release",
			"from": [7.9, 4.00416, 1.75726],
			"to": [8.2, 4.20416, 2.05726],
			"rotation": {"angle": -22.5, "axis": "x", "origin": [7.95, 3.55416, 1.90726]},
			"faces": {
				"north": {"uv": [0, 0, 0.3, 0.2], "rotation": 180, "texture": "#0"},
				"east": {"uv": [0, 0, 0.3, 0.2], "rotation": 180, "texture": "#0"},
				"south": {"uv": [0, 0, 0.3, 0.2], "rotation": 180, "texture": "#0"},
				"west": {"uv": [0, 0, 0.3, 0.2], "rotation": 180, "texture": "#0"},
				"up": {"uv": [0, 0, 0.3, 0.3], "rotation": 180, "texture": "#0"},
				"down": {"uv": [0, 0, 0.3, 0.3], "rotation": 180, "texture": "#0"}
			}
		},
		{
			"name": "release1",
			"from": [8, 4.15416, 1.20726],
			"to": [8.1, 4.25416, 1.90726],
			"rotation": {"angle": -22.5, "axis": "x", "origin": [7.95, 3.55416, 1.90726]},
			"faces": {
				"north": {"uv": [0, 0, 0.1, 0.1], "rotation": 180, "texture": "#0"},
				"east": {"uv": [0, 0, 0.7, 0.1], "rotation": 180, "texture": "#0"},
				"south": {"uv": [0, 0, 0.1, 0.1], "rotation": 180, "texture": "#0"},
				"west": {"uv": [0, 0, 0.7, 0.1], "rotation": 180, "texture": "#0"},
				"up": {"uv": [0, 0, 0.1, 0.7], "rotation": 180, "texture": "#0"},
				"down": {"uv": [0, 0, 0.1, 0.7], "rotation": 180, "texture": "#0"}
			}
		},
		{
			"name": "hammer",
			"from": [8, 4.37097, 2.28073],
			"to": [8.1, 4.67097, 2.48073],
			"rotation": {"angle": -22.5, "axis": "x", "origin": [8.05, 4.13131, 2.48967]},
			"faces": {
				"north": {"uv": [1, 5.25, 1.1, 5.55], "rotation": 180, "texture": "#0"},
				"east": {"uv": [1, 5.25, 1.2, 5.55], "rotation": 180, "texture": "#0"},
				"south": {"uv": [1, 5.25, 1.1, 5.55], "rotation": 180, "texture": "#0"},
				"west": {"uv": [1, 5.25, 1.2, 5.55], "rotation": 180, "texture": "#0"},
				"up": {"uv": [1, 5.25, 1.1, 5.45], "rotation": 180, "texture": "#0"},
				"down": {"uv": [1, 5.25, 1.1, 5.45], "rotation": 180, "texture": "#0"}
			}
		},
		{
			"name": "hammer1",
			"from": [7.9, 3.96453, 2.06623],
			"to": [8.2, 4.36453, 2.46623],
			"rotation": {"angle": -22.5, "axis": "x", "origin": [8.05, 4.16453, 2.46623]},
			"faces": {
				"north": {"uv": [1, 5.25, 1.3, 5.65], "rotation": 180, "texture": "#0"},
				"east": {"uv": [1, 5.25, 1.4, 5.65], "rotation": 180, "texture": "#0"},
				"south": {"uv": [1, 5.25, 1.3, 5.65], "rotation": 180, "texture": "#0"},
				"west": {"uv": [1, 5.25, 1.4, 5.65], "rotation": 180, "texture": "#0"},
				"up": {"uv": [1, 5.25, 1.3, 5.65], "rotation": 180, "texture": "#0"},
				"down": {"uv": [1, 5.25, 1.3, 5.65], "rotation": 180, "texture": "#0"}
			}
		},
		{
			"name": "trigger",
			"from": [8, 2.60416, 1.95726],
			"to": [8.1, 3.10416, 2.15726],
			"rotation": {"angle": -22.5, "axis": "x", "origin": [7.95, 3.55416, 1.90726]},
			"faces": {
				"north": {"uv": [1, 5.25, 1.1, 5.75], "rotation": 180, "texture": "#0"},
				"east": {"uv": [1, 5.25, 1.2, 5.75], "rotation": 180, "texture": "#0"},
				"south": {"uv": [1, 5.25, 1.1, 5.75], "rotation": 180, "texture": "#0"},
				"west": {"uv": [1, 5.25, 1.2, 5.75], "rotation": 180, "texture": "#0"},
				"up": {"uv": [1, 5.25, 1.1, 5.45], "rotation": 180, "texture": "#0"},
				"down": {"uv": [1, 5.25, 1.1, 5.45], "rotation": 180, "texture": "#0"}
			}
		},
		{
			"name": "guard",
			"from": [7.9, 2.54243, 1.74965],
			"to": [8.2, 3.14243, 1.84965],
			"rotation": {"angle": -22.5, "axis": "x", "origin": [7.95, 3.49243, 1.99965]},
			"faces": {
				"north": {"uv": [0, 0, 0.3, 0.6], "rotation": 180, "texture": "#0"},
				"east": {"uv": [0, 0, 0.1, 0.6], "rotation": 180, "texture": "#0"},
				"south": {"uv": [0, 0, 0.3, 0.6], "rotation": 180, "texture": "#0"},
				"west": {"uv": [0, 0, 0.1, 0.6], "rotation": 180, "texture": "#0"},
				"up": {"uv": [0, 0, 0.3, 0.1], "rotation": 180, "texture": "#0"},
				"down": {"uv": [0, 0, 0.3, 0.1], "rotation": 180, "texture": "#0"}
			}
		},
		{
			"name": "guard1",
			"from": [7.9, 2.51907, 2.13223],
			"to": [8.2, 2.61907, 2.93223],
			"rotation": {"angle": 0, "axis": "x", "origin": [7.95, 3.46907, 2.48223]},
			"faces": {
				"north": {"uv": [0, 0, 0.3, 0.1], "rotation": 180, "texture": "#0"},
				"east": {"uv": [0, 0, 0.8, 0.1], "rotation": 180, "texture": "#0"},
				"south": {"uv": [0, 0, 0.3, 0.1], "rotation": 180, "texture": "#0"},
				"west": {"uv": [0, 0, 0.8, 0.1], "rotation": 180, "texture": "#0"},
				"up": {"uv": [0, 0, 0.3, 0.8], "rotation": 180, "texture": "#0"},
				"down": {"uv": [0, 0, 0.3, 0.8], "rotation": 180, "texture": "#0"}
			}
		},
		{
			"name": "guard2",
			"from": [7.9, 2.38935, 3.18436],
			"to": [8.2, 3.08935, 3.28436],
			"rotation": {"angle": 22.5, "axis": "x", "origin": [7.95, 3.33935, 3.43436]},
			"faces": {
				"north": {"uv": [0, 0, 0.3, 0.7], "rotation": 180, "texture": "#0"},
				"east": {"uv": [0, 0, 0.1, 0.7], "rotation": 180, "texture": "#0"},
				"south": {"uv": [0, 0, 0.3, 0.7], "rotation": 180, "texture": "#0"},
				"west": {"uv": [0, 0, 0.1, 0.7], "rotation": 180, "texture": "#0"},
				"up": {"uv": [0, 0, 0.3, 0.1], "rotation": 180, "texture": "#0"},
				"down": {"uv": [0, 0, 0.3, 0.1], "rotation": 180, "texture": "#0"}
			}
		},
		{
			"name": "breach",
			"from": [8.2, 3.64107, 3.35101],
			"to": [8.4, 4.34107, 4.55101],
			"rotation": {"angle": 0, "axis": "x", "origin": [8.05, 3.3911, 4.801]},
			"faces": {
				"north": {"uv": [0, 0, 0.2, 0.7], "rotation": 180, "texture": "#0"},
				"east": {"uv": [0, 0, 1.2, 0.7], "rotation": 180, "texture": "#0"},
				"south": {"uv": [0, 0, 0.2, 0.7], "rotation": 180, "texture": "#0"},
				"west": {"uv": [0, 0, 1.2, 0.7], "rotation": 180, "texture": "#0"},
				"up": {"uv": [0, 0, 0.2, 1.2], "rotation": 180, "texture": "#0"},
				"down": {"uv": [0, 0, 0.2, 1.2], "rotation": 180, "texture": "#0"}
			}
		},
		{
			"name": "breach1",
			"from": [7.7, 3.64107, 3.35101],
			"to": [7.9, 4.34107, 4.55101],
			"rotation": {"angle": 0, "axis": "x", "origin": [8.05, 3.3911, 4.801]},
			"faces": {
				"north": {"uv": [0, 0, 0.2, 0.7], "rotation": 180, "texture": "#0"},
				"east": {"uv": [0, 0, 1.2, 0.7], "rotation": 180, "texture": "#0"},
				"south": {"uv": [0, 0, 0.2, 0.7], "rotation": 180, "texture": "#0"},
				"west": {"uv": [0, 0, 1.2, 0.7], "rotation": 180, "texture": "#0"},
				"up": {"uv": [0, 0, 0.2, 1.2], "rotation": 180, "texture": "#0"},
				"down": {"uv": [0, 0, 0.2, 1.2], "rotation": 180, "texture": "#0"}
			}
		},
		{
			"name": "breach2",
			"from": [7.9, 3.64107, 3.35101],
			"to": [8.2, 3.84107, 4.55101],
			"rotation": {"angle": 0, "axis": "x", "origin": [8.05, 3.3911, 4.801]},
			"faces": {
				"north": {"uv": [0, 0, 0.3, 0.2], "rotation": 180, "texture": "#0"},
				"east": {"uv": [0, 0, 1.2, 0.2], "rotation": 180, "texture": "#0"},
				"south": {"uv": [0, 0, 0.3, 0.2], "rotation": 180, "texture": "#0"},
				"west": {"uv": [0, 0, 1.2, 0.2], "rotation": 180, "texture": "#0"},
				"up": {"uv": [0, 0, 0.3, 1.2], "rotation": 180, "texture": "#0"},
				"down": {"uv": [0, 0, 0.3, 1.2], "rotation": 180, "texture": "#0"}
			}
		},
		{
			"name": "breach3",
			"from": [7.9, 4.14107, 3.35101],
			"to": [8.2, 4.34107, 4.55101],
			"rotation": {"angle": 0, "axis": "x", "origin": [8.05, 3.3911, 4.801]},
			"faces": {
				"north": {"uv": [0, 0, 0.3, 0.2], "rotation": 180, "texture": "#0"},
				"east": {"uv": [0, 0, 1.2, 0.2], "rotation": 180, "texture": "#0"},
				"south": {"uv": [0, 0, 0.3, 0.2], "rotation": 180, "texture": "#0"},
				"west": {"uv": [0, 0, 1.2, 0.2], "rotation": 180, "texture": "#0"},
				"up": {"uv": [0, 0, 0.3, 1.2], "rotation": 180, "texture": "#0"},
				"down": {"uv": [0, 0, 0.3, 1.2], "rotation": 180, "texture": "#0"}
			}
		},
		{
			"name": "breach4",
			"from": [7.7, 3.64107, 4.55101],
			"to": [8.4, 4.34107, 5.15101],
			"rotation": {"angle": 0, "axis": "x", "origin": [8.05, 3.3911, 4.801]},
			"faces": {
				"north": {"uv": [0, 0, 0.7, 0.7], "rotation": 180, "texture": "#0"},
				"east": {"uv": [0, 0, 0.6, 0.7], "rotation": 180, "texture": "#0"},
				"south": {"uv": [0, 0, 0.7, 0.7], "rotation": 180, "texture": "#0"},
				"west": {"uv": [0, 0, 0.6, 0.7], "rotation": 180, "texture": "#0"},
				"up": {"uv": [0, 0, 0.7, 0.6], "rotation": 180, "texture": "#0"},
				"down": {"uv": [0, 0, 0.7, 0.6], "rotation": 180, "texture": "#0"}
			}
		},
		{
			"name": "barrel",
			"from": [7.8, 3.74107, 4.95101],
			"to": [8.3, 4.24107, 15.75101],
			"rotation": {"angle": 0, "axis": "x", "origin": [8.05, 3.3911, 4.801]},
			"faces": {
				"north": {"uv": [0, 0, 0.5, 0.5], "rotation": 180, "texture": "#0"},
				"east": {"uv": [0, 0, 10.8, 0.5], "rotation": 180, "texture": "#0"},
				"south": {"uv": [14.825, 3.8, 15.675, 4.7], "rotation": 180, "texture": "#0"},
				"west": {"uv": [0, 0, 10.8, 0.5], "rotation": 180, "texture": "#0"},
				"up": {"uv": [0, 0, 10.8, 0.5], "rotation": 270, "texture": "#0"},
				"down": {"uv": [0, 0, 10.8, 0.5], "rotation": 270, "texture": "#0"}
			}
		},
		{
			"name": "sight",
			"from": [8, 4.24107, 15.15101],
			"to": [8.1, 4.54107, 15.45101],
			"rotation": {"angle": 0, "axis": "x", "origin": [8.05, 3.3911, 4.801]},
			"faces": {
				"north": {"uv": [0, 0, 0.1, 0.3], "rotation": 180, "texture": "#0"},
				"east": {"uv": [0, 0, 0.3, 0.3], "rotation": 180, "texture": "#0"},
				"south": {"uv": [0, 0, 0.1, 0.3], "rotation": 180, "texture": "#0"},
				"west": {"uv": [0, 0, 0.3, 0.3], "rotation": 180, "texture": "#0"},
				"up": {"uv": [0, 0, 0.1, 0.3], "rotation": 180, "texture": "#0"},
				"down": {"uv": [0, 0, 0.1, 0.3], "rotation": 180, "texture": "#0"}
			}
		},
		{
			"name": "sight1",
			"from": [7.9, 4.24107, 5.15101],
			"to": [8, 4.54107, 5.35101],
			"rotation": {"angle": 0, "axis": "x", "origin": [8.05, 3.3911, 4.801]},
			"faces": {
				"north": {"uv": [0, 0, 0.1, 0.3], "rotation": 180, "texture": "#0"},
				"east": {"uv": [0, 0, 0.2, 0.3], "rotation": 180, "texture": "#0"},
				"south": {"uv": [0, 0, 0.1, 0.3], "rotation": 180, "texture": "#0"},
				"west": {"uv": [0, 0, 0.2, 0.3], "rotation": 180, "texture": "#0"},
				"up": {"uv": [0, 0, 0.1, 0.2], "rotation": 180, "texture": "#0"},
				"down": {"uv": [0, 0, 0.1, 0.2], "rotation": 180, "texture": "#0"}
			}
		},
		{
			"name": "sight2",
			"from": [8.1, 4.24107, 5.15101],
			"to": [8.2, 4.54107, 5.35101],
			"rotation": {"angle": 0, "axis": "x", "origin": [8.05, 3.3911, 4.801]},
			"faces": {
				"north": {"uv": [0, 0, 0.1, 0.3], "rotation": 180, "texture": "#0"},
				"east": {"uv": [0, 0, 0.2, 0.3], "rotation": 180, "texture": "#0"},
				"south": {"uv": [0, 0, 0.1, 0.3], "rotation": 180, "texture": "#0"},
				"west": {"uv": [0, 0, 0.2, 0.3], "rotation": 180, "texture": "#0"},
				"up": {"uv": [0, 0, 0.1, 0.2], "rotation": 180, "texture": "#0"},
				"down": {"uv": [0, 0, 0.1, 0.2], "rotation": 180, "texture": "#0"}
			}
		},
		{
			"name": "body",
			"from": [7.8, 3.24107, 4.65101],
			"to": [8.3, 3.84107, 5.15101],
			"rotation": {"angle": 0, "axis": "x", "origin": [8.05, 3.3911, 4.801]},
			"faces": {
				"north": {"uv": [0, 0, 0.5, 0.6], "rotation": 180, "texture": "#0"},
				"east": {"uv": [0, 0, 0.5, 0.6], "rotation": 180, "texture": "#0"},
				"south": {"uv": [0, 0, 0.5, 0.6], "rotation": 180, "texture": "#0"},
				"west": {"uv": [0, 0, 0.5, 0.6], "rotation": 180, "texture": "#0"},
				"up": {"uv": [0, 0, 0.5, 0.5], "rotation": 180, "texture": "#0"},
				"down": {"uv": [0, 0, 0.5, 0.5], "rotation": 180, "texture": "#0"}
			}
		},
		{
			"name": "grip",
			"from": [7.7, 3.14107, 5.15101],
			"to": [8.4, 3.84107, 8.75101],
			"rotation": {"angle": 0, "axis": "x", "origin": [8.05, 3.3911, 4.801]},
			"faces": {
				"north": {"uv": [5.75, 5, 6.45, 5.7], "rotation": 180, "texture": "#0"},
				"east": {"uv": [5.75, 5, 9.35, 5.7], "rotation": 180, "texture": "#0"},
				"south": {"uv": [5.75, 5, 6.45, 5.7], "rotation": 180, "texture": "#0"},
				"west": {"uv": [5.75, 5, 9.35, 5.7], "rotation": 180, "texture": "#0"},
				"up": {"uv": [5.75, 5, 9.35, 5.7], "rotation": 270, "texture": "#0"},
				"down": {"uv": [5.75, 5, 9.35, 5.7], "rotation": 270, "texture": "#0"}
			}
		},
		{
			"name": "grip1",
			"from": [7.7, 3.24107, 8.75101],
			"to": [8.4, 3.84107, 10.95101],
			"rotation": {"angle": 0, "axis": "x", "origin": [8.05, 3.3911, 4.801]},
			"faces": {
				"north": {"uv": [5.75, 5, 6.45, 5.6], "rotation": 180, "texture": "#0"},
				"east": {"uv": [5.75, 5, 7.95, 5.6], "rotation": 180, "texture": "#0"},
				"south": {"uv": [5.75, 5, 6.45, 5.6], "rotation": 180, "texture": "#0"},
				"west": {"uv": [5.75, 5, 7.95, 5.6], "rotation": 180, "texture": "#0"},
				"up": {"uv": [5.75, 5, 7.95, 5.7], "rotation": 270, "texture": "#0"},
				"down": {"uv": [5.75, 5, 7.95, 5.7], "rotation": 270, "texture": "#0"}
			}
		}
	],
	"overrides": [
		{"predicate": {"pulling": 1}, "model": "item/crossbow_pulling_0"},
		{"predicate": {"pulling": 1, "pull": 0.58}, "model": "item/crossbow_pulling_1"},
		{"predicate": {"pulling": 1, "pull": 1}, "model": "item/crossbow_pulling_2"},
		{"predicate": {"charged": 1}, "model": "item/crossbow_arrow"},
		{"predicate": {"charged": 1, "firework": 1}, "model": "item/crossbow_firework"}
	],
	"display": {
		"thirdperson_righthand": {
			"rotation": [-11, 180, 0],
			"translation": [0.25, 4, -6.25],
			"scale": [2.21, 1, 1]
		},
		"thirdperson_lefthand": {
			"rotation": [-11, 180, 0],
			"translation": [0.25, 4, -6.25],
			"scale": [2.21, 1, 1]
		},
		"firstperson_righthand": {
			"rotation": [-6, 180, 0],
			"translation": [-3.75, 9.25, 0.75]
		},
		"firstperson_lefthand": {
			"rotation": [-6, 180, 0],
			"translation": [-3.75, 9.25, 0.75]
		},
		"ground": {
			"translation": [0, 5, 4]
		},
		"gui": {
			"rotation": [20, -25, 0],
			"translation": [-2, 4.75, 0],
			"scale": [1.5, 1.5, 1.5]
		},
		"head": {
			"rotation": [0, -90, 0],
			"translation": [-6.25, 7.5, -0.75],
			"scale": [1.5, 1.5, 1.5]
		},
		"fixed": {
			"rotation": [0, 90, 0],
			"translation": [6.5, 9, 0],
			"scale": [2.5, 2.5, 2.5]
		}
	},
	"groups": [
		{
			"name": "crossbow",
			"origin": [8, 8, 8],
			"color": 0,
			"children": [
				{
					"name": "stock",
					"origin": [8, 8, 8],
					"color": 0,
					"children": [0, 1, 2, 3, 4, 5, 6, 7]
				},
				{
					"name": "back",
					"origin": [8, 8, 8],
					"color": 0,
					"children": [8, 9, 10, 11, 12, 13, 14, 15, 16, 17, 18, 19, 20, 21]
				},
				{
					"name": "front",
					"origin": [8, 8, 8],
					"color": 0,
					"children": [22, 23, 24, 25, 26, 27, 28, 29, 30, 31, 32, 33]
				}
			]
		}
	]
}