{
	"credit": "Made By Ubalube",
	"textures": {
		"texture": "guns/gray7",
		"texture1": "guns/brown1",
		"particle": "blocks/e_particle"
	},
	"elements": [
		{
			"name": "Box1",
			"from": [-15, 9.5, -2],
			"to": [4, 11, -0.5],
			"faces": {
				"north": {"uv": [12, 5, 16, 6.5], "texture": "#texture"},
				"east": {"uv": [0.5, 5, 2, 6.5], "texture": "#texture"},
				"south": {"uv": [0, 5, 4, 6.5], "texture": "#texture"},
				"west": {"uv": [14, 5, 15.5, 6.5], "texture": "#texture"},
				"up": {"uv": [0, 14, 4, 15.5], "texture": "#texture"},
				"down": {"uv": [0, 0.5, 4, 2], "texture": "#texture"}
			}
		},
		{
			"name": "Box1",
			"from": [-15, 9.5, 0],
			"to": [4, 11, 1.5],
			"faces": {
				"north": {"uv": [12, 5, 16, 6.5], "texture": "#texture"},
				"east": {"uv": [14.5, 5, 16, 6.5], "texture": "#texture"},
				"south": {"uv": [0, 5, 4, 6.5], "texture": "#texture"},
				"west": {"uv": [0, 5, 1.5, 6.5], "texture": "#texture"},
				"up": {"uv": [0, 0, 4, 1.5], "texture": "#texture"},
				"down": {"uv": [0, 14.5, 4, 16], "texture": "#texture"}
			}
		},
		{
			"name": "Box3",
			"from": [-15, 9.75, -0.75],
			"to": [4, 10.75, -0.25],
			"faces": {
				"north": {"uv": [12, 5.25, 16, 6.25], "texture": "#texture"},
				"east": {"uv": [0.25, 5.25, 0.75, 6.25], "texture": "#texture"},
				"south": {"uv": [0, 5.25, 4, 6.25], "texture": "#texture"},
				"west": {"uv": [15.25, 5.25, 15.75, 6.25], "texture": "#texture"},
				"up": {"uv": [0, 15.25, 4, 15.75], "texture": "#texture"},
				"down": {"uv": [0, 0.25, 4, 0.75], "texture": "#texture"}
			}
		},
		{
			"name": "Box3",
			"from": [-15, 9.75, -0.25],
			"to": [4, 10.75, 0.25],
			"faces": {
				"north": {"uv": [12, 5.25, 16, 6.25], "texture": "#texture"},
				"east": {"uv": [15.75, 5.25, 16, 6.25], "texture": "#texture"},
				"south": {"uv": [0, 5.25, 4, 6.25], "texture": "#texture"},
				"west": {"uv": [0, 5.25, 0.25, 6.25], "texture": "#texture"},
				"up": {"uv": [0, 0, 4, 0.25], "texture": "#texture"},
				"down": {"uv": [0, 15.75, 4, 16], "texture": "#texture"}
			}
		},
		{
			"name": "Box3",
			"from": [-15, 9.75, 1.25],
			"to": [4, 10.75, 1.75],
			"faces": {
				"north": {"uv": [12, 5.25, 16, 6.25], "texture": "#texture"},
				"east": {"uv": [14.25, 5.25, 14.75, 6.25], "texture": "#texture"},
				"south": {"uv": [0, 5.25, 4, 6.25], "texture": "#texture"},
				"west": {"uv": [1.25, 5.25, 1.75, 6.25], "texture": "#texture"},
				"up": {"uv": [0, 1.25, 4, 1.75], "texture": "#texture"},
				"down": {"uv": [0, 14.25, 4, 14.75], "texture": "#texture"}
			}
		},
		{
			"name": "Box3",
			"from": [-15, 9.75, -2.25],
			"to": [4, 10.75, -1.75],
			"faces": {
				"north": {"uv": [12, 5.25, 16, 6.25], "texture": "#texture"},
				"east": {"uv": [1.75, 5.25, 2.25, 6.25], "texture": "#texture"},
				"south": {"uv": [0, 5.25, 4, 6.25], "texture": "#texture"},
				"west": {"uv": [13.75, 5.25, 14.25, 6.25], "texture": "#texture"},
				"up": {"uv": [0, 13.75, 4, 14.25], "texture": "#texture"},
				"down": {"uv": [0, 1.75, 4, 2.25], "texture": "#texture"}
			}
		},
		{
			"name": "Box3",
			"from": [-15, 9.25, -1.75],
			"to": [4, 9.75, -0.75],
			"faces": {
				"north": {"uv": [12, 6.25, 16, 6.75], "texture": "#texture"},
				"east": {"uv": [0.75, 6.25, 1.75, 6.75], "texture": "#texture"},
				"south": {"uv": [0, 6.25, 4, 6.75], "texture": "#texture"},
				"west": {"uv": [14.25, 6.25, 15.25, 6.75], "texture": "#texture"},
				"up": {"uv": [0, 14.25, 4, 15.25], "texture": "#texture"},
				"down": {"uv": [0, 0.75, 4, 1.75], "texture": "#texture"}
			}
		},
		{
			"name": "Box3",
			"from": [-15, 9.25, 0.25],
			"to": [4, 9.75, 1.25],
			"faces": {
				"north": {"uv": [12, 6.25, 16, 6.75], "texture": "#texture"},
				"east": {"uv": [14.75, 6.25, 15.75, 6.75], "texture": "#texture"},
				"south": {"uv": [0, 6.25, 4, 6.75], "texture": "#texture"},
				"west": {"uv": [0.25, 6.25, 1.25, 6.75], "texture": "#texture"},
				"up": {"uv": [0, 0.25, 4, 1.25], "texture": "#texture"},
				"down": {"uv": [0, 14.75, 4, 15.75], "texture": "#texture"}
			}
		},
		{
			"name": "Box3",
			"from": [-15, 10.75, 0.25],
			"to": [4, 11.25, 1.25],
			"faces": {
				"north": {"uv": [12, 4.75, 16, 5.25], "texture": "#texture"},
				"east": {"uv": [14.75, 4.75, 15.75, 5.25], "texture": "#texture"},
				"south": {"uv": [0, 4.75, 4, 5.25], "texture": "#texture"},
				"west": {"uv": [0.25, 4.75, 1.25, 5.25], "texture": "#texture"},
				"up": {"uv": [0, 0.25, 4, 1.25], "texture": "#texture"},
				"down": {"uv": [0, 14.75, 4, 15.75], "texture": "#texture"}
			}
		},
		{
			"name": "Box3",
			"from": [-15, 10.75, -1.75],
			"to": [4, 11.25, -0.75],
			"faces": {
				"north": {"uv": [12, 4.75, 16, 5.25], "texture": "#texture"},
				"east": {"uv": [0.75, 4.75, 1.75, 5.25], "texture": "#texture"},
				"south": {"uv": [0, 4.75, 4, 5.25], "texture": "#texture"},
				"west": {"uv": [14.25, 4.75, 15.25, 5.25], "texture": "#texture"},
				"up": {"uv": [0, 14.25, 4, 15.25], "texture": "#texture"},
				"down": {"uv": [0, 0.75, 4, 1.75], "texture": "#texture"}
			}
		},
		{
			"name": "Box11",
			"from": [-5, 9, -1.5],
			"to": [4, 10, 1],
			"faces": {
				"north": {"uv": [12, 6, 16, 7], "texture": "#texture1"},
				"east": {"uv": [15, 6, 16, 7], "texture": "#texture1"},
				"south": {"uv": [0, 6, 4, 7], "texture": "#texture1"},
				"west": {"uv": [0, 6, 1, 7], "texture": "#texture1"},
				"up": {"uv": [0, 0, 4, 1], "texture": "#texture1"},
				"down": {"uv": [0, 15, 4, 16], "texture": "#texture1"}
			}
		},
		{
			"name": "Box12",
			"from": [-5, 9, -1.5],
			"to": [-3, 10, 1],
			"rotation": {"angle": -22.5, "axis": "z", "origin": [-5, 9, -1.5]},
			"faces": {
				"north": {"uv": [0.5, 6, 5, 7], "texture": "#texture1"},
				"east": {"uv": [1, 6, 2, 7], "texture": "#texture1"},
				"south": {"uv": [11, 6, 15.5, 7], "texture": "#texture1"},
				"west": {"uv": [14, 6, 15, 7], "texture": "#texture1"},
				"up": {"uv": [11, 14, 15.5, 15], "texture": "#texture1"},
				"down": {"uv": [11, 1, 15.5, 2], "texture": "#texture1"}
			}
		},
		{
			"name": "Box13",
			"from": [-3.125, 8.25, -1.5],
			"to": [3.97332, 9.25, 1],
			"faces": {
				"north": {"uv": [12.125, 6.75, 16, 7.75], "texture": "#texture1"},
				"east": {"uv": [15, 6.75, 16, 7.75], "texture": "#texture1"},
				"south": {"uv": [0, 6.75, 3.875, 7.75], "texture": "#texture1"},
				"west": {"uv": [0, 6.75, 1, 7.75], "texture": "#texture1"},
				"up": {"uv": [0, 0, 3.875, 1], "texture": "#texture1"},
				"down": {"uv": [0, 15, 3.875, 16], "texture": "#texture1"}
			}
		},
		{
			"name": "Box14",
			"from": [0.5, 8.25, -1.5],
			"to": [1.5, 9.25, 1],
			"rotation": {"angle": -45, "axis": "z", "origin": [0.5, 8.25, -1.5]},
			"faces": {
				"north": {"uv": [13.5, 7, 15.5, 8], "texture": "#texture1"},
				"east": {"uv": [1, 7, 2, 8], "texture": "#texture1"},
				"south": {"uv": [0.5, 7, 2.5, 8], "texture": "#texture1"},
				"west": {"uv": [14, 7, 15, 8], "texture": "#texture1"},
				"up": {"uv": [0.5, 14, 2.5, 15], "texture": "#texture1"},
				"down": {"uv": [0.5, 1, 2.5, 2], "texture": "#texture1"}
			}
		},
		{
			"name": "Box16",
			"from": [1.2, 7.525, -1.5],
			"to": [3.7, 8.525, 1],
			"faces": {
				"north": {"uv": [12.3, 7.475, 14.8, 8.475], "texture": "#texture1"},
				"east": {"uv": [15, 7.475, 16, 8.475], "texture": "#texture1"},
				"south": {"uv": [1.2, 7.475, 3.7, 8.475], "texture": "#texture1"},
				"west": {"uv": [0, 7.475, 1, 8.475], "texture": "#texture1"},
				"up": {"uv": [1.2, 0, 3.7, 1], "texture": "#texture1"},
				"down": {"uv": [1.2, 15, 3.7, 16], "texture": "#texture1"}
			}
		},
		{
			"name": "Box16",
			"from": [3.5, 7.5, -1.5],
			"to": [4, 9, 1],
			"faces": {
				"north": {"uv": [12, 7, 12.5, 8.5], "texture": "#texture"},
				"east": {"uv": [15, 7, 16, 8.5], "texture": "#texture"},
				"south": {"uv": [3.5, 7, 4, 8.5], "texture": "#texture"},
				"west": {"uv": [0, 7, 1, 8.5], "texture": "#texture"},
				"up": {"uv": [3.5, 0, 4, 1], "texture": "#texture"},
				"down": {"uv": [3.5, 15, 4, 16], "texture": "#texture"}
			}
		},
		{
			"name": "Box17",
			"from": [4, 7.5, -1.5],
			"to": [7.5, 9.5, 1],
			"faces": {
				"north": {"uv": [8.5, 6.5, 12, 8.5], "texture": "#texture"},
				"east": {"uv": [15, 6.5, 16, 8.5], "texture": "#texture"},
				"south": {"uv": [4, 6.5, 7.5, 8.5], "texture": "#texture"},
				"west": {"uv": [0, 6.5, 1, 8.5], "texture": "#texture"},
				"up": {"uv": [4, 0, 7.5, 1], "texture": "#texture"},
				"down": {"uv": [4, 15, 7.5, 16], "texture": "#texture"}
			}
		},
		{
			"name": "Box18",
			"from": [4, 9.25, -1],
			"to": [6, 10.25, 0.5],
			"faces": {
				"north": {"uv": [10, 5.5, 12, 6.5], "texture": "#texture"},
				"east": {"uv": [15.5, 5.5, 16, 6.5], "texture": "#texture"},
				"south": {"uv": [4, 5.5, 6, 6.5], "texture": "#texture"},
				"west": {"uv": [0, 5.5, 0.5, 6.5], "texture": "#texture"},
				"up": {"uv": [4, 0, 6, 0.5], "texture": "#texture"},
				"down": {"uv": [4, 15.5, 6, 16], "texture": "#texture"}
			}
		},
		{
			"name": "Box19",
			"from": [6, 9.5, -1],
			"to": [7, 10, 0.5],
			"faces": {
				"north": {"uv": [9, 6, 10, 6.5], "texture": "#texture"},
				"east": {"uv": [15.5, 6, 16, 6.5], "texture": "#texture"},
				"south": {"uv": [6, 6, 7, 6.5], "texture": "#texture"},
				"west": {"uv": [0, 6, 0.5, 6.5], "texture": "#texture"},
				"up": {"uv": [6, 0, 7, 0.5], "texture": "#texture"},
				"down": {"uv": [6, 15.5, 7, 16], "texture": "#texture"}
			}
		},
		{
			"name": "Box20",
			"from": [4, 10, -1],
			"to": [5, 10.5, 0.5],
			"faces": {
				"north": {"uv": [11, 5.5, 12, 6], "texture": "#texture"},
				"east": {"uv": [15.5, 5.5, 16, 6], "texture": "#texture"},
				"south": {"uv": [4, 5.5, 5, 6], "texture": "#texture"},
				"west": {"uv": [0, 5.5, 0.5, 6], "texture": "#texture"},
				"up": {"uv": [4, 0, 5, 0.5], "texture": "#texture"},
				"down": {"uv": [4, 15.5, 5, 16], "texture": "#texture"}
			}
		},
		{
			"name": "Box21",
			"from": [2.5, 7.125, -1.25],
			"to": [7.5, 7.625, 0.75],
			"faces": {
				"north": {"uv": [8.5, 8.375, 13.5, 8.875], "texture": "#texture"},
				"east": {"uv": [15.25, 8.375, 16, 8.875], "texture": "#texture"},
				"south": {"uv": [2.5, 8.375, 7.5, 8.875], "texture": "#texture"},
				"west": {"uv": [0, 8.375, 0.75, 8.875], "texture": "#texture"},
				"up": {"uv": [2.5, 0, 7.5, 0.75], "texture": "#texture"},
				"down": {"uv": [2.5, 15.25, 7.5, 16], "texture": "#texture"}
			}
		},
		{
			"name": "Box22",
			"from": [4, 9.5, 0.25],
			"to": [6, 10, 0.75],
			"faces": {
				"north": {"uv": [10, 6, 12, 6.5], "texture": "#texture"},
				"east": {"uv": [15.25, 6, 15.75, 6.5], "texture": "#texture"},
				"south": {"uv": [4, 6, 6, 6.5], "texture": "#texture"},
				"west": {"uv": [0.25, 6, 0.75, 6.5], "texture": "#texture"},
				"up": {"uv": [4, 0.25, 6, 0.75], "texture": "#texture"},
				"down": {"uv": [4, 15.25, 6, 15.75], "texture": "#texture"}
			}
		},
		{
			"name": "Box22",
			"from": [4, 9.5, -1.25],
			"to": [6, 10, -0.75],
			"faces": {
				"north": {"uv": [10, 6, 12, 6.5], "texture": "#texture"},
				"east": {"uv": [0.75, 6, 1.25, 6.5], "texture": "#texture"},
				"south": {"uv": [4, 6, 6, 6.5], "texture": "#texture"},
				"west": {"uv": [14.75, 6, 15.25, 6.5], "texture": "#texture"},
				"up": {"uv": [4, 14.75, 6, 15.25], "texture": "#texture"},
				"down": {"uv": [4, 0.75, 6, 1.25], "texture": "#texture"}
			}
		},
		{
			"name": "Box24",
			"from": [4.5, 7, -1.5],
			"to": [7.5, 7.5, 1],
			"faces": {
				"north": {"uv": [8.5, 8.5, 11.5, 9], "texture": "#texture"},
				"east": {"uv": [15, 8.5, 16, 9], "texture": "#texture"},
				"south": {"uv": [4.5, 8.5, 7.5, 9], "texture": "#texture"},
				"west": {"uv": [0, 8.5, 1, 9], "texture": "#texture"},
				"up": {"uv": [4.5, 0, 7.5, 1], "texture": "#texture"},
				"down": {"uv": [4.5, 15, 7.5, 16], "texture": "#texture"}
			}
		},
		{
			"name": "Box25",
			"from": [5.5, 6.5, -1.5],
			"to": [7.5, 7, 1],
			"faces": {
				"north": {"uv": [8.5, 9, 10.5, 9.5], "texture": "#texture"},
				"east": {"uv": [15, 9, 16, 9.5], "texture": "#texture"},
				"south": {"uv": [5.5, 9, 7.5, 9.5], "texture": "#texture"},
				"west": {"uv": [0, 9, 1, 9.5], "texture": "#texture"},
				"up": {"uv": [5.5, 0, 7.5, 1], "texture": "#texture"},
				"down": {"uv": [5.5, 15, 7.5, 16], "texture": "#texture"}
			}
		},
		{
			"name": "Box26",
			"from": [7.5, 6.5, -1.5],
			"to": [8, 9, 1],
			"faces": {
				"north": {"uv": [8, 7, 8.5, 9.5], "texture": "#texture"},
				"east": {"uv": [15, 7, 16, 9.5], "texture": "#texture"},
				"south": {"uv": [7.5, 7, 8, 9.5], "texture": "#texture"},
				"west": {"uv": [0, 7, 1, 9.5], "texture": "#texture"},
				"up": {"uv": [7.5, 0, 8, 1], "texture": "#texture"},
				"down": {"uv": [7.5, 15, 8, 16], "texture": "#texture"}
			}
		},
		{
			"name": "Box27",
			"from": [8.25, 4.5, -1.5],
			"to": [10.75, 6.5, 1],
			"rotation": {"angle": 45, "axis": "z", "origin": [8.25, 6.5, 1]},
			"faces": {
				"north": {"uv": [8, 11.5, 5.5, 9.5], "texture": "#texture1"},
				"east": {"uv": [1, 9.5, 2, 11.5], "rotation": 180, "texture": "#texture1"},
				"south": {"uv": [10.5, 11.5, 8, 9.5], "texture": "#texture1"},
				"west": {"uv": [14, 9.5, 15, 11.5], "rotation": 180, "texture": "#texture1"},
				"up": {"uv": [5.5, 1, 8, 2], "texture": "#texture1"},
				"down": {"uv": [5.5, 14, 8, 15], "texture": "#texture1"}
			}
		},
		{
			"name": "Box28",
			"from": [9.75, 5, -1.5],
			"to": [11.75, 7, 1],
			"faces": {
				"north": {"uv": [4.25, 9, 6.25, 11], "texture": "#texture1"},
				"east": {"uv": [15, 9, 16, 11], "texture": "#texture1"},
				"south": {"uv": [9.75, 9, 11.75, 11], "texture": "#texture1"},
				"west": {"uv": [0, 9, 1, 11], "texture": "#texture1"},
				"up": {"uv": [9.75, 0, 11.75, 1], "texture": "#texture1"},
				"down": {"uv": [9.75, 15, 11.75, 16], "texture": "#texture1"}
			}
		},
		{
			"name": "Box29",
			"from": [9.75, 4.5, -1.25],
			"to": [11.25, 5, 0.75],
			"faces": {
				"north": {"uv": [7.5, 11, 9, 11.5], "texture": "#texture1"},
				"east": {"uv": [15.25, 11, 16, 11.5], "texture": "#texture1"},
				"south": {"uv": [7, 11, 8.5, 11.5], "texture": "#texture1"},
				"west": {"uv": [0, 11, 0.75, 11.5], "texture": "#texture1"},
				"up": {"uv": [7, 0, 8.5, 0.75], "texture": "#texture1"},
				"down": {"uv": [7, 15.25, 8.5, 16], "texture": "#texture1"}
			}
		},
		{
			"name": "Box30",
			"from": [9.875, 4, -1],
			"to": [10.875, 4.5, 0.5],
			"faces": {
				"north": {"uv": [7.875, 11.5, 8.875, 12], "texture": "#texture1"},
				"east": {"uv": [15.5, 11.5, 16, 12], "texture": "#texture1"},
				"south": {"uv": [7.125, 11.5, 8.125, 12], "texture": "#texture1"},
				"west": {"uv": [0, 11.5, 0.5, 12], "texture": "#texture1"},
				"up": {"uv": [7.125, 0, 8.125, 0.5], "texture": "#texture1"},
				"down": {"uv": [7.125, 15.5, 8.125, 16], "texture": "#texture1"}
			}
		},
		{
			"name": "Box31",
			"from": [11.75, 5, -1.5],
			"to": [14.25, 6, 1],
			"rotation": {"angle": 22.5, "axis": "z", "origin": [11.75, 5, -1.5]},
			"faces": {
				"north": {"uv": [5, 10, 7, 11], "texture": "#texture1"},
				"east": {"uv": [1, 10, 2, 11], "texture": "#texture1"},
				"south": {"uv": [9, 10, 11, 11], "texture": "#texture1"},
				"west": {"uv": [14, 10, 15, 11], "texture": "#texture1"},
				"up": {"uv": [9, 14, 11, 15], "texture": "#texture1"},
				"down": {"uv": [9, 1, 11, 2], "texture": "#texture1"}
			}
		},
		{
			"name": "Box32",
			"from": [11.75, 6, -1.5],
			"to": [13.75, 7, 1],
			"faces": {
				"north": {"uv": [5, 9, 7, 10], "texture": "#texture1"},
				"east": {"uv": [15, 9, 16, 10], "texture": "#texture1"},
				"south": {"uv": [9, 9, 11, 10], "texture": "#texture1"},
				"west": {"uv": [0, 9, 1, 10], "texture": "#texture1"},
				"up": {"uv": [9, 0, 11, 1], "texture": "#texture1"},
				"down": {"uv": [9, 15, 11, 16], "texture": "#texture1"}
			}
		},
		{
			"name": "Box34",
			"from": [10.75, 7, -1.25],
			"to": [13.75, 7.5, 0.75],
			"faces": {
				"north": {"uv": [5, 8.5, 8, 9], "texture": "#texture1"},
				"east": {"uv": [15.25, 8.5, 16, 9], "texture": "#texture1"},
				"south": {"uv": [8, 8.5, 11, 9], "texture": "#texture1"},
				"west": {"uv": [0, 8.5, 0.75, 9], "texture": "#texture1"},
				"up": {"uv": [8, 0, 11, 0.75], "texture": "#texture1"},
				"down": {"uv": [8, 15.25, 11, 16], "texture": "#texture1"}
			}
		},
		{
			"name": "Box36",
			"from": [13.75, 6, -1.5],
			"to": [14.25, 7.5, 1],
			"faces": {
				"north": {"uv": [4.5, 8.5, 5, 10], "texture": "#texture1"},
				"east": {"uv": [15, 8.5, 16, 10], "texture": "#texture1"},
				"south": {"uv": [11, 8.5, 11.5, 10], "texture": "#texture1"},
				"west": {"uv": [0, 8.5, 1, 10], "texture": "#texture1"},
				"up": {"uv": [11, 0, 11.5, 1], "texture": "#texture1"},
				"down": {"uv": [11, 15, 11.5, 16], "texture": "#texture1"}
			}
		},
		{
			"name": "Box37",
			"from": [11.25, 6.5, -1.5],
			"to": [13.75, 7.5, 1],
			"rotation": {"angle": 45, "axis": "z", "origin": [11.25, 6.5, -1.5]},
			"faces": {
				"north": {"uv": [6, 8.5, 7.5, 9.5], "texture": "#texture1"},
				"east": {"uv": [1, 8.5, 2, 9.5], "texture": "#texture1"},
				"south": {"uv": [8.5, 8.5, 10, 9.5], "texture": "#texture1"},
				"west": {"uv": [14, 8.5, 15, 9.5], "texture": "#texture1"},
				"up": {"uv": [8.5, 14, 10, 15], "texture": "#texture1"},
				"down": {"uv": [8.5, 1, 10, 2], "texture": "#texture1"}
			}
		},
		{
			"name": "Box38",
			"from": [12.25, 7.5, -1.5],
			"to": [14.25, 9, 1],
			"faces": {
				"north": {"uv": [4.5, 7, 6.5, 8.5], "texture": "#texture1"},
				"east": {"uv": [15, 7, 16, 8.5], "texture": "#texture1"},
				"south": {"uv": [9.5, 7, 11.5, 8.5], "texture": "#texture1"},
				"west": {"uv": [0, 7, 1, 8.5], "texture": "#texture1"},
				"up": {"uv": [9.5, 0, 11.5, 1], "texture": "#texture1"},
				"down": {"uv": [9.5, 15, 11.5, 16], "texture": "#texture1"}
			}
		},
		{
			"name": "Box39",
			"from": [14.25, 6, -1.5],
			"to": [21.25, 10, 1],
			"faces": {
				"north": {"uv": [0, 6, 4.5, 10], "texture": "#texture1"},
				"east": {"uv": [15, 6, 16, 10], "texture": "#texture1"},
				"south": {"uv": [11.5, 6, 16, 10], "texture": "#texture1"},
				"west": {"uv": [0, 6, 1, 10], "texture": "#texture1"},
				"up": {"uv": [11.5, 0, 16, 1], "texture": "#texture1"},
				"down": {"uv": [11.5, 15, 16, 16], "texture": "#texture1"}
			}
		},
		{
			"name": "Box40",
			"from": [12.75, 8, -1.5],
			"to": [14.75, 9, 1],
			"rotation": {"angle": 22.5, "axis": "z", "origin": [12.75, 8, -1.5]},
			"faces": {
				"north": {"uv": [4.5, 7, 6.5, 8], "texture": "#texture1"},
				"east": {"uv": [1, 7, 2, 8], "texture": "#texture1"},
				"south": {"uv": [9.5, 7, 11.5, 8], "texture": "#texture1"},
				"west": {"uv": [14, 7, 15, 8], "texture": "#texture1"},
				"up": {"uv": [9.5, 14, 11.5, 15], "texture": "#texture1"},
				"down": {"uv": [9.5, 1, 11.5, 2], "texture": "#texture1"}
			}
		},
		{
			"name": "Box41",
			"from": [15.75, 5.5, -1.25],
			"to": [20.75, 6, 0.75],
			"faces": {
				"north": {"uv": [0, 10, 3, 10.5], "texture": "#texture1"},
				"east": {"uv": [15.25, 10, 16, 10.5], "texture": "#texture1"},
				"south": {"uv": [13, 10, 16, 10.5], "texture": "#texture1"},
				"west": {"uv": [0, 10, 0.75, 10.5], "texture": "#texture1"},
				"up": {"uv": [13, 0, 16, 0.75], "texture": "#texture1"},
				"down": {"uv": [13, 15.25, 16, 16], "texture": "#texture1"}
			}
		},
		{
			"name": "Box42",
			"from": [21.25, 7, -1],
			"to": [21.75, 10, 0.5],
			"faces": {
				"north": {"uv": [13, 6, 13.5, 9], "texture": "#texture1"},
				"east": {"uv": [15.5, 6, 16, 9], "texture": "#texture1"},
				"south": {"uv": [2.5, 6, 3, 9], "texture": "#texture1"},
				"west": {"uv": [0, 6, 0.5, 9], "texture": "#texture1"},
				"up": {"uv": [2.5, 0, 3, 0.5], "texture": "#texture1"},
				"down": {"uv": [2.5, 15.5, 3, 16], "texture": "#texture1"}
			}
		},
		{
			"name": "Box43",
			"from": [14.75, 10, -1.25],
			"to": [21.25, 10.5, 0.75],
			"faces": {
				"north": {"uv": [0, 5.5, 4, 6], "texture": "#texture1"},
				"east": {"uv": [15.25, 5.5, 16, 6], "texture": "#texture1"},
				"south": {"uv": [12, 5.5, 16, 6], "texture": "#texture1"},
				"west": {"uv": [0, 5.5, 0.75, 6], "texture": "#texture1"},
				"up": {"uv": [12, 0, 16, 0.75], "texture": "#texture1"},
				"down": {"uv": [12, 15.25, 16, 16], "texture": "#texture1"}
			}
		},
		{
			"name": "Box44",
			"from": [3, 6, -0.75],
			"to": [3.5, 7.5, 0.25],
			"faces": {
				"north": {"uv": [12.5, 8.5, 13, 10], "texture": "#texture"},
				"east": {"uv": [15.75, 8.5, 16, 10], "texture": "#texture"},
				"south": {"uv": [3, 8.5, 3.5, 10], "texture": "#texture"},
				"west": {"uv": [0, 8.5, 0.25, 10], "texture": "#texture"},
				"up": {"uv": [3, 0, 3.5, 0.25], "texture": "#texture"},
				"down": {"uv": [3, 15.75, 3.5, 16], "texture": "#texture"}
			}
		},
		{
			"name": "Box45",
			"from": [3, 6, -0.75],
			"to": [4, 6.5, 0.25],
			"rotation": {"angle": -22.5, "axis": "z", "origin": [3, 6, -0.75]},
			"faces": {
				"north": {"uv": [11.5, 9.5, 12.5, 10], "texture": "#texture"},
				"east": {"uv": [1, 9.5, 2, 10], "texture": "#texture"},
				"south": {"uv": [3.5, 9.5, 4.5, 10], "texture": "#texture"},
				"west": {"uv": [14, 9.5, 15, 10], "texture": "#texture"},
				"up": {"uv": [3.5, 14, 4.5, 15], "texture": "#texture"},
				"down": {"uv": [3.5, 1, 4.5, 2], "texture": "#texture"}
			}
		},
		{
			"name": "Box46",
			"from": [3.875, 5.625, -0.75],
			"to": [4.875, 6.125, 0.25],
			"faces": {
				"north": {"uv": [11.125, 9.875, 12.125, 10.375], "texture": "#texture"},
				"east": {"uv": [1, 9.875, 2, 10.375], "texture": "#texture"},
				"south": {"uv": [3.875, 9.875, 4.875, 10.375], "texture": "#texture"},
				"west": {"uv": [14, 9.875, 15, 10.375], "texture": "#texture"},
				"up": {"uv": [3.875, 14, 4.875, 15], "texture": "#texture"},
				"down": {"uv": [3.875, 1, 4.875, 2], "texture": "#texture"}
			}
		},
		{
			"name": "Box47",
			"from": [4.875, 5.625, -0.75],
			"to": [6.375, 6.125, 0.25],
			"rotation": {"angle": 22.5, "axis": "z", "origin": [4.875, 5.625, -0.75]},
			"faces": {
				"north": {"uv": [9.5, 10, 11, 10.5], "texture": "#texture"},
				"east": {"uv": [1, 10, 2, 10.5], "texture": "#texture"},
				"south": {"uv": [5, 10, 6.5, 10.5], "texture": "#texture"},
				"west": {"uv": [14, 10, 15, 10.5], "texture": "#texture"},
				"up": {"uv": [5, 14, 6.5, 15], "texture": "#texture"},
				"down": {"uv": [5, 1, 6.5, 2], "texture": "#texture"}
			}
		},
		{
			"name": "Box48",
			"from": [3, 10.5, -1],
			"to": [3.5, 11.5, 0.5],
			"faces": {
				"north": {"uv": [12.5, 4.5, 13, 5.5], "texture": "#texture"},
				"east": {"uv": [15.5, 4.5, 16, 5.5], "texture": "#texture"},
				"south": {"uv": [3, 4.5, 3.5, 5.5], "texture": "#texture"},
				"west": {"uv": [0, 4.5, 0.5, 5.5], "texture": "#texture"},
				"up": {"uv": [3, 0, 3.5, 0.5], "texture": "#texture"},
				"down": {"uv": [3, 15.5, 3.5, 16], "texture": "#texture"}
			}
		},
		{
			"name": "Box49",
			"from": [3, 11.5, 0],
			"to": [3.5, 12, 0.5],
			"rotation": {"angle": 22.5, "axis": "x", "origin": [3, 11.5, 0]},
			"faces": {
				"north": {"uv": [1, 4, 2, 4.5], "texture": "#texture"},
				"east": {"uv": [15.5, 4, 16, 4.5], "texture": "#texture"},
				"south": {"uv": [14, 4, 15, 4.5], "texture": "#texture"},
				"west": {"uv": [0, 4, 0.5, 4.5], "texture": "#texture"},
				"up": {"uv": [14, 0, 15, 0.5], "texture": "#texture"},
				"down": {"uv": [14, 15.5, 15, 16], "texture": "#texture"}
			}
		},
		{
			"name": "Box49",
			"from": [3, 11.5, -1],
			"to": [3.5, 12, -0.5],
			"rotation": {"angle": -22.5, "axis": "x", "origin": [3.5, 11.5, -0.5]},
			"faces": {
				"north": {"uv": [14, 4, 15, 4.5], "texture": "#texture"},
				"east": {"uv": [0, 4, 0.5, 4.5], "texture": "#texture"},
				"south": {"uv": [1, 4, 2, 4.5], "texture": "#texture"},
				"west": {"uv": [15.5, 4, 16, 4.5], "texture": "#texture"},
				"up": {"uv": [14, 0, 15, 0.5], "rotation": 180, "texture": "#texture"},
				"down": {"uv": [14, 15.5, 15, 16], "rotation": 180, "texture": "#texture"}
			}
		},
		{
			"name": "Box51",
			"from": [-12.25, 10.875, -0.5],
			"to": [-11.75, 11.875, 0],
			"faces": {
				"north": {"uv": [11.75, 4.125, 12.25, 5.125], "texture": "#texture"},
				"east": {"uv": [0, 4.125, 0.5, 5.125], "texture": "#texture"},
				"south": {"uv": [3.75, 4.125, 4.25, 5.125], "texture": "#texture"},
				"west": {"uv": [15.5, 4.125, 16, 5.125], "texture": "#texture"},
				"up": {"uv": [3.75, 15.5, 4.25, 16], "texture": "#texture"},
				"down": {"uv": [3.75, 0, 4.25, 0.5], "texture": "#texture"}
			}
		},
		{
			"name": "Box52",
			"from": [8, 6.5, -1.5],
			"to": [10.5, 9, 1],
			"faces": {
				"north": {"uv": [5.5, 7, 8, 9.5], "texture": "#texture1"},
				"east": {"uv": [15, 7, 16, 9.5], "texture": "#texture1"},
				"south": {"uv": [8, 7, 10.5, 9.5], "texture": "#texture1"},
				"west": {"uv": [0, 7, 1, 9.5], "texture": "#texture1"},
				"up": {"uv": [8, 0, 10.5, 1], "texture": "#texture1"},
				"down": {"uv": [8, 15, 10.5, 16], "texture": "#texture1"}
			}
		},
		{
			"name": "Box53",
			"from": [6, 6, -1],
			"to": [9, 6.5, 0.5],
			"faces": {
				"north": {"uv": [7, 9.5, 10, 10], "texture": "#texture"},
				"east": {"uv": [15.5, 9.5, 16, 10], "texture": "#texture"},
				"south": {"uv": [6, 9.5, 9, 10], "texture": "#texture"},
				"west": {"uv": [0, 9.5, 0.5, 10], "texture": "#texture"},
				"up": {"uv": [6, 0, 9, 0.5], "texture": "#texture"},
				"down": {"uv": [6, 15.5, 9, 16], "texture": "#texture"}
			}
		},
		{
			"name": "Box54",
			"from": [7.5, 9, -1],
			"to": [10, 9.5, 0.5],
			"faces": {
				"north": {"uv": [6, 6.5, 8.5, 7], "texture": "#texture"},
				"east": {"uv": [15.5, 6.5, 16, 7], "texture": "#texture"},
				"south": {"uv": [7.5, 6.5, 10, 7], "texture": "#texture"},
				"west": {"uv": [0, 6.5, 0.5, 7], "texture": "#texture"},
				"up": {"uv": [7.5, 0, 10, 0.5], "texture": "#texture"},
				"down": {"uv": [7.5, 15.5, 10, 16], "texture": "#texture"}
			}
		},
		{
			"name": "Box55",
			"from": [4.5, 6.5, -0.5],
			"to": [5, 7.5, 0],
			"rotation": {"angle": 22.5, "axis": "z", "origin": [4.5, 6.5, -0.5]},
			"faces": {
				"north": {"uv": [11.5, 8.5, 12, 9.5], "texture": "#texture"},
				"east": {"uv": [1, 8.5, 2, 9.5], "texture": "#texture"},
				"south": {"uv": [4, 8.5, 4.5, 9.5], "texture": "#texture"},
				"west": {"uv": [14, 8.5, 15, 9.5], "texture": "#texture"},
				"up": {"uv": [4, 14, 4.5, 15], "texture": "#texture"},
				"down": {"uv": [4, 1, 4.5, 2], "texture": "#texture"}
			}
		}
	],
	"display": {
		"thirdperson_righthand": {
			"rotation": [0, -90, 0],
			"translation": [-5.565, 0.6956, 2.7826],
			"scale": [0.7, 0.7, 0.7]
		},
		"thirdperson_lefthand": {
			"rotation": [0, 90, 0],
			"translation": [5.56, 0.6956, 2.7826],
			"scale": [0.7, 0.7, 0.7]
		},
		"firstperson_righthand": {
			"rotation": [0, -90, 0],
			"translation": [-8.347, 0.6956, 2.0869]
		},
		"firstperson_lefthand": {
			"rotation": [0, 90, 0],
			"translation": [8, 0.6956, 2.0869]
		},
		"ground": {
			"rotation": [90, 0, 0],
			"translation": [2.7826, -7, 0],
			"scale": [0.6, 0.6, 0.6]
		},
		"gui": {
			"rotation": [18, 51, 0],
			"translation": [4.8695, -1.39, 0],
			"scale": [0.5, 0.5, 0.5]
		},
		"head": {
			"translation": [3.75, 0, 5.75],
			"scale": [0.7, 0.7, 0.7]
		},
		"fixed": {
			"translation": [3.4782, 0, 4.8695],
			"scale": [0.7, 0.7, 0.7]
		}
	}
}