{
	"credit": "Made By Ubalube",
	"textures": {
		"texture": "guns/red1",
		"texture1": "guns/gray4",
		"texture2": "guns/gray8",
		"texture3": "guns/gold",
		"texture4": "guns/glow",
		"texture5": "guns/glowmid",
		"texture6": "guns/white",
		"particle": "blocks/e_particle"
	},
	"elements": [
		{
			"name": "Box1",
			"from": [-8.5, 8, 7.5],
			"to": [-7, 8.5, 8],
			"faces": {
				"north": {"uv": [7, 7.5, 8.5, 8], "texture": "#texture1"},
				"east": {"uv": [8, 7.5, 8.5, 8], "texture": "#texture1"},
				"south": {"uv": [7.5, 7.5, 9, 8], "texture": "#texture1"},
				"west": {"uv": [7.5, 7.5, 8, 8], "texture": "#texture1"},
				"up": {"uv": [7.5, 7.5, 9, 8], "texture": "#texture1"},
				"down": {"uv": [7.5, 8, 9, 8.5], "texture": "#texture1"}
			}
		},
		{
			"name": "Box1",
			"from": [-8.5, 8, 8.5],
			"to": [-7, 8.5, 9],
			"faces": {
				"north": {"uv": [7, 7.5, 8.5, 8], "texture": "#texture1"},
				"east": {"uv": [7, 7.5, 7.5, 8], "texture": "#texture1"},
				"south": {"uv": [7.5, 7.5, 9, 8], "texture": "#texture1"},
				"west": {"uv": [8.5, 7.5, 9, 8], "texture": "#texture1"},
				"up": {"uv": [7.5, 8.5, 9, 9], "texture": "#texture1"},
				"down": {"uv": [7.5, 7, 9, 7.5], "texture": "#texture1"}
			}
		},
		{
			"name": "Box1",
			"from": [-8.5, 9, 8.5],
			"to": [-7, 9.5, 9],
			"faces": {
				"north": {"uv": [7, 6.5, 8.5, 7], "texture": "#texture1"},
				"east": {"uv": [7, 6.5, 7.5, 7], "texture": "#texture1"},
				"south": {"uv": [7.5, 6.5, 9, 7], "texture": "#texture1"},
				"west": {"uv": [8.5, 6.5, 9, 7], "texture": "#texture1"},
				"up": {"uv": [7.5, 8.5, 9, 9], "texture": "#texture1"},
				"down": {"uv": [7.5, 7, 9, 7.5], "texture": "#texture1"}
			}
		},
		{
			"name": "Box1",
			"from": [-8.5, 9, 7.5],
			"to": [-7, 9.5, 8],
			"faces": {
				"north": {"uv": [7, 6.5, 8.5, 7], "texture": "#texture1"},
				"east": {"uv": [8, 6.5, 8.5, 7], "texture": "#texture1"},
				"south": {"uv": [7.5, 6.5, 9, 7], "texture": "#texture1"},
				"west": {"uv": [7.5, 6.5, 8, 7], "texture": "#texture1"},
				"up": {"uv": [7.5, 7.5, 9, 8], "texture": "#texture1"},
				"down": {"uv": [7.5, 8, 9, 8.5], "texture": "#texture1"}
			}
		},
		{
			"name": "Box5",
			"from": [-7, 8.25, 7.75],
			"to": [-2.5, 9.25, 8.75],
			"faces": {
				"north": {"uv": [2.5, 6.75, 7, 7.75], "texture": "#texture"},
				"east": {"uv": [7.25, 6.75, 8.25, 7.75], "texture": "#texture"},
				"south": {"uv": [9, 6.75, 13.5, 7.75], "texture": "#texture"},
				"west": {"uv": [7.75, 6.75, 8.75, 7.75], "texture": "#texture"},
				"up": {"uv": [9, 7.75, 13.5, 8.75], "texture": "#texture"},
				"down": {"uv": [9, 7.25, 13.5, 8.25], "texture": "#texture"}
			}
		},
		{
			"name": "Box6",
			"from": [-6.5, 9, 7],
			"to": [2, 10.5, 9.5],
			"faces": {
				"north": {"uv": [14, 5.5, 16, 7], "texture": "#texture"},
				"east": {"uv": [6.5, 5.5, 9, 7], "texture": "#texture"},
				"south": {"uv": [0, 5.5, 2, 7], "texture": "#texture"},
				"west": {"uv": [7, 5.5, 9.5, 7], "texture": "#texture"},
				"up": {"uv": [0, 7, 2, 9.5], "texture": "#texture"},
				"down": {"uv": [0, 6.5, 2, 9], "texture": "#texture"}
			}
		},
		{
			"name": "Box7",
			"from": [-8.5, 9, 7.25],
			"to": [-6.5, 10.5, 9.25],
			"rotation": {"angle": -45, "axis": "z", "origin": [-6.5, 9, 7.25]},
			"faces": {
				"north": {"uv": [12.5, 9.5, 11.5, 8.5], "rotation": 270, "texture": "#texture"},
				"east": {"uv": [3.5, 1, 4.5, 2], "rotation": 270, "texture": "#texture"},
				"south": {"uv": [4.5, 9.5, 3.5, 8.5], "rotation": 90, "texture": "#texture"},
				"west": {"uv": [4.5, 15, 3.5, 14], "rotation": 90, "texture": "#texture"},
				"up": {"uv": [1, 8.5, 2, 9.5], "rotation": 270, "texture": "#texture"},
				"down": {"uv": [15, 9.5, 14, 8.5], "rotation": 90, "texture": "#texture"}
			}
		},
		{
			"name": "Box8",
			"from": [-8, 10.5, 7],
			"to": [2, 11.5, 9.5],
			"faces": {
				"north": {"uv": [14, 4.5, 16, 5.5], "texture": "#texture"},
				"east": {"uv": [6.5, 4.5, 9, 5.5], "texture": "#texture"},
				"south": {"uv": [0, 4.5, 2, 5.5], "texture": "#texture"},
				"west": {"uv": [7, 4.5, 9.5, 5.5], "texture": "#texture"},
				"up": {"uv": [0, 7, 2, 9.5], "texture": "#texture"},
				"down": {"uv": [0, 6.5, 2, 9], "texture": "#texture"}
			}
		},
		{
			"name": "Box9",
			"from": [-5.5, 6.5, 7],
			"to": [-3, 8, 9.5],
			"rotation": {"angle": 45, "axis": "z", "origin": [-5.5, 6.5, 7]},
			"faces": {
				"north": {"uv": [3.5, 9, 6, 10.5], "texture": "#texture"},
				"east": {"uv": [1, 9, 2, 10.5], "texture": "#texture"},
				"south": {"uv": [10, 9, 12.5, 10.5], "texture": "#texture"},
				"west": {"uv": [14, 9, 15, 10.5], "texture": "#texture"},
				"up": {"uv": [10, 14, 12.5, 15], "texture": "#texture"},
				"down": {"uv": [10, 1, 12.5, 2], "texture": "#texture"}
			}
		},
		{
			"name": "Box10",
			"from": [-6.5, 6.5, 7],
			"to": [-5, 7.5, 9.5],
			"faces": {
				"north": {"uv": [5, 8.5, 6.5, 9.5], "texture": "#texture"},
				"east": {"uv": [6.5, 8.5, 9, 9.5], "texture": "#texture"},
				"south": {"uv": [9.5, 8.5, 11, 9.5], "texture": "#texture"},
				"west": {"uv": [7, 8.5, 9.5, 9.5], "texture": "#texture"},
				"up": {"uv": [9.5, 7, 11, 9.5], "texture": "#texture"},
				"down": {"uv": [9.5, 6.5, 11, 9], "texture": "#texture"}
			}
		},
		{
			"name": "Box11",
			"from": [-5, 6.5, 6.75],
			"to": [2, 9, 9.75],
			"faces": {
				"north": {"uv": [14, 7, 16, 9.5], "texture": "#texture"},
				"east": {"uv": [6.25, 7, 9.25, 9.5], "texture": "#texture"},
				"south": {"uv": [0, 7, 2, 9.5], "texture": "#texture"},
				"west": {"uv": [6.75, 7, 9.75, 9.5], "texture": "#texture"},
				"up": {"uv": [0, 6.75, 2, 9.75], "texture": "#texture"},
				"down": {"uv": [0, 6.25, 2, 9.25], "texture": "#texture"}
			}
		},
		{
			"name": "Box12",
			"from": [-5, 7, 9.5],
			"to": [2, 8.5, 10],
			"faces": {
				"north": {"uv": [14, 7.5, 16, 9], "texture": "#texture2"},
				"east": {"uv": [6, 7.5, 6.5, 9], "texture": "#texture2"},
				"south": {"uv": [0, 7.5, 2, 9], "texture": "#texture2"},
				"west": {"uv": [9.5, 7.5, 10, 9], "texture": "#texture2"},
				"up": {"uv": [0, 9.5, 2, 10], "texture": "#texture2"},
				"down": {"uv": [0, 6, 2, 6.5], "texture": "#texture2"}
			}
		},
		{
			"name": "Box12",
			"from": [-5, 7, 6.5],
			"to": [2, 8.5, 7],
			"faces": {
				"north": {"uv": [14, 7.5, 16, 9], "texture": "#texture2"},
				"east": {"uv": [9, 7.5, 9.5, 9], "texture": "#texture2"},
				"south": {"uv": [0, 7.5, 2, 9], "texture": "#texture2"},
				"west": {"uv": [6.5, 7.5, 7, 9], "texture": "#texture2"},
				"up": {"uv": [0, 6.5, 2, 7], "texture": "#texture2"},
				"down": {"uv": [0, 9, 2, 9.5], "texture": "#texture2"}
			}
		},
		{
			"name": "Box14",
			"from": [-6, 9, 9.375],
			"to": [2, 11, 9.875],
			"faces": {
				"north": {"uv": [14, 5, 16, 7], "texture": "#texture2"},
				"east": {"uv": [6.125, 5, 6.625, 7], "texture": "#texture2"},
				"south": {"uv": [0, 5, 2, 7], "texture": "#texture2"},
				"west": {"uv": [9.375, 5, 9.875, 7], "texture": "#texture2"},
				"up": {"uv": [0, 9.375, 2, 9.875], "texture": "#texture2"},
				"down": {"uv": [0, 6.125, 2, 6.625], "texture": "#texture2"}
			}
		},
		{
			"name": "Box14",
			"from": [-6, 9, 6.625],
			"to": [2, 11, 7.125],
			"faces": {
				"north": {"uv": [14, 5, 16, 7], "texture": "#texture2"},
				"east": {"uv": [8.875, 5, 9.375, 7], "texture": "#texture2"},
				"south": {"uv": [0, 5, 2, 7], "texture": "#texture2"},
				"west": {"uv": [6.625, 5, 7.125, 7], "texture": "#texture2"},
				"up": {"uv": [0, 6.625, 2, 7.125], "texture": "#texture2"},
				"down": {"uv": [0, 8.875, 2, 9.375], "texture": "#texture2"}
			}
		},
		{
			"name": "Box16",
			"from": [-7.5, 8.5, 7.5],
			"to": [-7, 9, 9],
			"faces": {
				"north": {"uv": [7, 7, 7.5, 7.5], "texture": "#texture1"},
				"east": {"uv": [7, 7, 8.5, 7.5], "texture": "#texture1"},
				"south": {"uv": [8.5, 7, 9, 7.5], "texture": "#texture1"},
				"west": {"uv": [7.5, 7, 9, 7.5], "texture": "#texture1"},
				"up": {"uv": [8.5, 7.5, 9, 9], "texture": "#texture1"},
				"down": {"uv": [8.5, 7, 9, 8.5], "texture": "#texture1"}
			}
		},
		{
			"name": "Box17",
			"from": [-7.375, 8, 8],
			"to": [-6.875, 9.5, 8.5],
			"faces": {
				"north": {"uv": [6.875, 6.5, 7.375, 8], "texture": "#texture1"},
				"east": {"uv": [7.5, 6.5, 8, 8], "texture": "#texture1"},
				"south": {"uv": [8.625, 6.5, 9.125, 8], "texture": "#texture1"},
				"west": {"uv": [8, 6.5, 8.5, 8], "texture": "#texture1"},
				"up": {"uv": [8.625, 8, 9.125, 8.5], "texture": "#texture1"},
				"down": {"uv": [8.625, 7.5, 9.125, 8], "texture": "#texture1"}
			}
		},
		{
			"name": "Box18",
			"from": [2, 10, 6.75],
			"to": [4.5, 11.5, 9.75],
			"rotation": {"angle": 22.5, "axis": "z", "origin": [2, 10, 6.75]},
			"faces": {
				"north": {"uv": [11.5, 4.5, 14, 6], "texture": "#texture"},
				"east": {"uv": [1, 4.5, 2, 6], "texture": "#texture"},
				"south": {"uv": [2, 4.5, 4.5, 6], "texture": "#texture"},
				"west": {"uv": [14, 4.5, 15, 6], "texture": "#texture"},
				"up": {"uv": [2, 14, 4.5, 15], "texture": "#texture"},
				"down": {"uv": [2, 1, 4.5, 2], "texture": "#texture"}
			}
		},
		{
			"name": "Box19",
			"from": [3.625, 10.75, 6.65],
			"to": [7.625, 12.25, 9.95],
			"faces": {
				"north": {"uv": [8.375, 3.75, 12.375, 5.25], "texture": "#texture"},
				"east": {"uv": [6.05, 3.75, 9.35, 5.25], "texture": "#texture"},
				"south": {"uv": [3.625, 3.75, 7.625, 5.25], "texture": "#texture"},
				"west": {"uv": [6.65, 3.75, 9.95, 5.25], "texture": "#texture"},
				"up": {"uv": [3.625, 6.65, 7.625, 9.95], "texture": "#texture"},
				"down": {"uv": [3.625, 6.05, 7.625, 9.35], "texture": "#texture"}
			}
		},
		{
			"name": "Box20",
			"from": [1.5, 6.5, 7.25],
			"to": [4.5, 7.5, 9.25],
			"rotation": {"angle": -22.5, "axis": "z", "origin": [1.5, 6.5, 7.25]},
			"faces": {
				"north": {"uv": [12, 8.5, 14.5, 9.5], "texture": "#texture"},
				"east": {"uv": [1, 8.5, 2, 9.5], "texture": "#texture"},
				"south": {"uv": [1.5, 8.5, 4, 9.5], "texture": "#texture"},
				"west": {"uv": [14, 8.5, 15, 9.5], "texture": "#texture"},
				"up": {"uv": [1.5, 14, 4, 15], "texture": "#texture"},
				"down": {"uv": [1.5, 1, 4, 2], "texture": "#texture"}
			}
		},
		{
			"name": "Box21",
			"from": [4, 5.5, 7.25],
			"to": [5.5, 6.5, 9.25],
			"faces": {
				"north": {"uv": [10.5, 9.5, 12, 10.5], "texture": "#texture"},
				"east": {"uv": [6.75, 9.5, 8.75, 10.5], "texture": "#texture"},
				"south": {"uv": [4, 9.5, 5.5, 10.5], "texture": "#texture"},
				"west": {"uv": [7.25, 9.5, 9.25, 10.5], "texture": "#texture"},
				"up": {"uv": [4, 7.25, 5.5, 9.25], "texture": "#texture"},
				"down": {"uv": [4, 6.75, 5.5, 8.75], "texture": "#texture"}
			}
		},
		{
			"name": "Box22",
			"from": [4.5, 5.5, 7.25],
			"to": [8, 6.5, 9.25],
			"rotation": {"angle": -22.5, "axis": "z", "origin": [4.5, 5.5, 7.25]},
			"faces": {
				"north": {"uv": [8, 9.5, 11.5, 10.5], "texture": "#texture"},
				"east": {"uv": [1, 9.5, 2, 10.5], "texture": "#texture"},
				"south": {"uv": [4.5, 9.5, 8, 10.5], "texture": "#texture"},
				"west": {"uv": [14, 9.5, 15, 10.5], "texture": "#texture"},
				"up": {"uv": [4.5, 14, 8, 15], "texture": "#texture"},
				"down": {"uv": [4.5, 1, 8, 2], "texture": "#texture"}
			}
		},
		{
			"name": "Box23",
			"from": [7.625, 4.25, 7.5],
			"to": [11.625, 5.25, 9],
			"faces": {
				"north": {"uv": [4.375, 10.75, 8.375, 11.75], "texture": "#texture"},
				"east": {"uv": [7, 10.75, 8.5, 11.75], "texture": "#texture"},
				"south": {"uv": [7.625, 10.75, 11.625, 11.75], "texture": "#texture"},
				"west": {"uv": [7.5, 10.75, 9, 11.75], "texture": "#texture"},
				"up": {"uv": [7.625, 7.5, 11.625, 9], "texture": "#texture"},
				"down": {"uv": [7.625, 7, 11.625, 8.5], "texture": "#texture"}
			}
		},
		{
			"name": "Box24",
			"from": [2, 6.5, 7],
			"to": [7.5, 11, 9.5],
			"faces": {
				"north": {"uv": [8.5, 5, 14, 9.5], "texture": "#texture"},
				"east": {"uv": [6.5, 5, 9, 9.5], "texture": "#texture"},
				"south": {"uv": [2, 5, 7.5, 9.5], "texture": "#texture"},
				"west": {"uv": [7, 5, 9.5, 9.5], "texture": "#texture"},
				"up": {"uv": [2, 7, 7.5, 9.5], "texture": "#texture"},
				"down": {"uv": [2, 6.5, 7.5, 9], "texture": "#texture"}
			}
		},
		{
			"name": "Box25",
			"from": [5.5, 5.5, 7],
			"to": [7.5, 6.5, 9.5],
			"faces": {
				"north": {"uv": [8.5, 9.5, 10.5, 10.5], "texture": "#texture"},
				"east": {"uv": [6.5, 9.5, 9, 10.5], "texture": "#texture"},
				"south": {"uv": [5.5, 9.5, 7.5, 10.5], "texture": "#texture"},
				"west": {"uv": [7, 9.5, 9.5, 10.5], "texture": "#texture"},
				"up": {"uv": [5.5, 7, 7.5, 9.5], "texture": "#texture"},
				"down": {"uv": [5.5, 6.5, 7.5, 9], "texture": "#texture"}
			}
		},
		{
			"name": "Box26",
			"from": [7, 5, 7],
			"to": [7.5, 5.5, 9.5],
			"faces": {
				"north": {"uv": [8.5, 10.5, 9, 11], "texture": "#texture"},
				"east": {"uv": [6.5, 10.5, 9, 11], "texture": "#texture"},
				"south": {"uv": [7, 10.5, 7.5, 11], "texture": "#texture"},
				"west": {"uv": [7, 10.5, 9.5, 11], "texture": "#texture"},
				"up": {"uv": [7, 7, 7.5, 9.5], "texture": "#texture"},
				"down": {"uv": [7, 6.5, 7.5, 9], "texture": "#texture"}
			}
		},
		{
			"name": "Box27",
			"from": [10, 5, 7.25],
			"to": [11.5, 9.5, 9.25],
			"rotation": {"angle": -22.5, "axis": "z", "origin": [10, 5, 7.25]},
			"faces": {
				"north": {"uv": [4.5, 8, 6, 11], "texture": "#texture"},
				"east": {"uv": [1, 8, 2, 11], "texture": "#texture"},
				"south": {"uv": [10, 8, 11.5, 11], "texture": "#texture"},
				"west": {"uv": [14, 8, 15, 11], "texture": "#texture"},
				"up": {"uv": [10, 14, 11.5, 15], "texture": "#texture"},
				"down": {"uv": [10, 1, 11.5, 2], "texture": "#texture"}
			}
		},
		{
			"name": "Box28",
			"from": [7.5, 8, 7.5],
			"to": [8.5, 9, 9],
			"rotation": {"angle": 22.5, "axis": "z", "origin": [7.5, 8, 7.5]},
			"faces": {
				"north": {"uv": [7.5, 7.5, 9, 8.5], "texture": "#texture"},
				"east": {"uv": [1, 7.5, 2, 8.5], "texture": "#texture"},
				"south": {"uv": [7, 7.5, 8.5, 8.5], "texture": "#texture"},
				"west": {"uv": [14, 7.5, 15, 8.5], "texture": "#texture"},
				"up": {"uv": [7, 14, 8.5, 15], "texture": "#texture"},
				"down": {"uv": [7, 1, 8.5, 2], "texture": "#texture"}
			}
		},
		{
			"name": "Box28",
			"from": [8.375, 8.375, 7.5],
			"to": [9.375, 9.375, 9],
			"rotation": {"angle": 45, "axis": "z", "origin": [8.375, 8.375, 7.5]},
			"faces": {
				"north": {"uv": [7.5, 7.5, 9, 8.5], "texture": "#texture"},
				"east": {"uv": [1, 7.5, 2, 8.5], "texture": "#texture"},
				"south": {"uv": [7, 7.5, 8.5, 8.5], "texture": "#texture"},
				"west": {"uv": [14, 7.5, 15, 8.5], "texture": "#texture"},
				"up": {"uv": [7, 14, 8.5, 15], "texture": "#texture"},
				"down": {"uv": [7, 1, 8.5, 2], "texture": "#texture"}
			}
		},
		{
			"name": "Box28",
			"from": [8, 9, 7.5],
			"to": [9, 10, 9],
			"rotation": {"angle": -22.5, "axis": "z", "origin": [9, 9, 7.5]},
			"faces": {
				"north": {"uv": [7.5, 7.5, 9, 8.5], "rotation": 90, "texture": "#texture"},
				"east": {"uv": [8.5, 2, 7, 1], "rotation": 90, "texture": "#texture"},
				"south": {"uv": [7, 7.5, 8.5, 8.5], "rotation": 270, "texture": "#texture"},
				"west": {"uv": [7, 14, 8.5, 15], "rotation": 270, "texture": "#texture"},
				"up": {"uv": [1, 7.5, 2, 8.5], "rotation": 270, "texture": "#texture"},
				"down": {"uv": [15, 8.5, 14, 7.5], "rotation": 90, "texture": "#texture"}
			}
		},
		{
			"name": "Box31",
			"from": [8.375, 9.875, 7.5],
			"to": [12.875, 10.875, 9],
			"faces": {
				"north": {"uv": [3.125, 5.125, 7.625, 6.125], "texture": "#texture"},
				"east": {"uv": [7, 5.125, 8.5, 6.125], "texture": "#texture"},
				"south": {"uv": [8.375, 5.125, 12.875, 6.125], "texture": "#texture"},
				"west": {"uv": [7.5, 5.125, 9, 6.125], "texture": "#texture"},
				"up": {"uv": [8.375, 7.5, 12.875, 9], "texture": "#texture"},
				"down": {"uv": [8.375, 7, 12.875, 8.5], "texture": "#texture"}
			}
		},
		{
			"name": "Box32",
			"from": [11.5, 8.5, 7.5],
			"to": [13, 10, 9],
			"faces": {
				"north": {"uv": [3, 6, 4.5, 7.5], "texture": "#texture"},
				"east": {"uv": [7, 6, 8.5, 7.5], "texture": "#texture"},
				"south": {"uv": [11.5, 6, 13, 7.5], "texture": "#texture"},
				"west": {"uv": [7.5, 6, 9, 7.5], "texture": "#texture"},
				"up": {"uv": [11.5, 7.5, 13, 9], "texture": "#texture"},
				"down": {"uv": [11.5, 7, 13, 8.5], "texture": "#texture"}
			}
		},
		{
			"name": "Box33",
			"from": [7.5, 9, 7.5],
			"to": [8.5, 11, 9],
			"faces": {
				"north": {"uv": [7.5, 5, 8.5, 7], "texture": "#texture"},
				"east": {"uv": [7, 5, 8.5, 7], "texture": "#texture"},
				"south": {"uv": [7.5, 5, 8.5, 7], "texture": "#texture"},
				"west": {"uv": [7.5, 5, 9, 7], "texture": "#texture"},
				"up": {"uv": [7.5, 7.5, 8.5, 9], "texture": "#texture"},
				"down": {"uv": [7.5, 7, 8.5, 8.5], "texture": "#texture"}
			}
		},
		{
			"name": "Box34",
			"from": [7.5, 10.5, 7],
			"to": [13.5, 12, 9.5],
			"faces": {
				"north": {"uv": [2.5, 4, 8.5, 5.5], "texture": "#texture"},
				"east": {"uv": [6.5, 4, 9, 5.5], "texture": "#texture"},
				"south": {"uv": [7.5, 4, 13.5, 5.5], "texture": "#texture"},
				"west": {"uv": [7, 4, 9.5, 5.5], "texture": "#texture"},
				"up": {"uv": [7.5, 7, 13.5, 9.5], "texture": "#texture"},
				"down": {"uv": [7.5, 6.5, 13.5, 9], "texture": "#texture"}
			}
		},
		{
			"name": "Box35",
			"from": [7.5, 5, 7.25],
			"to": [10.5, 6, 9.25],
			"faces": {
				"north": {"uv": [5.5, 10, 8.5, 11], "texture": "#texture"},
				"east": {"uv": [6.5, 10, 8.5, 11], "texture": "#texture"},
				"south": {"uv": [7.5, 10, 10.5, 11], "texture": "#texture"},
				"west": {"uv": [7.5, 10, 9.5, 11], "texture": "#texture"},
				"up": {"uv": [7.5, 7.5, 10.5, 9.5], "texture": "#texture"},
				"down": {"uv": [7.5, 6.5, 10.5, 8.5], "texture": "#texture"}
			}
		},
		{
			"name": "Box36",
			"from": [7.5, 7.5, 7.625],
			"to": [8.5, 8, 8.625],
			"faces": {
				"north": {"uv": [7.5, 8, 8.5, 8.5], "texture": "#texture1"},
				"east": {"uv": [7.375, 8, 8.375, 8.5], "texture": "#texture1"},
				"south": {"uv": [7.5, 8, 8.5, 8.5], "texture": "#texture1"},
				"west": {"uv": [7.625, 8, 8.625, 8.5], "texture": "#texture1"},
				"up": {"uv": [7.5, 7.625, 8.5, 8.625], "texture": "#texture1"},
				"down": {"uv": [7.5, 7.375, 8.5, 8.375], "texture": "#texture1"}
			}
		},
		{
			"name": "Box36",
			"from": [8.25, 7.5, 7.625],
			"to": [9.25, 8, 8.625],
			"rotation": {"angle": -22.5, "axis": "z", "origin": [8.25, 7.5, 7.625]},
			"faces": {
				"north": {"uv": [7, 8, 8, 8.5], "texture": "#texture1"},
				"east": {"uv": [1, 8, 2, 8.5], "texture": "#texture1"},
				"south": {"uv": [8, 8, 9, 8.5], "texture": "#texture1"},
				"west": {"uv": [14, 8, 15, 8.5], "texture": "#texture1"},
				"up": {"uv": [8, 14, 9, 15], "texture": "#texture1"},
				"down": {"uv": [8, 1, 9, 2], "texture": "#texture1"}
			}
		},
		{
			"name": "Box38",
			"from": [9.125, 7.125, 7.625],
			"to": [10.125, 7.625, 8.625],
			"faces": {
				"north": {"uv": [5.875, 8.375, 6.875, 8.875], "texture": "#texture1"},
				"east": {"uv": [7.375, 8.375, 8.375, 8.875], "texture": "#texture1"},
				"south": {"uv": [9.125, 8.375, 10.125, 8.875], "texture": "#texture1"},
				"west": {"uv": [7.625, 8.375, 8.625, 8.875], "texture": "#texture1"},
				"up": {"uv": [9.125, 7.625, 10.125, 8.625], "texture": "#texture1"},
				"down": {"uv": [9.125, 7.375, 10.125, 8.375], "texture": "#texture1"}
			}
		},
		{
			"name": "Box38",
			"from": [10.125, 7.125, 7.625],
			"to": [12.125, 7.625, 8.625],
			"rotation": {"angle": 22.5, "axis": "z", "origin": [10.125, 7.125, 7.625]},
			"faces": {
				"north": {"uv": [4.5, 8.5, 6, 9], "texture": "#texture1"},
				"east": {"uv": [1, 8.5, 2, 9], "texture": "#texture1"},
				"south": {"uv": [10, 8.5, 11.5, 9], "texture": "#texture1"},
				"west": {"uv": [14, 8.5, 15, 9], "texture": "#texture1"},
				"up": {"uv": [10, 14, 11.5, 15], "texture": "#texture1"},
				"down": {"uv": [10, 1, 11.5, 2], "texture": "#texture1"}
			}
		},
		{
			"name": "Box40",
			"from": [10.5, 8.5, 8],
			"to": [11, 10.5, 8.5],
			"rotation": {"angle": 22.5, "axis": "z", "origin": [10.5, 8.5, 8]},
			"faces": {
				"north": {"uv": [5, 5.5, 5.5, 7.5], "texture": "#texture2"},
				"east": {"uv": [1, 5.5, 2, 7.5], "texture": "#texture2"},
				"south": {"uv": [10.5, 5.5, 11, 7.5], "texture": "#texture2"},
				"west": {"uv": [14, 5.5, 15, 7.5], "texture": "#texture2"},
				"up": {"uv": [10.5, 14, 11, 15], "texture": "#texture2"},
				"down": {"uv": [10.5, 1, 11, 2], "texture": "#texture2"}
			}
		},
		{
			"name": "Box41",
			"from": [10.5, 8.5, 8],
			"to": [11, 10, 8.5],
			"faces": {
				"north": {"uv": [5, 6, 5.5, 7.5], "texture": "#texture2"},
				"east": {"uv": [7.5, 6, 8, 7.5], "texture": "#texture2"},
				"south": {"uv": [10.5, 6, 11, 7.5], "texture": "#texture2"},
				"west": {"uv": [8, 6, 8.5, 7.5], "texture": "#texture2"},
				"up": {"uv": [10.5, 8, 11, 8.5], "texture": "#texture2"},
				"down": {"uv": [10.5, 7.5, 11, 8], "texture": "#texture2"}
			}
		},
		{
			"name": "Box42",
			"from": [12, 6.5, 7.25],
			"to": [13.5, 10.5, 9.25],
			"faces": {
				"north": {"uv": [2.5, 5.5, 4, 9.5], "texture": "#texture"},
				"east": {"uv": [6.75, 5.5, 8.75, 9.5], "texture": "#texture"},
				"south": {"uv": [12, 5.5, 13.5, 9.5], "texture": "#texture"},
				"west": {"uv": [7.25, 5.5, 9.25, 9.5], "texture": "#texture"},
				"up": {"uv": [12, 7.25, 13.5, 9.25], "texture": "#texture"},
				"down": {"uv": [12, 6.75, 13.5, 8.75], "texture": "#texture"}
			}
		},
		{
			"name": "Box43",
			"from": [13.5, 6.5, 7.5],
			"to": [17.5, 9, 9],
			"rotation": {"angle": 45, "axis": "z", "origin": [13.5, 6.5, 7.5]},
			"faces": {
				"north": {"uv": [0.5, 6.5, 2.5, 8], "texture": "#texture"},
				"east": {"uv": [1, 6.5, 2, 8], "texture": "#texture"},
				"south": {"uv": [13.5, 6.5, 15.5, 8], "texture": "#texture"},
				"west": {"uv": [14, 6.5, 15, 8], "texture": "#texture"},
				"up": {"uv": [13.5, 14, 15.5, 15], "texture": "#texture"},
				"down": {"uv": [13.5, 1, 15.5, 2], "texture": "#texture"}
			}
		},
		{
			"name": "Box44",
			"from": [13.5, 9, 7],
			"to": [18, 12, 9.5],
			"faces": {
				"north": {"uv": [0, 4, 2.5, 7], "texture": "#texture"},
				"east": {"uv": [6.5, 4, 9, 7], "texture": "#texture"},
				"south": {"uv": [13.5, 4, 16, 7], "texture": "#texture"},
				"west": {"uv": [7, 4, 9.5, 7], "texture": "#texture"},
				"up": {"uv": [13.5, 7, 16, 9.5], "texture": "#texture"},
				"down": {"uv": [13.5, 6.5, 16, 9], "texture": "#texture"}
			}
		},
		{
			"name": "Box45",
			"from": [13.5, 7, 7.25],
			"to": [15, 10, 9.25],
			"rotation": {"angle": -45, "axis": "z", "origin": [13.5, 7, 7.25]},
			"faces": {
				"north": {"uv": [0.5, 7, 2, 9], "texture": "#texture"},
				"east": {"uv": [1, 7, 2, 9], "texture": "#texture"},
				"south": {"uv": [14, 7, 15.5, 9], "texture": "#texture"},
				"west": {"uv": [14, 7, 15, 9], "texture": "#texture"},
				"up": {"uv": [14, 14, 15.5, 15], "texture": "#texture"},
				"down": {"uv": [14, 1, 15.5, 2], "texture": "#texture"}
			}
		},
		{
			"name": "Box46",
			"from": [15.5, 8, 7.5],
			"to": [18, 9, 9],
			"faces": {
				"north": {"uv": [0, 7, 0.5, 8], "texture": "#texture"},
				"east": {"uv": [7, 7, 8.5, 8], "texture": "#texture"},
				"south": {"uv": [15.5, 7, 16, 8], "texture": "#texture"},
				"west": {"uv": [7.5, 7, 9, 8], "texture": "#texture"},
				"up": {"uv": [15.5, 7.5, 16, 9], "texture": "#texture"},
				"down": {"uv": [15.5, 7, 16, 8.5], "texture": "#texture"}
			}
		},
		{
			"name": "Box47",
			"from": [15, 4.5, 7],
			"to": [18.5, 6, 9.5],
			"rotation": {"angle": 45, "axis": "z", "origin": [15, 4.5, 7]},
			"faces": {
				"north": {"uv": [0, 10, 2, 11.5], "texture": "#texture1"},
				"east": {"uv": [1, 10, 2, 11.5], "texture": "#texture1"},
				"south": {"uv": [14, 10, 16, 11.5], "texture": "#texture1"},
				"west": {"uv": [14, 10, 15, 11.5], "texture": "#texture1"},
				"up": {"uv": [14, 14, 16, 15], "texture": "#texture1"},
				"down": {"uv": [14, 1, 16, 2], "texture": "#texture1"}
			}
		},
		{
			"name": "Box47",
			"from": [16.5, 6.5, 7.25],
			"to": [18, 8, 9.25],
			"faces": {
				"north": {"uv": [0, 10, 2, 11.5], "texture": "#texture1"},
				"east": {"uv": [1, 10, 2, 11.5], "texture": "#texture1"},
				"south": {"uv": [14, 10, 16, 11.5], "texture": "#texture1"},
				"west": {"uv": [14, 10, 15, 11.5], "texture": "#texture1"},
				"up": {"uv": [14, 14, 16, 15], "texture": "#texture1"},
				"down": {"uv": [14, 1, 16, 2], "texture": "#texture1"}
			}
		},
		{
			"name": "Box49",
			"from": [18, 6.5, 7],
			"to": [20, 8, 9.5],
			"rotation": {"angle": 22.5, "axis": "z", "origin": [18, 6.5, 7]},
			"faces": {
				"north": {"uv": [12, 8, 14, 9.5], "texture": "#texture1"},
				"east": {"uv": [1, 8, 2, 9.5], "texture": "#texture1"},
				"south": {"uv": [2, 8, 4, 9.5], "texture": "#texture1"},
				"west": {"uv": [14, 8, 15, 9.5], "texture": "#texture1"},
				"up": {"uv": [2, 14, 4, 15], "texture": "#texture1"},
				"down": {"uv": [2, 1, 4, 2], "texture": "#texture1"}
			}
		},
		{
			"name": "Box50",
			"from": [19, 7, 7],
			"to": [20, 12, 9.5],
			"faces": {
				"north": {"uv": [12, 4, 13, 9], "texture": "#texture1"},
				"east": {"uv": [6.5, 4, 9, 9], "texture": "#texture1"},
				"south": {"uv": [3, 4, 4, 9], "texture": "#texture1"},
				"west": {"uv": [7, 4, 9.5, 9], "texture": "#texture1"},
				"up": {"uv": [3, 7, 4, 9.5], "texture": "#texture1"},
				"down": {"uv": [3, 6.5, 4, 9], "texture": "#texture1"}
			}
		},
		{
			"name": "Box51",
			"from": [18, 8, 7.25],
			"to": [19, 12, 9.25],
			"faces": {
				"north": {"uv": [13, 4, 14, 8], "texture": "#texture"},
				"east": {"uv": [6.75, 4, 8.75, 8], "texture": "#texture"},
				"south": {"uv": [2, 4, 3, 8], "texture": "#texture"},
				"west": {"uv": [7.25, 4, 9.25, 8], "texture": "#texture"},
				"up": {"uv": [2, 7.25, 3, 9.25], "texture": "#texture"},
				"down": {"uv": [2, 6.75, 3, 8.75], "texture": "#texture"}
			}
		},
		{
			"name": "Box52",
			"from": [-5, 6, 7.5],
			"to": [0.5, 6.5, 9],
			"faces": {
				"north": {"uv": [15.5, 9.5, 16, 10], "texture": "#texture"},
				"east": {"uv": [7, 9.5, 8.5, 10], "texture": "#texture"},
				"south": {"uv": [0, 9.5, 0.5, 10], "texture": "#texture"},
				"west": {"uv": [7.5, 9.5, 9, 10], "texture": "#texture"},
				"up": {"uv": [0, 7.5, 0.5, 9], "texture": "#texture"},
				"down": {"uv": [0, 7, 0.5, 8.5], "texture": "#texture"}
			}
		},
		{
			"name": "Box53",
			"from": [7.5, 12, 7.5],
			"to": [16, 13, 9],
			"faces": {
				"north": {"uv": [0, 3, 8.5, 4], "texture": "#texture"},
				"east": {"uv": [7, 3, 8.5, 4], "texture": "#texture"},
				"south": {"uv": [7.5, 3, 16, 4], "texture": "#texture"},
				"west": {"uv": [7.5, 3, 9, 4], "texture": "#texture"},
				"up": {"uv": [7.5, 7.5, 16, 9], "texture": "#texture"},
				"down": {"uv": [7.5, 7, 16, 8.5], "texture": "#texture"}
			}
		},
		{
			"name": "Box54",
			"from": [16, 12, 7.5],
			"to": [17.5, 13, 9],
			"rotation": {"angle": -45, "axis": "z", "origin": [16, 13, 9]},
			"faces": {
				"north": {"uv": [1.5, 4, 0, 3], "texture": "#texture"},
				"east": {"uv": [1, 3, 2, 4], "rotation": 180, "texture": "#texture"},
				"south": {"uv": [16, 4, 14.5, 3], "texture": "#texture"},
				"west": {"uv": [14, 3, 15, 4], "rotation": 180, "texture": "#texture"},
				"up": {"uv": [0, 1, 1.5, 2], "texture": "#texture"},
				"down": {"uv": [0, 14, 1.5, 15], "texture": "#texture"}
			}
		},
		{
			"name": "Box55",
			"from": [8.5, 12.5, 7],
			"to": [12, 13.5, 8],
			"faces": {
				"north": {"uv": [4, 2.5, 7.5, 3.5], "texture": "#texture"},
				"east": {"uv": [8, 2.5, 9, 3.5], "texture": "#texture"},
				"south": {"uv": [8.5, 2.5, 12, 3.5], "texture": "#texture"},
				"west": {"uv": [7, 2.5, 8, 3.5], "texture": "#texture"},
				"up": {"uv": [8.5, 7, 12, 8], "texture": "#texture"},
				"down": {"uv": [8.5, 8, 12, 9], "texture": "#texture"}
			}
		},
		{
			"name": "Box55",
			"from": [8.5, 12.5, 8.5],
			"to": [12, 13.5, 9.5],
			"faces": {
				"north": {"uv": [4, 2.5, 7.5, 3.5], "texture": "#texture"},
				"east": {"uv": [6.5, 2.5, 7.5, 3.5], "texture": "#texture"},
				"south": {"uv": [8.5, 2.5, 12, 3.5], "texture": "#texture"},
				"west": {"uv": [8.5, 2.5, 9.5, 3.5], "texture": "#texture"},
				"up": {"uv": [8.5, 8.5, 12, 9.5], "texture": "#texture"},
				"down": {"uv": [8.5, 6.5, 12, 7.5], "texture": "#texture"}
			}
		},
		{
			"name": "Box57",
			"from": [8.5, 13.25, 7],
			"to": [12, 13.75, 9.5],
			"faces": {
				"north": {"uv": [4, 2.25, 7.5, 2.75], "texture": "#texture"},
				"east": {"uv": [6.5, 2.25, 9, 2.75], "texture": "#texture"},
				"south": {"uv": [8.5, 2.25, 12, 2.75], "texture": "#texture"},
				"west": {"uv": [7, 2.25, 9.5, 2.75], "texture": "#texture"},
				"up": {"uv": [8.5, 7, 12, 9.5], "texture": "#texture"},
				"down": {"uv": [8.5, 6.5, 12, 9], "texture": "#texture"}
			}
		},
		{
			"name": "Box58",
			"from": [8.5, 13.5, 7],
			"to": [9.5, 15, 7.5],
			"faces": {
				"north": {"uv": [6.5, 1, 7.5, 2.5], "texture": "#texture"},
				"east": {"uv": [8.5, 1, 9, 2.5], "texture": "#texture"},
				"south": {"uv": [8.5, 1, 9.5, 2.5], "texture": "#texture"},
				"west": {"uv": [7, 1, 7.5, 2.5], "texture": "#texture"},
				"up": {"uv": [8.5, 7, 9.5, 7.5], "texture": "#texture"},
				"down": {"uv": [8.5, 8.5, 9.5, 9], "texture": "#texture"}
			}
		},
		{
			"name": "Box58",
			"from": [8.5, 13.5, 9],
			"to": [9.5, 15, 9.5],
			"faces": {
				"north": {"uv": [6.5, 1, 7.5, 2.5], "texture": "#texture"},
				"east": {"uv": [6.5, 1, 7, 2.5], "texture": "#texture"},
				"south": {"uv": [8.5, 1, 9.5, 2.5], "texture": "#texture"},
				"west": {"uv": [9, 1, 9.5, 2.5], "texture": "#texture"},
				"up": {"uv": [8.5, 9, 9.5, 9.5], "texture": "#texture"},
				"down": {"uv": [8.5, 6.5, 9.5, 7], "texture": "#texture"}
			}
		},
		{
			"name": "Box60",
			"from": [8.5, 15, 7.25],
			"to": [9.5, 16.5, 9.25],
			"rotation": {"angle": -45, "axis": "z", "origin": [8.5, 15, 7.25]},
			"faces": {
				"north": {"uv": [6.5, 0, 7.5, 1], "texture": "#texture"},
				"east": {"uv": [1, 0, 2, 1], "texture": "#texture"},
				"south": {"uv": [8.5, 0, 9.5, 1], "texture": "#texture"},
				"west": {"uv": [14, 0, 15, 1], "texture": "#texture"},
				"up": {"uv": [8.5, 14, 9.5, 15], "texture": "#texture"},
				"down": {"uv": [8.5, 1, 9.5, 2], "texture": "#texture"}
			}
		},
		{
			"name": "Box62",
			"from": [9.5, 13.5, 7],
			"to": [10.5, 16, 7.5],
			"faces": {
				"north": {"uv": [5.5, 0, 6.5, 2.5], "texture": "#texture"},
				"east": {"uv": [8.5, 0, 9, 2.5], "texture": "#texture"},
				"south": {"uv": [9.5, 0, 10.5, 2.5], "texture": "#texture"},
				"west": {"uv": [7, 0, 7.5, 2.5], "texture": "#texture"},
				"up": {"uv": [9.5, 7, 10.5, 7.5], "texture": "#texture"},
				"down": {"uv": [9.5, 8.5, 10.5, 9], "texture": "#texture"}
			}
		},
		{
			"name": "Box62",
			"from": [9.5, 13.5, 9],
			"to": [10.5, 16, 9.5],
			"faces": {
				"north": {"uv": [5.5, 0, 6.5, 2.5], "texture": "#texture"},
				"east": {"uv": [6.5, 0, 7, 2.5], "texture": "#texture"},
				"south": {"uv": [9.5, 0, 10.5, 2.5], "texture": "#texture"},
				"west": {"uv": [9, 0, 9.5, 2.5], "texture": "#texture"},
				"up": {"uv": [9.5, 9, 10.5, 9.5], "texture": "#texture"},
				"down": {"uv": [9.5, 6.5, 10.5, 7], "texture": "#texture"}
			}
		},
		{
			"name": "Box64",
			"from": [10.5, 14.5, 7],
			"to": [11, 16, 7.5],
			"rotation": {"angle": 22.5, "axis": "x", "origin": [10.5, 14.5, 7]},
			"faces": {
				"north": {"uv": [5, 0, 5.5, 1.5], "texture": "#texture2"},
				"east": {"uv": [8.5, 0, 9, 1.5], "texture": "#texture2"},
				"south": {"uv": [10.5, 0, 11, 1.5], "texture": "#texture2"},
				"west": {"uv": [7, 0, 7.5, 1.5], "texture": "#texture2"},
				"up": {"uv": [10.5, 7, 11, 7.5], "texture": "#texture2"},
				"down": {"uv": [10.5, 8.5, 11, 9], "texture": "#texture2"}
			}
		},
		{
			"name": "Box64",
			"from": [10.5, 14.5, 9],
			"to": [11, 16, 9.5],
			"rotation": {"angle": -22.5, "axis": "x", "origin": [11, 14.5, 9.5]},
			"faces": {
				"north": {"uv": [10.5, 0, 11, 1.5], "texture": "#texture2"},
				"east": {"uv": [7, 0, 7.5, 1.5], "texture": "#texture2"},
				"south": {"uv": [5, 0, 5.5, 1.5], "texture": "#texture2"},
				"west": {"uv": [8.5, 0, 9, 1.5], "texture": "#texture2"},
				"up": {"uv": [10.5, 7, 11, 7.5], "rotation": 180, "texture": "#texture2"},
				"down": {"uv": [10.5, 8.5, 11, 9], "rotation": 180, "texture": "#texture2"}
			}
		},
		{
			"name": "Box66",
			"from": [10.5, 14, 7],
			"to": [11, 14.5, 9.5],
			"faces": {
				"north": {"uv": [5, 1.5, 5.5, 2], "texture": "#texture2"},
				"east": {"uv": [6.5, 1.5, 9, 2], "texture": "#texture2"},
				"south": {"uv": [10.5, 1.5, 11, 2], "texture": "#texture2"},
				"west": {"uv": [7, 1.5, 9.5, 2], "texture": "#texture2"},
				"up": {"uv": [10.5, 7, 11, 9.5], "texture": "#texture2"},
				"down": {"uv": [10.5, 6.5, 11, 9], "texture": "#texture2"}
			}
		},
		{
			"name": "Box67",
			"from": [10.5, 15.5, 7.5],
			"to": [11, 16, 9],
			"faces": {
				"north": {"uv": [5, 0, 5.5, 0.5], "texture": "#texture2"},
				"east": {"uv": [7, 0, 8.5, 0.5], "texture": "#texture2"},
				"south": {"uv": [10.5, 0, 11, 0.5], "texture": "#texture2"},
				"west": {"uv": [7.5, 0, 9, 0.5], "texture": "#texture2"},
				"up": {"uv": [10.5, 7.5, 11, 9], "texture": "#texture2"},
				"down": {"uv": [10.5, 7, 11, 8.5], "texture": "#texture2"}
			}
		},
		{
			"name": "Box68",
			"from": [9.5, 15.5, 7.5],
			"to": [10.5, 16, 9],
			"faces": {
				"north": {"uv": [5.5, 0, 6.5, 0.5], "texture": "#texture"},
				"east": {"uv": [7, 0, 8.5, 0.5], "texture": "#texture"},
				"south": {"uv": [9.5, 0, 10.5, 0.5], "texture": "#texture"},
				"west": {"uv": [7.5, 0, 9, 0.5], "texture": "#texture"},
				"up": {"uv": [9.5, 7.5, 10.5, 9], "texture": "#texture"},
				"down": {"uv": [9.5, 7, 10.5, 8.5], "texture": "#texture"}
			}
		},
		{
			"name": "Box69",
			"from": [8.5, 13.5, 7.5],
			"to": [9, 15, 9],
			"faces": {
				"north": {"uv": [7, 1, 7.5, 2.5], "texture": "#texture"},
				"east": {"uv": [7, 1, 8.5, 2.5], "texture": "#texture"},
				"south": {"uv": [8.5, 1, 9, 2.5], "texture": "#texture"},
				"west": {"uv": [7.5, 1, 9, 2.5], "texture": "#texture"},
				"up": {"uv": [8.5, 7.5, 9, 9], "texture": "#texture"},
				"down": {"uv": [8.5, 7, 9, 8.5], "texture": "#texture"}
			}
		},
		{
			"name": "Box70",
			"from": [10.5, 13.5, 7.5],
			"to": [11, 14, 9],
			"faces": {
				"north": {"uv": [5, 2, 5.5, 2.5], "texture": "#texture"},
				"east": {"uv": [7, 2, 8.5, 2.5], "texture": "#texture"},
				"south": {"uv": [10.5, 2, 11, 2.5], "texture": "#texture"},
				"west": {"uv": [7.5, 2, 9, 2.5], "texture": "#texture"},
				"up": {"uv": [10.5, 7.5, 11, 9], "texture": "#texture"},
				"down": {"uv": [10.5, 7, 11, 8.5], "texture": "#texture"}
			}
		},
		{
			"name": "Box71",
			"from": [10, 14, 7.5],
			"to": [10.5, 15.5, 9],
			"faces": {
				"north": {"uv": [5.5, 0.5, 6, 2], "texture": "#texture3"},
				"east": {"uv": [7, 0.5, 8.5, 2], "texture": "#texture3"},
				"south": {"uv": [10, 0.5, 10.5, 2], "texture": "#texture3"},
				"west": {"uv": [7.5, 0.5, 9, 2], "texture": "#texture3"},
				"up": {"uv": [10, 7.5, 10.5, 9], "texture": "#texture3"},
				"down": {"uv": [10, 7, 10.5, 8.5], "texture": "#texture3"}
			}
		},
		{
			"name": "Box72",
			"from": [4, 13.5, 7.5],
			"to": [8.5, 15, 9],
			"faces": {
				"north": {"uv": [7.5, 1, 12, 2.5], "texture": "#texture1"},
				"east": {"uv": [7, 1, 8.5, 2.5], "texture": "#texture1"},
				"south": {"uv": [4, 1, 8.5, 2.5], "texture": "#texture1"},
				"west": {"uv": [7.5, 1, 9, 2.5], "texture": "#texture1"},
				"up": {"uv": [4, 7.5, 8.5, 9], "texture": "#texture1"},
				"down": {"uv": [4, 7, 8.5, 8.5], "texture": "#texture1"}
			}
		},
		{
			"name": "Box73",
			"from": [5, 12, 7.5],
			"to": [6, 14.5, 9],
			"rotation": {"angle": -22.5, "axis": "z", "origin": [5, 12, 7.5]},
			"faces": {
				"north": {"uv": [10, 2, 11, 4], "texture": "#texture1"},
				"east": {"uv": [1, 2, 2, 4], "texture": "#texture1"},
				"south": {"uv": [5, 2, 6, 4], "texture": "#texture1"},
				"west": {"uv": [14, 2, 15, 4], "texture": "#texture1"},
				"up": {"uv": [5, 14, 6, 15], "texture": "#texture1"},
				"down": {"uv": [5, 1, 6, 2], "texture": "#texture1"}
			}
		},
		{
			"name": "Box66",
			"from": [3.5, 13.5, 7],
			"to": [4, 14, 9.5],
			"faces": {
				"north": {"uv": [12, 2, 12.5, 2.5], "texture": "#texture2"},
				"east": {"uv": [6.5, 2, 9, 2.5], "texture": "#texture2"},
				"south": {"uv": [3.5, 2, 4, 2.5], "texture": "#texture2"},
				"west": {"uv": [7, 2, 9.5, 2.5], "texture": "#texture2"},
				"up": {"uv": [3.5, 7, 4, 9.5], "texture": "#texture2"},
				"down": {"uv": [3.5, 6.5, 4, 9], "texture": "#texture2"}
			}
		},
		{
			"name": "Box64",
			"from": [3.5, 14, 7],
			"to": [4, 15.5, 7.5],
			"rotation": {"angle": 22.5, "axis": "x", "origin": [3.5, 14, 7]},
			"faces": {
				"north": {"uv": [5, 0, 5.5, 1.5], "texture": "#texture2"},
				"east": {"uv": [8.5, 0, 9, 1.5], "texture": "#texture2"},
				"south": {"uv": [10.5, 0, 11, 1.5], "texture": "#texture2"},
				"west": {"uv": [7, 0, 7.5, 1.5], "texture": "#texture2"},
				"up": {"uv": [10.5, 7, 11, 7.5], "texture": "#texture2"},
				"down": {"uv": [10.5, 8.5, 11, 9], "texture": "#texture2"}
			}
		},
		{
			"name": "Box67",
			"from": [3.5, 15, 7.5],
			"to": [4, 15.5, 9],
			"faces": {
				"north": {"uv": [12, 0.5, 12.5, 1], "texture": "#texture2"},
				"east": {"uv": [7, 0.5, 8.5, 1], "texture": "#texture2"},
				"south": {"uv": [3.5, 0.5, 4, 1], "texture": "#texture2"},
				"west": {"uv": [7.5, 0.5, 9, 1], "texture": "#texture2"},
				"up": {"uv": [3.5, 7.5, 4, 9], "texture": "#texture2"},
				"down": {"uv": [3.5, 7, 4, 8.5], "texture": "#texture2"}
			}
		},
		{
			"name": "Box64",
			"from": [3.5, 14, 9],
			"to": [4, 15.5, 9.5],
			"rotation": {"angle": -22.5, "axis": "x", "origin": [4, 14, 9.5]},
			"faces": {
				"north": {"uv": [10.5, 0, 11, 1.5], "texture": "#texture2"},
				"east": {"uv": [7, 0, 7.5, 1.5], "texture": "#texture2"},
				"south": {"uv": [5, 0, 5.5, 1.5], "texture": "#texture2"},
				"west": {"uv": [8.5, 0, 9, 1.5], "texture": "#texture2"},
				"up": {"uv": [10.5, 7, 11, 7.5], "rotation": 180, "texture": "#texture2"},
				"down": {"uv": [10.5, 8.5, 11, 9], "rotation": 180, "texture": "#texture2"}
			}
		},
		{
			"name": "Box78",
			"from": [5, 13.25, 7.25],
			"to": [7.5, 15.25, 9.25],
			"faces": {
				"north": {"uv": [8.5, 0.75, 11, 2.75], "texture": "#texture2"},
				"east": {"uv": [6.75, 0.75, 8.75, 2.75], "texture": "#texture2"},
				"south": {"uv": [5, 0.75, 7.5, 2.75], "texture": "#texture2"},
				"west": {"uv": [7.25, 0.75, 9.25, 2.75], "texture": "#texture2"},
				"up": {"uv": [5, 7.25, 7.5, 9.25], "texture": "#texture2"},
				"down": {"uv": [5, 6.75, 7.5, 8.75], "texture": "#texture2"}
			}
		},
		{
			"name": "Box79",
			"from": [-7, 10.875, 7.5],
			"to": [-6, 11.875, 9],
			"faces": {
				"north": {"uv": [6, 3.5, 7, 4.5], "texture": "#texture1"},
				"east": {"uv": [7, 3.5, 8.5, 4.5], "texture": "#texture1"},
				"south": {"uv": [9, 3.5, 10, 4.5], "texture": "#texture1"},
				"west": {"uv": [7.5, 3.5, 9, 4.5], "texture": "#texture1"},
				"up": {"uv": [9, 7.5, 10, 9], "texture": "#texture1"},
				"down": {"uv": [9, 7, 10, 8.5], "texture": "#texture1"}
			}
		},
		{
			"name": "Box79",
			"from": [-7, 11.875, 7.5],
			"to": [-6, 12.875, 9],
			"rotation": {"angle": -22.5, "axis": "z", "origin": [-7, 11.875, 7.5]},
			"faces": {
				"north": {"uv": [6, 2.5, 7, 3.5], "texture": "#texture1"},
				"east": {"uv": [7, 2.5, 8.5, 3.5], "texture": "#texture1"},
				"south": {"uv": [9, 2.5, 10, 3.5], "texture": "#texture1"},
				"west": {"uv": [7.5, 2.5, 9, 3.5], "texture": "#texture1"},
				"up": {"uv": [9, 7.5, 10, 9], "texture": "#texture1"},
				"down": {"uv": [9, 7, 10, 8.5], "texture": "#texture1"}
			}
		},
		{
			"name": "Box79",
			"from": [-6.625, 12.75, 7.5],
			"to": [-5.625, 13.75, 9],
			"rotation": {"angle": -45, "axis": "z", "origin": [-6.625, 12.75, 7.5]},
			"faces": {
				"north": {"uv": [6, 2.5, 7, 3.5], "texture": "#texture1"},
				"east": {"uv": [7, 2.5, 8.5, 3.5], "texture": "#texture1"},
				"south": {"uv": [9, 2.5, 10, 3.5], "texture": "#texture1"},
				"west": {"uv": [7.5, 2.5, 9, 3.5], "texture": "#texture1"},
				"up": {"uv": [9, 7.5, 10, 9], "texture": "#texture1"},
				"down": {"uv": [9, 7, 10, 8.5], "texture": "#texture1"}
			}
		},
		{
			"name": "Box79",
			"from": [-6, 12.375, 7.5],
			"to": [-5, 13.375, 9],
			"rotation": {"angle": 22.5, "axis": "z", "origin": [-6, 13.375, 7.5]},
			"faces": {
				"north": {"uv": [7, 3.5, 6, 2.5], "rotation": 90, "texture": "#texture1"},
				"east": {"uv": [9, 7.5, 10, 9], "rotation": 90, "texture": "#texture1"},
				"south": {"uv": [10, 3.5, 9, 2.5], "rotation": 270, "texture": "#texture1"},
				"west": {"uv": [10, 8.5, 9, 7], "rotation": 270, "texture": "#texture1"},
				"up": {"uv": [9, 3.5, 7.5, 2.5], "rotation": 270, "texture": "#texture1"},
				"down": {"uv": [7, 2.5, 8.5, 3.5], "rotation": 90, "texture": "#texture1"}
			}
		},
		{
			"name": "Box83",
			"from": [-5.125, 12.75, 7.5],
			"to": [-1.625, 13.75, 9],
			"faces": {
				"north": {"uv": [1.625, 1.625, 5.125, 2.625], "texture": "#texture1"},
				"east": {"uv": [7, 1.625, 8.5, 2.625], "texture": "#texture1"},
				"south": {"uv": [10.875, 1.625, 14.375, 2.625], "texture": "#texture1"},
				"west": {"uv": [7.5, 1.625, 9, 2.625], "texture": "#texture1"},
				"up": {"uv": [10.875, 7.5, 14.375, 9], "texture": "#texture1"},
				"down": {"uv": [10.875, 7, 14.375, 8.5], "texture": "#texture1"}
			}
		},
		{
			"name": "Box84",
			"from": [-1.625, 12.75, 7.5],
			"to": [3.375, 13.75, 9],
			"rotation": {"angle": -45, "axis": "z", "origin": [-1.625, 13.75, 9]},
			"faces": {
				"north": {"uv": [14, 15, 15, 16], "rotation": 180, "texture": "#texture1"},
				"east": {"uv": [1, 15, 2, 16], "rotation": 180, "texture": "#texture1"},
				"south": {"uv": [1, 15, 2, 16], "rotation": 180, "texture": "#texture1"},
				"west": {"uv": [14, 15, 15, 16], "rotation": 180, "texture": "#texture1"},
				"up": {"uv": [15, 2, 14, 1], "rotation": 180, "texture": "#texture1"},
				"down": {"uv": [15, 15, 14, 14], "rotation": 180, "texture": "#texture1"}
			}
		},
		{
			"name": "Box84",
			"from": [-3.5, 2, 7.5],
			"to": [-2, 6, 9],
			"faces": {
				"north": {"uv": [2, 10, 3.5, 14], "texture": "#texture1"},
				"east": {"uv": [7, 10, 8.5, 14], "texture": "#texture1"},
				"south": {"uv": [12.5, 10, 14, 14], "texture": "#texture1"},
				"west": {"uv": [7.5, 10, 9, 14], "texture": "#texture1"},
				"up": {"uv": [12.5, 7.5, 14, 9], "texture": "#texture1"},
				"down": {"uv": [12.5, 7, 14, 8.5], "texture": "#texture1"}
			}
		},
		{
			"name": "Box85",
			"from": [-2, 2, 7.75],
			"to": [6.5, 3.5, 8.75],
			"rotation": {"angle": 22.5, "axis": "z", "origin": [-2, 2, 7.75]},
			"faces": {
				"north": {"uv": [9.5, 11, 16, 12.5], "texture": "#texture1"},
				"east": {"uv": [1, 11, 2, 12.5], "texture": "#texture1"},
				"south": {"uv": [0, 11, 6.5, 12.5], "texture": "#texture1"},
				"west": {"uv": [14, 11, 15, 12.5], "texture": "#texture1"},
				"up": {"uv": [0, 14, 6.5, 15], "texture": "#texture1"},
				"down": {"uv": [0, 1, 6.5, 2], "texture": "#texture1"}
			}
		},
		{
			"name": "Box86",
			"from": [-3.75, 3, 7.75],
			"to": [-3.25, 3.5, 8.75],
			"faces": {
				"north": {"uv": [3.5, 12.5, 4, 13], "texture": "#texture2"},
				"east": {"uv": [7.5, 12.5, 8.5, 13], "texture": "#texture2"},
				"south": {"uv": [12, 12.5, 12.5, 13], "texture": "#texture2"},
				"west": {"uv": [7.5, 12.5, 8.5, 13], "texture": "#texture2"},
				"up": {"uv": [12, 7.5, 12.5, 8.5], "texture": "#texture2"},
				"down": {"uv": [12, 7.5, 12.5, 8.5], "texture": "#texture2"}
			}
		},
		{
			"name": "Box86",
			"from": [-3.75, 4, 7.75],
			"to": [-3.25, 4.5, 8.75],
			"faces": {
				"north": {"uv": [3.5, 11.5, 4, 12], "texture": "#texture2"},
				"east": {"uv": [7.5, 11.5, 8.5, 12], "texture": "#texture2"},
				"south": {"uv": [12, 11.5, 12.5, 12], "texture": "#texture2"},
				"west": {"uv": [7.5, 11.5, 8.5, 12], "texture": "#texture2"},
				"up": {"uv": [12, 7.5, 12.5, 8.5], "texture": "#texture2"},
				"down": {"uv": [12, 7.5, 12.5, 8.5], "texture": "#texture2"}
			}
		},
		{
			"name": "Box86",
			"from": [-3.75, 5, 7.75],
			"to": [-3.25, 5.5, 8.75],
			"faces": {
				"north": {"uv": [3.25, 10.5, 3.75, 11], "texture": "#texture2"},
				"east": {"uv": [7.25, 10.5, 8.25, 11], "texture": "#texture2"},
				"south": {"uv": [12.25, 10.5, 12.75, 11], "texture": "#texture2"},
				"west": {"uv": [7.75, 10.5, 8.75, 11], "texture": "#texture2"},
				"up": {"uv": [12.25, 7.75, 12.75, 8.75], "texture": "#texture2"},
				"down": {"uv": [12.25, 7.25, 12.75, 8.25], "texture": "#texture2"}
			}
		},
		{
			"name": "Box89",
			"from": [-2, 2, 7.5],
			"to": [5.5, 3.5, 9],
			"faces": {
				"north": {"uv": [10.5, 12.5, 16, 14], "texture": "#texture1"},
				"east": {"uv": [0.5, 12.5, 2, 14], "texture": "#texture1"},
				"south": {"uv": [0, 12.5, 5.5, 14], "texture": "#texture1"},
				"west": {"uv": [14, 12.5, 15.5, 14], "texture": "#texture1"},
				"up": {"uv": [0, 14, 5.5, 15.5], "texture": "#texture1"},
				"down": {"uv": [0, 0.5, 5.5, 2], "texture": "#texture1"}
			}
		},
		{
			"name": "Box90",
			"from": [1.5, 3.5, 7.5],
			"to": [5.5, 5, 9],
			"faces": {
				"north": {"uv": [10.5, 11, 14.5, 12.5], "texture": "#texture1"},
				"east": {"uv": [0.5, 11, 2, 12.5], "texture": "#texture1"},
				"south": {"uv": [1.5, 11, 5.5, 12.5], "texture": "#texture1"},
				"west": {"uv": [14, 11, 15.5, 12.5], "texture": "#texture1"},
				"up": {"uv": [1.5, 14, 5.5, 15.5], "texture": "#texture1"},
				"down": {"uv": [1.5, 0.5, 5.5, 2], "texture": "#texture1"}
			}
		},
		{
			"name": "Box91",
			"from": [5, 5, 7.5],
			"to": [5.5, 5.5, 9],
			"faces": {
				"north": {"uv": [10.5, 10.5, 11, 11], "texture": "#texture1"},
				"east": {"uv": [0.5, 10.5, 2, 11], "texture": "#texture1"},
				"south": {"uv": [5, 10.5, 5.5, 11], "texture": "#texture1"},
				"west": {"uv": [14, 10.5, 15.5, 11], "texture": "#texture1"},
				"up": {"uv": [5, 14, 5.5, 15.5], "texture": "#texture1"},
				"down": {"uv": [5, 0.5, 5.5, 2], "texture": "#texture1"}
			}
		},
		{
			"name": "Box92",
			"from": [5.5, 2, 7.5],
			"to": [7, 3.5, 9],
			"rotation": {"angle": 22.5, "axis": "z", "origin": [5.5, 2, 7.5]},
			"faces": {
				"north": {"uv": [9, 12.5, 10.5, 14], "texture": "#texture1"},
				"east": {"uv": [1, 12.5, 2, 14], "texture": "#texture1"},
				"south": {"uv": [5.5, 12.5, 7, 14], "texture": "#texture1"},
				"west": {"uv": [14, 12.5, 15, 14], "texture": "#texture1"},
				"up": {"uv": [5.5, 14, 7, 15], "texture": "#texture1"},
				"down": {"uv": [5.5, 1, 7, 2], "texture": "#texture1"}
			}
		},
		{
			"name": "Box93",
			"from": [6, 2.5, 7.5],
			"to": [7, 5, 9],
			"faces": {
				"north": {"uv": [9, 11, 10, 13.5], "texture": "#texture1"},
				"east": {"uv": [0.5, 11, 2, 13.5], "texture": "#texture1"},
				"south": {"uv": [6, 11, 7, 13.5], "texture": "#texture1"},
				"west": {"uv": [14, 11, 15.5, 13.5], "texture": "#texture1"},
				"up": {"uv": [6, 14, 7, 15.5], "texture": "#texture1"},
				"down": {"uv": [6, 0.5, 7, 2], "texture": "#texture1"}
			}
		},
		{
			"name": "Box94",
			"from": [-0.5, 1.5, 7.5],
			"to": [5.5, 2, 9],
			"faces": {
				"north": {"uv": [10.5, 14, 16, 14.5], "texture": "#texture1"},
				"east": {"uv": [7, 14, 8.5, 14.5], "texture": "#texture1"},
				"south": {"uv": [0, 14, 5.5, 14.5], "texture": "#texture1"},
				"west": {"uv": [7.5, 14, 9, 14.5], "texture": "#texture1"},
				"up": {"uv": [0, 7.5, 5.5, 9], "texture": "#texture1"},
				"down": {"uv": [0, 7, 5.5, 8.5], "texture": "#texture1"}
			}
		},
		{
			"name": "Box95",
			"from": [-2, 2.5, 7.25],
			"to": [0.5, 3.5, 9.25],
			"faces": {
				"north": {"uv": [15.5, 12.5, 16, 13.5], "texture": "#texture1"},
				"east": {"uv": [6.75, 12.5, 8.75, 13.5], "texture": "#texture1"},
				"south": {"uv": [0, 12.5, 0.5, 13.5], "texture": "#texture1"},
				"west": {"uv": [7.25, 12.5, 9.25, 13.5], "texture": "#texture1"},
				"up": {"uv": [0, 7.25, 0.5, 9.25], "texture": "#texture1"},
				"down": {"uv": [0, 6.75, 0.5, 8.75], "texture": "#texture1"}
			}
		},
		{
			"name": "Box96",
			"from": [0.5, 2, 7.25],
			"to": [5, 4.5, 9.25],
			"faces": {
				"north": {"uv": [11, 11.5, 15.5, 14], "texture": "#texture1"},
				"east": {"uv": [6.75, 11.5, 8.75, 14], "texture": "#texture1"},
				"south": {"uv": [0.5, 11.5, 5, 14], "texture": "#texture1"},
				"west": {"uv": [7.25, 11.5, 9.25, 14], "texture": "#texture1"},
				"up": {"uv": [0.5, 7.25, 5, 9.25], "texture": "#texture1"},
				"down": {"uv": [0.5, 6.75, 5, 8.75], "texture": "#texture1"}
			}
		},
		{
			"name": "Box97",
			"from": [3.875, 14, 7.5],
			"to": [3.876, 15, 9],
			"faces": {
				"north": {"uv": [12.124, 1, 12.125, 2], "texture": "#texture3"},
				"east": {"uv": [7, 1, 8.5, 2], "texture": "#texture3"},
				"south": {"uv": [3.875, 1, 3.876, 2], "texture": "#texture3"},
				"west": {"uv": [7.5, 1, 9, 2], "texture": "#texture3"},
				"up": {"uv": [3.875, 7.5, 3.876, 9], "texture": "#texture3"},
				"down": {"uv": [3.875, 7, 3.876, 8.5], "texture": "#texture3"}
			}
		},
		{
			"name": "Box98",
			"from": [-4, 9.5, 10],
			"to": [-3, 10.5, 11.5],
			"faces": {
				"north": {"uv": [3, 5.5, 4, 6.5], "texture": "#texture6"},
				"east": {"uv": [4.5, 5.5, 6, 6.5], "texture": "#texture6"},
				"south": {"uv": [12, 5.5, 13, 6.5], "texture": "#texture6"},
				"west": {"uv": [10, 5.5, 11.5, 6.5], "texture": "#texture6"},
				"up": {"uv": [12, 10, 13, 11.5], "texture": "#texture6"},
				"down": {"uv": [12, 4.5, 13, 6], "texture": "#texture6"}
			}
		},
		{
			"name": "Box99",
			"from": [-3, 9.5, 10.5],
			"to": [-1.5, 10.5, 11.5],
			"faces": {
				"north": {"uv": [1.5, 15, 3, 16], "texture": "#texture6"},
				"east": {"uv": [4.5, 15, 5.5, 16], "texture": "#texture6"},
				"south": {"uv": [13, 15, 14.5, 16], "texture": "#texture6"},
				"west": {"uv": [10.5, 15, 11.5, 16], "texture": "#texture6"},
				"up": {"uv": [13, 10.5, 14.5, 11.5], "texture": "#texture6"},
				"down": {"uv": [13, 4.5, 14.5, 5.5], "texture": "#texture6"}
			}
		},
		{
			"name": "Box100",
			"from": [-1.5, 9.5, 10.5],
			"to": [0.5, 10.5, 11.5],
			"rotation": {"angle": 45, "axis": "y", "origin": [-1.5, 10.5, 11.5]},
			"faces": {
				"north": {"uv": [15, 16, 14, 15], "texture": "#texture6"},
				"east": {"uv": [1, 15, 2, 16], "rotation": 180, "texture": "#texture6"},
				"south": {"uv": [2, 16, 1, 15], "texture": "#texture6"},
				"west": {"uv": [14, 15, 15, 16], "rotation": 180, "texture": "#texture6"},
				"up": {"uv": [14, 1, 15, 2], "texture": "#texture6"},
				"down": {"uv": [14, 14, 15, 15], "texture": "#texture6"}
			}
		},
		{
			"name": "Box98",
			"from": [-4, 9.5, 5],
			"to": [-3, 10.5, 6.5],
			"faces": {
				"north": {"uv": [3, 5.5, 4, 6.5], "texture": "#texture6"},
				"east": {"uv": [9.5, 5.5, 11, 6.5], "texture": "#texture6"},
				"south": {"uv": [12, 5.5, 13, 6.5], "texture": "#texture6"},
				"west": {"uv": [5, 5.5, 6.5, 6.5], "texture": "#texture6"},
				"up": {"uv": [12, 5, 13, 6.5], "texture": "#texture6"},
				"down": {"uv": [12, 9.5, 13, 11], "texture": "#texture6"}
			}
		},
		{
			"name": "Box99",
			"from": [-3, 9.5, 5],
			"to": [-1.5, 10.5, 6],
			"faces": {
				"north": {"uv": [1.5, 5.5, 3, 6.5], "texture": "#texture6"},
				"east": {"uv": [10, 5.5, 11, 6.5], "texture": "#texture6"},
				"south": {"uv": [13, 5.5, 14.5, 6.5], "texture": "#texture6"},
				"west": {"uv": [5, 5.5, 6, 6.5], "texture": "#texture6"},
				"up": {"uv": [13, 5, 14.5, 6], "texture": "#texture6"},
				"down": {"uv": [13, 10, 14.5, 11], "texture": "#texture6"}
			}
		},
		{
			"name": "Box100",
			"from": [-1.5, 9.5, 5],
			"to": [0.5, 10.5, 6],
			"rotation": {"angle": -45, "axis": "y", "origin": [-1.5, 9.5, 5]},
			"faces": {
				"north": {"uv": [1, 15, 2, 16], "texture": "#texture6"},
				"east": {"uv": [1, 15, 2, 16], "texture": "#texture6"},
				"south": {"uv": [14, 15, 15, 16], "texture": "#texture6"},
				"west": {"uv": [14, 15, 15, 16], "texture": "#texture6"},
				"up": {"uv": [14, 14, 15, 15], "texture": "#texture6"},
				"down": {"uv": [14, 1, 15, 2], "texture": "#texture6"}
			}
		},
		{
			"name": "Box105",
			"from": [3.5, 8.5, 9.5],
			"to": [5, 10, 10],
			"faces": {
				"north": {"uv": [11, 6, 12.5, 7.5], "texture": "#texture5"},
				"east": {"uv": [6, 6, 6.5, 7.5], "texture": "#texture5"},
				"south": {"uv": [3.5, 6, 5, 7.5], "texture": "#texture5"},
				"west": {"uv": [9.5, 6, 10, 7.5], "texture": "#texture5"},
				"up": {"uv": [3.5, 9.5, 5, 10], "texture": "#texture5"},
				"down": {"uv": [3.5, 6, 5, 6.5], "texture": "#texture5"}
			}
		},
		{
			"name": "Box105",
			"from": [3.25, 8.25, 9.375],
			"to": [5.25, 10.25, 9.875],
			"faces": {
				"north": {"uv": [13, 8, 10.5, 5.5], "rotation": 90, "texture": "#texture4"},
				"east": {"uv": [5.5, 13, 3, 12.5], "rotation": 270, "texture": "#texture4"},
				"south": {"uv": [5.5, 8, 3, 5.5], "rotation": 270, "texture": "#texture4"},
				"west": {"uv": [3, 3, 5.5, 3.5], "rotation": 90, "texture": "#texture4"},
				"up": {"uv": [12.5, 5.5, 13, 8], "rotation": 90, "texture": "#texture4"},
				"down": {"uv": [3.5, 8, 3, 5.5], "rotation": 270, "texture": "#texture4"}
			}
		},
		{
			"name": "Box105",
			"from": [3.5, 8.5, 6.5],
			"to": [5, 10, 7],
			"faces": {
				"north": {"uv": [3.5, 6, 5, 7.5], "texture": "#texture5"},
				"east": {"uv": [5.5, 6, 6, 7.5], "texture": "#texture5"},
				"south": {"uv": [11, 6, 12.5, 7.5], "texture": "#texture5"},
				"west": {"uv": [10, 6, 10.5, 7.5], "texture": "#texture5"},
				"up": {"uv": [3.5, 5.5, 5, 6], "rotation": 180, "texture": "#texture5"},
				"down": {"uv": [3.5, 10, 5, 10.5], "rotation": 180, "texture": "#texture5"}
			}
		},
		{
			"name": "Box105",
			"from": [3.25, 8.25, 6.625],
			"to": [5.25, 10.25, 7.125],
			"faces": {
				"north": {"uv": [5.5, 8, 3, 5.5], "rotation": 270, "texture": "#texture4"},
				"east": {"uv": [3, 3, 5.5, 3.5], "rotation": 90, "texture": "#texture4"},
				"south": {"uv": [13, 8, 10.5, 5.5], "rotation": 90, "texture": "#texture4"},
				"west": {"uv": [5.5, 13, 3, 12.5], "rotation": 270, "texture": "#texture4"},
				"up": {"uv": [12.5, 5.5, 13, 8], "rotation": 270, "texture": "#texture4"},
				"down": {"uv": [3.5, 8, 3, 5.5], "rotation": 90, "texture": "#texture4"}
			}
		},
		{
			"name": "Box109",
			"from": [-3.75, 8.5, 6.5],
			"to": [1.25, 9, 10],
			"faces": {
				"north": {"uv": [14.75, 7, 16, 7.5], "texture": "#texture4"},
				"east": {"uv": [6, 7, 9.5, 7.5], "texture": "#texture4"},
				"south": {"uv": [0, 7, 1.25, 7.5], "texture": "#texture4"},
				"west": {"uv": [6.5, 7, 10, 7.5], "texture": "#texture4"},
				"up": {"uv": [0, 6.5, 1.25, 10], "texture": "#texture4"},
				"down": {"uv": [0, 6, 1.25, 9.5], "texture": "#texture4"}
			}
		},
		{
			"name": "Box110",
			"from": [-3.5, 8.575, 6.375],
			"to": [0.955, 8.90305, 10.225],
			"faces": {
				"north": {"uv": [15.045, 7.09695, 16, 7.425], "texture": "#texture5"},
				"east": {"uv": [5.775, 7.09695, 9.625, 7.425], "texture": "#texture5"},
				"south": {"uv": [0, 7.09695, 0.955, 7.425], "texture": "#texture5"},
				"west": {"uv": [6.375, 7.09695, 10.225, 7.425], "texture": "#texture5"},
				"up": {"uv": [0, 6.375, 0.955, 10.225], "texture": "#texture5"},
				"down": {"uv": [0, 5.775, 0.955, 9.625], "texture": "#texture5"}
			}
		},
		{
			"name": "Box105",
			"from": [5.75, 13.75, 9.125],
			"to": [6.8, 14.8, 9.475],
			"faces": {
				"north": {"uv": [9.2, 1.2, 10.25, 2.25], "texture": "#texture5"},
				"east": {"uv": [6.525, 1.2, 6.875, 2.25], "texture": "#texture5"},
				"south": {"uv": [5.75, 1.2, 6.8, 2.25], "texture": "#texture5"},
				"west": {"uv": [9.125, 1.2, 9.475, 2.25], "texture": "#texture5"},
				"up": {"uv": [5.75, 9.125, 6.8, 9.475], "texture": "#texture5"},
				"down": {"uv": [5.75, 6.525, 6.8, 6.875], "texture": "#texture5"}
			}
		},
		{
			"name": "Box105",
			"from": [5.575, 13.575, 9.0375],
			"to": [6.975, 14.975, 9.3875],
			"faces": {
				"north": {"uv": [13, 8, 10.5, 5.5], "rotation": 90, "texture": "#texture4"},
				"east": {"uv": [5.5, 13, 3, 12.5], "rotation": 270, "texture": "#texture4"},
				"south": {"uv": [5.5, 8, 3, 5.5], "rotation": 270, "texture": "#texture4"},
				"west": {"uv": [3, 3, 5.5, 3.5], "rotation": 90, "texture": "#texture4"},
				"up": {"uv": [12.5, 5.5, 13, 8], "rotation": 90, "texture": "#texture4"},
				"down": {"uv": [3.5, 8, 3, 5.5], "rotation": 270, "texture": "#texture4"}
			}
		},
		{
			"name": "Box105",
			"from": [5.75, 13.75, 7.025],
			"to": [6.8, 14.8, 7.375],
			"faces": {
				"north": {"uv": [6, 0.95, 7.05, 2], "texture": "#texture5"},
				"east": {"uv": [5.5, 0.95, 5.85, 2], "texture": "#texture5"},
				"south": {"uv": [8.95, 0.95, 10, 2], "texture": "#texture5"},
				"west": {"uv": [10.15, 0.95, 10.5, 2], "texture": "#texture5"},
				"up": {"uv": [6, 5.5, 7.05, 5.85], "rotation": 180, "texture": "#texture5"},
				"down": {"uv": [6, 10.15, 7.05, 10.5], "rotation": 180, "texture": "#texture5"}
			}
		},
		{
			"name": "Box105",
			"from": [5.575, 13.575, 7.1125],
			"to": [6.975, 14.975, 7.4625],
			"faces": {
				"north": {"uv": [5.5, 8, 3, 5.5], "rotation": 270, "texture": "#texture4"},
				"east": {"uv": [3, 3, 5.5, 3.5], "rotation": 90, "texture": "#texture4"},
				"south": {"uv": [13, 8, 10.5, 5.5], "rotation": 90, "texture": "#texture4"},
				"west": {"uv": [5.5, 13, 3, 12.5], "rotation": 270, "texture": "#texture4"},
				"up": {"uv": [12.5, 5.5, 13, 8], "rotation": 270, "texture": "#texture4"},
				"down": {"uv": [3.5, 8, 3, 5.5], "rotation": 90, "texture": "#texture4"}
			}
		},
		{
			"name": "Box115",
			"from": [-7.75, 8.5, 8],
			"to": [-7.25, 9, 8.5],
			"faces": {
				"north": {"uv": [7.25, 7, 7.75, 7.5], "texture": "#texture4"},
				"east": {"uv": [7.5, 7, 8, 7.5], "texture": "#texture4"},
				"south": {"uv": [8.25, 7, 8.75, 7.5], "texture": "#texture4"},
				"west": {"uv": [8, 7, 8.5, 7.5], "texture": "#texture4"},
				"up": {"uv": [8.25, 8, 8.75, 8.5], "texture": "#texture4"},
				"down": {"uv": [8.25, 7.5, 8.75, 8], "texture": "#texture4"}
			}
		},
		{
			"name": "Box116",
			"from": [1, 2.5, 9],
			"to": [4.5, 4, 9.5],
			"faces": {
				"north": {"uv": [11.5, 12, 15, 13.5], "texture": "#texture4"},
				"east": {"uv": [6.5, 12, 7, 13.5], "texture": "#texture4"},
				"south": {"uv": [1, 12, 4.5, 13.5], "texture": "#texture4"},
				"west": {"uv": [9, 12, 9.5, 13.5], "texture": "#texture4"},
				"up": {"uv": [1, 9, 4.5, 9.5], "texture": "#texture4"},
				"down": {"uv": [1, 6.5, 4.5, 7], "texture": "#texture4"}
			}
		},
		{
			"name": "Box116",
			"from": [1, 2.5, 7],
			"to": [4.5, 4, 7.5],
			"faces": {
				"north": {"uv": [11.5, 12, 15, 13.5], "texture": "#texture4"},
				"east": {"uv": [8.5, 12, 9, 13.5], "texture": "#texture4"},
				"south": {"uv": [1, 12, 4.5, 13.5], "texture": "#texture4"},
				"west": {"uv": [7, 12, 7.5, 13.5], "texture": "#texture4"},
				"up": {"uv": [1, 7, 4.5, 7.5], "texture": "#texture4"},
				"down": {"uv": [1, 8.5, 4.5, 9], "texture": "#texture4"}
			}
		},
		{
			"name": "Box116",
			"from": [1.25, 2.75, 9.25],
			"to": [4.25, 3.75, 9.75],
			"faces": {
				"north": {"uv": [11.75, 12.25, 14.75, 13.25], "texture": "#texture5"},
				"east": {"uv": [6.25, 12.25, 6.75, 13.25], "texture": "#texture5"},
				"south": {"uv": [1.25, 12.25, 4.25, 13.25], "texture": "#texture5"},
				"west": {"uv": [9.25, 12.25, 9.75, 13.25], "texture": "#texture5"},
				"up": {"uv": [1.25, 9.25, 4.25, 9.75], "texture": "#texture5"},
				"down": {"uv": [1.25, 6.25, 4.25, 6.75], "texture": "#texture5"}
			}
		},
		{
			"name": "Box116",
			"from": [1.25, 2.75, 6.75],
			"to": [4.25, 3.75, 7.25],
			"faces": {
				"north": {"uv": [11.75, 12.25, 14.75, 13.25], "texture": "#texture5"},
				"east": {"uv": [8.75, 12.25, 9.25, 13.25], "texture": "#texture5"},
				"south": {"uv": [1.25, 12.25, 4.25, 13.25], "texture": "#texture5"},
				"west": {"uv": [6.75, 12.25, 7.25, 13.25], "texture": "#texture5"},
				"up": {"uv": [1.25, 6.75, 4.25, 7.25], "texture": "#texture5"},
				"down": {"uv": [1.25, 8.75, 4.25, 9.25], "texture": "#texture5"}
			}
		},
		{
			"name": "Box120",
			"from": [11.5, 7.5, 6.75],
			"to": [13.5, 13, 9.75],
			"rotation": {"angle": -22.5, "axis": "z", "origin": [11.5, 7.5, 6.75]},
			"faces": {
				"north": {"uv": [2, 3, 4, 7], "texture": "#texture6"},
				"east": {"uv": [1, 3, 2, 7], "texture": "#texture6"},
				"south": {"uv": [12, 3, 14, 7], "texture": "#texture6"},
				"west": {"uv": [14, 3, 15, 7], "texture": "#texture6"},
				"up": {"uv": [12, 14, 14, 15], "texture": "#texture6"},
				"down": {"uv": [12, 1, 14, 2], "texture": "#texture6"}
			}
		},
		{
			"name": "Box121",
			"from": [13.375, 11.625, 6.75],
			"to": [15.375, 13.125, 9.75],
			"faces": {
				"north": {"uv": [0.625, 2.875, 2.625, 4.375], "texture": "#texture6"},
				"east": {"uv": [6.25, 2.875, 9.25, 4.375], "texture": "#texture6"},
				"south": {"uv": [13.375, 2.875, 15.375, 4.375], "texture": "#texture6"},
				"west": {"uv": [6.75, 2.875, 9.75, 4.375], "texture": "#texture6"},
				"up": {"uv": [13.375, 6.75, 15.375, 9.75], "texture": "#texture6"},
				"down": {"uv": [13.375, 6.25, 15.375, 9.25], "texture": "#texture6"}
			}
		},
		{
			"name": "Box123",
			"from": [5.5, 6, 6.75],
			"to": [7, 12.5, 9.75],
			"faces": {
				"north": {"uv": [9, 3.5, 10.5, 10], "texture": "#texture6"},
				"east": {"uv": [6.25, 3.5, 9.25, 10], "texture": "#texture6"},
				"south": {"uv": [5.5, 3.5, 7, 10], "texture": "#texture6"},
				"west": {"uv": [6.75, 3.5, 9.75, 10], "texture": "#texture6"},
				"up": {"uv": [5.5, 6.75, 7, 9.75], "texture": "#texture6"},
				"down": {"uv": [5.5, 6.25, 7, 9.25], "texture": "#texture6"}
			}
		}
	],
	"display": {
		"thirdperson_righthand": {
			"rotation": [0, -90, 0],
			"translation": [0, -1.391, 0],
			"scale": [0.6, 0.6, 0.6]
		},
		"thirdperson_lefthand": {
			"rotation": [0, 90, 0],
			"translation": [0, -1.391, 0],
			"scale": [0.6, 0.6, 0.6]
		},
		"firstperson_righthand": {
			"rotation": [0, -90, 0],
			"translation": [0, 0, -1.391]
		},
		"firstperson_lefthand": {
			"rotation": [0, 90, 0],
			"translation": [0, 0, -1.391]
		},
		"ground": {
			"rotation": [90, 0, 0],
			"scale": [0.5, 0.5, 0.5]
		},
		"gui": {
			"rotation": [17, 39, 0],
			"translation": [0.6956, 0, 0],
			"scale": [0.5, 0.5, 0.5]
		},
		"head": {
			"translation": [1, 0, 0],
			"scale": [0.7, 0.7, 0.7]
		}
	}
}