{
	"credit": "Made By Ubalube",
	"textures": {
		"texture": "guns/gray6",
		"texture1": "guns/gray7",
		"particle": "blocks/e_particle"
	},
	"elements": [
		{
			"name": "Box1",
			"from": [-14.87498, 9.49921, 7.99999],
			"to": [3.52502, 10.9992, 9.49999],
			"faces": {
				"north": {"uv": [12.475, 5, 16, 6.5], "texture": "#texture1"},
				"east": {"uv": [6.5, 5, 8, 6.5], "texture": "#texture1"},
				"south": {"uv": [0, 5, 3.525, 6.5], "texture": "#texture1"},
				"west": {"uv": [8, 5, 9.5, 6.5], "texture": "#texture1"},
				"up": {"uv": [0, 8, 3.525, 9.5], "texture": "#texture1"},
				"down": {"uv": [0, 6.5, 3.525, 8], "texture": "#texture1"}
			}
		},
		{
			"name": "Box2",
			"from": [-14.87595, 10.99903, 8.00003],
			"to": [3.52406, 11.49903, 9.00003],
			"rotation": {"angle": 22.5, "axis": "x", "origin": [-14.875, 11, 8]},
			"faces": {
				"north": {"uv": [15.5, 4.5, 16, 5], "texture": "#texture1"},
				"east": {"uv": [7, 4.5, 8, 5], "texture": "#texture1"},
				"south": {"uv": [0, 4.5, 0.5, 5], "texture": "#texture1"},
				"west": {"uv": [8, 4.5, 9, 5], "texture": "#texture1"},
				"up": {"uv": [0, 8, 0.5, 9], "texture": "#texture1"},
				"down": {"uv": [0, 7, 0.5, 8], "texture": "#texture1"}
			}
		},
		{
			"name": "Box2",
			"from": [-14.87468, 11.00038, 8.49951],
			"to": [3.52532, 11.50038, 9.49951],
			"rotation": {"angle": -22.5, "axis": "x", "origin": [3.525, 11, 9.5]},
			"faces": {
				"north": {"uv": [0, 4.5, 0.5, 5], "texture": "#texture1"},
				"east": {"uv": [8, 4.5, 9, 5], "texture": "#texture1"},
				"south": {"uv": [15.5, 4.5, 16, 5], "texture": "#texture1"},
				"west": {"uv": [7, 4.5, 8, 5], "texture": "#texture1"},
				"up": {"uv": [0, 8, 0.5, 9], "rotation": 180, "texture": "#texture1"},
				"down": {"uv": [0, 7, 0.5, 8], "rotation": 180, "texture": "#texture1"}
			}
		},
		{
			"name": "Box4",
			"from": [-14.87465, 11.00014, 8.25065],
			"to": [3.52535, 11.50014, 9.25065],
			"faces": {
				"north": {"uv": [12.475, 4.5, 16, 5], "texture": "#texture1"},
				"east": {"uv": [6.75, 4.5, 7.75, 5], "texture": "#texture1"},
				"south": {"uv": [0, 4.5, 3.525, 5], "texture": "#texture1"},
				"west": {"uv": [8.25, 4.5, 9.25, 5], "texture": "#texture1"},
				"up": {"uv": [0, 8.25, 3.525, 9.25], "texture": "#texture1"},
				"down": {"uv": [0, 6.75, 3.525, 7.75], "texture": "#texture1"}
			}
		},
		{
			"name": "Box4",
			"from": [-14.87488, 9.00063, 8.2497],
			"to": [3.52512, 9.50063, 9.2497],
			"faces": {
				"north": {"uv": [12.475, 6.5, 16, 7], "texture": "#texture1"},
				"east": {"uv": [6.75, 6.5, 7.75, 7], "texture": "#texture1"},
				"south": {"uv": [0, 6.5, 3.525, 7], "texture": "#texture1"},
				"west": {"uv": [8.25, 6.5, 9.25, 7], "texture": "#texture1"},
				"up": {"uv": [0, 8.25, 3.525, 9.25], "texture": "#texture1"},
				"down": {"uv": [0, 6.75, 3.525, 7.75], "texture": "#texture1"}
			}
		},
		{
			"name": "Box2",
			"from": [-14.87532, 8.99934, 8.00004],
			"to": [3.52468, 9.49934, 9.00004],
			"rotation": {"angle": -22.5, "axis": "x", "origin": [3.525, 9.5, 8]},
			"faces": {
				"north": {"uv": [16, 5, 15.5, 4.5], "texture": "#texture1"},
				"east": {"uv": [8, 4.5, 9, 5], "rotation": 180, "texture": "#texture1"},
				"south": {"uv": [0.5, 5, 0, 4.5], "texture": "#texture1"},
				"west": {"uv": [7, 4.5, 8, 5], "rotation": 180, "texture": "#texture1"},
				"up": {"uv": [0, 7, 0.5, 8], "rotation": 180, "texture": "#texture1"},
				"down": {"uv": [0, 8, 0.5, 9], "rotation": 180, "texture": "#texture1"}
			}
		},
		{
			"name": "Box2",
			"from": [-14.87578, 8.99953, 8.4994],
			"to": [3.52422, 9.49953, 9.4994],
			"rotation": {"angle": 22.5, "axis": "x", "origin": [-14.875, 9.5, 9.5]},
			"faces": {
				"north": {"uv": [0.5, 5, 0, 4.5], "texture": "#texture1"},
				"east": {"uv": [7, 4.5, 8, 5], "rotation": 180, "texture": "#texture1"},
				"south": {"uv": [16, 5, 15.5, 4.5], "texture": "#texture1"},
				"west": {"uv": [8, 4.5, 9, 5], "rotation": 180, "texture": "#texture1"},
				"up": {"uv": [0, 7, 0.5, 8], "texture": "#texture1"},
				"down": {"uv": [0, 8, 0.5, 9], "texture": "#texture1"}
			}
		},
		{
			"name": "Box8",
			"from": [-14.87426, 9.49932, 7.75049],
			"to": [3.52574, 10.99932, 8.25049],
			"faces": {
				"north": {"uv": [12.475, 5, 16, 6.5], "texture": "#texture1"},
				"east": {"uv": [7.75, 5, 8.25, 6.5], "texture": "#texture1"},
				"south": {"uv": [0, 5, 3.525, 6.5], "texture": "#texture1"},
				"west": {"uv": [7.75, 5, 8.25, 6.5], "texture": "#texture1"},
				"up": {"uv": [0, 7.75, 3.525, 8.25], "texture": "#texture1"},
				"down": {"uv": [0, 7.75, 3.525, 8.25], "texture": "#texture1"}
			}
		},
		{
			"name": "Box8",
			"from": [-14.87468, 9.49968, 9.25027],
			"to": [3.52532, 10.99967, 9.75027],
			"faces": {
				"north": {"uv": [12.475, 5, 16, 6.5], "texture": "#texture1"},
				"east": {"uv": [6.25, 5, 6.75, 6.5], "texture": "#texture1"},
				"south": {"uv": [0, 5, 3.525, 6.5], "texture": "#texture1"},
				"west": {"uv": [9.25, 5, 9.75, 6.5], "texture": "#texture1"},
				"up": {"uv": [0, 9.25, 3.525, 9.75], "texture": "#texture1"},
				"down": {"uv": [0, 6.25, 3.525, 6.75], "texture": "#texture1"}
			}
		},
		{
			"name": "Box10",
			"from": [-12.62482, 8.49994, 8.24906],
			"to": [-11.62482, 8.99994, 9.24906],
			"faces": {
				"north": {"uv": [11.625, 7, 12.625, 7.5], "texture": "#texture"},
				"east": {"uv": [6.75, 7, 7.75, 7.5], "texture": "#texture"},
				"south": {"uv": [3.375, 7, 4.375, 7.5], "texture": "#texture"},
				"west": {"uv": [8.25, 7, 9.25, 7.5], "texture": "#texture"},
				"up": {"uv": [3.375, 8.25, 4.375, 9.25], "texture": "#texture"},
				"down": {"uv": [3.375, 6.75, 4.375, 7.75], "texture": "#texture"}
			}
		},
		{
			"name": "Box11",
			"from": [-13.00013, 7.49937, 8.24962],
			"to": [3.49987, 8.49937, 9.24962],
			"faces": {
				"north": {"uv": [12.5, 7.5, 16, 8.5], "texture": "#texture1"},
				"east": {"uv": [6.75, 7.5, 7.75, 8.5], "texture": "#texture1"},
				"south": {"uv": [0, 7.5, 3.5, 8.5], "texture": "#texture1"},
				"west": {"uv": [8.25, 7.5, 9.25, 8.5], "texture": "#texture1"},
				"up": {"uv": [0, 8.25, 3.5, 9.25], "texture": "#texture1"},
				"down": {"uv": [0, 6.75, 3.5, 7.75], "texture": "#texture1"}
			}
		},
		{
			"name": "Box12",
			"from": [-12.62472, 7.25073, 7.99947],
			"to": [-11.62472, 8.75073, 9.49947],
			"faces": {
				"north": {"uv": [11.625, 7.25, 12.625, 8.75], "texture": "#texture"},
				"east": {"uv": [6.5, 7.25, 8, 8.75], "texture": "#texture"},
				"south": {"uv": [3.375, 7.25, 4.375, 8.75], "texture": "#texture"},
				"west": {"uv": [8, 7.25, 9.5, 8.75], "texture": "#texture"},
				"up": {"uv": [3.375, 8, 4.375, 9.5], "texture": "#texture"},
				"down": {"uv": [3.375, 6.5, 4.375, 8], "texture": "#texture"}
			}
		},
		{
			"name": "Box13",
			"from": [-8.49962, 6.87463, 7.74938],
			"to": [-2.49962, 8.87463, 9.74938],
			"faces": {
				"north": {"uv": [2.5, 7.125, 8.5, 9.125], "texture": "#texture"},
				"east": {"uv": [6.25, 7.125, 8.25, 9.125], "texture": "#texture"},
				"south": {"uv": [7.5, 7.125, 13.5, 9.125], "texture": "#texture"},
				"west": {"uv": [7.75, 7.125, 9.75, 9.125], "texture": "#texture"},
				"up": {"uv": [7.5, 7.75, 13.5, 9.75], "texture": "#texture"},
				"down": {"uv": [7.5, 6.25, 13.5, 8.25], "texture": "#texture"}
			}
		},
		{
			"name": "Box14",
			"from": [-2.50002, 6.87469, 7.75005],
			"to": [0.99998, 8.37469, 9.75005],
			"faces": {
				"north": {"uv": [15, 7.625, 16, 9.125], "texture": "#texture"},
				"east": {"uv": [6.25, 7.625, 8.25, 9.125], "texture": "#texture"},
				"south": {"uv": [0, 7.625, 1, 9.125], "texture": "#texture"},
				"west": {"uv": [7.75, 7.625, 9.75, 9.125], "texture": "#texture"},
				"up": {"uv": [0, 7.75, 1, 9.75], "texture": "#texture"},
				"down": {"uv": [0, 6.25, 1, 8.25], "texture": "#texture"}
			}
		},
		{
			"name": "Box15",
			"from": [-7.99972, 6.50075, 8.00074],
			"to": [0.50027, 7.00075, 9.50074],
			"faces": {
				"north": {"uv": [15.5, 9, 16, 9.5], "texture": "#texture"},
				"east": {"uv": [6.5, 9, 8, 9.5], "texture": "#texture"},
				"south": {"uv": [0, 9, 0.5, 9.5], "texture": "#texture"},
				"west": {"uv": [8, 9, 9.5, 9.5], "texture": "#texture"},
				"up": {"uv": [0, 8, 0.5, 9.5], "texture": "#texture"},
				"down": {"uv": [0, 6.5, 0.5, 8], "texture": "#texture"}
			}
		},
		{
			"name": "Box16",
			"from": [-7.50084, 7.00046, 7.5008],
			"to": [-3.00084, 8.50046, 10.0008],
			"faces": {
				"north": {"uv": [3, 7.5, 7.5, 9], "texture": "#texture"},
				"east": {"uv": [6, 7.5, 8.5, 9], "texture": "#texture"},
				"south": {"uv": [8.5, 7.5, 13, 9], "texture": "#texture"},
				"west": {"uv": [7.5, 7.5, 10, 9], "texture": "#texture"},
				"up": {"uv": [8.5, 7.5, 13, 10], "texture": "#texture"},
				"down": {"uv": [8.5, 6, 13, 8.5], "texture": "#texture"}
			}
		},
		{
			"name": "Box17",
			"from": [3.50041, 6.99913, 7.50029],
			"to": [19.00041, 10.99913, 10.00029],
			"faces": {
				"north": {"uv": [0, 5, 12.5, 9], "texture": "#texture1"},
				"east": {"uv": [6, 5, 8.5, 9], "texture": "#texture1"},
				"south": {"uv": [3.5, 5, 16, 9], "texture": "#texture1"},
				"west": {"uv": [7.5, 5, 10, 9], "texture": "#texture1"},
				"up": {"uv": [3.5, 7.5, 16, 10], "texture": "#texture1"},
				"down": {"uv": [3.5, 6, 16, 8.5], "texture": "#texture1"}
			}
		},
		{
			"name": "Box18",
			"from": [3.49952, 10.9995, 7.49933],
			"to": [18.99952, 11.9995, 8.49933],
			"rotation": {"angle": 22.5, "axis": "x", "origin": [3.5, 11, 7.5]},
			"faces": {
				"north": {"uv": [1, 4, 12.5, 5], "texture": "#texture1"},
				"east": {"uv": [7.5, 4, 8.5, 5], "texture": "#texture1"},
				"south": {"uv": [3.5, 4, 15, 5], "texture": "#texture1"},
				"west": {"uv": [7.5, 4, 8.5, 5], "texture": "#texture1"},
				"up": {"uv": [3.5, 7.5, 15, 8.5], "texture": "#texture1"},
				"down": {"uv": [3.5, 7.5, 15, 8.5], "texture": "#texture1"}
			}
		},
		{
			"name": "Box18",
			"from": [3.49978, 11.00092, 8.9993],
			"to": [18.99978, 12.00092, 9.9993],
			"rotation": {"angle": -22.5, "axis": "x", "origin": [19, 11, 10]},
			"faces": {
				"north": {"uv": [3.5, 4, 15, 5], "texture": "#texture1"},
				"east": {"uv": [7.5, 4, 8.5, 5], "texture": "#texture1"},
				"south": {"uv": [1, 4, 12.5, 5], "texture": "#texture1"},
				"west": {"uv": [7.5, 4, 8.5, 5], "texture": "#texture1"},
				"up": {"uv": [3.5, 7.5, 15, 8.5], "rotation": 180, "texture": "#texture1"},
				"down": {"uv": [3.5, 7.5, 15, 8.5], "rotation": 180, "texture": "#texture1"}
			}
		},
		{
			"name": "Box20",
			"from": [3.50066, 10.9993, 7.99947],
			"to": [19.00066, 11.9993, 9.49947],
			"faces": {
				"north": {"uv": [0, 4, 12.5, 5], "texture": "#texture1"},
				"east": {"uv": [6.5, 4, 8, 5], "texture": "#texture1"},
				"south": {"uv": [3.5, 4, 16, 5], "texture": "#texture1"},
				"west": {"uv": [8, 4, 9.5, 5], "texture": "#texture1"},
				"up": {"uv": [3.5, 8, 16, 9.5], "texture": "#texture1"},
				"down": {"uv": [3.5, 6.5, 16, 8], "texture": "#texture1"}
			}
		},
		{
			"name": "Box21",
			"from": [18.97207, 9.98286, 7.75065],
			"to": [22.47207, 10.98286, 9.75065],
			"rotation": {"angle": -22.5, "axis": "z", "origin": [19, 11, 9.75]},
			"faces": {
				"north": {"uv": [16, 6, 15, 5], "texture": "#texture"},
				"east": {"uv": [1, 5, 2, 6], "rotation": 180, "texture": "#texture"},
				"south": {"uv": [1, 6, 0, 5], "texture": "#texture"},
				"west": {"uv": [14, 5, 15, 6], "rotation": 180, "texture": "#texture"},
				"up": {"uv": [15, 1, 16, 2], "texture": "#texture"},
				"down": {"uv": [15, 14, 16, 15], "texture": "#texture"}
			}
		},
		{
			"name": "Box22",
			"from": [18.00065, 6.99948, 7.74955],
			"to": [22.50065, 7.99948, 9.74955],
			"rotation": {"angle": -45, "axis": "z", "origin": [18, 7, 7.75]},
			"faces": {
				"north": {"uv": [0, 8.5, 1.5, 9.5], "texture": "#texture"},
				"east": {"uv": [1, 8.5, 2, 9.5], "texture": "#texture"},
				"south": {"uv": [14.5, 8.5, 16, 9.5], "texture": "#texture"},
				"west": {"uv": [14, 8.5, 15, 9.5], "texture": "#texture"},
				"up": {"uv": [14.5, 14, 16, 15], "texture": "#texture"},
				"down": {"uv": [14.5, 1, 16, 2], "texture": "#texture"}
			}
		},
		{
			"name": "Box23",
			"from": [20.99926, 4.00056, 7.74915],
			"to": [23.49926, 5.00056, 9.74915],
			"faces": {
				"north": {"uv": [8.5, 11, 11, 12], "texture": "#texture"},
				"east": {"uv": [6.25, 11, 8.25, 12], "texture": "#texture"},
				"south": {"uv": [5, 11, 7.5, 12], "texture": "#texture"},
				"west": {"uv": [7.75, 11, 9.75, 12], "texture": "#texture"},
				"up": {"uv": [5, 7.75, 7.5, 9.75], "texture": "#texture"},
				"down": {"uv": [5, 6.25, 7.5, 8.25], "texture": "#texture"}
			}
		},
		{
			"name": "Box24",
			"from": [22.49965, 3.99982, 7.74952],
			"to": [26.99965, 4.99982, 9.74952],
			"rotation": {"angle": -22.5, "axis": "z", "origin": [22.5, 4, 7.75]},
			"faces": {
				"north": {"uv": [9, 11, 13.5, 12], "texture": "#texture"},
				"east": {"uv": [1, 11, 2, 12], "texture": "#texture"},
				"south": {"uv": [2.5, 11, 7, 12], "texture": "#texture"},
				"west": {"uv": [14, 11, 15, 12], "texture": "#texture"},
				"up": {"uv": [2.5, 14, 7, 15], "texture": "#texture"},
				"down": {"uv": [2.5, 1, 7, 2], "texture": "#texture"}
			}
		},
		{
			"name": "Box25",
			"from": [26.50097, 2.00024, 7.75025],
			"to": [29.00097, 3.00024, 9.75025],
			"faces": {
				"north": {"uv": [3, 13, 5.5, 14], "texture": "#texture"},
				"east": {"uv": [6.25, 13, 8.25, 14], "texture": "#texture"},
				"south": {"uv": [10.5, 13, 13, 14], "texture": "#texture"},
				"west": {"uv": [7.75, 13, 9.75, 14], "texture": "#texture"},
				"up": {"uv": [10.5, 7.75, 13, 9.75], "texture": "#texture"},
				"down": {"uv": [10.5, 6.25, 13, 8.25], "texture": "#texture"}
			}
		},
		{
			"name": "Box26",
			"from": [28.99928, 2.00078, 7.74918],
			"to": [29.99928, 3.00078, 9.74918],
			"rotation": {"angle": 45, "axis": "z", "origin": [29, 2, 7.75]},
			"faces": {
				"north": {"uv": [6, 13, 7, 14], "texture": "#texture"},
				"east": {"uv": [1, 13, 2, 14], "texture": "#texture"},
				"south": {"uv": [9, 13, 10, 14], "texture": "#texture"},
				"west": {"uv": [14, 13, 15, 14], "texture": "#texture"},
				"up": {"uv": [9, 14, 10, 15], "texture": "#texture"},
				"down": {"uv": [9, 1, 10, 2], "texture": "#texture"}
			}
		},
		{
			"name": "Box27",
			"from": [28.50052, 3.00063, 7.75011],
			"to": [29.50052, 9.00063, 9.75011],
			"faces": {
				"north": {"uv": [2.5, 7, 3.5, 13], "texture": "#texture"},
				"east": {"uv": [6.25, 7, 8.25, 13], "texture": "#texture"},
				"south": {"uv": [12.5, 7, 13.5, 13], "texture": "#texture"},
				"west": {"uv": [7.75, 7, 9.75, 13], "texture": "#texture"},
				"up": {"uv": [12.5, 7.75, 13.5, 9.75], "texture": "#texture"},
				"down": {"uv": [12.5, 6.25, 13.5, 8.25], "texture": "#texture"}
			}
		},
		{
			"name": "Box28",
			"from": [23.00002, 7.99946, 7.74919],
			"to": [28.50002, 8.99946, 9.74919],
			"faces": {
				"north": {"uv": [3.5, 7, 9, 8], "texture": "#texture"},
				"east": {"uv": [6.25, 7, 8.25, 8], "texture": "#texture"},
				"south": {"uv": [7, 7, 12.5, 8], "texture": "#texture"},
				"west": {"uv": [7.75, 7, 9.75, 8], "texture": "#texture"},
				"up": {"uv": [7, 7.75, 12.5, 9.75], "texture": "#texture"},
				"down": {"uv": [7, 6.25, 12.5, 8.25], "texture": "#texture"}
			}
		},
		{
			"name": "Box29",
			"from": [18.99998, 5.99978, 8.00094],
			"to": [19.99998, 9.99978, 9.50094],
			"faces": {
				"north": {"uv": [12, 6, 13, 10], "texture": "#texture"},
				"east": {"uv": [6.5, 6, 8, 10], "texture": "#texture"},
				"south": {"uv": [3, 6, 4, 10], "texture": "#texture"},
				"west": {"uv": [8, 6, 9.5, 10], "texture": "#texture"},
				"up": {"uv": [3, 8, 4, 9.5], "texture": "#texture"},
				"down": {"uv": [3, 6.5, 4, 8], "texture": "#texture"}
			}
		},
		{
			"name": "Box29",
			"from": [20.00097, 5.00093, 8.00086],
			"to": [21.00097, 9.50093, 9.50086],
			"faces": {
				"north": {"uv": [11, 6.5, 12, 11], "texture": "#texture"},
				"east": {"uv": [6.5, 6.5, 8, 11], "texture": "#texture"},
				"south": {"uv": [4, 6.5, 5, 11], "texture": "#texture"},
				"west": {"uv": [8, 6.5, 9.5, 11], "texture": "#texture"},
				"up": {"uv": [4, 8, 5, 9.5], "texture": "#texture"},
				"down": {"uv": [4, 6.5, 5, 8], "texture": "#texture"}
			}
		},
		{
			"name": "Box29",
			"from": [20.99933, 4.99993, 8.00092],
			"to": [21.99933, 9.49993, 9.50092],
			"faces": {
				"north": {"uv": [10, 6.5, 11, 11], "texture": "#texture"},
				"east": {"uv": [6.5, 6.5, 8, 11], "texture": "#texture"},
				"south": {"uv": [5, 6.5, 6, 11], "texture": "#texture"},
				"west": {"uv": [8, 6.5, 9.5, 11], "texture": "#texture"},
				"up": {"uv": [5, 8, 6, 9.5], "texture": "#texture"},
				"down": {"uv": [5, 6.5, 6, 8], "texture": "#texture"}
			}
		},
		{
			"name": "Box29",
			"from": [21.99998, 4.99904, 8.0002],
			"to": [22.99998, 8.99904, 9.5002],
			"faces": {
				"north": {"uv": [9, 7, 10, 11], "texture": "#texture"},
				"east": {"uv": [6.5, 7, 8, 11], "texture": "#texture"},
				"south": {"uv": [6, 7, 7, 11], "texture": "#texture"},
				"west": {"uv": [8, 7, 9.5, 11], "texture": "#texture"},
				"up": {"uv": [6, 8, 7, 9.5], "texture": "#texture"},
				"down": {"uv": [6, 6.5, 7, 8], "texture": "#texture"}
			}
		},
		{
			"name": "Box29",
			"from": [22.99902, 3.99938, 8.00067],
			"to": [23.99902, 7.99938, 9.50067],
			"faces": {
				"north": {"uv": [8, 8, 9, 12], "texture": "#texture"},
				"east": {"uv": [6.5, 8, 8, 12], "texture": "#texture"},
				"south": {"uv": [7, 8, 8, 12], "texture": "#texture"},
				"west": {"uv": [8, 8, 9.5, 12], "texture": "#texture"},
				"up": {"uv": [7, 8, 8, 9.5], "texture": "#texture"},
				"down": {"uv": [7, 6.5, 8, 8], "texture": "#texture"}
			}
		},
		{
			"name": "Box29",
			"from": [24.00034, 3.99986, 8.00074],
			"to": [25.00034, 7.99986, 9.50074],
			"faces": {
				"north": {"uv": [7, 8, 8, 12], "texture": "#texture"},
				"east": {"uv": [6.5, 8, 8, 12], "texture": "#texture"},
				"south": {"uv": [8, 8, 9, 12], "texture": "#texture"},
				"west": {"uv": [8, 8, 9.5, 12], "texture": "#texture"},
				"up": {"uv": [8, 8, 9, 9.5], "texture": "#texture"},
				"down": {"uv": [8, 6.5, 9, 8], "texture": "#texture"}
			}
		},
		{
			"name": "Box29",
			"from": [24.99945, 3.50009, 8.00002],
			"to": [25.99945, 8.00009, 9.50002],
			"faces": {
				"north": {"uv": [6, 8, 7, 12.5], "texture": "#texture"},
				"east": {"uv": [6.5, 8, 8, 12.5], "texture": "#texture"},
				"south": {"uv": [9, 8, 10, 12.5], "texture": "#texture"},
				"west": {"uv": [8, 8, 9.5, 12.5], "texture": "#texture"},
				"up": {"uv": [9, 8, 10, 9.5], "texture": "#texture"},
				"down": {"uv": [9, 6.5, 10, 8], "texture": "#texture"}
			}
		},
		{
			"name": "Box29",
			"from": [25.99904, 3.00043, 7.99978],
			"to": [26.99904, 8.00043, 9.49978],
			"faces": {
				"north": {"uv": [5, 8, 6, 13], "texture": "#texture"},
				"east": {"uv": [6.5, 8, 8, 13], "texture": "#texture"},
				"south": {"uv": [10, 8, 11, 13], "texture": "#texture"},
				"west": {"uv": [8, 8, 9.5, 13], "texture": "#texture"},
				"up": {"uv": [10, 8, 11, 9.5], "texture": "#texture"},
				"down": {"uv": [10, 6.5, 11, 8], "texture": "#texture"}
			}
		},
		{
			"name": "Box29",
			"from": [26.99925, 2.99928, 8.00066],
			"to": [28.49925, 7.99928, 9.50066],
			"faces": {
				"north": {"uv": [3.5, 8, 5, 13], "texture": "#texture"},
				"east": {"uv": [6.5, 8, 8, 13], "texture": "#texture"},
				"south": {"uv": [11, 8, 12.5, 13], "texture": "#texture"},
				"west": {"uv": [8, 8, 9.5, 13], "texture": "#texture"},
				"up": {"uv": [11, 8, 12.5, 9.5], "texture": "#texture"},
				"down": {"uv": [11, 6.5, 12.5, 8], "texture": "#texture"}
			}
		},
		{
			"name": "Box38",
			"from": [22.00053, 8.99963, 7.99985],
			"to": [29.00053, 9.49963, 9.49985],
			"faces": {
				"north": {"uv": [3, 6.5, 10, 7], "texture": "#texture"},
				"east": {"uv": [6.5, 6.5, 8, 7], "texture": "#texture"},
				"south": {"uv": [6, 6.5, 13, 7], "texture": "#texture"},
				"west": {"uv": [8, 6.5, 9.5, 7], "texture": "#texture"},
				"up": {"uv": [6, 8, 13, 9.5], "texture": "#texture"},
				"down": {"uv": [6, 6.5, 13, 8], "texture": "#texture"}
			}
		},
		{
			"name": "Box39",
			"from": [22.49964, 9.49936, 7.99988],
			"to": [28.49964, 9.99936, 8.99988],
			"rotation": {"angle": 22.5, "axis": "x", "origin": [22.5, 9.5, 8]},
			"faces": {
				"north": {"uv": [3.5, 5.5, 9.5, 6.5], "texture": "#texture"},
				"east": {"uv": [7, 5.5, 8, 6.5], "texture": "#texture"},
				"south": {"uv": [6.5, 5.5, 12.5, 6.5], "texture": "#texture"},
				"west": {"uv": [8, 5.5, 9, 6.5], "texture": "#texture"},
				"up": {"uv": [6.5, 8, 12.5, 9], "texture": "#texture"},
				"down": {"uv": [6.5, 7, 12.5, 8], "texture": "#texture"}
			}
		},
		{
			"name": "Box39",
			"from": [22.50072, 9.50063, 8.49942],
			"to": [28.50072, 10.00063, 9.49942],
			"rotation": {"angle": -22.5, "axis": "x", "origin": [28.5, 9.5, 9.5]},
			"faces": {
				"north": {"uv": [6.5, 5.5, 12.5, 6.5], "texture": "#texture"},
				"east": {"uv": [8, 5.5, 9, 6.5], "texture": "#texture"},
				"south": {"uv": [3.5, 5.5, 9.5, 6.5], "texture": "#texture"},
				"west": {"uv": [7, 5.5, 8, 6.5], "texture": "#texture"},
				"up": {"uv": [6.5, 8, 12.5, 9], "rotation": 180, "texture": "#texture"},
				"down": {"uv": [6.5, 7, 12.5, 8], "rotation": 180, "texture": "#texture"}
			}
		},
		{
			"name": "Box41",
			"from": [22.49925, 9.50042, 8.25098],
			"to": [28.49925, 10.00042, 9.25098],
			"faces": {
				"north": {"uv": [3.5, 6, 9.5, 6.5], "texture": "#texture"},
				"east": {"uv": [6.75, 6, 7.75, 6.5], "texture": "#texture"},
				"south": {"uv": [6.5, 6, 12.5, 6.5], "texture": "#texture"},
				"west": {"uv": [8.25, 6, 9.25, 6.5], "texture": "#texture"},
				"up": {"uv": [6.5, 8.25, 12.5, 9.25], "texture": "#texture"},
				"down": {"uv": [6.5, 6.75, 12.5, 7.75], "texture": "#texture"}
			}
		},
		{
			"name": "Box42",
			"from": [15.00076, 1.49919, 7.75079],
			"to": [17.50076, 4.49919, 9.75079],
			"rotation": {"angle": 22.5, "axis": "z", "origin": [15, 4.5, 9.75]},
			"faces": {
				"north": {"uv": [16, 16, 15, 11.5], "texture": "#texture"},
				"east": {"uv": [1, 11.5, 2, 16], "rotation": 180, "texture": "#texture"},
				"south": {"uv": [1, 16, 0, 11.5], "texture": "#texture"},
				"west": {"uv": [14, 11.5, 15, 16], "rotation": 180, "texture": "#texture"},
				"up": {"uv": [15, 1, 16, 2], "texture": "#texture"},
				"down": {"uv": [15, 14, 16, 15], "texture": "#texture"}
			}
		},
		{
			"name": "Box43",
			"from": [15.00071, 4.49957, 7.74973],
			"to": [17.50071, 6.49957, 9.74973],
			"faces": {
				"north": {"uv": [0, 9.5, 1, 11.5], "texture": "#texture"},
				"east": {"uv": [6.25, 9.5, 8.25, 11.5], "texture": "#texture"},
				"south": {"uv": [15, 9.5, 16, 11.5], "texture": "#texture"},
				"west": {"uv": [7.75, 9.5, 9.75, 11.5], "texture": "#texture"},
				"up": {"uv": [15, 7.75, 16, 9.75], "texture": "#texture"},
				"down": {"uv": [15, 6.25, 16, 8.25], "texture": "#texture"}
			}
		},
		{
			"name": "Box44",
			"from": [11.49942, 5.00041, 8.24992],
			"to": [11.99942, 6.50041, 9.24992],
			"faces": {
				"north": {"uv": [4, 9.5, 4.5, 11], "texture": "#texture1"},
				"east": {"uv": [1, 9.5, 2, 11], "texture": "#texture1"},
				"south": {"uv": [11.5, 9.5, 12, 11], "texture": "#texture1"},
				"west": {"uv": [14, 9.5, 15, 11], "texture": "#texture1"},
				"up": {"uv": [11.5, 14, 12, 15], "texture": "#texture1"},
				"down": {"uv": [11.5, 1, 12, 2], "texture": "#texture1"}
			}
		},
		{
			"name": "Box45",
			"from": [11.87506, 4.87449, 8.24994],
			"to": [12.87506, 5.37449, 9.24994],
			"rotation": {"angle": -45, "axis": "z", "origin": [11.875, 5.375, 8.25]},
			"faces": {
				"north": {"uv": [2, 16, 1.5, 15], "rotation": 90, "texture": "#texture1"},
				"east": {"uv": [14, 14, 14.5, 15], "rotation": 90, "texture": "#texture1"},
				"south": {"uv": [14.5, 16, 14, 15], "rotation": 270, "texture": "#texture1"},
				"west": {"uv": [14.5, 2, 14, 1], "rotation": 270, "texture": "#texture1"},
				"up": {"uv": [15, 16, 14, 15], "rotation": 270, "texture": "#texture1"},
				"down": {"uv": [1, 15, 2, 16], "rotation": 90, "texture": "#texture1"}
			}
		},
		{
			"name": "Box46",
			"from": [12.12534, 4.37548, 8.24978],
			"to": [14.12534, 4.87548, 9.24978],
			"faces": {
				"north": {"uv": [1.875, 11.125, 3.875, 11.625], "texture": "#texture1"},
				"east": {"uv": [1, 11.125, 2, 11.625], "texture": "#texture1"},
				"south": {"uv": [12.125, 11.125, 14.125, 11.625], "texture": "#texture1"},
				"west": {"uv": [14, 11.125, 15, 11.625], "texture": "#texture1"},
				"up": {"uv": [12.125, 14, 14.125, 15], "texture": "#texture1"},
				"down": {"uv": [12.125, 1, 14.125, 2], "texture": "#texture1"}
			}
		},
		{
			"name": "Box47",
			"from": [14.12459, 4.37412, 8.24944],
			"to": [15.12459, 4.87412, 9.24944],
			"rotation": {"angle": 45, "axis": "z", "origin": [14.125, 4.375, 8.25]},
			"faces": {
				"north": {"uv": [1, 11, 2, 11.5], "texture": "#texture1"},
				"east": {"uv": [1, 11, 2, 11.5], "texture": "#texture1"},
				"south": {"uv": [14, 11, 15, 11.5], "texture": "#texture1"},
				"west": {"uv": [14, 11, 15, 11.5], "texture": "#texture1"},
				"up": {"uv": [14, 14, 15, 15], "texture": "#texture1"},
				"down": {"uv": [14, 1, 15, 2], "texture": "#texture1"}
			}
		},
		{
			"name": "Box48",
			"from": [14.50016, 4.99947, 8.25009],
			"to": [15.00016, 6.49947, 9.25009],
			"faces": {
				"north": {"uv": [1, 9.5, 1.5, 11], "texture": "#texture1"},
				"east": {"uv": [6.75, 9.5, 7.75, 11], "texture": "#texture1"},
				"south": {"uv": [14.5, 9.5, 15, 11], "texture": "#texture1"},
				"west": {"uv": [8.25, 9.5, 9.25, 11], "texture": "#texture1"},
				"up": {"uv": [14.5, 8.25, 15, 9.25], "texture": "#texture1"},
				"down": {"uv": [14.5, 6.75, 15, 7.75], "texture": "#texture1"}
			}
		},
		{
			"name": "Box49",
			"from": [6.00093, 6.49902, 8.25006],
			"to": [9.50094, 6.50002, 9.25006],
			"faces": {
				"north": {"uv": [9.5, 10, 6, 9.999], "texture": "#texture"},
				"east": {"uv": [1, 9.999, 2, 10], "rotation": 180, "texture": "#texture"},
				"south": {"uv": [10, 10, 6.5, 9.999], "texture": "#texture"},
				"west": {"uv": [14, 9.999, 15, 10], "rotation": 180, "texture": "#texture"},
				"up": {"uv": [6, 1, 9.5, 2], "texture": "#texture"},
				"down": {"uv": [6, 14, 9.5, 15], "texture": "#texture"}
			}
		},
		{
			"name": "Box50",
			"from": [3.50063, 6.50055, 7.99921],
			"to": [19.00063, 7.00055, 9.49921],
			"faces": {
				"north": {"uv": [0, 9, 12.5, 9.5], "texture": "#texture1"},
				"east": {"uv": [6.5, 9, 8, 9.5], "texture": "#texture1"},
				"south": {"uv": [3.5, 9, 16, 9.5], "texture": "#texture1"},
				"west": {"uv": [8, 9, 9.5, 9.5], "texture": "#texture1"},
				"up": {"uv": [3.5, 8, 16, 9.5], "texture": "#texture1"},
				"down": {"uv": [3.5, 6.5, 16, 8], "texture": "#texture1"}
			}
		},
		{
			"name": "Box51",
			"from": [3.62438, 6.49942, 8.99983],
			"to": [19.12438, 7.49942, 9.49983],
			"rotation": {"angle": 22.5, "axis": "x", "origin": [3.625, 6.5, 9.5]},
			"faces": {
				"north": {"uv": [16, 10.5, 3.5, 9.5], "texture": "#texture1"},
				"east": {"uv": [5.5, 9, 6.5, 9.5], "rotation": 90, "texture": "#texture1"},
				"south": {"uv": [3.5, 5.5, 16, 6.5], "texture": "#texture1"},
				"west": {"uv": [9.5, 9, 10.5, 9.5], "rotation": 270, "texture": "#texture1"},
				"up": {"uv": [3.5, 9, 16, 9.5], "texture": "#texture1"},
				"down": {"uv": [12.5, 9.5, 0, 9], "texture": "#texture1"}
			}
		},
		{
			"name": "Box51",
			"from": [3.6242, 6.49915, 7.99982],
			"to": [19.1242, 7.49915, 8.49982],
			"rotation": {"angle": -22.5, "axis": "x", "origin": [19.125, 6.5, 8]},
			"faces": {
				"north": {"uv": [3.5, 5.5, 16, 6.5], "texture": "#texture1"},
				"east": {"uv": [9.5, 9, 10.5, 9.5], "rotation": 270, "texture": "#texture1"},
				"south": {"uv": [16, 10.5, 3.5, 9.5], "texture": "#texture1"},
				"west": {"uv": [5.5, 9, 6.5, 9.5], "rotation": 90, "texture": "#texture1"},
				"up": {"uv": [3.5, 9, 16, 9.5], "rotation": 180, "texture": "#texture1"},
				"down": {"uv": [12.5, 9.5, 0, 9], "rotation": 180, "texture": "#texture1"}
			}
		},
		{
			"name": "Box53",
			"from": [-14.87623, 9.75082, 8.25079],
			"to": [-14.87523, 10.75082, 9.25079],
			"faces": {
				"north": {"uv": [1, 5.5, 1.001, 6.5], "texture": "#texture"},
				"east": {"uv": [8, 5.5, 9, 6.5], "texture": "#texture"},
				"south": {"uv": [14.999, 5.5, 15, 6.5], "texture": "#texture"},
				"west": {"uv": [7, 5.5, 8, 6.5], "texture": "#texture"},
				"up": {"uv": [1, 8, 1.001, 9], "rotation": 180, "texture": "#texture"},
				"down": {"uv": [1, 7, 1.001, 8], "rotation": 180, "texture": "#texture"}
			}
		},
		{
			"name": "Box54",
			"from": [4.00092, 7.50068, 7.25058],
			"to": [18.50092, 11.00068, 10.25058],
			"faces": {
				"north": {"uv": [0, 5, 12, 8.5], "texture": "#texture1"},
				"east": {"uv": [5.75, 5, 8.75, 8.5], "texture": "#texture1"},
				"south": {"uv": [4, 5, 16, 8.5], "texture": "#texture1"},
				"west": {"uv": [7.25, 5, 10.25, 8.5], "texture": "#texture1"},
				"up": {"uv": [4, 7.25, 16, 10.25], "texture": "#texture1"},
				"down": {"uv": [4, 5.75, 16, 8.75], "texture": "#texture1"}
			}
		},
		{
			"name": "Box55",
			"from": [5.49927, 11.8746, 8.25086],
			"to": [14.49927, 12.3746, 9.25086],
			"faces": {
				"north": {"uv": [1.5, 3.625, 10.5, 4.125], "texture": "#texture"},
				"east": {"uv": [6.75, 3.625, 7.75, 4.125], "texture": "#texture"},
				"south": {"uv": [5.5, 3.625, 14.5, 4.125], "texture": "#texture"},
				"west": {"uv": [8.25, 3.625, 9.25, 4.125], "texture": "#texture"},
				"up": {"uv": [5.5, 8.25, 14.5, 9.25], "texture": "#texture"},
				"down": {"uv": [5.5, 6.75, 14.5, 7.75], "texture": "#texture"}
			}
		},
		{
			"name": "Box56",
			"from": [13.49925, 5.4998, 8.49993],
			"to": [13.99925, 6.9998, 8.99993],
			"rotation": {"angle": 22.5, "axis": "z", "origin": [13.5, 5.5, 8.5]},
			"faces": {
				"north": {"uv": [2.5, 9, 3, 10.5], "texture": "#texture"},
				"east": {"uv": [1, 9, 2, 10.5], "texture": "#texture"},
				"south": {"uv": [13, 9, 13.5, 10.5], "texture": "#texture"},
				"west": {"uv": [14, 9, 15, 10.5], "texture": "#texture"},
				"up": {"uv": [13, 14, 13.5, 15], "texture": "#texture"},
				"down": {"uv": [13, 1, 13.5, 2], "texture": "#texture"}
			}
		}
	],
	"display": {
		"thirdperson_righthand": {
			"rotation": [0, -90, 0],
			"translation": [0, 0.6956, 0.0003],
			"scale": [0.5, 0.5, 0.5]
		},
		"thirdperson_lefthand": {
			"rotation": [0, 90, 0],
			"translation": [0, 0.6956, 0.0003],
			"scale": [0.5, 0.5, 0.5]
		},
		"firstperson_righthand": {
			"rotation": [0, -90, 0],
			"translation": [0.6956, 0, -1.391]
		},
		"firstperson_lefthand": {
			"rotation": [0, 90, 0],
			"translation": [0.6956, 0, -1.391]
		},
		"ground": {
			"rotation": [-90, 0, 0],
			"scale": [0.5, 0.5, 0.5]
		},
		"gui": {
			"rotation": [17, 47, 0],
			"scale": [0.4, 0.4, 0.4]
		},
		"head": {
			"scale": [0.7, 0.7, 0.7]
		}
	}
}