{
	"credit": "Made with Blockbench",
	"textures": {
		"0": "3dguns/blocks/bedrock",
		"1": "3dguns/blocks/brewing_stand_bases",
		"particle": "3dguns/blocks/bedrock"
	},
	"elements": [
		{
			"from": [-15, 0, 4],
			"to": [-7, 8, 12],
			"rotation": {"angle": 0, "axis": "y", "origin": [-7, 8, 18]},
			"faces": {
				"north": {"uv": [8, 0, 16, 5], "texture": "#1"},
				"east": {"uv": [8, 0, 16, 5], "texture": "#1"},
				"south": {"uv": [8, 0, 16, 5], "texture": "#1"},
				"west": {"uv": [8, 0, 16, 5], "texture": "#1"},
				"up": {"uv": [8, 0, 16, 5], "texture": "#1"},
				"down": {"uv": [8, 0, 16, 5], "texture": "#1"}
			}
		},
		{
			"from": [-15.3, 1, 6],
			"to": [-15, 2, 10],
			"rotation": {"angle": 0, "axis": "y", "origin": [-8, 9, 14]},
			"faces": {
				"north": {"uv": [6, 1, 8, 2], "texture": "#0"},
				"east": {"uv": [6, 1, 8, 2], "texture": "#0"},
				"south": {"uv": [6, 1, 8, 2], "texture": "#0"},
				"west": {"uv": [6, 1, 8, 2], "texture": "#0"},
				"up": {"uv": [6, 1, 8, 2], "texture": "#0"},
				"down": {"uv": [6, 1, 8, 2], "texture": "#0"}
			}
		},
		{
			"from": [-15.3, 3, 5],
			"to": [-15, 4, 7],
			"rotation": {"angle": 0, "axis": "y", "origin": [-8, 11, 13]},
			"faces": {
				"north": {"uv": [6, 1, 8, 2], "texture": "#0"},
				"east": {"uv": [6, 1, 8, 2], "texture": "#0"},
				"south": {"uv": [6, 1, 8, 2], "texture": "#0"},
				"west": {"uv": [6, 1, 8, 2], "texture": "#0"},
				"up": {"uv": [6, 1, 8, 2], "texture": "#0"},
				"down": {"uv": [6, 1, 8, 2], "texture": "#0"}
			}
		},
		{
			"from": [-15.3, 3, 9],
			"to": [-15, 4, 11],
			"rotation": {"angle": 0, "axis": "y", "origin": [-8, 11, 17]},
			"faces": {
				"north": {"uv": [6, 1, 8, 2], "texture": "#0"},
				"east": {"uv": [6, 1, 8, 2], "texture": "#0"},
				"south": {"uv": [6, 1, 8, 2], "texture": "#0"},
				"west": {"uv": [6, 1, 8, 2], "texture": "#0"},
				"up": {"uv": [6, 1, 8, 2], "texture": "#0"},
				"down": {"uv": [6, 1, 8, 2], "texture": "#0"}
			}
		},
		{
			"from": [-7, 5, 6.5],
			"to": [-2, 7, 9.5],
			"rotation": {"angle": 0, "axis": "y", "origin": [1, 14, 15]},
			"faces": {
				"north": {"uv": [8, 0, 16, 5], "texture": "#1"},
				"east": {"uv": [8, 0, 16, 5], "texture": "#1"},
				"south": {"uv": [8, 0, 16, 5], "texture": "#1"},
				"west": {"uv": [8, 0, 16, 5], "texture": "#1"},
				"up": {"uv": [8, 0, 16, 5], "texture": "#1"},
				"down": {"uv": [8, 0, 16, 5], "texture": "#1"}
			}
		},
		{
			"from": [-7, 2.2, 7.1],
			"to": [-2, 3.8, 8.8],
			"rotation": {"angle": 0, "axis": "y", "origin": [1, 11, 15]},
			"faces": {
				"north": {"uv": [2, 2, 16, 15], "texture": "#0"},
				"east": {"uv": [2, 2, 16, 15], "texture": "#0"},
				"south": {"uv": [2, 2, 16, 15], "texture": "#0"},
				"west": {"uv": [2, 2, 16, 15], "texture": "#0"},
				"up": {"uv": [2, 2, 16, 15], "texture": "#0"},
				"down": {"uv": [2, 2, 16, 15], "texture": "#0"}
			}
		},
		{
			"from": [8, 6.9, 6.5],
			"to": [13, 8.9, 9.5],
			"rotation": {"angle": 0, "axis": "y", "origin": [16, 15.9, 15]},
			"faces": {
				"north": {"uv": [8, 0, 16, 5], "texture": "#1"},
				"east": {"uv": [8, 0, 16, 5], "texture": "#1"},
				"south": {"uv": [8, 0, 16, 5], "texture": "#1"},
				"west": {"uv": [8, 0, 16, 5], "texture": "#1"},
				"up": {"uv": [8, 0, 16, 5], "texture": "#1"},
				"down": {"uv": [8, 0, 16, 5], "texture": "#1"}
			}
		},
		{
			"from": [8, 4.1, 7.1],
			"to": [13, 5.7, 8.8],
			"rotation": {"angle": 0, "axis": "y", "origin": [16, 12.9, 15]},
			"faces": {
				"north": {"uv": [0, 0, 15, 14.6], "texture": "#0"},
				"east": {"uv": [0, 0, 15, 14.6], "texture": "#0"},
				"south": {"uv": [0, 0, 15, 14.6], "texture": "#0"},
				"west": {"uv": [0, 0, 15, 14.6], "texture": "#0"},
				"up": {"uv": [0, 0, 15, 14.6], "texture": "#0"},
				"down": {"uv": [0, 0, 15, 14.6], "texture": "#0"}
			}
		},
		{
			"from": [-1, 5.8, 6.5],
			"to": [4, 7.8, 9.5],
			"rotation": {"angle": 0, "axis": "y", "origin": [7, 14.8, 15]},
			"faces": {
				"north": {"uv": [8, 0, 16, 5], "texture": "#1"},
				"east": {"uv": [8, 0, 16, 5], "texture": "#1"},
				"south": {"uv": [8, 0, 16, 5], "texture": "#1"},
				"west": {"uv": [8, 0, 16, 5], "texture": "#1"},
				"up": {"uv": [8, 0, 16, 5], "texture": "#1"},
				"down": {"uv": [8, 0, 16, 5], "texture": "#1"}
			}
		},
		{
			"from": [-1, 3, 7.1],
			"to": [4, 4.6, 8.8],
			"rotation": {"angle": 0, "axis": "y", "origin": [7, 11.8, 15]},
			"faces": {
				"north": {"uv": [2, 2, 16, 15], "texture": "#0"},
				"east": {"uv": [2, 2, 16, 15], "texture": "#0"},
				"south": {"uv": [2, 2, 16, 15], "texture": "#0"},
				"west": {"uv": [2, 2, 16, 15], "texture": "#0"},
				"up": {"uv": [2, 2, 16, 15], "texture": "#0"},
				"down": {"uv": [2, 2, 16, 15], "texture": "#0"}
			}
		},
		{
			"from": [14, 7.7, 6.5],
			"to": [19, 9.7, 9.5],
			"rotation": {"angle": 0, "axis": "y", "origin": [22, 16.7, 15]},
			"faces": {
				"north": {"uv": [8, 0, 16, 5], "texture": "#1"},
				"east": {"uv": [8, 0, 16, 5], "texture": "#1"},
				"south": {"uv": [8, 0, 16, 5], "texture": "#1"},
				"west": {"uv": [8, 0, 16, 5], "texture": "#1"},
				"up": {"uv": [8, 0, 16, 5], "texture": "#1"},
				"down": {"uv": [8, 0, 16, 5], "texture": "#1"}
			}
		},
		{
			"from": [2, 6.2, 6.5],
			"to": [7, 8.2, 9.5],
			"rotation": {"angle": 0, "axis": "y", "origin": [10, 15.2, 15]},
			"faces": {
				"north": {"uv": [8, 0, 16, 5], "texture": "#1"},
				"east": {"uv": [8, 0, 16, 5], "texture": "#1"},
				"south": {"uv": [8, 0, 16, 5], "texture": "#1"},
				"west": {"uv": [8, 0, 16, 5], "texture": "#1"},
				"up": {"uv": [8, 0, 16, 5], "texture": "#1"},
				"down": {"uv": [8, 0, 16, 5], "texture": "#1"}
			}
		},
		{
			"from": [2, 3.4, 7.1],
			"to": [7, 5, 8.8],
			"rotation": {"angle": 0, "axis": "y", "origin": [10, 12.2, 15]},
			"faces": {
				"north": {"uv": [2, 2, 16, 15], "texture": "#0"},
				"east": {"uv": [2, 2, 16, 15], "texture": "#0"},
				"south": {"uv": [2, 2, 16, 15], "texture": "#0"},
				"west": {"uv": [2, 2, 16, 15], "texture": "#0"},
				"up": {"uv": [2, 2, 16, 15], "texture": "#0"},
				"down": {"uv": [2, 2, 16, 15], "texture": "#0"}
			}
		},
		{
			"from": [17, 8.1, 6.5],
			"to": [22, 10.1, 9.5],
			"rotation": {"angle": 0, "axis": "y", "origin": [25, 17.1, 15]},
			"faces": {
				"north": {"uv": [8, 0, 16, 5], "texture": "#1"},
				"east": {"uv": [8, 0, 16, 5], "texture": "#1"},
				"south": {"uv": [8, 0, 16, 5], "texture": "#1"},
				"west": {"uv": [8, 0, 16, 5], "texture": "#1"},
				"up": {"uv": [8, 0, 16, 5], "texture": "#1"},
				"down": {"uv": [8, 0, 16, 5], "texture": "#1"}
			}
		},
		{
			"from": [5, 6.5, 6.5],
			"to": [10, 8.5, 9.5],
			"rotation": {"angle": 0, "axis": "y", "origin": [13, 15.5, 15]},
			"faces": {
				"north": {"uv": [8, 0, 16, 5], "texture": "#1"},
				"east": {"uv": [8, 0, 16, 5], "texture": "#1"},
				"south": {"uv": [8, 0, 16, 5], "texture": "#1"},
				"west": {"uv": [8, 0, 16, 5], "texture": "#1"},
				"up": {"uv": [8, 0, 16, 5], "texture": "#1"},
				"down": {"uv": [8, 0, 16, 5], "texture": "#1"}
			}
		},
		{
			"from": [5, 3.7, 7.1],
			"to": [10, 5.3, 8.8],
			"rotation": {"angle": 0, "axis": "y", "origin": [13, 12.5, 15]},
			"faces": {
				"north": {"uv": [2, 2, 16, 15], "texture": "#0"},
				"east": {"uv": [2, 2, 16, 15], "texture": "#0"},
				"south": {"uv": [2, 2, 16, 15], "texture": "#0"},
				"west": {"uv": [2, 2, 16, 15], "texture": "#0"},
				"up": {"uv": [2, 2, 16, 15], "texture": "#0"},
				"down": {"uv": [2, 2, 16, 15], "texture": "#0"}
			}
		},
		{
			"from": [-4, 5.4, 6.5],
			"to": [1, 7.4, 9.5],
			"rotation": {"angle": 0, "axis": "y", "origin": [4, 14.4, 15]},
			"faces": {
				"north": {"uv": [8, 0, 16, 5], "texture": "#1"},
				"east": {"uv": [8, 0, 16, 5], "texture": "#1"},
				"south": {"uv": [8, 0, 16, 5], "texture": "#1"},
				"west": {"uv": [8, 0, 16, 5], "texture": "#1"},
				"up": {"uv": [8, 0, 16, 5], "texture": "#1"},
				"down": {"uv": [8, 0, 16, 5], "texture": "#1"}
			}
		},
		{
			"from": [-4, 2.6, 7.1],
			"to": [1, 4.2, 8.8],
			"rotation": {"angle": 0, "axis": "y", "origin": [4, 11.4, 15]},
			"faces": {
				"north": {"uv": [2, 2, 16, 15], "texture": "#0"},
				"east": {"uv": [2, 2, 16, 15], "texture": "#0"},
				"south": {"uv": [2, 2, 16, 15], "texture": "#0"},
				"west": {"uv": [2, 2, 16, 15], "texture": "#0"},
				"up": {"uv": [2, 2, 16, 15], "texture": "#0"},
				"down": {"uv": [2, 2, 16, 15], "texture": "#0"}
			}
		},
		{
			"from": [11, 7.3, 6.5],
			"to": [16, 9.3, 9.5],
			"rotation": {"angle": 0, "axis": "y", "origin": [19, 16.3, 15]},
			"faces": {
				"north": {"uv": [8, 0, 16, 5], "texture": "#1"},
				"east": {"uv": [8, 0, 16, 5], "texture": "#1"},
				"south": {"uv": [8, 0, 16, 5], "texture": "#1"},
				"west": {"uv": [8, 0, 16, 5], "texture": "#1"},
				"up": {"uv": [8, 0, 16, 5], "texture": "#1"},
				"down": {"uv": [8, 0, 16, 5], "texture": "#1"}
			}
		},
		{
			"from": [-6, 4.8, 5.5],
			"to": [-5, 5.8, 6.5],
			"rotation": {"angle": 0, "axis": "y", "origin": [2, 12.8, 13.5]},
			"faces": {
				"north": {"uv": [8, 0, 16, 5], "texture": "#1"},
				"east": {"uv": [8, 0, 16, 5], "texture": "#1"},
				"south": {"uv": [8, 0, 16, 5], "texture": "#1"},
				"west": {"uv": [8, 0, 16, 5], "texture": "#1"},
				"up": {"uv": [8, 0, 16, 5], "texture": "#1"},
				"down": {"uv": [8, 0, 16, 5], "texture": "#1"}
			}
		},
		{
			"from": [-4, 4.8, 5.5],
			"to": [-3, 5.8, 6.5],
			"rotation": {"angle": 0, "axis": "y", "origin": [4, 12.8, 13.5]},
			"faces": {
				"north": {"uv": [8, 0, 16, 5], "texture": "#1"},
				"east": {"uv": [8, 0, 16, 5], "texture": "#1"},
				"south": {"uv": [8, 0, 16, 5], "texture": "#1"},
				"west": {"uv": [8, 0, 16, 5], "texture": "#1"},
				"up": {"uv": [8, 0, 16, 5], "texture": "#1"},
				"down": {"uv": [8, 0, 16, 5], "texture": "#1"}
			}
		},
		{
			"from": [-2, 4.9, 5.5],
			"to": [-1, 6.1, 6.5],
			"rotation": {"angle": 0, "axis": "y", "origin": [6, 13.1, 13.5]},
			"faces": {
				"north": {"uv": [8, 0, 16, 5], "texture": "#1"},
				"east": {"uv": [8, 0, 16, 5], "texture": "#1"},
				"south": {"uv": [8, 0, 16, 5], "texture": "#1"},
				"west": {"uv": [8, 0, 16, 5], "texture": "#1"},
				"up": {"uv": [8, 0, 16, 5], "texture": "#1"},
				"down": {"uv": [8, 0, 16, 5], "texture": "#1"}
			}
		},
		{
			"from": [0, 4.9, 5.5],
			"to": [1, 6.1, 6.5],
			"rotation": {"angle": 0, "axis": "y", "origin": [8, 13.1, 13.5]},
			"faces": {
				"north": {"uv": [8, 0, 16, 5], "texture": "#1"},
				"east": {"uv": [8, 0, 16, 5], "texture": "#1"},
				"south": {"uv": [8, 0, 16, 5], "texture": "#1"},
				"west": {"uv": [8, 0, 16, 5], "texture": "#1"},
				"up": {"uv": [8, 0, 16, 5], "texture": "#1"},
				"down": {"uv": [8, 0, 16, 5], "texture": "#1"}
			}
		},
		{
			"from": [2, 5.2, 5.5],
			"to": [3, 6.4, 6.5],
			"rotation": {"angle": 0, "axis": "y", "origin": [10, 13.4, 13.5]},
			"faces": {
				"north": {"uv": [8, 0, 16, 5], "texture": "#1"},
				"east": {"uv": [8, 0, 16, 5], "texture": "#1"},
				"south": {"uv": [8, 0, 16, 5], "texture": "#1"},
				"west": {"uv": [8, 0, 16, 5], "texture": "#1"},
				"up": {"uv": [8, 0, 16, 5], "texture": "#1"},
				"down": {"uv": [8, 0, 16, 5], "texture": "#1"}
			}
		},
		{
			"from": [4, 5.4, 5.5],
			"to": [5, 6.6, 6.5],
			"rotation": {"angle": 0, "axis": "y", "origin": [12, 13.6, 13.5]},
			"faces": {
				"north": {"uv": [8, 0, 16, 5], "texture": "#1"},
				"east": {"uv": [8, 0, 16, 5], "texture": "#1"},
				"south": {"uv": [8, 0, 16, 5], "texture": "#1"},
				"west": {"uv": [8, 0, 16, 5], "texture": "#1"},
				"up": {"uv": [8, 0, 16, 5], "texture": "#1"},
				"down": {"uv": [8, 0, 16, 5], "texture": "#1"}
			}
		},
		{
			"from": [6, 5.6, 5.5],
			"to": [7, 6.8, 6.5],
			"rotation": {"angle": 0, "axis": "y", "origin": [14, 13.8, 13.5]},
			"faces": {
				"north": {"uv": [8, 0, 16, 5], "texture": "#1"},
				"east": {"uv": [8, 0, 16, 5], "texture": "#1"},
				"south": {"uv": [8, 0, 16, 5], "texture": "#1"},
				"west": {"uv": [8, 0, 16, 5], "texture": "#1"},
				"up": {"uv": [8, 0, 16, 5], "texture": "#1"},
				"down": {"uv": [8, 0, 16, 5], "texture": "#1"}
			}
		},
		{
			"from": [8, 5.8, 5.5],
			"to": [9, 7, 6.5],
			"rotation": {"angle": 0, "axis": "y", "origin": [16, 14, 13.5]},
			"faces": {
				"north": {"uv": [8, 0, 16, 5], "texture": "#1"},
				"east": {"uv": [8, 0, 16, 5], "texture": "#1"},
				"south": {"uv": [8, 0, 16, 5], "texture": "#1"},
				"west": {"uv": [8, 0, 16, 5], "texture": "#1"},
				"up": {"uv": [8, 0, 16, 5], "texture": "#1"},
				"down": {"uv": [8, 0, 16, 5], "texture": "#1"}
			}
		},
		{
			"from": [-6, 4.8, 9.5],
			"to": [-5, 5.8, 10.5],
			"rotation": {"angle": 0, "axis": "y", "origin": [2, 12.8, 17.5]},
			"faces": {
				"north": {"uv": [8, 0, 16, 5], "texture": "#1"},
				"east": {"uv": [8, 0, 16, 5], "texture": "#1"},
				"south": {"uv": [8, 0, 16, 5], "texture": "#1"},
				"west": {"uv": [8, 0, 16, 5], "texture": "#1"},
				"up": {"uv": [8, 0, 16, 5], "texture": "#1"},
				"down": {"uv": [8, 0, 16, 5], "texture": "#1"}
			}
		},
		{
			"from": [-4, 4.8, 9.5],
			"to": [-3, 5.8, 10.5],
			"rotation": {"angle": 0, "axis": "y", "origin": [4, 12.8, 17.5]},
			"faces": {
				"north": {"uv": [8, 0, 16, 5], "texture": "#1"},
				"east": {"uv": [8, 0, 16, 5], "texture": "#1"},
				"south": {"uv": [8, 0, 16, 5], "texture": "#1"},
				"west": {"uv": [8, 0, 16, 5], "texture": "#1"},
				"up": {"uv": [8, 0, 16, 5], "texture": "#1"},
				"down": {"uv": [8, 0, 16, 5], "texture": "#1"}
			}
		},
		{
			"from": [-2, 4.9, 9.5],
			"to": [-1, 6.1, 10.5],
			"rotation": {"angle": 0, "axis": "y", "origin": [6, 13.1, 17.5]},
			"faces": {
				"north": {"uv": [8, 0, 16, 5], "texture": "#1"},
				"east": {"uv": [8, 0, 16, 5], "texture": "#1"},
				"south": {"uv": [8, 0, 16, 5], "texture": "#1"},
				"west": {"uv": [8, 0, 16, 5], "texture": "#1"},
				"up": {"uv": [8, 0, 16, 5], "texture": "#1"},
				"down": {"uv": [8, 0, 16, 5], "texture": "#1"}
			}
		},
		{
			"from": [0, 4.9, 9.5],
			"to": [1, 6.1, 10.5],
			"rotation": {"angle": 0, "axis": "y", "origin": [8, 13.1, 17.5]},
			"faces": {
				"north": {"uv": [8, 0, 16, 5], "texture": "#1"},
				"east": {"uv": [8, 0, 16, 5], "texture": "#1"},
				"south": {"uv": [8, 0, 16, 5], "texture": "#1"},
				"west": {"uv": [8, 0, 16, 5], "texture": "#1"},
				"up": {"uv": [8, 0, 16, 5], "texture": "#1"},
				"down": {"uv": [8, 0, 16, 5], "texture": "#1"}
			}
		},
		{
			"from": [2, 5.2, 9.5],
			"to": [3, 6.4, 10.5],
			"rotation": {"angle": 0, "axis": "y", "origin": [10, 13.4, 17.5]},
			"faces": {
				"north": {"uv": [8, 0, 16, 5], "texture": "#1"},
				"east": {"uv": [8, 0, 16, 5], "texture": "#1"},
				"south": {"uv": [8, 0, 16, 5], "texture": "#1"},
				"west": {"uv": [8, 0, 16, 5], "texture": "#1"},
				"up": {"uv": [8, 0, 16, 5], "texture": "#1"},
				"down": {"uv": [8, 0, 16, 5], "texture": "#1"}
			}
		},
		{
			"from": [4, 5.4, 9.5],
			"to": [5, 6.6, 10.5],
			"rotation": {"angle": 0, "axis": "y", "origin": [12, 13.6, 17.5]},
			"faces": {
				"north": {"uv": [8, 0, 16, 5], "texture": "#1"},
				"east": {"uv": [8, 0, 16, 5], "texture": "#1"},
				"south": {"uv": [8, 0, 16, 5], "texture": "#1"},
				"west": {"uv": [8, 0, 16, 5], "texture": "#1"},
				"up": {"uv": [8, 0, 16, 5], "texture": "#1"},
				"down": {"uv": [8, 0, 16, 5], "texture": "#1"}
			}
		},
		{
			"from": [6, 5.6, 9.5],
			"to": [7, 6.8, 10.5],
			"rotation": {"angle": 0, "axis": "y", "origin": [14, 13.8, 17.5]},
			"faces": {
				"north": {"uv": [8, 0, 16, 5], "texture": "#1"},
				"east": {"uv": [8, 0, 16, 5], "texture": "#1"},
				"south": {"uv": [8, 0, 16, 5], "texture": "#1"},
				"west": {"uv": [8, 0, 16, 5], "texture": "#1"},
				"up": {"uv": [8, 0, 16, 5], "texture": "#1"},
				"down": {"uv": [8, 0, 16, 5], "texture": "#1"}
			}
		},
		{
			"from": [8, 5.8, 9.5],
			"to": [9, 7, 10.5],
			"rotation": {"angle": 0, "axis": "y", "origin": [16, 14, 17.5]},
			"faces": {
				"north": {"uv": [8, 0, 16, 5], "texture": "#1"},
				"east": {"uv": [8, 0, 16, 5], "texture": "#1"},
				"south": {"uv": [8, 0, 16, 5], "texture": "#1"},
				"west": {"uv": [8, 0, 16, 5], "texture": "#1"},
				"up": {"uv": [8, 0, 16, 5], "texture": "#1"},
				"down": {"uv": [8, 0, 16, 5], "texture": "#1"}
			}
		},
		{
			"from": [-6, 4.4, 5.1],
			"to": [-5, 5.4, 6.1],
			"rotation": {"angle": 0, "axis": "y", "origin": [2, 12.4, 13.1]},
			"faces": {
				"north": {"uv": [8, 0, 16, 5], "texture": "#1"},
				"east": {"uv": [8, 0, 16, 5], "texture": "#1"},
				"south": {"uv": [8, 0, 16, 5], "texture": "#1"},
				"west": {"uv": [8, 0, 16, 5], "texture": "#1"},
				"up": {"uv": [8, 0, 16, 5], "texture": "#1"},
				"down": {"uv": [8, 0, 16, 5], "texture": "#1"}
			}
		},
		{
			"from": [-4, 4.4, 5.1],
			"to": [-3, 5.4, 6.1],
			"rotation": {"angle": 0, "axis": "y", "origin": [4, 12.4, 13.1]},
			"faces": {
				"north": {"uv": [8, 0, 16, 5], "texture": "#1"},
				"east": {"uv": [8, 0, 16, 5], "texture": "#1"},
				"south": {"uv": [8, 0, 16, 5], "texture": "#1"},
				"west": {"uv": [8, 0, 16, 5], "texture": "#1"},
				"up": {"uv": [8, 0, 16, 5], "texture": "#1"},
				"down": {"uv": [8, 0, 16, 5], "texture": "#1"}
			}
		},
		{
			"from": [-2, 4.5, 5.1],
			"to": [-1, 5.7, 6.1],
			"rotation": {"angle": 0, "axis": "y", "origin": [6, 12.7, 13.1]},
			"faces": {
				"north": {"uv": [8, 0, 16, 5], "texture": "#1"},
				"east": {"uv": [8, 0, 16, 5], "texture": "#1"},
				"south": {"uv": [8, 0, 16, 5], "texture": "#1"},
				"west": {"uv": [8, 0, 16, 5], "texture": "#1"},
				"up": {"uv": [8, 0, 16, 5], "texture": "#1"},
				"down": {"uv": [8, 0, 16, 5], "texture": "#1"}
			}
		},
		{
			"from": [0, 4.5, 5.1],
			"to": [1, 5.7, 6.1],
			"rotation": {"angle": 0, "axis": "y", "origin": [8, 12.7, 13.1]},
			"faces": {
				"north": {"uv": [8, 0, 16, 5], "texture": "#1"},
				"east": {"uv": [8, 0, 16, 5], "texture": "#1"},
				"south": {"uv": [8, 0, 16, 5], "texture": "#1"},
				"west": {"uv": [8, 0, 16, 5], "texture": "#1"},
				"up": {"uv": [8, 0, 16, 5], "texture": "#1"},
				"down": {"uv": [8, 0, 16, 5], "texture": "#1"}
			}
		},
		{
			"from": [2, 4.8, 5.1],
			"to": [3, 6, 6.1],
			"rotation": {"angle": 0, "axis": "y", "origin": [10, 13, 13.1]},
			"faces": {
				"north": {"uv": [8, 0, 16, 5], "texture": "#1"},
				"east": {"uv": [8, 0, 16, 5], "texture": "#1"},
				"south": {"uv": [8, 0, 16, 5], "texture": "#1"},
				"west": {"uv": [8, 0, 16, 5], "texture": "#1"},
				"up": {"uv": [8, 0, 16, 5], "texture": "#1"},
				"down": {"uv": [8, 0, 16, 5], "texture": "#1"}
			}
		},
		{
			"from": [4, 5, 5.1],
			"to": [5, 6.2, 6.1],
			"rotation": {"angle": 0, "axis": "y", "origin": [12, 13.2, 13.1]},
			"faces": {
				"north": {"uv": [8, 0, 16, 5], "texture": "#1"},
				"east": {"uv": [8, 0, 16, 5], "texture": "#1"},
				"south": {"uv": [8, 0, 16, 5], "texture": "#1"},
				"west": {"uv": [8, 0, 16, 5], "texture": "#1"},
				"up": {"uv": [8, 0, 16, 5], "texture": "#1"},
				"down": {"uv": [8, 0, 16, 5], "texture": "#1"}
			}
		},
		{
			"from": [6, 5.2, 5.1],
			"to": [7, 6.4, 6.1],
			"rotation": {"angle": 0, "axis": "y", "origin": [14, 13.4, 13.1]},
			"faces": {
				"north": {"uv": [8, 0, 16, 5], "texture": "#1"},
				"east": {"uv": [8, 0, 16, 5], "texture": "#1"},
				"south": {"uv": [8, 0, 16, 5], "texture": "#1"},
				"west": {"uv": [8, 0, 16, 5], "texture": "#1"},
				"up": {"uv": [8, 0, 16, 5], "texture": "#1"},
				"down": {"uv": [8, 0, 16, 5], "texture": "#1"}
			}
		},
		{
			"from": [8, 5.4, 5.1],
			"to": [9, 6.6, 6.1],
			"rotation": {"angle": 0, "axis": "y", "origin": [16, 13.6, 13.1]},
			"faces": {
				"north": {"uv": [8, 0, 16, 5], "texture": "#1"},
				"east": {"uv": [8, 0, 16, 5], "texture": "#1"},
				"south": {"uv": [8, 0, 16, 5], "texture": "#1"},
				"west": {"uv": [8, 0, 16, 5], "texture": "#1"},
				"up": {"uv": [8, 0, 16, 5], "texture": "#1"},
				"down": {"uv": [8, 0, 16, 5], "texture": "#1"}
			}
		},
		{
			"from": [-6, 4.4, 10.1],
			"to": [-5, 5.4, 11.1],
			"rotation": {"angle": 0, "axis": "y", "origin": [2, 12.4, 18.1]},
			"faces": {
				"north": {"uv": [8, 0, 16, 5], "texture": "#1"},
				"east": {"uv": [8, 0, 16, 5], "texture": "#1"},
				"south": {"uv": [8, 0, 16, 5], "texture": "#1"},
				"west": {"uv": [8, 0, 16, 5], "texture": "#1"},
				"up": {"uv": [8, 0, 16, 5], "texture": "#1"},
				"down": {"uv": [8, 0, 16, 5], "texture": "#1"}
			}
		},
		{
			"from": [-4, 4.4, 10.1],
			"to": [-3, 5.4, 11.1],
			"rotation": {"angle": 0, "axis": "y", "origin": [4, 12.4, 18.1]},
			"faces": {
				"north": {"uv": [8, 0, 16, 5], "texture": "#1"},
				"east": {"uv": [8, 0, 16, 5], "texture": "#1"},
				"south": {"uv": [8, 0, 16, 5], "texture": "#1"},
				"west": {"uv": [8, 0, 16, 5], "texture": "#1"},
				"up": {"uv": [8, 0, 16, 5], "texture": "#1"},
				"down": {"uv": [8, 0, 16, 5], "texture": "#1"}
			}
		},
		{
			"from": [-2, 4.5, 10.1],
			"to": [-1, 5.7, 11.1],
			"rotation": {"angle": 0, "axis": "y", "origin": [6, 12.7, 18.1]},
			"faces": {
				"north": {"uv": [8, 0, 16, 5], "texture": "#1"},
				"east": {"uv": [8, 0, 16, 5], "texture": "#1"},
				"south": {"uv": [8, 0, 16, 5], "texture": "#1"},
				"west": {"uv": [8, 0, 16, 5], "texture": "#1"},
				"up": {"uv": [8, 0, 16, 5], "texture": "#1"},
				"down": {"uv": [8, 0, 16, 5], "texture": "#1"}
			}
		},
		{
			"from": [0, 4.5, 10.1],
			"to": [1, 5.7, 11.1],
			"rotation": {"angle": 0, "axis": "y", "origin": [8, 12.7, 18.1]},
			"faces": {
				"north": {"uv": [8, 0, 16, 5], "texture": "#1"},
				"east": {"uv": [8, 0, 16, 5], "texture": "#1"},
				"south": {"uv": [8, 0, 16, 5], "texture": "#1"},
				"west": {"uv": [8, 0, 16, 5], "texture": "#1"},
				"up": {"uv": [8, 0, 16, 5], "texture": "#1"},
				"down": {"uv": [8, 0, 16, 5], "texture": "#1"}
			}
		},
		{
			"from": [2, 4.8, 10.1],
			"to": [3, 6, 11.1],
			"rotation": {"angle": 0, "axis": "y", "origin": [10, 13, 18.1]},
			"faces": {
				"north": {"uv": [8, 0, 16, 5], "texture": "#1"},
				"east": {"uv": [8, 0, 16, 5], "texture": "#1"},
				"south": {"uv": [8, 0, 16, 5], "texture": "#1"},
				"west": {"uv": [8, 0, 16, 5], "texture": "#1"},
				"up": {"uv": [8, 0, 16, 5], "texture": "#1"},
				"down": {"uv": [8, 0, 16, 5], "texture": "#1"}
			}
		},
		{
			"from": [4, 5, 10.1],
			"to": [5, 6.2, 11.1],
			"rotation": {"angle": 0, "axis": "y", "origin": [12, 13.2, 18.1]},
			"faces": {
				"north": {"uv": [8, 0, 16, 5], "texture": "#1"},
				"east": {"uv": [8, 0, 16, 5], "texture": "#1"},
				"south": {"uv": [8, 0, 16, 5], "texture": "#1"},
				"west": {"uv": [8, 0, 16, 5], "texture": "#1"},
				"up": {"uv": [8, 0, 16, 5], "texture": "#1"},
				"down": {"uv": [8, 0, 16, 5], "texture": "#1"}
			}
		},
		{
			"from": [6, 5.2, 10.1],
			"to": [7, 6.4, 11.1],
			"rotation": {"angle": 0, "axis": "y", "origin": [14, 13.4, 18.1]},
			"faces": {
				"north": {"uv": [8, 0, 16, 5], "texture": "#1"},
				"east": {"uv": [8, 0, 16, 5], "texture": "#1"},
				"south": {"uv": [8, 0, 16, 5], "texture": "#1"},
				"west": {"uv": [8, 0, 16, 5], "texture": "#1"},
				"up": {"uv": [8, 0, 16, 5], "texture": "#1"},
				"down": {"uv": [8, 0, 16, 5], "texture": "#1"}
			}
		},
		{
			"from": [8, 5.4, 10.1],
			"to": [9, 6.6, 11.1],
			"rotation": {"angle": 0, "axis": "y", "origin": [16, 13.6, 18.1]},
			"faces": {
				"north": {"uv": [8, 0, 16, 5], "texture": "#1"},
				"east": {"uv": [8, 0, 16, 5], "texture": "#1"},
				"south": {"uv": [8, 0, 16, 5], "texture": "#1"},
				"west": {"uv": [8, 0, 16, 5], "texture": "#1"},
				"up": {"uv": [8, 0, 16, 5], "texture": "#1"},
				"down": {"uv": [8, 0, 16, 5], "texture": "#1"}
			}
		},
		{
			"from": [-6, 0.4, 5.1],
			"to": [-5, 1.4, 6.1],
			"rotation": {"angle": 0, "axis": "y", "origin": [2, 8.4, 13.1]},
			"faces": {
				"north": {"uv": [8, 0, 16, 5], "texture": "#1"},
				"east": {"uv": [8, 0, 16, 5], "texture": "#1"},
				"south": {"uv": [8, 0, 16, 5], "texture": "#1"},
				"west": {"uv": [8, 0, 16, 5], "texture": "#1"},
				"up": {"uv": [8, 0, 16, 5], "texture": "#1"},
				"down": {"uv": [8, 0, 16, 5], "texture": "#1"}
			}
		},
		{
			"from": [-4, 0.4, 5.1],
			"to": [-3, 1.4, 6.1],
			"rotation": {"angle": 0, "axis": "y", "origin": [4, 8.4, 13.1]},
			"faces": {
				"north": {"uv": [8, 0, 16, 5], "texture": "#1"},
				"east": {"uv": [8, 0, 16, 5], "texture": "#1"},
				"south": {"uv": [8, 0, 16, 5], "texture": "#1"},
				"west": {"uv": [8, 0, 16, 5], "texture": "#1"},
				"up": {"uv": [8, 0, 16, 5], "texture": "#1"},
				"down": {"uv": [8, 0, 16, 5], "texture": "#1"}
			}
		},
		{
			"from": [-2, 0.5, 5.1],
			"to": [-1, 1.7, 6.1],
			"rotation": {"angle": 0, "axis": "y", "origin": [6, 8.7, 13.1]},
			"faces": {
				"north": {"uv": [8, 0, 16, 5], "texture": "#1"},
				"east": {"uv": [8, 0, 16, 5], "texture": "#1"},
				"south": {"uv": [8, 0, 16, 5], "texture": "#1"},
				"west": {"uv": [8, 0, 16, 5], "texture": "#1"},
				"up": {"uv": [8, 0, 16, 5], "texture": "#1"},
				"down": {"uv": [8, 0, 16, 5], "texture": "#1"}
			}
		},
		{
			"from": [0, 0.5, 5.1],
			"to": [1, 1.7, 6.1],
			"rotation": {"angle": 0, "axis": "y", "origin": [8, 8.7, 13.1]},
			"faces": {
				"north": {"uv": [8, 0, 16, 5], "texture": "#1"},
				"east": {"uv": [8, 0, 16, 5], "texture": "#1"},
				"south": {"uv": [8, 0, 16, 5], "texture": "#1"},
				"west": {"uv": [8, 0, 16, 5], "texture": "#1"},
				"up": {"uv": [8, 0, 16, 5], "texture": "#1"},
				"down": {"uv": [8, 0, 16, 5], "texture": "#1"}
			}
		},
		{
			"from": [2, 0.8, 5.1],
			"to": [3, 2, 6.1],
			"rotation": {"angle": 0, "axis": "y", "origin": [10, 9, 13.1]},
			"faces": {
				"north": {"uv": [8, 0, 16, 5], "texture": "#1"},
				"east": {"uv": [8, 0, 16, 5], "texture": "#1"},
				"south": {"uv": [8, 0, 16, 5], "texture": "#1"},
				"west": {"uv": [8, 0, 16, 5], "texture": "#1"},
				"up": {"uv": [8, 0, 16, 5], "texture": "#1"},
				"down": {"uv": [8, 0, 16, 5], "texture": "#1"}
			}
		},
		{
			"from": [4, 1, 5.1],
			"to": [5, 2.2, 6.1],
			"rotation": {"angle": 0, "axis": "y", "origin": [12, 9.2, 13.1]},
			"faces": {
				"north": {"uv": [8, 0, 16, 5], "texture": "#1"},
				"east": {"uv": [8, 0, 16, 5], "texture": "#1"},
				"south": {"uv": [8, 0, 16, 5], "texture": "#1"},
				"west": {"uv": [8, 0, 16, 5], "texture": "#1"},
				"up": {"uv": [8, 0, 16, 5], "texture": "#1"},
				"down": {"uv": [8, 0, 16, 5], "texture": "#1"}
			}
		},
		{
			"from": [6, 1.2, 5.1],
			"to": [7, 2.4, 6.1],
			"rotation": {"angle": 0, "axis": "y", "origin": [14, 9.4, 13.1]},
			"faces": {
				"north": {"uv": [8, 0, 16, 5], "texture": "#1"},
				"east": {"uv": [8, 0, 16, 5], "texture": "#1"},
				"south": {"uv": [8, 0, 16, 5], "texture": "#1"},
				"west": {"uv": [8, 0, 16, 5], "texture": "#1"},
				"up": {"uv": [8, 0, 16, 5], "texture": "#1"},
				"down": {"uv": [8, 0, 16, 5], "texture": "#1"}
			}
		},
		{
			"from": [8, 1.4, 5.1],
			"to": [9, 2.6, 6.1],
			"rotation": {"angle": 0, "axis": "y", "origin": [16, 9.6, 13.1]},
			"faces": {
				"north": {"uv": [8, 0, 16, 1], "texture": "#1"},
				"east": {"uv": [8, 0, 16, 1], "texture": "#1"},
				"south": {"uv": [8, 0, 16, 1], "texture": "#1"},
				"west": {"uv": [8, 0, 16, 1], "texture": "#1"},
				"up": {"uv": [8, 0, 16, 1], "texture": "#1"},
				"down": {"uv": [8, 0, 16, 1], "texture": "#1"}
			}
		},
		{
			"from": [-6, 0.4, 10.1],
			"to": [-5, 1.4, 11.1],
			"rotation": {"angle": 0, "axis": "y", "origin": [2, 8.4, 18.1]},
			"faces": {
				"north": {"uv": [8, 0, 16, 5], "texture": "#1"},
				"east": {"uv": [8, 0, 16, 5], "texture": "#1"},
				"south": {"uv": [8, 0, 16, 5], "texture": "#1"},
				"west": {"uv": [8, 0, 16, 5], "texture": "#1"},
				"up": {"uv": [8, 0, 16, 5], "texture": "#1"},
				"down": {"uv": [8, 0, 16, 5], "texture": "#1"}
			}
		},
		{
			"from": [-4, 0.4, 10.1],
			"to": [-3, 1.4, 11.1],
			"rotation": {"angle": 0, "axis": "y", "origin": [4, 8.4, 18.1]},
			"faces": {
				"north": {"uv": [8, 0, 16, 5], "texture": "#1"},
				"east": {"uv": [8, 0, 16, 5], "texture": "#1"},
				"south": {"uv": [8, 0, 16, 5], "texture": "#1"},
				"west": {"uv": [8, 0, 16, 5], "texture": "#1"},
				"up": {"uv": [8, 0, 16, 5], "texture": "#1"},
				"down": {"uv": [8, 0, 16, 5], "texture": "#1"}
			}
		},
		{
			"from": [-2, 0.5, 10.1],
			"to": [-1, 1.7, 11.1],
			"rotation": {"angle": 0, "axis": "y", "origin": [6, 8.7, 18.1]},
			"faces": {
				"north": {"uv": [8, 0, 16, 5], "texture": "#1"},
				"east": {"uv": [8, 0, 16, 5], "texture": "#1"},
				"south": {"uv": [8, 0, 16, 5], "texture": "#1"},
				"west": {"uv": [8, 0, 16, 5], "texture": "#1"},
				"up": {"uv": [8, 0, 16, 5], "texture": "#1"},
				"down": {"uv": [8, 0, 16, 5], "texture": "#1"}
			}
		},
		{
			"from": [0, 0.5, 10.1],
			"to": [1, 1.7, 11.1],
			"rotation": {"angle": 0, "axis": "y", "origin": [8, 8.7, 18.1]},
			"faces": {
				"north": {"uv": [8, 0, 16, 5], "texture": "#1"},
				"east": {"uv": [8, 0, 16, 5], "texture": "#1"},
				"south": {"uv": [8, 0, 16, 5], "texture": "#1"},
				"west": {"uv": [8, 0, 16, 5], "texture": "#1"},
				"up": {"uv": [8, 0, 16, 5], "texture": "#1"},
				"down": {"uv": [8, 0, 16, 5], "texture": "#1"}
			}
		},
		{
			"from": [2, 0.8, 10.1],
			"to": [3, 2, 11.1],
			"rotation": {"angle": 0, "axis": "y", "origin": [10, 9, 18.1]},
			"faces": {
				"north": {"uv": [8, 0, 16, 5], "texture": "#1"},
				"east": {"uv": [8, 0, 16, 5], "texture": "#1"},
				"south": {"uv": [8, 0, 16, 5], "texture": "#1"},
				"west": {"uv": [8, 0, 16, 5], "texture": "#1"},
				"up": {"uv": [8, 0, 16, 5], "texture": "#1"},
				"down": {"uv": [8, 0, 16, 5], "texture": "#1"}
			}
		},
		{
			"from": [4, 1, 10.1],
			"to": [5, 2.2, 11.1],
			"rotation": {"angle": 0, "axis": "y", "origin": [12, 9.2, 18.1]},
			"faces": {
				"north": {"uv": [8, 0, 16, 5], "texture": "#1"},
				"east": {"uv": [8, 0, 16, 5], "texture": "#1"},
				"south": {"uv": [8, 0, 16, 5], "texture": "#1"},
				"west": {"uv": [8, 0, 16, 5], "texture": "#1"},
				"up": {"uv": [8, 0, 16, 5], "texture": "#1"},
				"down": {"uv": [8, 0, 16, 5], "texture": "#1"}
			}
		},
		{
			"from": [6, 1.2, 10.1],
			"to": [7, 2.4, 11.1],
			"rotation": {"angle": 0, "axis": "y", "origin": [14, 9.4, 18.1]},
			"faces": {
				"north": {"uv": [8, 0, 16, 5], "texture": "#1"},
				"east": {"uv": [8, 0, 16, 5], "texture": "#1"},
				"south": {"uv": [8, 0, 16, 5], "texture": "#1"},
				"west": {"uv": [8, 0, 16, 5], "texture": "#1"},
				"up": {"uv": [8, 0, 16, 5], "texture": "#1"},
				"down": {"uv": [8, 0, 16, 5], "texture": "#1"}
			}
		},
		{
			"from": [8, 1.4, 10.1],
			"to": [9, 2.6, 11.1],
			"rotation": {"angle": 0, "axis": "y", "origin": [16, 9.6, 18.1]},
			"faces": {
				"north": {"uv": [8, 0, 16, 5], "texture": "#1"},
				"east": {"uv": [8, 0, 16, 5], "texture": "#1"},
				"south": {"uv": [8, 0, 16, 5], "texture": "#1"},
				"west": {"uv": [8, 0, 16, 5], "texture": "#1"},
				"up": {"uv": [8, 0, 16, 5], "texture": "#1"},
				"down": {"uv": [8, 0, 16, 5], "texture": "#1"}
			}
		},
		{
			"from": [-6, 3.4, 4.6],
			"to": [-5, 4.9, 5.6],
			"rotation": {"angle": 0, "axis": "y", "origin": [2, 11.9, 12.6]},
			"faces": {
				"north": {"uv": [8, 0, 16, 5], "texture": "#1"},
				"east": {"uv": [8, 0, 16, 5], "texture": "#1"},
				"south": {"uv": [8, 0, 16, 5], "texture": "#1"},
				"west": {"uv": [8, 0, 16, 5], "texture": "#1"},
				"up": {"uv": [8, 0, 16, 5], "texture": "#1"},
				"down": {"uv": [8, 0, 16, 5], "texture": "#1"}
			}
		},
		{
			"from": [-4, 3.4, 4.6],
			"to": [-3, 4.9, 5.6],
			"rotation": {"angle": 0, "axis": "y", "origin": [4, 11.9, 12.6]},
			"faces": {
				"north": {"uv": [8, 0, 16, 5], "texture": "#1"},
				"east": {"uv": [8, 0, 16, 5], "texture": "#1"},
				"south": {"uv": [8, 0, 16, 5], "texture": "#1"},
				"west": {"uv": [8, 0, 16, 5], "texture": "#1"},
				"up": {"uv": [8, 0, 16, 5], "texture": "#1"},
				"down": {"uv": [8, 0, 16, 5], "texture": "#1"}
			}
		},
		{
			"from": [-2, 3.5, 4.6],
			"to": [-1, 5.2, 5.6],
			"rotation": {"angle": 0, "axis": "y", "origin": [6, 12.2, 12.6]},
			"faces": {
				"north": {"uv": [8, 0, 16, 5], "texture": "#1"},
				"east": {"uv": [8, 0, 16, 5], "texture": "#1"},
				"south": {"uv": [8, 0, 16, 5], "texture": "#1"},
				"west": {"uv": [8, 0, 16, 5], "texture": "#1"},
				"up": {"uv": [8, 0, 16, 5], "texture": "#1"},
				"down": {"uv": [8, 0, 16, 5], "texture": "#1"}
			}
		},
		{
			"from": [0, 3.5, 4.6],
			"to": [1, 5.2, 5.6],
			"rotation": {"angle": 0, "axis": "y", "origin": [8, 12.2, 12.6]},
			"faces": {
				"north": {"uv": [8, 0, 16, 5], "texture": "#1"},
				"east": {"uv": [8, 0, 16, 5], "texture": "#1"},
				"south": {"uv": [8, 0, 16, 5], "texture": "#1"},
				"west": {"uv": [8, 0, 16, 5], "texture": "#1"},
				"up": {"uv": [8, 0, 16, 5], "texture": "#1"},
				"down": {"uv": [8, 0, 16, 5], "texture": "#1"}
			}
		},
		{
			"from": [2, 3.8, 4.6],
			"to": [3, 5.5, 5.6],
			"rotation": {"angle": 0, "axis": "y", "origin": [10, 12.5, 12.6]},
			"faces": {
				"north": {"uv": [8, 0, 16, 5], "texture": "#1"},
				"east": {"uv": [8, 0, 16, 5], "texture": "#1"},
				"south": {"uv": [8, 0, 16, 5], "texture": "#1"},
				"west": {"uv": [8, 0, 16, 5], "texture": "#1"},
				"up": {"uv": [8, 0, 16, 5], "texture": "#1"},
				"down": {"uv": [8, 0, 16, 5], "texture": "#1"}
			}
		},
		{
			"from": [4, 4, 4.6],
			"to": [5, 5.7, 5.6],
			"rotation": {"angle": 0, "axis": "y", "origin": [12, 12.7, 12.6]},
			"faces": {
				"north": {"uv": [8, 0, 16, 5], "texture": "#1"},
				"east": {"uv": [8, 0, 16, 5], "texture": "#1"},
				"south": {"uv": [8, 0, 16, 5], "texture": "#1"},
				"west": {"uv": [8, 0, 16, 5], "texture": "#1"},
				"up": {"uv": [8, 0, 16, 5], "texture": "#1"},
				"down": {"uv": [8, 0, 16, 5], "texture": "#1"}
			}
		},
		{
			"from": [6, 4.2, 4.6],
			"to": [7, 5.9, 5.6],
			"rotation": {"angle": 0, "axis": "y", "origin": [14, 12.9, 12.6]},
			"faces": {
				"north": {"uv": [8, 0, 16, 5], "texture": "#1"},
				"east": {"uv": [8, 0, 16, 5], "texture": "#1"},
				"south": {"uv": [8, 0, 16, 5], "texture": "#1"},
				"west": {"uv": [8, 0, 16, 5], "texture": "#1"},
				"up": {"uv": [8, 0, 16, 5], "texture": "#1"},
				"down": {"uv": [8, 0, 16, 5], "texture": "#1"}
			}
		},
		{
			"from": [8, 4.4, 4.6],
			"to": [9, 6.1, 5.6],
			"rotation": {"angle": 0, "axis": "y", "origin": [16, 13.1, 12.6]},
			"faces": {
				"north": {"uv": [8, 0, 16, 5], "texture": "#1"},
				"east": {"uv": [8, 0, 16, 5], "texture": "#1"},
				"south": {"uv": [8, 0, 16, 5], "texture": "#1"},
				"west": {"uv": [8, 0, 16, 5], "texture": "#1"},
				"up": {"uv": [8, 0, 16, 5], "texture": "#1"},
				"down": {"uv": [8, 0, 16, 5], "texture": "#1"}
			}
		},
		{
			"from": [-6, 3.4, 10.6],
			"to": [-5, 4.9, 11.6],
			"rotation": {"angle": 0, "axis": "y", "origin": [2, 11.9, 18.6]},
			"faces": {
				"north": {"uv": [8, 0, 16, 5], "texture": "#1"},
				"east": {"uv": [8, 0, 16, 5], "texture": "#1"},
				"south": {"uv": [8, 0, 16, 5], "texture": "#1"},
				"west": {"uv": [8, 0, 16, 5], "texture": "#1"},
				"up": {"uv": [8, 0, 16, 5], "texture": "#1"},
				"down": {"uv": [8, 0, 16, 5], "texture": "#1"}
			}
		},
		{
			"from": [-4, 3.4, 10.6],
			"to": [-3, 4.9, 11.6],
			"rotation": {"angle": 0, "axis": "y", "origin": [4, 11.9, 18.6]},
			"faces": {
				"north": {"uv": [8, 0, 16, 5], "texture": "#1"},
				"east": {"uv": [8, 0, 16, 5], "texture": "#1"},
				"south": {"uv": [8, 0, 16, 5], "texture": "#1"},
				"west": {"uv": [8, 0, 16, 5], "texture": "#1"},
				"up": {"uv": [8, 0, 16, 5], "texture": "#1"},
				"down": {"uv": [8, 0, 16, 5], "texture": "#1"}
			}
		},
		{
			"from": [-2, 3.5, 10.6],
			"to": [-1, 5.2, 11.6],
			"rotation": {"angle": 0, "axis": "y", "origin": [6, 12.2, 18.6]},
			"faces": {
				"north": {"uv": [8, 0, 16, 5], "texture": "#1"},
				"east": {"uv": [8, 0, 16, 5], "texture": "#1"},
				"south": {"uv": [8, 0, 16, 5], "texture": "#1"},
				"west": {"uv": [8, 0, 16, 5], "texture": "#1"},
				"up": {"uv": [8, 0, 16, 5], "texture": "#1"},
				"down": {"uv": [8, 0, 16, 5], "texture": "#1"}
			}
		},
		{
			"from": [0, 3.5, 10.6],
			"to": [1, 5.2, 11.6],
			"rotation": {"angle": 0, "axis": "y", "origin": [8, 12.2, 18.6]},
			"faces": {
				"north": {"uv": [8, 0, 16, 5], "texture": "#1"},
				"east": {"uv": [8, 0, 16, 5], "texture": "#1"},
				"south": {"uv": [8, 0, 16, 5], "texture": "#1"},
				"west": {"uv": [8, 0, 16, 5], "texture": "#1"},
				"up": {"uv": [8, 0, 16, 5], "texture": "#1"},
				"down": {"uv": [8, 0, 16, 5], "texture": "#1"}
			}
		},
		{
			"from": [2, 3.8, 10.6],
			"to": [3, 5.5, 11.6],
			"rotation": {"angle": 0, "axis": "y", "origin": [10, 12.5, 18.6]},
			"faces": {
				"north": {"uv": [8, 0, 16, 5], "texture": "#1"},
				"east": {"uv": [8, 0, 16, 5], "texture": "#1"},
				"south": {"uv": [8, 0, 16, 5], "texture": "#1"},
				"west": {"uv": [8, 0, 16, 5], "texture": "#1"},
				"up": {"uv": [8, 0, 16, 5], "texture": "#1"},
				"down": {"uv": [8, 0, 16, 5], "texture": "#1"}
			}
		},
		{
			"from": [4, 4, 10.6],
			"to": [5, 5.7, 11.6],
			"rotation": {"angle": 0, "axis": "y", "origin": [12, 12.7, 18.6]},
			"faces": {
				"north": {"uv": [8, 0, 16, 5], "texture": "#1"},
				"east": {"uv": [8, 0, 16, 5], "texture": "#1"},
				"south": {"uv": [8, 0, 16, 5], "texture": "#1"},
				"west": {"uv": [8, 0, 16, 5], "texture": "#1"},
				"up": {"uv": [8, 0, 16, 5], "texture": "#1"},
				"down": {"uv": [8, 0, 16, 5], "texture": "#1"}
			}
		},
		{
			"from": [6, 4.2, 10.6],
			"to": [7, 5.9, 11.6],
			"rotation": {"angle": 0, "axis": "y", "origin": [14, 12.9, 18.6]},
			"faces": {
				"north": {"uv": [8, 0, 16, 5], "texture": "#1"},
				"east": {"uv": [8, 0, 16, 5], "texture": "#1"},
				"south": {"uv": [8, 0, 16, 5], "texture": "#1"},
				"west": {"uv": [8, 0, 16, 5], "texture": "#1"},
				"up": {"uv": [8, 0, 16, 5], "texture": "#1"},
				"down": {"uv": [8, 0, 16, 5], "texture": "#1"}
			}
		},
		{
			"from": [8, 4.4, 10.6],
			"to": [9, 6.1, 11.6],
			"rotation": {"angle": 0, "axis": "y", "origin": [16, 13.1, 18.6]},
			"faces": {
				"north": {"uv": [8, 0, 16, 5], "texture": "#1"},
				"east": {"uv": [8, 0, 16, 5], "texture": "#1"},
				"south": {"uv": [8, 0, 16, 5], "texture": "#1"},
				"west": {"uv": [8, 0, 16, 5], "texture": "#1"},
				"up": {"uv": [8, 0, 16, 5], "texture": "#1"},
				"down": {"uv": [8, 0, 16, 5], "texture": "#1"}
			}
		},
		{
			"from": [-6, 0.7, 4.6],
			"to": [-5, 2.2, 5.6],
			"rotation": {"angle": 0, "axis": "y", "origin": [2, 9.2, 12.6]},
			"faces": {
				"north": {"uv": [8, 0, 16, 5], "texture": "#1"},
				"east": {"uv": [8, 0, 16, 5], "texture": "#1"},
				"south": {"uv": [8, 0, 16, 5], "texture": "#1"},
				"west": {"uv": [8, 0, 16, 5], "texture": "#1"},
				"up": {"uv": [8, 0, 16, 5], "texture": "#1"},
				"down": {"uv": [8, 0, 16, 5], "texture": "#1"}
			}
		},
		{
			"from": [-4, 0.7, 4.6],
			"to": [-3, 2.2, 5.6],
			"rotation": {"angle": 0, "axis": "y", "origin": [4, 9.2, 12.6]},
			"faces": {
				"north": {"uv": [8, 0, 16, 5], "texture": "#1"},
				"east": {"uv": [8, 0, 16, 5], "texture": "#1"},
				"south": {"uv": [8, 0, 16, 5], "texture": "#1"},
				"west": {"uv": [8, 0, 16, 5], "texture": "#1"},
				"up": {"uv": [8, 0, 16, 5], "texture": "#1"},
				"down": {"uv": [8, 0, 16, 5], "texture": "#1"}
			}
		},
		{
			"from": [-2, 0.8, 4.6],
			"to": [-1, 2.5, 5.6],
			"rotation": {"angle": 0, "axis": "y", "origin": [6, 9.5, 12.6]},
			"faces": {
				"north": {"uv": [8, 0, 16, 5], "texture": "#1"},
				"east": {"uv": [8, 0, 16, 5], "texture": "#1"},
				"south": {"uv": [8, 0, 16, 5], "texture": "#1"},
				"west": {"uv": [8, 0, 16, 5], "texture": "#1"},
				"up": {"uv": [8, 0, 16, 5], "texture": "#1"},
				"down": {"uv": [8, 0, 16, 5], "texture": "#1"}
			}
		},
		{
			"from": [0, 0.8, 4.6],
			"to": [1, 2.5, 5.6],
			"rotation": {"angle": 0, "axis": "y", "origin": [8, 9.5, 12.6]},
			"faces": {
				"north": {"uv": [8, 0, 16, 5], "texture": "#1"},
				"east": {"uv": [8, 0, 16, 5], "texture": "#1"},
				"south": {"uv": [8, 0, 16, 5], "texture": "#1"},
				"west": {"uv": [8, 0, 16, 5], "texture": "#1"},
				"up": {"uv": [8, 0, 16, 5], "texture": "#1"},
				"down": {"uv": [8, 0, 16, 5], "texture": "#1"}
			}
		},
		{
			"from": [2, 1.1, 4.6],
			"to": [3, 2.8, 5.6],
			"rotation": {"angle": 0, "axis": "y", "origin": [10, 9.8, 12.6]},
			"faces": {
				"north": {"uv": [8, 0, 16, 5], "texture": "#1"},
				"east": {"uv": [8, 0, 16, 5], "texture": "#1"},
				"south": {"uv": [8, 0, 16, 5], "texture": "#1"},
				"west": {"uv": [8, 0, 16, 5], "texture": "#1"},
				"up": {"uv": [8, 0, 16, 5], "texture": "#1"},
				"down": {"uv": [8, 0, 16, 5], "texture": "#1"}
			}
		},
		{
			"from": [4, 1.3, 4.6],
			"to": [5, 3, 5.6],
			"rotation": {"angle": 0, "axis": "y", "origin": [12, 10, 12.6]},
			"faces": {
				"north": {"uv": [8, 0, 16, 5], "texture": "#1"},
				"east": {"uv": [8, 0, 16, 5], "texture": "#1"},
				"south": {"uv": [8, 0, 16, 5], "texture": "#1"},
				"west": {"uv": [8, 0, 16, 5], "texture": "#1"},
				"up": {"uv": [8, 0, 16, 5], "texture": "#1"},
				"down": {"uv": [8, 0, 16, 5], "texture": "#1"}
			}
		},
		{
			"from": [6, 1.5, 4.6],
			"to": [7, 3.2, 5.6],
			"rotation": {"angle": 0, "axis": "y", "origin": [14, 10.2, 12.6]},
			"faces": {
				"north": {"uv": [8, 0, 16, 5], "texture": "#1"},
				"east": {"uv": [8, 0, 16, 5], "texture": "#1"},
				"south": {"uv": [8, 0, 16, 5], "texture": "#1"},
				"west": {"uv": [8, 0, 16, 5], "texture": "#1"},
				"up": {"uv": [8, 0, 16, 5], "texture": "#1"},
				"down": {"uv": [8, 0, 16, 5], "texture": "#1"}
			}
		},
		{
			"from": [8, 1.7, 4.6],
			"to": [9, 3.4, 5.6],
			"rotation": {"angle": 0, "axis": "y", "origin": [16, 10.4, 12.6]},
			"faces": {
				"north": {"uv": [8, 0, 16, 5], "texture": "#1"},
				"east": {"uv": [8, 0, 16, 5], "texture": "#1"},
				"south": {"uv": [8, 0, 16, 5], "texture": "#1"},
				"west": {"uv": [8, 0, 16, 5], "texture": "#1"},
				"up": {"uv": [8, 0, 16, 5], "texture": "#1"},
				"down": {"uv": [8, 0, 16, 5], "texture": "#1"}
			}
		},
		{
			"from": [-6, 0.7, 10.6],
			"to": [-5, 2.2, 11.6],
			"rotation": {"angle": 0, "axis": "y", "origin": [2, 9.2, 18.6]},
			"faces": {
				"north": {"uv": [8, 0, 16, 5], "texture": "#1"},
				"east": {"uv": [8, 0, 16, 5], "texture": "#1"},
				"south": {"uv": [8, 0, 16, 5], "texture": "#1"},
				"west": {"uv": [8, 0, 16, 5], "texture": "#1"},
				"up": {"uv": [8, 0, 16, 5], "texture": "#1"},
				"down": {"uv": [8, 0, 16, 5], "texture": "#1"}
			}
		},
		{
			"from": [-4, 0.7, 10.6],
			"to": [-3, 2.2, 11.6],
			"rotation": {"angle": 0, "axis": "y", "origin": [4, 9.2, 18.6]},
			"faces": {
				"north": {"uv": [8, 0, 16, 5], "texture": "#1"},
				"east": {"uv": [8, 0, 16, 5], "texture": "#1"},
				"south": {"uv": [8, 0, 16, 5], "texture": "#1"},
				"west": {"uv": [8, 0, 16, 5], "texture": "#1"},
				"up": {"uv": [8, 0, 16, 5], "texture": "#1"},
				"down": {"uv": [8, 0, 16, 5], "texture": "#1"}
			}
		},
		{
			"from": [-2, 0.8, 10.6],
			"to": [-1, 2.5, 11.6],
			"rotation": {"angle": 0, "axis": "y", "origin": [6, 9.5, 18.6]},
			"faces": {
				"north": {"uv": [8, 0, 16, 5], "texture": "#1"},
				"east": {"uv": [8, 0, 16, 5], "texture": "#1"},
				"south": {"uv": [8, 0, 16, 5], "texture": "#1"},
				"west": {"uv": [8, 0, 16, 5], "texture": "#1"},
				"up": {"uv": [8, 0, 16, 5], "texture": "#1"},
				"down": {"uv": [8, 0, 16, 5], "texture": "#1"}
			}
		},
		{
			"from": [0, 0.8, 10.6],
			"to": [1, 2.5, 11.6],
			"rotation": {"angle": 0, "axis": "y", "origin": [8, 9.5, 18.6]},
			"faces": {
				"north": {"uv": [8, 0, 16, 5], "texture": "#1"},
				"east": {"uv": [8, 0, 16, 5], "texture": "#1"},
				"south": {"uv": [8, 0, 16, 5], "texture": "#1"},
				"west": {"uv": [8, 0, 16, 5], "texture": "#1"},
				"up": {"uv": [8, 0, 16, 5], "texture": "#1"},
				"down": {"uv": [8, 0, 16, 5], "texture": "#1"}
			}
		},
		{
			"from": [2, 1.1, 10.6],
			"to": [3, 2.8, 11.6],
			"rotation": {"angle": 0, "axis": "y", "origin": [10, 9.8, 18.6]},
			"faces": {
				"north": {"uv": [8, 0, 16, 5], "texture": "#1"},
				"east": {"uv": [8, 0, 16, 5], "texture": "#1"},
				"south": {"uv": [8, 0, 16, 5], "texture": "#1"},
				"west": {"uv": [8, 0, 16, 5], "texture": "#1"},
				"up": {"uv": [8, 0, 16, 5], "texture": "#1"},
				"down": {"uv": [8, 0, 16, 5], "texture": "#1"}
			}
		},
		{
			"from": [4, 1.3, 10.6],
			"to": [5, 3, 11.6],
			"rotation": {"angle": 0, "axis": "y", "origin": [12, 10, 18.6]},
			"faces": {
				"north": {"uv": [8, 0, 16, 5], "texture": "#1"},
				"east": {"uv": [8, 0, 16, 5], "texture": "#1"},
				"south": {"uv": [8, 0, 16, 5], "texture": "#1"},
				"west": {"uv": [8, 0, 16, 5], "texture": "#1"},
				"up": {"uv": [8, 0, 16, 5], "texture": "#1"},
				"down": {"uv": [8, 0, 16, 5], "texture": "#1"}
			}
		},
		{
			"from": [6, 1.5, 10.6],
			"to": [7, 3.2, 11.6],
			"rotation": {"angle": 0, "axis": "y", "origin": [14, 10.2, 18.6]},
			"faces": {
				"north": {"uv": [8, 0, 16, 5], "texture": "#1"},
				"east": {"uv": [8, 0, 16, 5], "texture": "#1"},
				"south": {"uv": [8, 0, 16, 5], "texture": "#1"},
				"west": {"uv": [8, 0, 16, 5], "texture": "#1"},
				"up": {"uv": [8, 0, 16, 5], "texture": "#1"},
				"down": {"uv": [8, 0, 16, 5], "texture": "#1"}
			}
		},
		{
			"from": [8, 1.7, 10.6],
			"to": [9, 3.4, 11.6],
			"rotation": {"angle": 0, "axis": "y", "origin": [16, 10.4, 18.6]},
			"faces": {
				"north": {"uv": [8, 0, 16, 5], "texture": "#1"},
				"east": {"uv": [8, 0, 16, 5], "texture": "#1"},
				"south": {"uv": [8, 0, 16, 5], "texture": "#1"},
				"west": {"uv": [8, 0, 16, 5], "texture": "#1"},
				"up": {"uv": [8, 0, 16, 5], "texture": "#1"},
				"down": {"uv": [8, 0, 16, 5], "texture": "#1"}
			}
		},
		{
			"from": [-6, 1.4, 4.2],
			"to": [-5, 4.1, 5.2],
			"rotation": {"angle": 0, "axis": "y", "origin": [2, 11.9, 12.2]},
			"faces": {
				"north": {"uv": [8, 0, 16, 5], "texture": "#1"},
				"east": {"uv": [8, 0, 16, 5], "texture": "#1"},
				"south": {"uv": [8, 0, 16, 5], "texture": "#1"},
				"west": {"uv": [8, 0, 16, 5], "texture": "#1"},
				"up": {"uv": [8, 0, 16, 5], "texture": "#1"},
				"down": {"uv": [8, 0, 16, 5], "texture": "#1"}
			}
		},
		{
			"from": [-4, 1.4, 4.2],
			"to": [-3, 4.1, 5.2],
			"rotation": {"angle": 0, "axis": "y", "origin": [4, 11.9, 12.2]},
			"faces": {
				"north": {"uv": [8, 0, 16, 5], "texture": "#1"},
				"east": {"uv": [8, 0, 16, 5], "texture": "#1"},
				"south": {"uv": [8, 0, 16, 5], "texture": "#1"},
				"west": {"uv": [8, 0, 16, 5], "texture": "#1"},
				"up": {"uv": [8, 0, 16, 5], "texture": "#1"},
				"down": {"uv": [8, 0, 16, 5], "texture": "#1"}
			}
		},
		{
			"from": [-2, 1.5, 4.2],
			"to": [-1, 4.4, 5.2],
			"rotation": {"angle": 0, "axis": "y", "origin": [6, 12.2, 12.2]},
			"faces": {
				"north": {"uv": [8, 0, 16, 5], "texture": "#1"},
				"east": {"uv": [8, 0, 16, 5], "texture": "#1"},
				"south": {"uv": [8, 0, 16, 5], "texture": "#1"},
				"west": {"uv": [8, 0, 16, 5], "texture": "#1"},
				"up": {"uv": [8, 0, 16, 5], "texture": "#1"},
				"down": {"uv": [8, 0, 16, 5], "texture": "#1"}
			}
		},
		{
			"from": [0, 1.5, 4.2],
			"to": [1, 4.4, 5.2],
			"rotation": {"angle": 0, "axis": "y", "origin": [8, 12.2, 12.2]},
			"faces": {
				"north": {"uv": [8, 0, 16, 5], "texture": "#1"},
				"east": {"uv": [8, 0, 16, 5], "texture": "#1"},
				"south": {"uv": [8, 0, 16, 5], "texture": "#1"},
				"west": {"uv": [8, 0, 16, 5], "texture": "#1"},
				"up": {"uv": [8, 0, 16, 5], "texture": "#1"},
				"down": {"uv": [8, 0, 16, 5], "texture": "#1"}
			}
		},
		{
			"from": [2, 1.8, 4.2],
			"to": [3, 4.7, 5.2],
			"rotation": {"angle": 0, "axis": "y", "origin": [10, 12.5, 12.2]},
			"faces": {
				"north": {"uv": [8, 0, 16, 5], "texture": "#1"},
				"east": {"uv": [8, 0, 16, 5], "texture": "#1"},
				"south": {"uv": [8, 0, 16, 5], "texture": "#1"},
				"west": {"uv": [8, 0, 16, 5], "texture": "#1"},
				"up": {"uv": [8, 0, 16, 5], "texture": "#1"},
				"down": {"uv": [8, 0, 16, 5], "texture": "#1"}
			}
		},
		{
			"from": [4, 2, 4.2],
			"to": [5, 4.9, 5.2],
			"rotation": {"angle": 0, "axis": "y", "origin": [12, 12.7, 12.2]},
			"faces": {
				"north": {"uv": [8, 0, 16, 5], "texture": "#1"},
				"east": {"uv": [8, 0, 16, 5], "texture": "#1"},
				"south": {"uv": [8, 0, 16, 5], "texture": "#1"},
				"west": {"uv": [8, 0, 16, 5], "texture": "#1"},
				"up": {"uv": [8, 0, 16, 5], "texture": "#1"},
				"down": {"uv": [8, 0, 16, 5], "texture": "#1"}
			}
		},
		{
			"from": [6, 2.2, 4.2],
			"to": [7, 5.1, 5.2],
			"rotation": {"angle": 0, "axis": "y", "origin": [14, 12.9, 12.2]},
			"faces": {
				"north": {"uv": [8, 0, 16, 5], "texture": "#1"},
				"east": {"uv": [8, 0, 16, 5], "texture": "#1"},
				"south": {"uv": [8, 0, 16, 5], "texture": "#1"},
				"west": {"uv": [8, 0, 16, 5], "texture": "#1"},
				"up": {"uv": [8, 0, 16, 5], "texture": "#1"},
				"down": {"uv": [8, 0, 16, 5], "texture": "#1"}
			}
		},
		{
			"from": [8, 2.4, 4.2],
			"to": [9, 5.3, 5.2],
			"rotation": {"angle": 0, "axis": "y", "origin": [16, 13.1, 12.2]},
			"faces": {
				"north": {"uv": [8, 0, 16, 5], "texture": "#1"},
				"east": {"uv": [8, 0, 16, 5], "texture": "#1"},
				"south": {"uv": [8, 0, 16, 5], "texture": "#1"},
				"west": {"uv": [8, 0, 16, 5], "texture": "#1"},
				"up": {"uv": [8, 0, 16, 5], "texture": "#1"},
				"down": {"uv": [8, 0, 16, 5], "texture": "#1"}
			}
		},
		{
			"from": [-6, 1.4, 11.2],
			"to": [-5, 4.1, 12.2],
			"rotation": {"angle": 0, "axis": "y", "origin": [2, 11.9, 19.2]},
			"faces": {
				"north": {"uv": [8, 0, 16, 5], "texture": "#1"},
				"east": {"uv": [8, 0, 16, 5], "texture": "#1"},
				"south": {"uv": [8, 0, 16, 5], "texture": "#1"},
				"west": {"uv": [8, 0, 16, 5], "texture": "#1"},
				"up": {"uv": [8, 0, 16, 5], "texture": "#1"},
				"down": {"uv": [8, 0, 16, 5], "texture": "#1"}
			}
		},
		{
			"from": [-4, 1.4, 11.2],
			"to": [-3, 4.1, 12.2],
			"rotation": {"angle": 0, "axis": "y", "origin": [4, 11.9, 19.2]},
			"faces": {
				"north": {"uv": [8, 0, 16, 5], "texture": "#1"},
				"east": {"uv": [8, 0, 16, 5], "texture": "#1"},
				"south": {"uv": [8, 0, 16, 5], "texture": "#1"},
				"west": {"uv": [8, 0, 16, 5], "texture": "#1"},
				"up": {"uv": [8, 0, 16, 5], "texture": "#1"},
				"down": {"uv": [8, 0, 16, 5], "texture": "#1"}
			}
		},
		{
			"from": [-2, 1.5, 11.2],
			"to": [-1, 4.4, 12.2],
			"rotation": {"angle": 0, "axis": "y", "origin": [6, 12.2, 19.2]},
			"faces": {
				"north": {"uv": [8, 0, 16, 5], "texture": "#1"},
				"east": {"uv": [8, 0, 16, 5], "texture": "#1"},
				"south": {"uv": [8, 0, 16, 5], "texture": "#1"},
				"west": {"uv": [8, 0, 16, 5], "texture": "#1"},
				"up": {"uv": [8, 0, 16, 5], "texture": "#1"},
				"down": {"uv": [8, 0, 16, 5], "texture": "#1"}
			}
		},
		{
			"from": [0, 1.5, 11.2],
			"to": [1, 4.4, 12.2],
			"rotation": {"angle": 0, "axis": "y", "origin": [8, 12.2, 19.2]},
			"faces": {
				"north": {"uv": [8, 0, 16, 5], "texture": "#1"},
				"east": {"uv": [8, 0, 16, 5], "texture": "#1"},
				"south": {"uv": [8, 0, 16, 5], "texture": "#1"},
				"west": {"uv": [8, 0, 16, 5], "texture": "#1"},
				"up": {"uv": [8, 0, 16, 5], "texture": "#1"},
				"down": {"uv": [8, 0, 16, 5], "texture": "#1"}
			}
		},
		{
			"from": [2, 1.8, 11.2],
			"to": [3, 4.7, 12.2],
			"rotation": {"angle": 0, "axis": "y", "origin": [10, 12.5, 19.2]},
			"faces": {
				"north": {"uv": [8, 0, 16, 5], "texture": "#1"},
				"east": {"uv": [8, 0, 16, 5], "texture": "#1"},
				"south": {"uv": [8, 0, 16, 5], "texture": "#1"},
				"west": {"uv": [8, 0, 16, 5], "texture": "#1"},
				"up": {"uv": [8, 0, 16, 5], "texture": "#1"},
				"down": {"uv": [8, 0, 16, 5], "texture": "#1"}
			}
		},
		{
			"from": [4, 2, 11.2],
			"to": [5, 4.9, 12.2],
			"rotation": {"angle": 0, "axis": "y", "origin": [12, 12.7, 19.2]},
			"faces": {
				"north": {"uv": [8, 0, 16, 5], "texture": "#1"},
				"east": {"uv": [8, 0, 16, 5], "texture": "#1"},
				"south": {"uv": [8, 0, 16, 5], "texture": "#1"},
				"west": {"uv": [8, 0, 16, 5], "texture": "#1"},
				"up": {"uv": [8, 0, 16, 5], "texture": "#1"},
				"down": {"uv": [8, 0, 16, 5], "texture": "#1"}
			}
		},
		{
			"from": [6, 2.2, 11.2],
			"to": [7, 5.1, 12.2],
			"rotation": {"angle": 0, "axis": "y", "origin": [14, 12.9, 19.2]},
			"faces": {
				"north": {"uv": [8, 0, 16, 5], "texture": "#1"},
				"east": {"uv": [8, 0, 16, 5], "texture": "#1"},
				"south": {"uv": [8, 0, 16, 5], "texture": "#1"},
				"west": {"uv": [8, 0, 16, 5], "texture": "#1"},
				"up": {"uv": [8, 0, 16, 5], "texture": "#1"},
				"down": {"uv": [8, 0, 16, 5], "texture": "#1"}
			}
		},
		{
			"from": [8, 2.4, 11.2],
			"to": [9, 5.3, 12.2],
			"rotation": {"angle": 0, "axis": "y", "origin": [16, 13.1, 19.2]},
			"faces": {
				"north": {"uv": [8, 0, 16, 5], "texture": "#1"},
				"east": {"uv": [8, 0, 16, 5], "texture": "#1"},
				"south": {"uv": [8, 0, 16, 5], "texture": "#1"},
				"west": {"uv": [8, 0, 16, 5], "texture": "#1"},
				"up": {"uv": [8, 0, 16, 5], "texture": "#1"},
				"down": {"uv": [8, 0, 16, 5], "texture": "#1"}
			}
		},
		{
			"from": [10, 0, 7],
			"to": [16, 9, 9],
			"rotation": {"angle": 0, "axis": "y", "origin": [18, 13, 15]},
			"faces": {
				"north": {"uv": [2, 2, 16, 15], "texture": "#0"},
				"east": {"uv": [2, 2, 16, 15], "texture": "#0"},
				"south": {"uv": [2, 2, 16, 15], "texture": "#0"},
				"west": {"uv": [2, 2, 16, 15], "texture": "#0"},
				"up": {"uv": [2, 2, 16, 15], "texture": "#0"},
				"down": {"uv": [2, 2, 16, 15], "texture": "#0"}
			}
		},
		{
			"from": [9, -0.4, 7],
			"to": [14, 1.5, 9],
			"rotation": {"angle": 0, "axis": "y", "origin": [17, 12.6, 15]},
			"faces": {
				"north": {"uv": [2, 2, 16, 15], "texture": "#0"},
				"east": {"uv": [2, 2, 16, 15], "texture": "#0"},
				"south": {"uv": [2, 2, 16, 15], "texture": "#0"},
				"west": {"uv": [2, 2, 16, 15], "texture": "#0"},
				"up": {"uv": [2, 2, 16, 15], "texture": "#0"},
				"down": {"uv": [2, 2, 16, 15], "texture": "#0"}
			}
		},
		{
			"from": [8.3, -0.2, 7.2],
			"to": [13.3, 1.2, 8.8],
			"rotation": {"angle": 0, "axis": "y", "origin": [16.3, 12.6, 15]},
			"faces": {
				"north": {"uv": [2, 2, 16, 15], "texture": "#0"},
				"east": {"uv": [2, 2, 16, 15], "texture": "#0"},
				"south": {"uv": [2, 2, 16, 15], "texture": "#0"},
				"west": {"uv": [2, 2, 16, 15], "texture": "#0"},
				"up": {"uv": [2, 2, 16, 15], "texture": "#0"},
				"down": {"uv": [2, 2, 16, 15], "texture": "#0"}
			}
		},
		{
			"from": [7.6, 0, 7.4],
			"to": [12.6, 0.9, 8.6],
			"rotation": {"angle": 0, "axis": "y", "origin": [15.6, 12.6, 15]},
			"faces": {
				"north": {"uv": [2, 2, 16, 15], "texture": "#0"},
				"east": {"uv": [2, 2, 16, 15], "texture": "#0"},
				"south": {"uv": [2, 2, 16, 15], "texture": "#0"},
				"west": {"uv": [2, 2, 16, 15], "texture": "#0"},
				"up": {"uv": [2, 2, 16, 15], "texture": "#0"},
				"down": {"uv": [2, 2, 16, 15], "texture": "#0"}
			}
		},
		{
			"from": [7, 0.2, 7.6],
			"to": [12, 0.7, 8.4],
			"rotation": {"angle": 0, "axis": "y", "origin": [15, 12.6, 15]},
			"faces": {
				"north": {"uv": [2, 2, 16, 15], "texture": "#0"},
				"east": {"uv": [2, 2, 16, 15], "texture": "#0"},
				"south": {"uv": [2, 2, 16, 15], "texture": "#0"},
				"west": {"uv": [2, 2, 16, 15], "texture": "#0"},
				"up": {"uv": [2, 2, 16, 15], "texture": "#0"},
				"down": {"uv": [2, 2, 16, 15], "texture": "#0"}
			}
		},
		{
			"from": [6.6, 0.3, 7.8],
			"to": [11.6, 0.6, 8.2],
			"rotation": {"angle": 0, "axis": "y", "origin": [14.6, 12.6, 15]},
			"faces": {
				"north": {"uv": [2, 2, 16, 15], "texture": "#0"},
				"east": {"uv": [2, 2, 16, 15], "texture": "#0"},
				"south": {"uv": [2, 2, 16, 15], "texture": "#0"},
				"west": {"uv": [2, 2, 16, 15], "texture": "#0"},
				"up": {"uv": [2, 2, 16, 15], "texture": "#0"},
				"down": {"uv": [2, 2, 16, 15], "texture": "#0"}
			}
		},
		{
			"from": [10.3, 1, 6.5],
			"to": [15.8, 8.3, 9.5],
			"rotation": {"angle": 0, "axis": "y", "origin": [18, 13, 15]},
			"faces": {
				"north": {"uv": [2, 2, 16, 15], "texture": "#0"},
				"east": {"uv": [2, 2, 16, 15], "texture": "#0"},
				"south": {"uv": [2, 2, 16, 15], "texture": "#0"},
				"west": {"uv": [2, 2, 16, 15], "texture": "#0"},
				"up": {"uv": [2, 2, 16, 15], "texture": "#0"},
				"down": {"uv": [2, 2, 16, 15], "texture": "#0"}
			}
		},
		{
			"from": [11.3, 2, 6],
			"to": [15.3, 7.3, 10],
			"rotation": {"angle": 0, "axis": "y", "origin": [18, 13, 15]},
			"faces": {
				"north": {"uv": [2, 2, 16, 15], "texture": "#0"},
				"east": {"uv": [2, 2, 16, 15], "texture": "#0"},
				"south": {"uv": [2, 2, 16, 15], "texture": "#0"},
				"west": {"uv": [2, 2, 16, 15], "texture": "#0"},
				"up": {"uv": [2, 2, 16, 15], "texture": "#0"},
				"down": {"uv": [2, 2, 16, 15], "texture": "#0"}
			}
		},
		{
			"from": [12, 3, 5.4],
			"to": [14.9, 6.3, 10.5],
			"rotation": {"angle": 0, "axis": "y", "origin": [18, 13, 15]},
			"faces": {
				"north": {"uv": [2, 2, 16, 15], "texture": "#0"},
				"east": {"uv": [2, 2, 16, 15], "texture": "#0"},
				"south": {"uv": [2, 2, 16, 15], "texture": "#0"},
				"west": {"uv": [2, 2, 16, 15], "texture": "#0"},
				"up": {"uv": [2, 2, 16, 15], "texture": "#0"},
				"down": {"uv": [2, 2, 16, 15], "texture": "#0"}
			}
		},
		{
			"from": [12, 0.5, 7],
			"to": [18, 9.5, 9],
			"rotation": {"angle": 0, "axis": "y", "origin": [20, 13.5, 15]},
			"faces": {
				"north": {"uv": [2, 2, 16, 15], "texture": "#0"},
				"east": {"uv": [2, 2, 16, 15], "texture": "#0"},
				"south": {"uv": [2, 2, 16, 15], "texture": "#0"},
				"west": {"uv": [2, 2, 16, 15], "texture": "#0"},
				"up": {"uv": [2, 2, 16, 15], "texture": "#0"},
				"down": {"uv": [2, 2, 16, 15], "texture": "#0"}
			}
		},
		{
			"from": [12.3, 1.5, 6.5],
			"to": [17.8, 8.8, 9.5],
			"rotation": {"angle": 0, "axis": "y", "origin": [20, 13.5, 15]},
			"faces": {
				"north": {"uv": [2, 2, 16, 15], "texture": "#0"},
				"east": {"uv": [2, 2, 16, 15], "texture": "#0"},
				"south": {"uv": [2, 2, 16, 15], "texture": "#0"},
				"west": {"uv": [2, 2, 16, 15], "texture": "#0"},
				"up": {"uv": [2, 2, 16, 15], "texture": "#0"},
				"down": {"uv": [2, 2, 16, 15], "texture": "#0"}
			}
		},
		{
			"from": [13.3, 2.5, 6],
			"to": [17.3, 7.8, 10],
			"rotation": {"angle": 0, "axis": "y", "origin": [20, 13.5, 15]},
			"faces": {
				"north": {"uv": [2, 2, 16, 15], "texture": "#0"},
				"east": {"uv": [2, 2, 16, 15], "texture": "#0"},
				"south": {"uv": [2, 2, 16, 15], "texture": "#0"},
				"west": {"uv": [2, 2, 16, 15], "texture": "#0"},
				"up": {"uv": [2, 2, 16, 15], "texture": "#0"},
				"down": {"uv": [2, 2, 16, 15], "texture": "#0"}
			}
		},
		{
			"from": [14, 3.5, 5.4],
			"to": [16.9, 6.8, 10.5],
			"rotation": {"angle": 0, "axis": "y", "origin": [20, 13.5, 15]},
			"faces": {
				"north": {"uv": [2, 2, 16, 15], "texture": "#0"},
				"east": {"uv": [2, 2, 16, 15], "texture": "#0"},
				"south": {"uv": [2, 2, 16, 15], "texture": "#0"},
				"west": {"uv": [2, 2, 16, 15], "texture": "#0"},
				"up": {"uv": [2, 2, 16, 15], "texture": "#0"},
				"down": {"uv": [2, 2, 16, 15], "texture": "#0"}
			}
		},
		{
			"from": [14, 0.9, 7],
			"to": [20, 9.9, 9],
			"rotation": {"angle": 0, "axis": "y", "origin": [22, 13.9, 15]},
			"faces": {
				"north": {"uv": [2, 2, 16, 15], "texture": "#0"},
				"east": {"uv": [2, 2, 16, 15], "texture": "#0"},
				"south": {"uv": [2, 2, 16, 15], "texture": "#0"},
				"west": {"uv": [2, 2, 16, 15], "texture": "#0"},
				"up": {"uv": [2, 2, 16, 15], "texture": "#0"},
				"down": {"uv": [2, 2, 16, 15], "texture": "#0"}
			}
		},
		{
			"from": [14.3, 1.9, 6.5],
			"to": [19.8, 9.2, 9.5],
			"rotation": {"angle": 0, "axis": "y", "origin": [22, 13.9, 15]},
			"faces": {
				"north": {"uv": [2, 2, 16, 15], "texture": "#0"},
				"east": {"uv": [2, 2, 16, 15], "texture": "#0"},
				"south": {"uv": [2, 2, 16, 15], "texture": "#0"},
				"west": {"uv": [2, 2, 16, 15], "texture": "#0"},
				"up": {"uv": [2, 2, 16, 15], "texture": "#0"},
				"down": {"uv": [2, 2, 16, 15], "texture": "#0"}
			}
		},
		{
			"from": [15.3, 2.9, 6],
			"to": [19.3, 8.2, 10],
			"rotation": {"angle": 0, "axis": "y", "origin": [22, 13.9, 15]},
			"faces": {
				"north": {"uv": [2, 2, 16, 15], "texture": "#0"},
				"east": {"uv": [2, 2, 16, 15], "texture": "#0"},
				"south": {"uv": [2, 2, 16, 15], "texture": "#0"},
				"west": {"uv": [2, 2, 16, 15], "texture": "#0"},
				"up": {"uv": [2, 2, 16, 15], "texture": "#0"},
				"down": {"uv": [2, 2, 16, 15], "texture": "#0"}
			}
		},
		{
			"from": [16, 3.9, 5.4],
			"to": [18.9, 7.2, 10.5],
			"rotation": {"angle": 0, "axis": "y", "origin": [22, 13.9, 15]},
			"faces": {
				"north": {"uv": [2, 2, 16, 15], "texture": "#0"},
				"east": {"uv": [2, 2, 16, 15], "texture": "#0"},
				"south": {"uv": [2, 2, 16, 15], "texture": "#0"},
				"west": {"uv": [2, 2, 16, 15], "texture": "#0"},
				"up": {"uv": [2, 2, 16, 15], "texture": "#0"},
				"down": {"uv": [2, 2, 16, 15], "texture": "#0"}
			}
		},
		{
			"from": [16, 1.3, 7],
			"to": [22, 10.3, 9],
			"rotation": {"angle": 0, "axis": "y", "origin": [24, 14.3, 15]},
			"faces": {
				"north": {"uv": [2, 2, 16, 15], "texture": "#0"},
				"east": {"uv": [2, 2, 16, 15], "texture": "#0"},
				"south": {"uv": [2, 2, 16, 15], "texture": "#0"},
				"west": {"uv": [2, 2, 16, 15], "texture": "#0"},
				"up": {"uv": [2, 2, 16, 15], "texture": "#0"},
				"down": {"uv": [2, 2, 16, 15], "texture": "#0"}
			}
		},
		{
			"from": [16.3, 2.3, 6.5],
			"to": [21.8, 9.6, 9.5],
			"rotation": {"angle": 0, "axis": "y", "origin": [24, 14.3, 15]},
			"faces": {
				"north": {"uv": [2, 2, 16, 15], "texture": "#0"},
				"east": {"uv": [2, 2, 16, 15], "texture": "#0"},
				"south": {"uv": [2, 2, 16, 15], "texture": "#0"},
				"west": {"uv": [2, 2, 16, 15], "texture": "#0"},
				"up": {"uv": [2, 2, 16, 15], "texture": "#0"},
				"down": {"uv": [2, 2, 16, 15], "texture": "#0"}
			}
		},
		{
			"from": [17.3, 3.3, 6],
			"to": [21.3, 8.6, 10],
			"rotation": {"angle": 0, "axis": "y", "origin": [24, 14.3, 15]},
			"faces": {
				"north": {"uv": [2, 2, 16, 15], "texture": "#0"},
				"east": {"uv": [2, 2, 16, 15], "texture": "#0"},
				"south": {"uv": [2, 2, 16, 15], "texture": "#0"},
				"west": {"uv": [2, 2, 16, 15], "texture": "#0"},
				"up": {"uv": [2, 2, 16, 15], "texture": "#0"},
				"down": {"uv": [2, 2, 16, 15], "texture": "#0"}
			}
		},
		{
			"from": [18, 4.3, 5.4],
			"to": [20.9, 7.6, 10.5],
			"rotation": {"angle": 0, "axis": "y", "origin": [24, 14.3, 15]},
			"faces": {
				"north": {"uv": [2, 2, 16, 15], "texture": "#0"},
				"east": {"uv": [2, 2, 16, 15], "texture": "#0"},
				"south": {"uv": [2, 2, 16, 15], "texture": "#0"},
				"west": {"uv": [2, 2, 16, 15], "texture": "#0"},
				"up": {"uv": [2, 2, 16, 15], "texture": "#0"},
				"down": {"uv": [2, 2, 16, 15], "texture": "#0"}
			}
		},
		{
			"from": [17.4, 1.7, 7],
			"to": [23, 10.7, 9],
			"rotation": {"angle": 0, "axis": "y", "origin": [26, 14.7, 15]},
			"faces": {
				"north": {"uv": [2, 2, 16, 15], "texture": "#0"},
				"east": {"uv": [2, 2, 16, 15], "texture": "#0"},
				"south": {"uv": [2, 2, 16, 15], "texture": "#0"},
				"west": {"uv": [2, 2, 16, 15], "texture": "#0"},
				"up": {"uv": [2, 2, 16, 15], "texture": "#0"},
				"down": {"uv": [2, 2, 16, 15], "texture": "#0"}
			}
		},
		{
			"from": [17.7, 2.7, 6.5],
			"to": [22.8, 10, 9.5],
			"rotation": {"angle": 0, "axis": "y", "origin": [26, 14.7, 15]},
			"faces": {
				"north": {"uv": [2, 2, 16, 15], "texture": "#0"},
				"east": {"uv": [2, 2, 16, 15], "texture": "#0"},
				"south": {"uv": [2, 2, 16, 15], "texture": "#0"},
				"west": {"uv": [2, 2, 16, 15], "texture": "#0"},
				"up": {"uv": [2, 2, 16, 15], "texture": "#0"},
				"down": {"uv": [2, 2, 16, 15], "texture": "#0"}
			}
		},
		{
			"from": [18.7, 3.7, 6],
			"to": [22.3, 9, 10],
			"rotation": {"angle": 0, "axis": "y", "origin": [26, 14.7, 15]},
			"faces": {
				"north": {"uv": [2, 2, 16, 15], "texture": "#0"},
				"east": {"uv": [2, 2, 16, 15], "texture": "#0"},
				"south": {"uv": [2, 2, 16, 15], "texture": "#0"},
				"west": {"uv": [2, 2, 16, 15], "texture": "#0"},
				"up": {"uv": [2, 2, 16, 15], "texture": "#0"},
				"down": {"uv": [2, 2, 16, 15], "texture": "#0"}
			}
		},
		{
			"from": [19.4, 4.7, 5.4],
			"to": [21.9, 8, 10.5],
			"rotation": {"angle": 0, "axis": "y", "origin": [26, 14.7, 15]},
			"faces": {
				"north": {"uv": [2, 2, 16, 15], "texture": "#0"},
				"east": {"uv": [2, 2, 16, 15], "texture": "#0"},
				"south": {"uv": [2, 2, 16, 15], "texture": "#0"},
				"west": {"uv": [2, 2, 16, 15], "texture": "#0"},
				"up": {"uv": [2, 2, 16, 15], "texture": "#0"},
				"down": {"uv": [2, 2, 16, 15], "texture": "#0"}
			}
		},
		{
			"from": [18.5, 2, 7],
			"to": [23.5, 11, 9],
			"rotation": {"angle": 0, "axis": "y", "origin": [26.5, 15, 15]},
			"faces": {
				"north": {"uv": [2, 2, 16, 15], "texture": "#0"},
				"east": {"uv": [2, 2, 16, 15], "texture": "#0"},
				"south": {"uv": [2, 2, 16, 15], "texture": "#0"},
				"west": {"uv": [2, 2, 16, 15], "texture": "#0"},
				"up": {"uv": [2, 2, 16, 15], "texture": "#0"},
				"down": {"uv": [2, 2, 16, 15], "texture": "#0"}
			}
		},
		{
			"from": [18.8, 3, 6.5],
			"to": [23.3, 10.3, 9.5],
			"rotation": {"angle": 0, "axis": "y", "origin": [26.5, 15, 15]},
			"faces": {
				"north": {"uv": [2, 2, 16, 15], "texture": "#0"},
				"east": {"uv": [2, 2, 16, 15], "texture": "#0"},
				"south": {"uv": [2, 2, 16, 15], "texture": "#0"},
				"west": {"uv": [2, 2, 16, 15], "texture": "#0"},
				"up": {"uv": [2, 2, 16, 15], "texture": "#0"},
				"down": {"uv": [2, 2, 16, 15], "texture": "#0"}
			}
		},
		{
			"from": [19.8, 4, 6],
			"to": [22.8, 9.3, 10],
			"rotation": {"angle": 0, "axis": "y", "origin": [26.5, 15, 15]},
			"faces": {
				"north": {"uv": [2, 2, 16, 15], "texture": "#0"},
				"east": {"uv": [2, 2, 16, 15], "texture": "#0"},
				"south": {"uv": [2, 2, 16, 15], "texture": "#0"},
				"west": {"uv": [2, 2, 16, 15], "texture": "#0"},
				"up": {"uv": [2, 2, 16, 15], "texture": "#0"},
				"down": {"uv": [2, 2, 16, 15], "texture": "#0"}
			}
		},
		{
			"from": [20.5, 5, 5.4],
			"to": [22.4, 8.3, 10.5],
			"rotation": {"angle": 0, "axis": "y", "origin": [26.5, 15, 15]},
			"faces": {
				"north": {"uv": [2, 2, 16, 15], "texture": "#0"},
				"east": {"uv": [2, 2, 16, 15], "texture": "#0"},
				"south": {"uv": [2, 2, 16, 15], "texture": "#0"},
				"west": {"uv": [2, 2, 16, 15], "texture": "#0"},
				"up": {"uv": [2, 2, 16, 15], "texture": "#0"},
				"down": {"uv": [2, 2, 16, 15], "texture": "#0"}
			}
		},
		{
			"from": [18.9, 2.5, 7],
			"to": [23.9, 10.8, 9],
			"rotation": {"angle": 0, "axis": "y", "origin": [26.9, 15, 15]},
			"faces": {
				"north": {"uv": [2, 2, 16, 15], "texture": "#0"},
				"east": {"uv": [2, 2, 16, 15], "texture": "#0"},
				"south": {"uv": [2, 2, 16, 15], "texture": "#0"},
				"west": {"uv": [2, 2, 16, 15], "texture": "#0"},
				"up": {"uv": [2, 2, 16, 15], "texture": "#0"},
				"down": {"uv": [2, 2, 16, 15], "texture": "#0"}
			}
		},
		{
			"from": [19.2, 3.5, 6.5],
			"to": [23.7, 10.1, 9.5],
			"rotation": {"angle": 0, "axis": "y", "origin": [26.9, 15, 15]},
			"faces": {
				"north": {"uv": [2, 2, 16, 15], "texture": "#0"},
				"east": {"uv": [2, 2, 16, 15], "texture": "#0"},
				"south": {"uv": [2, 2, 16, 15], "texture": "#0"},
				"west": {"uv": [2, 2, 16, 15], "texture": "#0"},
				"up": {"uv": [2, 2, 16, 15], "texture": "#0"},
				"down": {"uv": [2, 2, 16, 15], "texture": "#0"}
			}
		},
		{
			"from": [20.2, 4.5, 6],
			"to": [23.2, 9.1, 10],
			"rotation": {"angle": 0, "axis": "y", "origin": [26.9, 15, 15]},
			"faces": {
				"north": {"uv": [2, 2, 16, 15], "texture": "#0"},
				"east": {"uv": [2, 2, 16, 15], "texture": "#0"},
				"south": {"uv": [2, 2, 16, 15], "texture": "#0"},
				"west": {"uv": [2, 2, 16, 15], "texture": "#0"},
				"up": {"uv": [2, 2, 16, 15], "texture": "#0"},
				"down": {"uv": [2, 2, 16, 15], "texture": "#0"}
			}
		},
		{
			"from": [20.9, 5.5, 5.4],
			"to": [22.8, 8.1, 10.5],
			"rotation": {"angle": 0, "axis": "y", "origin": [26.9, 15, 15]},
			"faces": {
				"north": {"uv": [2, 2, 16, 15], "texture": "#0"},
				"east": {"uv": [2, 2, 16, 15], "texture": "#0"},
				"south": {"uv": [2, 2, 16, 15], "texture": "#0"},
				"west": {"uv": [2, 2, 16, 15], "texture": "#0"},
				"up": {"uv": [2, 2, 16, 15], "texture": "#0"},
				"down": {"uv": [2, 2, 16, 15], "texture": "#0"}
			}
		},
		{
			"from": [19.1, 3.1, 7],
			"to": [24.1, 10.2, 9],
			"rotation": {"angle": 0, "axis": "y", "origin": [27.1, 15, 15]},
			"faces": {
				"north": {"uv": [2, 2, 16, 15], "texture": "#0"},
				"east": {"uv": [2, 2, 16, 15], "texture": "#0"},
				"south": {"uv": [2, 2, 16, 15], "texture": "#0"},
				"west": {"uv": [2, 2, 16, 15], "texture": "#0"},
				"up": {"uv": [2, 2, 16, 15], "texture": "#0"},
				"down": {"uv": [2, 2, 16, 15], "texture": "#0"}
			}
		},
		{
			"from": [19.4, 4.1, 6.5],
			"to": [23.9, 9.5, 9.5],
			"rotation": {"angle": 0, "axis": "y", "origin": [27.1, 15, 15]},
			"faces": {
				"north": {"uv": [2, 2, 16, 15], "texture": "#0"},
				"east": {"uv": [2, 2, 16, 15], "texture": "#0"},
				"south": {"uv": [2, 2, 16, 15], "texture": "#0"},
				"west": {"uv": [2, 2, 16, 15], "texture": "#0"},
				"up": {"uv": [2, 2, 16, 15], "texture": "#0"},
				"down": {"uv": [2, 2, 16, 15], "texture": "#0"}
			}
		},
		{
			"from": [20.4, 5.1, 6],
			"to": [23.4, 8.5, 10],
			"rotation": {"angle": 0, "axis": "y", "origin": [27.1, 15, 15]},
			"faces": {
				"north": {"uv": [2, 2, 16, 15], "texture": "#0"},
				"east": {"uv": [2, 2, 16, 15], "texture": "#0"},
				"south": {"uv": [2, 2, 16, 15], "texture": "#0"},
				"west": {"uv": [2, 2, 16, 15], "texture": "#0"},
				"up": {"uv": [2, 2, 16, 15], "texture": "#0"},
				"down": {"uv": [2, 2, 16, 15], "texture": "#0"}
			}
		},
		{
			"from": [21.1, 6.1, 5.4],
			"to": [23, 7.5, 10.5],
			"rotation": {"angle": 0, "axis": "y", "origin": [27.1, 15, 15]},
			"faces": {
				"north": {"uv": [2, 2, 16, 15], "texture": "#0"},
				"east": {"uv": [2, 2, 16, 15], "texture": "#0"},
				"south": {"uv": [2, 2, 16, 15], "texture": "#0"},
				"west": {"uv": [2, 2, 16, 15], "texture": "#0"},
				"up": {"uv": [2, 2, 16, 15], "texture": "#0"},
				"down": {"uv": [2, 2, 16, 15], "texture": "#0"}
			}
		},
		{
			"from": [19.3, 4.1, 7],
			"to": [24.3, 9.2, 9],
			"rotation": {"angle": 0, "axis": "y", "origin": [27.3, 15, 15]},
			"faces": {
				"north": {"uv": [2, 2, 16, 15], "texture": "#0"},
				"east": {"uv": [2, 2, 16, 15], "texture": "#0"},
				"south": {"uv": [2, 2, 16, 15], "texture": "#0"},
				"west": {"uv": [2, 2, 16, 15], "texture": "#0"},
				"up": {"uv": [2, 2, 16, 15], "texture": "#0"},
				"down": {"uv": [2, 2, 16, 15], "texture": "#0"}
			}
		},
		{
			"from": [19.6, 5.1, 6.5],
			"to": [24.1, 8.5, 9.5],
			"rotation": {"angle": 0, "axis": "y", "origin": [27.3, 15, 15]},
			"faces": {
				"north": {"uv": [2, 2, 16, 15], "texture": "#0"},
				"east": {"uv": [2, 2, 16, 15], "texture": "#0"},
				"south": {"uv": [2, 2, 16, 15], "texture": "#0"},
				"west": {"uv": [2, 2, 16, 15], "texture": "#0"},
				"up": {"uv": [2, 2, 16, 15], "texture": "#0"},
				"down": {"uv": [2, 2, 16, 15], "texture": "#0"}
			}
		},
		{
			"from": [20.6, 6.1, 6],
			"to": [23.6, 7.5, 10],
			"rotation": {"angle": 0, "axis": "y", "origin": [27.3, 15, 15]},
			"faces": {
				"north": {"uv": [2, 2, 16, 15], "texture": "#0"},
				"east": {"uv": [2, 2, 16, 15], "texture": "#0"},
				"south": {"uv": [2, 2, 16, 15], "texture": "#0"},
				"west": {"uv": [2, 2, 16, 15], "texture": "#0"},
				"up": {"uv": [2, 2, 16, 15], "texture": "#0"},
				"down": {"uv": [2, 2, 16, 15], "texture": "#0"}
			}
		},
		{
			"from": [21.3, 7.1, 5.4],
			"to": [23.2, 7.1, 10.5],
			"rotation": {"angle": 0, "axis": "y", "origin": [27.3, 15, 15]},
			"faces": {
				"north": {"uv": [2, 2, 16, 15], "texture": "#0"},
				"east": {"uv": [2, 2, 16, 15], "texture": "#0"},
				"south": {"uv": [2, 2, 16, 15], "texture": "#0"},
				"west": {"uv": [2, 2, 16, 15], "texture": "#0"},
				"up": {"uv": [2, 2, 16, 15], "texture": "#0"},
				"down": {"uv": [2, 2, 16, 15], "texture": "#0"}
			}
		},
		{
			"from": [8, 8, 7.5],
			"to": [9, 9.6, 8.5],
			"rotation": {"angle": 0, "axis": "y", "origin": [16, 16, 15.5]},
			"faces": {
				"north": {"uv": [7, 15, 15, 16], "texture": "#1"},
				"east": {"uv": [7, 15, 15, 16], "texture": "#1"},
				"south": {"uv": [7, 15, 15, 16], "texture": "#1"},
				"west": {"uv": [7, 15, 15, 16], "texture": "#1"},
				"up": {"uv": [7, 15, 15, 16], "texture": "#1"},
				"down": {"uv": [7, 15, 15, 16], "texture": "#1"}
			}
		},
		{
			"from": [19, 10, 7.4],
			"to": [20.9, 11.9, 8.6],
			"rotation": {"angle": 0, "axis": "y", "origin": [27, 18, 15.5]},
			"faces": {
				"north": {"uv": [7, 15, 15, 16], "texture": "#1"},
				"east": {"uv": [7, 15, 15, 16], "texture": "#1"},
				"south": {"uv": [7, 15, 15, 16], "texture": "#1"},
				"west": {"uv": [7, 15, 15, 16], "texture": "#1"},
				"up": {"uv": [7, 15, 15, 16], "texture": "#1"},
				"down": {"uv": [7, 15, 15, 16], "texture": "#1"}
			}
		},
		{
			"from": [18.4, 13.1, 7.4],
			"to": [20.3, 15, 8.6],
			"rotation": {"angle": 0, "axis": "y", "origin": [26.4, 21.1, 15.5]},
			"faces": {
				"north": {"uv": [7, 15, 15, 16], "texture": "#1"},
				"east": {"uv": [7, 15, 15, 16], "texture": "#1"},
				"south": {"uv": [7, 15, 15, 16], "texture": "#1"},
				"west": {"uv": [7, 15, 15, 16], "texture": "#1"},
				"up": {"uv": [7, 15, 15, 16], "texture": "#1"},
				"down": {"uv": [7, 15, 15, 16], "texture": "#1"}
			}
		},
		{
			"from": [18.8, 11, 7.4],
			"to": [20.7, 12.9, 8.6],
			"rotation": {"angle": 0, "axis": "y", "origin": [26.8, 19, 15.5]},
			"faces": {
				"north": {"uv": [7, 15, 15, 16], "texture": "#1"},
				"east": {"uv": [7, 15, 15, 16], "texture": "#1"},
				"south": {"uv": [7, 15, 15, 16], "texture": "#1"},
				"west": {"uv": [7, 15, 15, 16], "texture": "#1"},
				"up": {"uv": [7, 15, 15, 16], "texture": "#1"},
				"down": {"uv": [7, 15, 15, 16], "texture": "#1"}
			}
		},
		{
			"from": [18.2, 14.1, 7.4],
			"to": [20.1, 16, 8.6],
			"rotation": {"angle": 0, "axis": "y", "origin": [26.2, 22.1, 15.5]},
			"faces": {
				"north": {"uv": [7, 15, 15, 16], "texture": "#1"},
				"east": {"uv": [7, 15, 15, 16], "texture": "#1"},
				"south": {"uv": [7, 15, 15, 16], "texture": "#1"},
				"west": {"uv": [7, 15, 15, 16], "texture": "#1"},
				"up": {"uv": [7, 15, 15, 16], "texture": "#1"},
				"down": {"uv": [7, 15, 15, 16], "texture": "#1"}
			}
		},
		{
			"from": [18.6, 12, 7.4],
			"to": [20.5, 13.9, 8.6],
			"rotation": {"angle": 0, "axis": "y", "origin": [26.6, 20, 15.5]},
			"faces": {
				"north": {"uv": [7, 15, 15, 16], "texture": "#1"},
				"east": {"uv": [7, 15, 15, 16], "texture": "#1"},
				"south": {"uv": [7, 15, 15, 16], "texture": "#1"},
				"west": {"uv": [7, 15, 15, 16], "texture": "#1"},
				"up": {"uv": [7, 15, 15, 16], "texture": "#1"},
				"down": {"uv": [7, 15, 15, 16], "texture": "#1"}
			}
		},
		{
			"from": [18, 15.1, 7.4],
			"to": [19.9, 17, 8.6],
			"rotation": {"angle": 0, "axis": "y", "origin": [26, 23.1, 15.5]},
			"faces": {
				"north": {"uv": [7, 15, 15, 16], "texture": "#1"},
				"east": {"uv": [7, 15, 15, 16], "texture": "#1"},
				"south": {"uv": [7, 15, 15, 16], "texture": "#1"},
				"west": {"uv": [7, 15, 15, 16], "texture": "#1"},
				"up": {"uv": [7, 15, 15, 16], "texture": "#1"},
				"down": {"uv": [7, 15, 15, 16], "texture": "#1"}
			}
		},
		{
			"from": [7.9, 8.7, 7.2],
			"to": [8.9, 10.3, 8.2],
			"rotation": {"angle": 0, "axis": "y", "origin": [15.9, 16.7, 15.2]},
			"faces": {
				"north": {"uv": [7, 15, 15, 16], "texture": "#1"},
				"east": {"uv": [7, 15, 15, 16], "texture": "#1"},
				"south": {"uv": [7, 15, 15, 16], "texture": "#1"},
				"west": {"uv": [7, 15, 15, 16], "texture": "#1"},
				"up": {"uv": [7, 15, 15, 16], "texture": "#1"},
				"down": {"uv": [7, 15, 15, 16], "texture": "#1"}
			}
		},
		{
			"from": [7.6, 10.9, 6.3],
			"to": [8.6, 12.5, 7.3],
			"rotation": {"angle": 0, "axis": "y", "origin": [15.6, 18.9, 14.3]},
			"faces": {
				"north": {"uv": [7, 15, 15, 16], "texture": "#1"},
				"east": {"uv": [7, 15, 15, 16], "texture": "#1"},
				"south": {"uv": [7, 15, 15, 16], "texture": "#1"},
				"west": {"uv": [7, 15, 15, 16], "texture": "#1"},
				"up": {"uv": [7, 15, 15, 16], "texture": "#1"},
				"down": {"uv": [7, 15, 15, 16], "texture": "#1"}
			}
		},
		{
			"from": [7.3, 13.1, 5.4],
			"to": [8.3, 14.7, 6.4],
			"rotation": {"angle": 0, "axis": "y", "origin": [15.3, 21.1, 13.4]},
			"faces": {
				"north": {"uv": [7, 15, 15, 16], "texture": "#1"},
				"east": {"uv": [7, 15, 15, 16], "texture": "#1"},
				"south": {"uv": [7, 15, 15, 16], "texture": "#1"},
				"west": {"uv": [7, 15, 15, 16], "texture": "#1"},
				"up": {"uv": [7, 15, 15, 16], "texture": "#1"},
				"down": {"uv": [7, 15, 15, 16], "texture": "#1"}
			}
		},
		{
			"from": [7.8, 9.4, 6.9],
			"to": [8.8, 11, 7.9],
			"rotation": {"angle": 0, "axis": "y", "origin": [15.8, 17.4, 14.9]},
			"faces": {
				"north": {"uv": [7, 15, 15, 16], "texture": "#1"},
				"east": {"uv": [7, 15, 15, 16], "texture": "#1"},
				"south": {"uv": [7, 15, 15, 16], "texture": "#1"},
				"west": {"uv": [7, 15, 15, 16], "texture": "#1"},
				"up": {"uv": [7, 15, 15, 16], "texture": "#1"},
				"down": {"uv": [7, 15, 15, 16], "texture": "#1"}
			}
		},
		{
			"from": [7.5, 11.6, 6],
			"to": [8.5, 13.2, 7],
			"rotation": {"angle": 0, "axis": "y", "origin": [15.5, 19.6, 14]},
			"faces": {
				"north": {"uv": [7, 15, 15, 16], "texture": "#1"},
				"east": {"uv": [7, 15, 15, 16], "texture": "#1"},
				"south": {"uv": [7, 15, 15, 16], "texture": "#1"},
				"west": {"uv": [7, 15, 15, 16], "texture": "#1"},
				"up": {"uv": [7, 15, 15, 16], "texture": "#1"},
				"down": {"uv": [7, 15, 15, 16], "texture": "#1"}
			}
		},
		{
			"from": [7.2, 13.8, 5.1],
			"to": [8.2, 15.4, 6.1],
			"rotation": {"angle": 0, "axis": "y", "origin": [15.2, 21.8, 13.1]},
			"faces": {
				"north": {"uv": [7, 15, 15, 16], "texture": "#1"},
				"east": {"uv": [7, 15, 15, 16], "texture": "#1"},
				"south": {"uv": [7, 15, 15, 16], "texture": "#1"},
				"west": {"uv": [7, 15, 15, 16], "texture": "#1"},
				"up": {"uv": [7, 15, 15, 16], "texture": "#1"},
				"down": {"uv": [7, 15, 15, 16], "texture": "#1"}
			}
		},
		{
			"from": [7, 15.2, 4.5],
			"to": [8, 16.8, 5.5],
			"rotation": {"angle": 0, "axis": "y", "origin": [15, 23.2, 12.5]},
			"faces": {
				"north": {"uv": [7, 15, 15, 16], "texture": "#1"},
				"east": {"uv": [7, 15, 15, 16], "texture": "#1"},
				"south": {"uv": [7, 15, 15, 16], "texture": "#1"},
				"west": {"uv": [7, 15, 15, 16], "texture": "#1"},
				"up": {"uv": [7, 15, 15, 16], "texture": "#1"},
				"down": {"uv": [7, 15, 15, 16], "texture": "#1"}
			}
		},
		{
			"from": [7.7, 10.1, 6.6],
			"to": [8.7, 11.7, 7.6],
			"rotation": {"angle": 0, "axis": "y", "origin": [15.7, 18.1, 14.6]},
			"faces": {
				"north": {"uv": [7, 15, 15, 16], "texture": "#1"},
				"east": {"uv": [7, 15, 15, 16], "texture": "#1"},
				"south": {"uv": [7, 15, 15, 16], "texture": "#1"},
				"west": {"uv": [7, 15, 15, 16], "texture": "#1"},
				"up": {"uv": [7, 15, 15, 16], "texture": "#1"},
				"down": {"uv": [7, 15, 15, 16], "texture": "#1"}
			}
		},
		{
			"from": [7.4, 12.3, 5.7],
			"to": [8.4, 13.9, 6.7],
			"rotation": {"angle": 0, "axis": "y", "origin": [15.4, 20.3, 13.7]},
			"faces": {
				"north": {"uv": [7, 15, 15, 16], "texture": "#1"},
				"east": {"uv": [7, 15, 15, 16], "texture": "#1"},
				"south": {"uv": [7, 15, 15, 16], "texture": "#1"},
				"west": {"uv": [7, 15, 15, 16], "texture": "#1"},
				"up": {"uv": [7, 15, 15, 16], "texture": "#1"},
				"down": {"uv": [7, 15, 15, 16], "texture": "#1"}
			}
		},
		{
			"from": [7.1, 14.5, 4.8],
			"to": [8.1, 16.1, 5.8],
			"rotation": {"angle": 0, "axis": "y", "origin": [15.1, 22.5, 12.8]},
			"faces": {
				"north": {"uv": [7, 15, 15, 16], "texture": "#1"},
				"east": {"uv": [7, 15, 15, 16], "texture": "#1"},
				"south": {"uv": [7, 15, 15, 16], "texture": "#1"},
				"west": {"uv": [7, 15, 15, 16], "texture": "#1"},
				"up": {"uv": [7, 15, 15, 16], "texture": "#1"},
				"down": {"uv": [7, 15, 15, 16], "texture": "#1"}
			}
		},
		{
			"from": [6.9, 16.4, 4.2],
			"to": [7.9, 17.4, 5.2],
			"rotation": {"angle": 0, "axis": "y", "origin": [14.9, 23.9, 12.2]},
			"faces": {
				"north": {"uv": [7, 15, 15, 16], "texture": "#1"},
				"east": {"uv": [7, 15, 15, 16], "texture": "#1"},
				"south": {"uv": [7, 15, 15, 16], "texture": "#1"},
				"west": {"uv": [7, 15, 15, 16], "texture": "#1"},
				"up": {"uv": [7, 15, 15, 16], "texture": "#1"},
				"down": {"uv": [7, 15, 15, 16], "texture": "#1"}
			}
		},
		{
			"from": [6.8, 16.5, 4.4],
			"to": [7.8, 17.5, 10],
			"rotation": {"angle": 0, "axis": "y", "origin": [14.8, 23.9, 12.4]},
			"faces": {
				"north": {"uv": [7, 15, 15, 16], "texture": "#1"},
				"east": {"uv": [7, 15, 15, 16], "texture": "#1"},
				"south": {"uv": [7, 15, 15, 16], "texture": "#1"},
				"west": {"uv": [7, 15, 15, 16], "texture": "#1"},
				"up": {"uv": [7, 15, 15, 16], "texture": "#1"},
				"down": {"uv": [7, 15, 15, 16], "texture": "#1"}
			}
		}
	],
	"display": {
		"thirdperson_righthand": {
			"rotation": [65.75, -81.5, 0],
			"translation": [0, -2.5, -0.75],
			"scale": [0.56445, 0.6875, 0.69727]
		},
		"thirdperson_lefthand": {
			"rotation": [61.75, -262.25, 363.75],
			"translation": [0, -2.25, -2],
			"scale": [0.59766, 0.69922, 0.77539]
		},
		"firstperson_righthand": {
			"rotation": [0, -81.75, 0],
			"translation": [5.25, 2.75, 1]
		},
		"firstperson_lefthand": {
			"rotation": [0, 110, 0],
			"translation": [8, 1.75, 0]
		},
		"ground": {
			"translation": [2, 2.5, 0],
			"scale": [0.76953, 0.77148, 0.75977]
		},
		"gui": {
			"rotation": [22.5, -159, 24.5],
			"translation": [-1.5, 1.25, 0],
			"scale": [0.4082, 0.49414, 1]
		},
		"head": {
			"translation": [2.5, 1.25, 0],
			"scale": [0.72, 0.5, 0.5]
		}
	}
}