{
	"credit": "Made with Blockbench",
	"textures": {
		"3": "3dguns/blocks/coal_block",
		"4": "3dguns/blocks/dropper_front_vertical",
		"particle": "3dguns/blocks/brewing_stand_base"
	},
	"elements": [
		{
			"from": [7.4, 10, 23],
			"to": [7.6, 11, 29],
			"rotation": {"angle": 0, "axis": "y", "origin": [15, 18, 36]},
			"faces": {
				"north": {"uv": [0, 0, 1, 1], "texture": "#4"},
				"east": {"uv": [0, 0, 1, 1], "texture": "#4"},
				"south": {"uv": [0, 0, 1, 1], "texture": "#4"},
				"west": {"uv": [0, 0, 1, 1], "texture": "#4"},
				"up": {"uv": [0, 0, 1, 1], "texture": "#4"},
				"down": {"uv": [0, 0, 1, 1], "texture": "#4"}
			}
		},
		{
			"from": [7.3, 9.9, 22.7],
			"to": [7.7, 11.1, 23],
			"rotation": {"angle": 0, "axis": "y", "origin": [15, 18, 30]},
			"faces": {
				"north": {"uv": [7, 0, 8, 1], "texture": "#4"},
				"east": {"uv": [7, 0, 8, 1], "texture": "#4"},
				"south": {"uv": [7, 0, 8, 1], "texture": "#4"},
				"west": {"uv": [7, 0, 8, 1], "texture": "#4"},
				"up": {"uv": [7, 0, 8, 1], "texture": "#4"},
				"down": {"uv": [7, 0, 8, 1], "texture": "#4"}
			}
		},
		{
			"from": [7.2, 9.8, 22.4],
			"to": [7.8, 11.2, 22.7],
			"rotation": {"angle": 0, "axis": "y", "origin": [15, 18, 29.7]},
			"faces": {
				"north": {"uv": [7, 0, 8, 1], "texture": "#4"},
				"east": {"uv": [7, 0, 8, 1], "texture": "#4"},
				"south": {"uv": [7, 0, 8, 1], "texture": "#4"},
				"west": {"uv": [7, 0, 8, 1], "texture": "#4"},
				"up": {"uv": [7, 0, 8, 1], "texture": "#4"},
				"down": {"uv": [7, 0, 8, 1], "texture": "#4"}
			}
		},
		{
			"from": [7.2, 9.8, 20.4],
			"to": [7.8, 11.2, 22.1],
			"rotation": {"angle": 0, "axis": "y", "origin": [15, 18, 29.1]},
			"faces": {
				"north": {"uv": [3, 2, 4, 3], "texture": "#3"},
				"east": {"uv": [3, 2, 4, 3], "texture": "#3"},
				"south": {"uv": [3, 2, 4, 3], "texture": "#3"},
				"west": {"uv": [3, 2, 4, 3], "texture": "#3"},
				"up": {"uv": [3, 2, 4, 3], "texture": "#3"},
				"down": {"uv": [3, 2, 4, 3], "texture": "#3"}
			}
		},
		{
			"from": [7.1, 9.7, 22.1],
			"to": [7.9, 11.3, 22.4],
			"rotation": {"angle": 0, "axis": "y", "origin": [15, 18, 29.4]},
			"faces": {
				"north": {"uv": [7, 0, 8, 1], "texture": "#4"},
				"east": {"uv": [7, 0, 8, 1], "texture": "#4"},
				"south": {"uv": [7, 0, 8, 1], "texture": "#4"},
				"west": {"uv": [7, 0, 8, 1], "texture": "#4"},
				"up": {"uv": [7, 0, 8, 1], "texture": "#4"},
				"down": {"uv": [7, 0, 8, 1], "texture": "#4"}
			}
		},
		{
			"from": [7.1, 9.7, 20.1],
			"to": [7.9, 11.3, 20.4],
			"rotation": {"angle": 0, "axis": "y", "origin": [15, 18, 27.4]},
			"faces": {
				"north": {"uv": [7, 0, 8, 1], "texture": "#4"},
				"east": {"uv": [7, 0, 8, 1], "texture": "#4"},
				"south": {"uv": [7, 0, 8, 1], "texture": "#4"},
				"west": {"uv": [7, 0, 8, 1], "texture": "#4"},
				"up": {"uv": [7, 0, 8, 1], "texture": "#4"},
				"down": {"uv": [7, 0, 8, 1], "texture": "#4"}
			}
		},
		{
			"from": [7.1, 9.7, 16.8],
			"to": [7.9, 11.3, 20.1],
			"rotation": {"angle": 0, "axis": "y", "origin": [15, 18, 27.1]},
			"faces": {
				"north": {"uv": [3, 2, 4, 3], "texture": "#3"},
				"east": {"uv": [3, 2, 4, 3], "texture": "#3"},
				"south": {"uv": [3, 2, 4, 3], "texture": "#3"},
				"west": {"uv": [3, 2, 4, 3], "texture": "#3"},
				"up": {"uv": [3, 2, 4, 3], "texture": "#3"},
				"down": {"uv": [3, 2, 4, 3], "texture": "#3"}
			}
		},
		{
			"from": [7.1, 9.6, 16.8],
			"to": [7.9, 11.2, 17.7],
			"rotation": {"angle": 0, "axis": "y", "origin": [15, 17.9, 27.1]},
			"faces": {
				"north": {"uv": [3, 2, 4, 3], "texture": "#3"},
				"east": {"uv": [3, 2, 4, 3], "texture": "#3"},
				"south": {"uv": [3, 2, 4, 3], "texture": "#3"},
				"west": {"uv": [3, 2, 4, 3], "texture": "#3"},
				"up": {"uv": [3, 2, 4, 3], "texture": "#3"},
				"down": {"uv": [3, 2, 4, 3], "texture": "#3"}
			}
		},
		{
			"from": [7.1, 9.5, 16.8],
			"to": [7.9, 11.1, 17.5],
			"rotation": {"angle": 0, "axis": "y", "origin": [15, 17.8, 27.1]},
			"faces": {
				"north": {"uv": [3, 2, 4, 3], "texture": "#3"},
				"east": {"uv": [3, 2, 4, 3], "texture": "#3"},
				"south": {"uv": [3, 2, 4, 3], "texture": "#3"},
				"west": {"uv": [3, 2, 4, 3], "texture": "#3"},
				"up": {"uv": [3, 2, 4, 3], "texture": "#3"},
				"down": {"uv": [3, 2, 4, 3], "texture": "#3"}
			}
		},
		{
			"from": [7.1, 9.4, 16.8],
			"to": [7.9, 11, 17.3],
			"rotation": {"angle": 0, "axis": "y", "origin": [15, 17.7, 27.1]},
			"faces": {
				"north": {"uv": [3, 2, 4, 3], "texture": "#3"},
				"east": {"uv": [3, 2, 4, 3], "texture": "#3"},
				"south": {"uv": [3, 2, 4, 3], "texture": "#3"},
				"west": {"uv": [3, 2, 4, 3], "texture": "#3"},
				"up": {"uv": [3, 2, 4, 3], "texture": "#3"},
				"down": {"uv": [3, 2, 4, 3], "texture": "#3"}
			}
		},
		{
			"from": [7.1, 9.2, 16.8],
			"to": [7.9, 10.8, 17.1],
			"rotation": {"angle": 0, "axis": "y", "origin": [15, 17.5, 26.9]},
			"faces": {
				"north": {"uv": [3, 2, 4, 3], "texture": "#3"},
				"east": {"uv": [3, 2, 4, 3], "texture": "#3"},
				"south": {"uv": [3, 2, 4, 3], "texture": "#3"},
				"west": {"uv": [3, 2, 4, 3], "texture": "#3"},
				"up": {"uv": [3, 2, 4, 3], "texture": "#3"},
				"down": {"uv": [3, 2, 4, 3], "texture": "#3"}
			}
		},
		{
			"from": [7.1, 9.3, 16.8],
			"to": [7.9, 10.9, 17.2],
			"rotation": {"angle": 0, "axis": "y", "origin": [15, 17.6, 27.1]},
			"faces": {
				"north": {"uv": [3, 2, 4, 3], "texture": "#3"},
				"east": {"uv": [3, 2, 4, 3], "texture": "#3"},
				"south": {"uv": [3, 2, 4, 3], "texture": "#3"},
				"west": {"uv": [3, 2, 4, 3], "texture": "#3"},
				"up": {"uv": [3, 2, 4, 3], "texture": "#3"},
				"down": {"uv": [3, 2, 4, 3], "texture": "#3"}
			}
		},
		{
			"from": [7.1, 9.1, 11.8],
			"to": [7.9, 11.3, 17],
			"rotation": {"angle": 0, "axis": "y", "origin": [15, 17.4, 26.9]},
			"faces": {
				"north": {"uv": [3, 2, 4, 3], "texture": "#3"},
				"east": {"uv": [3, 2, 4, 3], "texture": "#3"},
				"south": {"uv": [3, 2, 4, 3], "texture": "#3"},
				"west": {"uv": [3, 2, 4, 3], "texture": "#3"},
				"up": {"uv": [3, 2, 4, 3], "texture": "#3"},
				"down": {"uv": [3, 2, 4, 3], "texture": "#3"}
			}
		},
		{
			"from": [7.1, 9.1, 11.6],
			"to": [7.9, 11.2, 11.8],
			"rotation": {"angle": 0, "axis": "y", "origin": [15, 17.4, 26.8]},
			"faces": {
				"north": {"uv": [3, 2, 4, 3], "texture": "#3"},
				"east": {"uv": [3, 2, 4, 3], "texture": "#3"},
				"south": {"uv": [3, 2, 4, 3], "texture": "#3"},
				"west": {"uv": [3, 2, 4, 3], "texture": "#3"},
				"up": {"uv": [3, 2, 4, 3], "texture": "#3"},
				"down": {"uv": [3, 2, 4, 3], "texture": "#3"}
			}
		},
		{
			"from": [7.1, 9.1, 11.4],
			"to": [7.9, 11.1, 11.6],
			"rotation": {"angle": 0, "axis": "y", "origin": [15, 17.4, 26.6]},
			"faces": {
				"north": {"uv": [3, 2, 4, 3], "texture": "#3"},
				"east": {"uv": [3, 2, 4, 3], "texture": "#3"},
				"south": {"uv": [3, 2, 4, 3], "texture": "#3"},
				"west": {"uv": [3, 2, 4, 3], "texture": "#3"},
				"up": {"uv": [3, 2, 4, 3], "texture": "#3"},
				"down": {"uv": [3, 2, 4, 3], "texture": "#3"}
			}
		},
		{
			"from": [7.1, 9.1, 11.3],
			"to": [7.9, 11, 11.4],
			"rotation": {"angle": 0, "axis": "y", "origin": [15, 17.4, 26.5]},
			"faces": {
				"north": {"uv": [3, 2, 4, 3], "texture": "#3"},
				"east": {"uv": [3, 2, 4, 3], "texture": "#3"},
				"south": {"uv": [3, 2, 4, 3], "texture": "#3"},
				"west": {"uv": [3, 2, 4, 3], "texture": "#3"},
				"up": {"uv": [3, 2, 4, 3], "texture": "#3"},
				"down": {"uv": [3, 2, 4, 3], "texture": "#3"}
			}
		},
		{
			"from": [7.1, 9.1, 11.1],
			"to": [7.9, 10.8, 11.2],
			"rotation": {"angle": 0, "axis": "y", "origin": [15, 17.4, 26.3]},
			"faces": {
				"north": {"uv": [3, 2, 4, 3], "texture": "#3"},
				"east": {"uv": [3, 2, 4, 3], "texture": "#3"},
				"south": {"uv": [3, 2, 4, 3], "texture": "#3"},
				"west": {"uv": [3, 2, 4, 3], "texture": "#3"},
				"up": {"uv": [3, 2, 4, 3], "texture": "#3"},
				"down": {"uv": [3, 2, 4, 3], "texture": "#3"}
			}
		},
		{
			"from": [7.1, 9, 10.9],
			"to": [7.9, 10.6, 11],
			"rotation": {"angle": 0, "axis": "y", "origin": [15, 17.2, 26.1]},
			"faces": {
				"north": {"uv": [3, 2, 4, 3], "texture": "#3"},
				"east": {"uv": [3, 2, 4, 3], "texture": "#3"},
				"south": {"uv": [3, 2, 4, 3], "texture": "#3"},
				"west": {"uv": [3, 2, 4, 3], "texture": "#3"},
				"up": {"uv": [3, 2, 4, 3], "texture": "#3"},
				"down": {"uv": [3, 2, 4, 3], "texture": "#3"}
			}
		},
		{
			"from": [7.1, 9.1, 11.2],
			"to": [7.9, 10.9, 11.3],
			"rotation": {"angle": 0, "axis": "y", "origin": [15, 17.4, 26.4]},
			"faces": {
				"north": {"uv": [3, 2, 4, 3], "texture": "#3"},
				"east": {"uv": [3, 2, 4, 3], "texture": "#3"},
				"south": {"uv": [3, 2, 4, 3], "texture": "#3"},
				"west": {"uv": [3, 2, 4, 3], "texture": "#3"},
				"up": {"uv": [3, 2, 4, 3], "texture": "#3"},
				"down": {"uv": [3, 2, 4, 3], "texture": "#3"}
			}
		},
		{
			"from": [7.1, 9.1, 11],
			"to": [7.9, 10.7, 11.1],
			"rotation": {"angle": 0, "axis": "y", "origin": [15, 17.4, 26.2]},
			"faces": {
				"north": {"uv": [3, 2, 4, 3], "texture": "#3"},
				"east": {"uv": [3, 2, 4, 3], "texture": "#3"},
				"south": {"uv": [3, 2, 4, 3], "texture": "#3"},
				"west": {"uv": [3, 2, 4, 3], "texture": "#3"},
				"up": {"uv": [3, 2, 4, 3], "texture": "#3"},
				"down": {"uv": [3, 2, 4, 3], "texture": "#3"}
			}
		},
		{
			"from": [7.1, 8.9, 10.8],
			"to": [7.9, 10.5, 10.9],
			"rotation": {"angle": 0, "axis": "y", "origin": [15, 17.2, 26]},
			"faces": {
				"north": {"uv": [3, 2, 4, 3], "texture": "#3"},
				"east": {"uv": [3, 2, 4, 3], "texture": "#3"},
				"south": {"uv": [3, 2, 4, 3], "texture": "#3"},
				"west": {"uv": [3, 2, 4, 3], "texture": "#3"},
				"up": {"uv": [3, 2, 4, 3], "texture": "#3"},
				"down": {"uv": [3, 2, 4, 3], "texture": "#3"}
			}
		},
		{
			"from": [7.1, 8.7, 10.7],
			"to": [7.9, 10.3, 10.8],
			"rotation": {"angle": 0, "axis": "y", "origin": [15, 17, 25.9]},
			"faces": {
				"north": {"uv": [3, 2, 4, 3], "texture": "#3"},
				"east": {"uv": [3, 2, 4, 3], "texture": "#3"},
				"south": {"uv": [3, 2, 4, 3], "texture": "#3"},
				"west": {"uv": [3, 2, 4, 3], "texture": "#3"},
				"up": {"uv": [3, 2, 4, 3], "texture": "#3"},
				"down": {"uv": [3, 2, 4, 3], "texture": "#3"}
			}
		},
		{
			"from": [7.1, 8.4, 10.5],
			"to": [7.9, 10, 10.6],
			"rotation": {"angle": 0, "axis": "y", "origin": [15, 16.7, 25.7]},
			"faces": {
				"north": {"uv": [3, 2, 4, 3], "texture": "#3"},
				"east": {"uv": [3, 2, 4, 3], "texture": "#3"},
				"south": {"uv": [3, 2, 4, 3], "texture": "#3"},
				"west": {"uv": [3, 2, 4, 3], "texture": "#3"},
				"up": {"uv": [3, 2, 4, 3], "texture": "#3"},
				"down": {"uv": [3, 2, 4, 3], "texture": "#3"}
			}
		},
		{
			"from": [7.1, 8.1, 10.3],
			"to": [7.9, 9.7, 10.4],
			"rotation": {"angle": 0, "axis": "y", "origin": [15, 16.4, 25.5]},
			"faces": {
				"north": {"uv": [3, 2, 4, 3], "texture": "#3"},
				"east": {"uv": [3, 2, 4, 3], "texture": "#3"},
				"south": {"uv": [3, 2, 4, 3], "texture": "#3"},
				"west": {"uv": [3, 2, 4, 3], "texture": "#3"},
				"up": {"uv": [3, 2, 4, 3], "texture": "#3"},
				"down": {"uv": [3, 2, 4, 3], "texture": "#3"}
			}
		},
		{
			"from": [7.1, 7.8, 10.1],
			"to": [7.9, 9.4, 10.2],
			"rotation": {"angle": 0, "axis": "y", "origin": [15, 16.1, 25.3]},
			"faces": {
				"north": {"uv": [3, 2, 4, 3], "texture": "#3"},
				"east": {"uv": [3, 2, 4, 3], "texture": "#3"},
				"south": {"uv": [3, 2, 4, 3], "texture": "#3"},
				"west": {"uv": [3, 2, 4, 3], "texture": "#3"},
				"up": {"uv": [3, 2, 4, 3], "texture": "#3"},
				"down": {"uv": [3, 2, 4, 3], "texture": "#3"}
			}
		},
		{
			"from": [7.1, 7.5, 9.9],
			"to": [7.9, 9.1, 10],
			"rotation": {"angle": 0, "axis": "y", "origin": [15, 15.8, 25.1]},
			"faces": {
				"north": {"uv": [3, 2, 4, 3], "texture": "#3"},
				"east": {"uv": [3, 2, 4, 3], "texture": "#3"},
				"south": {"uv": [3, 2, 4, 3], "texture": "#3"},
				"west": {"uv": [3, 2, 4, 3], "texture": "#3"},
				"up": {"uv": [3, 2, 4, 3], "texture": "#3"},
				"down": {"uv": [3, 2, 4, 3], "texture": "#3"}
			}
		},
		{
			"from": [7.1, 7.2, 9.7],
			"to": [7.9, 8.8, 9.8],
			"rotation": {"angle": 0, "axis": "y", "origin": [15, 15.5, 24.9]},
			"faces": {
				"north": {"uv": [3, 2, 4, 3], "texture": "#3"},
				"east": {"uv": [3, 2, 4, 3], "texture": "#3"},
				"south": {"uv": [3, 2, 4, 3], "texture": "#3"},
				"west": {"uv": [3, 2, 4, 3], "texture": "#3"},
				"up": {"uv": [3, 2, 4, 3], "texture": "#3"},
				"down": {"uv": [3, 2, 4, 3], "texture": "#3"}
			}
		},
		{
			"from": [7.1, 8.6, 10.6],
			"to": [7.9, 10.2, 10.7],
			"rotation": {"angle": 0, "axis": "y", "origin": [15, 16.9, 25.8]},
			"faces": {
				"north": {"uv": [3, 2, 4, 3], "texture": "#3"},
				"east": {"uv": [3, 2, 4, 3], "texture": "#3"},
				"south": {"uv": [3, 2, 4, 3], "texture": "#3"},
				"west": {"uv": [3, 2, 4, 3], "texture": "#3"},
				"up": {"uv": [3, 2, 4, 3], "texture": "#3"},
				"down": {"uv": [3, 2, 4, 3], "texture": "#3"}
			}
		},
		{
			"from": [7.1, 8.3, 10.4],
			"to": [7.9, 9.9, 10.5],
			"rotation": {"angle": 0, "axis": "y", "origin": [15, 16.6, 25.6]},
			"faces": {
				"north": {"uv": [3, 2, 4, 3], "texture": "#3"},
				"east": {"uv": [3, 2, 4, 3], "texture": "#3"},
				"south": {"uv": [3, 2, 4, 3], "texture": "#3"},
				"west": {"uv": [3, 2, 4, 3], "texture": "#3"},
				"up": {"uv": [3, 2, 4, 3], "texture": "#3"},
				"down": {"uv": [3, 2, 4, 3], "texture": "#3"}
			}
		},
		{
			"from": [7.1, 8, 10.2],
			"to": [7.9, 9.6, 10.3],
			"rotation": {"angle": 0, "axis": "y", "origin": [15, 16.3, 25.4]},
			"faces": {
				"north": {"uv": [3, 2, 4, 3], "texture": "#3"},
				"east": {"uv": [3, 2, 4, 3], "texture": "#3"},
				"south": {"uv": [3, 2, 4, 3], "texture": "#3"},
				"west": {"uv": [3, 2, 4, 3], "texture": "#3"},
				"up": {"uv": [3, 2, 4, 3], "texture": "#3"},
				"down": {"uv": [3, 2, 4, 3], "texture": "#3"}
			}
		},
		{
			"from": [7.1, 7.7, 10],
			"to": [7.9, 9.3, 10.1],
			"rotation": {"angle": 0, "axis": "y", "origin": [15, 16, 25.2]},
			"faces": {
				"north": {"uv": [3, 2, 4, 3], "texture": "#3"},
				"east": {"uv": [3, 2, 4, 3], "texture": "#3"},
				"south": {"uv": [3, 2, 4, 3], "texture": "#3"},
				"west": {"uv": [3, 2, 4, 3], "texture": "#3"},
				"up": {"uv": [3, 2, 4, 3], "texture": "#3"},
				"down": {"uv": [3, 2, 4, 3], "texture": "#3"}
			}
		},
		{
			"from": [7.1, 7.4, 9.8],
			"to": [7.9, 9, 9.9],
			"rotation": {"angle": 0, "axis": "y", "origin": [15, 15.7, 25]},
			"faces": {
				"north": {"uv": [3, 2, 4, 3], "texture": "#3"},
				"east": {"uv": [3, 2, 4, 3], "texture": "#3"},
				"south": {"uv": [3, 2, 4, 3], "texture": "#3"},
				"west": {"uv": [3, 2, 4, 3], "texture": "#3"},
				"up": {"uv": [3, 2, 4, 3], "texture": "#3"},
				"down": {"uv": [3, 2, 4, 3], "texture": "#3"}
			}
		},
		{
			"from": [7.1, 7.1, 9.6],
			"to": [7.9, 8.7, 9.7],
			"rotation": {"angle": 0, "axis": "y", "origin": [15, 15.4, 24.8]},
			"faces": {
				"north": {"uv": [3, 2, 4, 3], "texture": "#3"},
				"east": {"uv": [3, 2, 4, 3], "texture": "#3"},
				"south": {"uv": [3, 2, 4, 3], "texture": "#3"},
				"west": {"uv": [3, 2, 4, 3], "texture": "#3"},
				"up": {"uv": [3, 2, 4, 3], "texture": "#3"},
				"down": {"uv": [3, 2, 4, 3], "texture": "#3"}
			}
		},
		{
			"from": [7.1, 7.1, 9.5],
			"to": [7.9, 8.5, 9.6],
			"rotation": {"angle": 0, "axis": "y", "origin": [15, 15.4, 24.7]},
			"faces": {
				"north": {"uv": [3, 2, 4, 3], "texture": "#3"},
				"east": {"uv": [3, 2, 4, 3], "texture": "#3"},
				"south": {"uv": [3, 2, 4, 3], "texture": "#3"},
				"west": {"uv": [3, 2, 4, 3], "texture": "#3"},
				"up": {"uv": [3, 2, 4, 3], "texture": "#3"},
				"down": {"uv": [3, 2, 4, 3], "texture": "#3"}
			}
		},
		{
			"from": [7.1, 7.1, 9.4],
			"to": [7.9, 8.4, 9.5],
			"rotation": {"angle": 0, "axis": "y", "origin": [15, 15.4, 24.6]},
			"faces": {
				"north": {"uv": [3, 2, 4, 3], "texture": "#3"},
				"east": {"uv": [3, 2, 4, 3], "texture": "#3"},
				"south": {"uv": [3, 2, 4, 3], "texture": "#3"},
				"west": {"uv": [3, 2, 4, 3], "texture": "#3"},
				"up": {"uv": [3, 2, 4, 3], "texture": "#3"},
				"down": {"uv": [3, 2, 4, 3], "texture": "#3"}
			}
		},
		{
			"from": [7.1, 7.2, 9.3],
			"to": [7.9, 8.2, 9.4],
			"rotation": {"angle": 0, "axis": "y", "origin": [15, 15.4, 24.5]},
			"faces": {
				"north": {"uv": [3, 2, 4, 3], "texture": "#3"},
				"east": {"uv": [3, 2, 4, 3], "texture": "#3"},
				"south": {"uv": [3, 2, 4, 3], "texture": "#3"},
				"west": {"uv": [3, 2, 4, 3], "texture": "#3"},
				"up": {"uv": [3, 2, 4, 3], "texture": "#3"},
				"down": {"uv": [3, 2, 4, 3], "texture": "#3"}
			}
		},
		{
			"from": [7.1, 7.3, 9.2],
			"to": [7.9, 8.1, 9.3],
			"rotation": {"angle": 0, "axis": "y", "origin": [15, 15.4, 24.4]},
			"faces": {
				"north": {"uv": [3, 2, 4, 3], "texture": "#3"},
				"east": {"uv": [3, 2, 4, 3], "texture": "#3"},
				"south": {"uv": [3, 2, 4, 3], "texture": "#3"},
				"west": {"uv": [3, 2, 4, 3], "texture": "#3"},
				"up": {"uv": [3, 2, 4, 3], "texture": "#3"},
				"down": {"uv": [3, 2, 4, 3], "texture": "#3"}
			}
		},
		{
			"from": [7.1, 7.4, 9.1],
			"to": [7.9, 7.9, 9.2],
			"rotation": {"angle": 0, "axis": "y", "origin": [15, 15.4, 24.3]},
			"faces": {
				"north": {"uv": [3, 2, 4, 3], "texture": "#3"},
				"east": {"uv": [3, 2, 4, 3], "texture": "#3"},
				"south": {"uv": [3, 2, 4, 3], "texture": "#3"},
				"west": {"uv": [3, 2, 4, 3], "texture": "#3"},
				"up": {"uv": [3, 2, 4, 3], "texture": "#3"},
				"down": {"uv": [3, 2, 4, 3], "texture": "#3"}
			}
		},
		{
			"from": [7.1, 11.3, 16.8],
			"to": [7.9, 11.4, 20.1],
			"rotation": {"angle": 0, "axis": "y", "origin": [15, 18.1, 27.1]},
			"faces": {
				"north": {"uv": [0, 0, 1, 1], "texture": "#4"},
				"east": {"uv": [0, 0, 1, 1], "texture": "#4"},
				"south": {"uv": [0, 0, 1, 1], "texture": "#4"},
				"west": {"uv": [0, 0, 1, 1], "texture": "#4"},
				"up": {"uv": [0, 0, 1, 1], "texture": "#4"},
				"down": {"uv": [0, 0, 1, 1], "texture": "#4"}
			}
		},
		{
			"from": [7.1, 16.05, 9.3],
			"to": [7.9, 16.3, 9.6],
			"rotation": {"angle": -22.5, "axis": "x", "origin": [15, 22.85, 19.6]},
			"faces": {
				"north": {"uv": [0, 0, 1, 1], "texture": "#4"},
				"east": {"uv": [0, 0, 1, 1], "texture": "#4"},
				"south": {"uv": [0, 0, 1, 1], "texture": "#4"},
				"west": {"uv": [0, 0, 1, 1], "texture": "#4"},
				"up": {"uv": [0, 0, 1, 1], "texture": "#4"},
				"down": {"uv": [0, 0, 1, 1], "texture": "#4"}
			}
		},
		{
			"from": [7, 11, 16.8],
			"to": [7.1, 11.3, 20.1],
			"rotation": {"angle": 0, "axis": "y", "origin": [14.2, 18, 27.1]},
			"faces": {
				"north": {"uv": [0, 0, 1, 1], "texture": "#4"},
				"east": {"uv": [0, 0, 1, 1], "texture": "#4"},
				"south": {"uv": [0, 0, 1, 1], "texture": "#4"},
				"west": {"uv": [0, 0, 1, 1], "texture": "#4"},
				"up": {"uv": [0, 0, 1, 1], "texture": "#4"},
				"down": {"uv": [0, 0, 1, 1], "texture": "#4"}
			}
		},
		{
			"from": [7, 13, 16],
			"to": [7.1, 16.3, 16.3],
			"rotation": {"angle": -22.5, "axis": "x", "origin": [14.2, 6, 23]},
			"faces": {
				"north": {"uv": [0, 0, 1, 1], "rotation": 90, "texture": "#4"},
				"east": {"uv": [0, 0, 1, 1], "rotation": 90, "texture": "#4"},
				"south": {"uv": [0, 0, 1, 1], "rotation": 90, "texture": "#4"},
				"west": {"uv": [0, 0, 1, 1], "rotation": 90, "texture": "#4"},
				"up": {"uv": [0, 0, 1, 1], "rotation": 90, "texture": "#4"},
				"down": {"uv": [0, 0, 1, 1], "rotation": 90, "texture": "#4"}
			}
		},
		{
			"from": [7, 13.15, 10.4],
			"to": [7.1, 13.45, 13.7],
			"rotation": {"angle": -22.5, "axis": "x", "origin": [14.2, 20.15, 20.7]},
			"faces": {
				"north": {"uv": [0, 0, 1, 1], "texture": "#4"},
				"east": {"uv": [0, 0, 1, 1], "texture": "#4"},
				"south": {"uv": [0, 0, 1, 1], "texture": "#4"},
				"west": {"uv": [0, 0, 1, 1], "texture": "#4"},
				"up": {"uv": [0, 0, 1, 1], "texture": "#4"},
				"down": {"uv": [0, 0, 1, 1], "texture": "#4"}
			}
		},
		{
			"from": [7.9, 13.15, 10.4],
			"to": [8, 13.45, 13.7],
			"rotation": {"angle": -22.5, "axis": "x", "origin": [15.1, 20.15, 20.7]},
			"faces": {
				"north": {"uv": [0, 0, 1, 1], "texture": "#4"},
				"east": {"uv": [0, 0, 1, 1], "texture": "#4"},
				"south": {"uv": [0, 0, 1, 1], "texture": "#4"},
				"west": {"uv": [0, 0, 1, 1], "texture": "#4"},
				"up": {"uv": [0, 0, 1, 1], "texture": "#4"},
				"down": {"uv": [0, 0, 1, 1], "texture": "#4"}
			}
		},
		{
			"from": [7.9, 11, 16.8],
			"to": [8, 11.3, 20.1],
			"rotation": {"angle": 0, "axis": "y", "origin": [15.1, 18, 27.1]},
			"faces": {
				"north": {"uv": [0, 0, 1, 1], "texture": "#4"},
				"east": {"uv": [0, 0, 1, 1], "texture": "#4"},
				"south": {"uv": [0, 0, 1, 1], "texture": "#4"},
				"west": {"uv": [0, 0, 1, 1], "texture": "#4"},
				"up": {"uv": [0, 0, 1, 1], "texture": "#4"},
				"down": {"uv": [0, 0, 1, 1], "texture": "#4"}
			}
		},
		{
			"from": [7.9, 13, 16],
			"to": [8, 16.3, 16.3],
			"rotation": {"angle": -22.5, "axis": "x", "origin": [15.1, 6, 23]},
			"faces": {
				"north": {"uv": [0, 0, 1, 1], "rotation": 90, "texture": "#4"},
				"east": {"uv": [0, 0, 1, 1], "rotation": 90, "texture": "#4"},
				"south": {"uv": [0, 0, 1, 1], "rotation": 90, "texture": "#4"},
				"west": {"uv": [0, 0, 1, 1], "rotation": 90, "texture": "#4"},
				"up": {"uv": [0, 0, 1, 1], "rotation": 90, "texture": "#4"},
				"down": {"uv": [0, 0, 1, 1], "rotation": 90, "texture": "#4"}
			}
		},
		{
			"from": [7.2, 10.1, 23],
			"to": [7.8, 10.9, 29],
			"rotation": {"angle": 0, "axis": "y", "origin": [15, 18, 36]},
			"faces": {
				"north": {"uv": [0, 0, 1, 1], "texture": "#4"},
				"east": {"uv": [0, 0, 1, 1], "texture": "#4"},
				"south": {"uv": [0, 0, 1, 1], "texture": "#4"},
				"west": {"uv": [0, 0, 1, 1], "texture": "#4"},
				"up": {"uv": [0, 0, 1, 1], "texture": "#4"},
				"down": {"uv": [0, 0, 1, 1], "texture": "#4"}
			}
		},
		{
			"from": [7.1, 10, 22.7],
			"to": [7.9, 11, 23],
			"rotation": {"angle": 0, "axis": "y", "origin": [15, 18, 30]},
			"faces": {
				"north": {"uv": [7, 0, 8, 1], "texture": "#4"},
				"east": {"uv": [7, 0, 8, 1], "texture": "#4"},
				"south": {"uv": [7, 0, 8, 1], "texture": "#4"},
				"west": {"uv": [7, 0, 8, 1], "texture": "#4"},
				"up": {"uv": [7, 0, 8, 1], "texture": "#4"},
				"down": {"uv": [7, 0, 8, 1], "texture": "#4"}
			}
		},
		{
			"from": [7, 9.9, 22.4],
			"to": [8, 11.1, 22.7],
			"rotation": {"angle": 0, "axis": "y", "origin": [15, 18, 29.7]},
			"faces": {
				"north": {"uv": [7, 0, 8, 1], "texture": "#4"},
				"east": {"uv": [7, 0, 8, 1], "texture": "#4"},
				"south": {"uv": [7, 0, 8, 1], "texture": "#4"},
				"west": {"uv": [7, 0, 8, 1], "texture": "#4"},
				"up": {"uv": [7, 0, 8, 1], "texture": "#4"},
				"down": {"uv": [7, 0, 8, 1], "texture": "#4"}
			}
		},
		{
			"from": [7, 9.9, 20.4],
			"to": [8, 11.1, 22.1],
			"rotation": {"angle": 0, "axis": "y", "origin": [15, 18, 29.1]},
			"faces": {
				"north": {"uv": [3, 2, 4, 3], "texture": "#3"},
				"east": {"uv": [3, 2, 4, 3], "texture": "#3"},
				"south": {"uv": [3, 2, 4, 3], "texture": "#3"},
				"west": {"uv": [3, 2, 4, 3], "texture": "#3"},
				"up": {"uv": [3, 2, 4, 3], "texture": "#3"},
				"down": {"uv": [3, 2, 4, 3], "texture": "#3"}
			}
		},
		{
			"from": [6.9, 9.8, 22.1],
			"to": [8.1, 11.2, 22.4],
			"rotation": {"angle": 0, "axis": "y", "origin": [15, 18, 29.4]},
			"faces": {
				"north": {"uv": [7, 0, 8, 1], "texture": "#4"},
				"east": {"uv": [7, 0, 8, 1], "texture": "#4"},
				"south": {"uv": [7, 0, 8, 1], "texture": "#4"},
				"west": {"uv": [7, 0, 8, 1], "texture": "#4"},
				"up": {"uv": [7, 0, 8, 1], "texture": "#4"},
				"down": {"uv": [7, 0, 8, 1], "texture": "#4"}
			}
		},
		{
			"from": [6.9, 9.8, 20.1],
			"to": [8.1, 11.2, 20.4],
			"rotation": {"angle": 0, "axis": "y", "origin": [15, 18, 27.4]},
			"faces": {
				"north": {"uv": [7, 0, 8, 1], "texture": "#4"},
				"east": {"uv": [7, 0, 8, 1], "texture": "#4"},
				"south": {"uv": [7, 0, 8, 1], "texture": "#4"},
				"west": {"uv": [7, 0, 8, 1], "texture": "#4"},
				"up": {"uv": [7, 0, 8, 1], "texture": "#4"},
				"down": {"uv": [7, 0, 8, 1], "texture": "#4"}
			}
		},
		{
			"from": [7.1, 10.2, 23],
			"to": [7.9, 10.8, 29],
			"rotation": {"angle": 0, "axis": "y", "origin": [15, 18, 36]},
			"faces": {
				"north": {"uv": [0, 0, 1, 1], "texture": "#4"},
				"east": {"uv": [0, 0, 1, 1], "texture": "#4"},
				"south": {"uv": [0, 0, 1, 1], "texture": "#4"},
				"west": {"uv": [0, 0, 1, 1], "texture": "#4"},
				"up": {"uv": [0, 0, 1, 1], "texture": "#4"},
				"down": {"uv": [0, 0, 1, 1], "texture": "#4"}
			}
		},
		{
			"from": [7, 10.1, 22.7],
			"to": [8, 10.9, 23],
			"rotation": {"angle": 0, "axis": "y", "origin": [15, 18, 30]},
			"faces": {
				"north": {"uv": [7, 0, 8, 1], "texture": "#4"},
				"east": {"uv": [7, 0, 8, 1], "texture": "#4"},
				"south": {"uv": [7, 0, 8, 1], "texture": "#4"},
				"west": {"uv": [7, 0, 8, 1], "texture": "#4"},
				"up": {"uv": [7, 0, 8, 1], "texture": "#4"},
				"down": {"uv": [7, 0, 8, 1], "texture": "#4"}
			}
		},
		{
			"from": [6.9, 10, 22.4],
			"to": [8.1, 11, 22.7],
			"rotation": {"angle": 0, "axis": "y", "origin": [15, 18, 29.7]},
			"faces": {
				"north": {"uv": [7, 0, 8, 1], "texture": "#4"},
				"east": {"uv": [7, 0, 8, 1], "texture": "#4"},
				"south": {"uv": [7, 0, 8, 1], "texture": "#4"},
				"west": {"uv": [7, 0, 8, 1], "texture": "#4"},
				"up": {"uv": [7, 0, 8, 1], "texture": "#4"},
				"down": {"uv": [7, 0, 8, 1], "texture": "#4"}
			}
		},
		{
			"from": [6.9, 10, 20.4],
			"to": [8.1, 11, 22.1],
			"rotation": {"angle": 0, "axis": "y", "origin": [15, 18, 29.1]},
			"faces": {
				"north": {"uv": [3, 2, 4, 3], "texture": "#3"},
				"east": {"uv": [3, 2, 4, 3], "texture": "#3"},
				"south": {"uv": [3, 2, 4, 3], "texture": "#3"},
				"west": {"uv": [3, 2, 4, 3], "texture": "#3"},
				"up": {"uv": [3, 2, 4, 3], "texture": "#3"},
				"down": {"uv": [3, 2, 4, 3], "texture": "#3"}
			}
		},
		{
			"from": [6.8, 9.9, 22.1],
			"to": [8.2, 11.1, 22.4],
			"rotation": {"angle": 0, "axis": "y", "origin": [15, 18, 29.4]},
			"faces": {
				"north": {"uv": [7, 0, 8, 1], "texture": "#4"},
				"east": {"uv": [7, 0, 8, 1], "texture": "#4"},
				"south": {"uv": [7, 0, 8, 1], "texture": "#4"},
				"west": {"uv": [7, 0, 8, 1], "texture": "#4"},
				"up": {"uv": [7, 0, 8, 1], "texture": "#4"},
				"down": {"uv": [7, 0, 8, 1], "texture": "#4"}
			}
		},
		{
			"from": [6.8, 9.9, 20.1],
			"to": [8.2, 11.1, 20.4],
			"rotation": {"angle": 0, "axis": "y", "origin": [15, 18, 27.4]},
			"faces": {
				"north": {"uv": [7, 0, 8, 1], "texture": "#4"},
				"east": {"uv": [7, 0, 8, 1], "texture": "#4"},
				"south": {"uv": [7, 0, 8, 1], "texture": "#4"},
				"west": {"uv": [7, 0, 8, 1], "texture": "#4"},
				"up": {"uv": [7, 0, 8, 1], "texture": "#4"},
				"down": {"uv": [7, 0, 8, 1], "texture": "#4"}
			}
		},
		{
			"from": [7, 10.4, 23],
			"to": [8, 10.6, 29],
			"rotation": {"angle": 0, "axis": "y", "origin": [15, 18, 36]},
			"faces": {
				"north": {"uv": [0, 0, 1, 1], "texture": "#4"},
				"east": {"uv": [0, 0, 1, 1], "texture": "#4"},
				"south": {"uv": [0, 0, 1, 1], "texture": "#4"},
				"west": {"uv": [0, 0, 1, 1], "texture": "#4"},
				"up": {"uv": [0, 0, 1, 1], "texture": "#4"},
				"down": {"uv": [0, 0, 1, 1], "texture": "#4"}
			}
		},
		{
			"from": [6.9, 10.3, 22.7],
			"to": [8.1, 10.7, 23],
			"rotation": {"angle": 0, "axis": "y", "origin": [15, 18, 30]},
			"faces": {
				"north": {"uv": [7, 0, 8, 1], "texture": "#4"},
				"east": {"uv": [7, 0, 8, 1], "texture": "#4"},
				"south": {"uv": [7, 0, 8, 1], "texture": "#4"},
				"west": {"uv": [7, 0, 8, 1], "texture": "#4"},
				"up": {"uv": [7, 0, 8, 1], "texture": "#4"},
				"down": {"uv": [7, 0, 8, 1], "texture": "#4"}
			}
		},
		{
			"from": [6.8, 10.2, 22.4],
			"to": [8.2, 10.8, 22.7],
			"rotation": {"angle": 0, "axis": "y", "origin": [15, 18, 29.7]},
			"faces": {
				"north": {"uv": [7, 0, 8, 1], "texture": "#4"},
				"east": {"uv": [7, 0, 8, 1], "texture": "#4"},
				"south": {"uv": [7, 0, 8, 1], "texture": "#4"},
				"west": {"uv": [7, 0, 8, 1], "texture": "#4"},
				"up": {"uv": [7, 0, 8, 1], "texture": "#4"},
				"down": {"uv": [7, 0, 8, 1], "texture": "#4"}
			}
		},
		{
			"from": [6.8, 10.2, 20.4],
			"to": [8.2, 10.8, 22.1],
			"rotation": {"angle": 0, "axis": "y", "origin": [15, 18, 29.1]},
			"faces": {
				"north": {"uv": [3, 2, 4, 3], "texture": "#3"},
				"east": {"uv": [3, 2, 4, 3], "texture": "#3"},
				"south": {"uv": [3, 2, 4, 3], "texture": "#3"},
				"west": {"uv": [3, 2, 4, 3], "texture": "#3"},
				"up": {"uv": [3, 2, 4, 3], "texture": "#3"},
				"down": {"uv": [3, 2, 4, 3], "texture": "#3"}
			}
		},
		{
			"from": [6.7, 10.1, 22.1],
			"to": [8.3, 10.9, 22.4],
			"rotation": {"angle": 0, "axis": "y", "origin": [15, 18, 29.4]},
			"faces": {
				"north": {"uv": [7, 0, 8, 1], "texture": "#4"},
				"east": {"uv": [7, 0, 8, 1], "texture": "#4"},
				"south": {"uv": [7, 0, 8, 1], "texture": "#4"},
				"west": {"uv": [7, 0, 8, 1], "texture": "#4"},
				"up": {"uv": [7, 0, 8, 1], "texture": "#4"},
				"down": {"uv": [7, 0, 8, 1], "texture": "#4"}
			}
		},
		{
			"from": [6.7, 10.1, 20.1],
			"to": [8.3, 10.9, 20.4],
			"rotation": {"angle": 0, "axis": "y", "origin": [15, 18, 27.4]},
			"faces": {
				"north": {"uv": [7, 0, 8, 1], "texture": "#4"},
				"east": {"uv": [7, 0, 8, 1], "texture": "#4"},
				"south": {"uv": [7, 0, 8, 1], "texture": "#4"},
				"west": {"uv": [7, 0, 8, 1], "texture": "#4"},
				"up": {"uv": [7, 0, 8, 1], "texture": "#4"},
				"down": {"uv": [7, 0, 8, 1], "texture": "#4"}
			}
		},
		{
			"from": [7.1, 8.5, 20.9],
			"to": [7.9, 9.7, 22.1],
			"rotation": {"angle": 0, "axis": "y", "origin": [15, 15.5, 28]},
			"faces": {
				"north": {"uv": [7, 0, 8, 1], "texture": "#4"},
				"east": {"uv": [7, 0, 8, 1], "texture": "#4"},
				"south": {"uv": [7, 0, 8, 1], "texture": "#4"},
				"west": {"uv": [7, 0, 8, 1], "texture": "#4"},
				"up": {"uv": [7, 0, 8, 1], "texture": "#4"},
				"down": {"uv": [7, 0, 8, 1], "texture": "#4"}
			}
		},
		{
			"from": [7.2, 4.3, 21],
			"to": [7.8, 8.5, 22],
			"rotation": {"angle": 0, "axis": "y", "origin": [15, 14.3, 28]},
			"faces": {
				"north": {"uv": [4, 1, 5, 2], "texture": "#4"},
				"east": {"uv": [4, 1, 5, 2], "texture": "#4"},
				"south": {"uv": [4, 1, 5, 2], "texture": "#4"},
				"west": {"uv": [4, 1, 5, 2], "texture": "#4"},
				"up": {"uv": [4, 1, 5, 2], "texture": "#4"},
				"down": {"uv": [4, 1, 5, 2], "texture": "#4"}
			}
		},
		{
			"from": [7.1, 9.1, 20.3],
			"to": [7.9, 9.7, 21.3],
			"rotation": {"angle": 0, "axis": "y", "origin": [15, 15.5, 27.2]},
			"faces": {
				"north": {"uv": [7, 0, 8, 1], "texture": "#4"},
				"east": {"uv": [7, 0, 8, 1], "texture": "#4"},
				"south": {"uv": [7, 0, 8, 1], "texture": "#4"},
				"west": {"uv": [7, 0, 8, 1], "texture": "#4"},
				"up": {"uv": [7, 0, 8, 1], "texture": "#4"},
				"down": {"uv": [7, 0, 8, 1], "texture": "#4"}
			}
		},
		{
			"from": [7.1, 9, 20.4],
			"to": [7.9, 9.6, 21.3],
			"rotation": {"angle": 0, "axis": "y", "origin": [15, 15.4, 27.2]},
			"faces": {
				"north": {"uv": [7, 0, 8, 1], "texture": "#4"},
				"east": {"uv": [7, 0, 8, 1], "texture": "#4"},
				"south": {"uv": [7, 0, 8, 1], "texture": "#4"},
				"west": {"uv": [7, 0, 8, 1], "texture": "#4"},
				"up": {"uv": [7, 0, 8, 1], "texture": "#4"},
				"down": {"uv": [7, 0, 8, 1], "texture": "#4"}
			}
		},
		{
			"from": [7.1, 8.9, 20.6],
			"to": [7.9, 9.5, 21.3],
			"rotation": {"angle": 0, "axis": "y", "origin": [15, 15.3, 27.2]},
			"faces": {
				"north": {"uv": [7, 0, 8, 1], "texture": "#4"},
				"east": {"uv": [7, 0, 8, 1], "texture": "#4"},
				"south": {"uv": [7, 0, 8, 1], "texture": "#4"},
				"west": {"uv": [7, 0, 8, 1], "texture": "#4"},
				"up": {"uv": [7, 0, 8, 1], "texture": "#4"},
				"down": {"uv": [7, 0, 8, 1], "texture": "#4"}
			}
		},
		{
			"from": [7.1, 9.2, 20.2],
			"to": [7.9, 9.7, 21.3],
			"rotation": {"angle": 0, "axis": "y", "origin": [15, 15.5, 27.2]},
			"faces": {
				"north": {"uv": [7, 0, 8, 1], "texture": "#4"},
				"east": {"uv": [7, 0, 8, 1], "texture": "#4"},
				"south": {"uv": [7, 0, 8, 1], "texture": "#4"},
				"west": {"uv": [7, 0, 8, 1], "texture": "#4"},
				"up": {"uv": [7, 0, 8, 1], "texture": "#4"},
				"down": {"uv": [7, 0, 8, 1], "texture": "#4"}
			}
		},
		{
			"from": [7.1, 9.4, 20.1],
			"to": [7.9, 9.7, 21.3],
			"rotation": {"angle": 0, "axis": "y", "origin": [15, 15.5, 27.2]},
			"faces": {
				"north": {"uv": [7, 0, 8, 1], "texture": "#4"},
				"east": {"uv": [7, 0, 8, 1], "texture": "#4"},
				"south": {"uv": [7, 0, 8, 1], "texture": "#4"},
				"west": {"uv": [7, 0, 8, 1], "texture": "#4"},
				"up": {"uv": [7, 0, 8, 1], "texture": "#4"},
				"down": {"uv": [7, 0, 8, 1], "texture": "#4"}
			}
		},
		{
			"from": [7.2, 9.35, 17.1],
			"to": [7.8, 9.65, 19.2],
			"rotation": {"angle": 0, "axis": "y", "origin": [15, 15.45, 25.1]},
			"faces": {
				"north": {"uv": [0, 0, 1, 1], "texture": "#4"},
				"east": {"uv": [0, 0, 1, 1], "texture": "#4"},
				"south": {"uv": [0, 0, 1, 1], "texture": "#4"},
				"west": {"uv": [0, 0, 1, 1], "texture": "#4"},
				"up": {"uv": [0, 0, 1, 1], "texture": "#4"},
				"down": {"uv": [0, 0, 1, 1], "texture": "#4"}
			}
		},
		{
			"from": [7, 11.6, 16.3],
			"to": [7.3, 11.9, 17.5],
			"rotation": {"angle": -22.5, "axis": "x", "origin": [15, 17.7, 23.4]},
			"faces": {
				"north": {"uv": [0, 0, 1, 1], "texture": "#4"},
				"east": {"uv": [0, 0, 1, 1], "texture": "#4"},
				"south": {"uv": [0, 0, 1, 1], "texture": "#4"},
				"west": {"uv": [0, 0, 1, 1], "texture": "#4"},
				"up": {"uv": [0, 0, 1, 1], "texture": "#4"},
				"down": {"uv": [0, 0, 1, 1], "texture": "#4"}
			}
		},
		{
			"from": [7.7, 11.6, 16.3],
			"to": [8, 11.9, 17.5],
			"rotation": {"angle": -22.5, "axis": "x", "origin": [15.7, 17.7, 23.4]},
			"faces": {
				"north": {"uv": [0, 0, 1, 1], "texture": "#4"},
				"east": {"uv": [0, 0, 1, 1], "texture": "#4"},
				"south": {"uv": [0, 0, 1, 1], "texture": "#4"},
				"west": {"uv": [0, 0, 1, 1], "texture": "#4"},
				"up": {"uv": [0, 0, 1, 1], "texture": "#4"},
				"down": {"uv": [0, 0, 1, 1], "texture": "#4"}
			}
		},
		{
			"from": [7.2, 9.7, 20.4],
			"to": [7.8, 9.8, 22.1],
			"rotation": {"angle": 0, "axis": "y", "origin": [15, 15.6, 28]},
			"faces": {
				"north": {"uv": [7, 0, 8, 1], "texture": "#4"},
				"east": {"uv": [7, 0, 8, 1], "texture": "#4"},
				"south": {"uv": [7, 0, 8, 1], "texture": "#4"},
				"west": {"uv": [7, 0, 8, 1], "texture": "#4"},
				"up": {"uv": [7, 0, 8, 1], "texture": "#4"},
				"down": {"uv": [7, 0, 8, 1], "texture": "#4"}
			}
		},
		{
			"from": [7.8, 9.8, 20.4],
			"to": [8, 9.9, 22.1],
			"rotation": {"angle": 0, "axis": "y", "origin": [15.8, 15.7, 28]},
			"faces": {
				"north": {"uv": [7, 0, 8, 1], "texture": "#4"},
				"east": {"uv": [7, 0, 8, 1], "texture": "#4"},
				"south": {"uv": [7, 0, 8, 1], "texture": "#4"},
				"west": {"uv": [7, 0, 8, 1], "texture": "#4"},
				"up": {"uv": [7, 0, 8, 1], "texture": "#4"},
				"down": {"uv": [7, 0, 8, 1], "texture": "#4"}
			}
		},
		{
			"from": [7, 9.8, 20.4],
			"to": [7.2, 9.9, 22.1],
			"rotation": {"angle": 0, "axis": "y", "origin": [15, 15.7, 28]},
			"faces": {
				"north": {"uv": [7, 0, 8, 1], "texture": "#4"},
				"east": {"uv": [7, 0, 8, 1], "texture": "#4"},
				"south": {"uv": [7, 0, 8, 1], "texture": "#4"},
				"west": {"uv": [7, 0, 8, 1], "texture": "#4"},
				"up": {"uv": [7, 0, 8, 1], "texture": "#4"},
				"down": {"uv": [7, 0, 8, 1], "texture": "#4"}
			}
		},
		{
			"from": [8, 9.9, 20.4],
			"to": [8.1, 10, 22.1],
			"rotation": {"angle": 0, "axis": "y", "origin": [16, 15.8, 28]},
			"faces": {
				"north": {"uv": [7, 0, 8, 1], "texture": "#4"},
				"east": {"uv": [7, 0, 8, 1], "texture": "#4"},
				"south": {"uv": [7, 0, 8, 1], "texture": "#4"},
				"west": {"uv": [7, 0, 8, 1], "texture": "#4"},
				"up": {"uv": [7, 0, 8, 1], "texture": "#4"},
				"down": {"uv": [7, 0, 8, 1], "texture": "#4"}
			}
		},
		{
			"from": [8.2, 10.2, 20.4],
			"to": [8.3, 10.3, 22.1],
			"rotation": {"angle": 0, "axis": "y", "origin": [16.2, 16.1, 28]},
			"faces": {
				"north": {"uv": [7, 0, 8, 1], "texture": "#4"},
				"east": {"uv": [7, 0, 8, 1], "texture": "#4"},
				"south": {"uv": [7, 0, 8, 1], "texture": "#4"},
				"west": {"uv": [7, 0, 8, 1], "texture": "#4"},
				"up": {"uv": [7, 0, 8, 1], "texture": "#4"},
				"down": {"uv": [7, 0, 8, 1], "texture": "#4"}
			}
		},
		{
			"from": [7.9, 8.6, 21],
			"to": [8, 8.7, 22],
			"rotation": {"angle": 0, "axis": "y", "origin": [15.9, 14.5, 28]},
			"faces": {
				"north": {"uv": [8, 3, 9, 4], "texture": "#3"},
				"east": {"uv": [8, 3, 9, 4], "texture": "#3"},
				"south": {"uv": [8, 3, 9, 4], "texture": "#3"},
				"west": {"uv": [8, 3, 9, 4], "texture": "#3"},
				"up": {"uv": [8, 3, 9, 4], "texture": "#3"},
				"down": {"uv": [8, 3, 9, 4], "texture": "#3"}
			}
		},
		{
			"from": [7, 8.6, 21],
			"to": [7.1, 8.7, 22],
			"rotation": {"angle": 0, "axis": "y", "origin": [15, 14.5, 28]},
			"faces": {
				"north": {"uv": [8, 3, 9, 4], "texture": "#3"},
				"east": {"uv": [8, 3, 9, 4], "texture": "#3"},
				"south": {"uv": [8, 3, 9, 4], "texture": "#3"},
				"west": {"uv": [8, 3, 9, 4], "texture": "#3"},
				"up": {"uv": [8, 3, 9, 4], "texture": "#3"},
				"down": {"uv": [8, 3, 9, 4], "texture": "#3"}
			}
		},
		{
			"from": [7.9, 8.9, 21],
			"to": [8, 9, 22],
			"rotation": {"angle": 0, "axis": "y", "origin": [15.9, 14.8, 28]},
			"faces": {
				"north": {"uv": [8, 3, 9, 4], "texture": "#3"},
				"east": {"uv": [8, 3, 9, 4], "texture": "#3"},
				"south": {"uv": [8, 3, 9, 4], "texture": "#3"},
				"west": {"uv": [8, 3, 9, 4], "texture": "#3"},
				"up": {"uv": [8, 3, 9, 4], "texture": "#3"},
				"down": {"uv": [8, 3, 9, 4], "texture": "#3"}
			}
		},
		{
			"from": [7, 8.9, 21],
			"to": [7.1, 9, 22],
			"rotation": {"angle": 0, "axis": "y", "origin": [15, 14.8, 28]},
			"faces": {
				"north": {"uv": [8, 3, 9, 4], "texture": "#3"},
				"east": {"uv": [8, 3, 9, 4], "texture": "#3"},
				"south": {"uv": [8, 3, 9, 4], "texture": "#3"},
				"west": {"uv": [8, 3, 9, 4], "texture": "#3"},
				"up": {"uv": [8, 3, 9, 4], "texture": "#3"},
				"down": {"uv": [8, 3, 9, 4], "texture": "#3"}
			}
		},
		{
			"from": [7.9, 9.2, 21],
			"to": [8, 9.3, 22],
			"rotation": {"angle": 0, "axis": "y", "origin": [15.9, 15.1, 28]},
			"faces": {
				"north": {"uv": [8, 3, 9, 4], "texture": "#3"},
				"east": {"uv": [8, 3, 9, 4], "texture": "#3"},
				"south": {"uv": [8, 3, 9, 4], "texture": "#3"},
				"west": {"uv": [8, 3, 9, 4], "texture": "#3"},
				"up": {"uv": [8, 3, 9, 4], "texture": "#3"},
				"down": {"uv": [8, 3, 9, 4], "texture": "#3"}
			}
		},
		{
			"from": [7, 9.2, 21],
			"to": [7.1, 9.3, 22],
			"rotation": {"angle": 0, "axis": "y", "origin": [15, 15.1, 28]},
			"faces": {
				"north": {"uv": [8, 3, 9, 4], "texture": "#3"},
				"east": {"uv": [8, 3, 9, 4], "texture": "#3"},
				"south": {"uv": [8, 3, 9, 4], "texture": "#3"},
				"west": {"uv": [8, 3, 9, 4], "texture": "#3"},
				"up": {"uv": [8, 3, 9, 4], "texture": "#3"},
				"down": {"uv": [8, 3, 9, 4], "texture": "#3"}
			}
		},
		{
			"from": [7.9, 9.5, 21],
			"to": [8, 9.6, 22],
			"rotation": {"angle": 0, "axis": "y", "origin": [15.9, 15.4, 28]},
			"faces": {
				"north": {"uv": [8, 3, 9, 4], "texture": "#3"},
				"east": {"uv": [8, 3, 9, 4], "texture": "#3"},
				"south": {"uv": [8, 3, 9, 4], "texture": "#3"},
				"west": {"uv": [8, 3, 9, 4], "texture": "#3"},
				"up": {"uv": [8, 3, 9, 4], "texture": "#3"},
				"down": {"uv": [8, 3, 9, 4], "texture": "#3"}
			}
		},
		{
			"from": [7, 9.5, 21],
			"to": [7.1, 9.6, 22],
			"rotation": {"angle": 0, "axis": "y", "origin": [15, 15.4, 28]},
			"faces": {
				"north": {"uv": [8, 3, 9, 4], "texture": "#3"},
				"east": {"uv": [8, 3, 9, 4], "texture": "#3"},
				"south": {"uv": [8, 3, 9, 4], "texture": "#3"},
				"west": {"uv": [8, 3, 9, 4], "texture": "#3"},
				"up": {"uv": [8, 3, 9, 4], "texture": "#3"},
				"down": {"uv": [8, 3, 9, 4], "texture": "#3"}
			}
		},
		{
			"from": [6.7, 10.2, 20.4],
			"to": [6.8, 10.3, 22.1],
			"rotation": {"angle": 0, "axis": "y", "origin": [14.7, 16.1, 28]},
			"faces": {
				"north": {"uv": [7, 0, 8, 1], "texture": "#4"},
				"east": {"uv": [7, 0, 8, 1], "texture": "#4"},
				"south": {"uv": [7, 0, 8, 1], "texture": "#4"},
				"west": {"uv": [7, 0, 8, 1], "texture": "#4"},
				"up": {"uv": [7, 0, 8, 1], "texture": "#4"},
				"down": {"uv": [7, 0, 8, 1], "texture": "#4"}
			}
		},
		{
			"from": [8.2, 10.7, 20.4],
			"to": [8.3, 10.8, 22.1],
			"rotation": {"angle": 0, "axis": "y", "origin": [16.2, 16.6, 28]},
			"faces": {
				"north": {"uv": [7, 0, 8, 1], "texture": "#4"},
				"east": {"uv": [7, 0, 8, 1], "texture": "#4"},
				"south": {"uv": [7, 0, 8, 1], "texture": "#4"},
				"west": {"uv": [7, 0, 8, 1], "texture": "#4"},
				"up": {"uv": [7, 0, 8, 1], "texture": "#4"},
				"down": {"uv": [7, 0, 8, 1], "texture": "#4"}
			}
		},
		{
			"from": [6.7, 10.7, 20.4],
			"to": [6.8, 10.8, 22.1],
			"rotation": {"angle": 0, "axis": "y", "origin": [14.7, 16.6, 28]},
			"faces": {
				"north": {"uv": [7, 0, 8, 1], "texture": "#4"},
				"east": {"uv": [7, 0, 8, 1], "texture": "#4"},
				"south": {"uv": [7, 0, 8, 1], "texture": "#4"},
				"west": {"uv": [7, 0, 8, 1], "texture": "#4"},
				"up": {"uv": [7, 0, 8, 1], "texture": "#4"},
				"down": {"uv": [7, 0, 8, 1], "texture": "#4"}
			}
		},
		{
			"from": [7.2, 11.2, 20.4],
			"to": [7.3, 11.3, 22.1],
			"rotation": {"angle": 0, "axis": "y", "origin": [15.2, 17.1, 28]},
			"faces": {
				"north": {"uv": [7, 0, 8, 1], "texture": "#4"},
				"east": {"uv": [7, 0, 8, 1], "texture": "#4"},
				"south": {"uv": [7, 0, 8, 1], "texture": "#4"},
				"west": {"uv": [7, 0, 8, 1], "texture": "#4"},
				"up": {"uv": [7, 0, 8, 1], "texture": "#4"},
				"down": {"uv": [7, 0, 8, 1], "texture": "#4"}
			}
		},
		{
			"from": [7.7, 11.2, 20.4],
			"to": [7.8, 11.3, 22.1],
			"rotation": {"angle": 0, "axis": "y", "origin": [15.7, 17.1, 28]},
			"faces": {
				"north": {"uv": [7, 0, 8, 1], "texture": "#4"},
				"east": {"uv": [7, 0, 8, 1], "texture": "#4"},
				"south": {"uv": [7, 0, 8, 1], "texture": "#4"},
				"west": {"uv": [7, 0, 8, 1], "texture": "#4"},
				"up": {"uv": [7, 0, 8, 1], "texture": "#4"},
				"down": {"uv": [7, 0, 8, 1], "texture": "#4"}
			}
		},
		{
			"from": [8, 11, 20.4],
			"to": [8.1, 11.1, 22.1],
			"rotation": {"angle": 0, "axis": "y", "origin": [16, 16.9, 28]},
			"faces": {
				"north": {"uv": [7, 0, 8, 1], "texture": "#4"},
				"east": {"uv": [7, 0, 8, 1], "texture": "#4"},
				"south": {"uv": [7, 0, 8, 1], "texture": "#4"},
				"west": {"uv": [7, 0, 8, 1], "texture": "#4"},
				"up": {"uv": [7, 0, 8, 1], "texture": "#4"},
				"down": {"uv": [7, 0, 8, 1], "texture": "#4"}
			}
		},
		{
			"from": [6.9, 11, 20.4],
			"to": [7, 11.1, 22.1],
			"rotation": {"angle": 0, "axis": "y", "origin": [14.9, 16.9, 28]},
			"faces": {
				"north": {"uv": [7, 0, 8, 1], "texture": "#4"},
				"east": {"uv": [7, 0, 8, 1], "texture": "#4"},
				"south": {"uv": [7, 0, 8, 1], "texture": "#4"},
				"west": {"uv": [7, 0, 8, 1], "texture": "#4"},
				"up": {"uv": [7, 0, 8, 1], "texture": "#4"},
				"down": {"uv": [7, 0, 8, 1], "texture": "#4"}
			}
		},
		{
			"from": [6.9, 9.9, 20.4],
			"to": [7, 10, 22.1],
			"rotation": {"angle": 0, "axis": "y", "origin": [14.9, 15.8, 28]},
			"faces": {
				"north": {"uv": [7, 0, 8, 1], "texture": "#4"},
				"east": {"uv": [7, 0, 8, 1], "texture": "#4"},
				"south": {"uv": [7, 0, 8, 1], "texture": "#4"},
				"west": {"uv": [7, 0, 8, 1], "texture": "#4"},
				"up": {"uv": [7, 0, 8, 1], "texture": "#4"},
				"down": {"uv": [7, 0, 8, 1], "texture": "#4"}
			}
		},
		{
			"from": [7.2, 8.1, 10.4],
			"to": [7.8, 8.3, 11.4],
			"rotation": {"angle": 0, "axis": "y", "origin": [15, 15.3, 18.4]},
			"faces": {
				"north": {"uv": [3, 2, 4, 3], "texture": "#3"},
				"east": {"uv": [3, 2, 4, 3], "texture": "#3"},
				"south": {"uv": [3, 2, 4, 3], "texture": "#3"},
				"west": {"uv": [3, 2, 4, 3], "texture": "#3"},
				"up": {"uv": [3, 2, 4, 3], "texture": "#3"},
				"down": {"uv": [3, 2, 4, 3], "texture": "#3"}
			}
		},
		{
			"from": [7.2, 8.2, 11.3],
			"to": [7.8, 8.4, 11.6],
			"rotation": {"angle": 0, "axis": "y", "origin": [15, 15.4, 19.3]},
			"faces": {
				"north": {"uv": [3, 2, 4, 3], "texture": "#3"},
				"east": {"uv": [3, 2, 4, 3], "texture": "#3"},
				"south": {"uv": [3, 2, 4, 3], "texture": "#3"},
				"west": {"uv": [3, 2, 4, 3], "texture": "#3"},
				"up": {"uv": [3, 2, 4, 3], "texture": "#3"},
				"down": {"uv": [3, 2, 4, 3], "texture": "#3"}
			}
		},
		{
			"from": [7.2, 8.5, 11.6],
			"to": [7.8, 8.7, 11.9],
			"rotation": {"angle": 0, "axis": "y", "origin": [15, 15.7, 19.6]},
			"faces": {
				"north": {"uv": [3, 2, 4, 3], "texture": "#3"},
				"east": {"uv": [3, 2, 4, 3], "texture": "#3"},
				"south": {"uv": [3, 2, 4, 3], "texture": "#3"},
				"west": {"uv": [3, 2, 4, 3], "texture": "#3"},
				"up": {"uv": [3, 2, 4, 3], "texture": "#3"},
				"down": {"uv": [3, 2, 4, 3], "texture": "#3"}
			}
		},
		{
			"from": [7.2, 8.8, 11.9],
			"to": [7.8, 9, 12.2],
			"rotation": {"angle": 0, "axis": "y", "origin": [15, 16, 19.9]},
			"faces": {
				"north": {"uv": [3, 2, 4, 3], "texture": "#3"},
				"east": {"uv": [3, 2, 4, 3], "texture": "#3"},
				"south": {"uv": [3, 2, 4, 3], "texture": "#3"},
				"west": {"uv": [3, 2, 4, 3], "texture": "#3"},
				"up": {"uv": [3, 2, 4, 3], "texture": "#3"},
				"down": {"uv": [3, 2, 4, 3], "texture": "#3"}
			}
		},
		{
			"from": [7.2, 8.3, 11.4],
			"to": [7.8, 8.5, 11.7],
			"rotation": {"angle": 0, "axis": "y", "origin": [15, 15.5, 19.4]},
			"faces": {
				"north": {"uv": [3, 2, 4, 3], "texture": "#3"},
				"east": {"uv": [3, 2, 4, 3], "texture": "#3"},
				"south": {"uv": [3, 2, 4, 3], "texture": "#3"},
				"west": {"uv": [3, 2, 4, 3], "texture": "#3"},
				"up": {"uv": [3, 2, 4, 3], "texture": "#3"},
				"down": {"uv": [3, 2, 4, 3], "texture": "#3"}
			}
		},
		{
			"from": [7.2, 8.6, 11.7],
			"to": [7.8, 8.8, 12],
			"rotation": {"angle": 0, "axis": "y", "origin": [15, 15.8, 19.7]},
			"faces": {
				"north": {"uv": [3, 2, 4, 3], "texture": "#3"},
				"east": {"uv": [3, 2, 4, 3], "texture": "#3"},
				"south": {"uv": [3, 2, 4, 3], "texture": "#3"},
				"west": {"uv": [3, 2, 4, 3], "texture": "#3"},
				"up": {"uv": [3, 2, 4, 3], "texture": "#3"},
				"down": {"uv": [3, 2, 4, 3], "texture": "#3"}
			}
		},
		{
			"from": [7.2, 8.9, 12],
			"to": [7.8, 9.1, 12.3],
			"rotation": {"angle": 0, "axis": "y", "origin": [15, 16.1, 20]},
			"faces": {
				"north": {"uv": [3, 2, 4, 3], "texture": "#3"},
				"east": {"uv": [3, 2, 4, 3], "texture": "#3"},
				"south": {"uv": [3, 2, 4, 3], "texture": "#3"},
				"west": {"uv": [3, 2, 4, 3], "texture": "#3"},
				"up": {"uv": [3, 2, 4, 3], "texture": "#3"},
				"down": {"uv": [3, 2, 4, 3], "texture": "#3"}
			}
		},
		{
			"from": [7.2, 8.4, 11.5],
			"to": [7.8, 8.6, 11.8],
			"rotation": {"angle": 0, "axis": "y", "origin": [15, 15.6, 19.5]},
			"faces": {
				"north": {"uv": [3, 2, 4, 3], "texture": "#3"},
				"east": {"uv": [3, 2, 4, 3], "texture": "#3"},
				"south": {"uv": [3, 2, 4, 3], "texture": "#3"},
				"west": {"uv": [3, 2, 4, 3], "texture": "#3"},
				"up": {"uv": [3, 2, 4, 3], "texture": "#3"},
				"down": {"uv": [3, 2, 4, 3], "texture": "#3"}
			}
		},
		{
			"from": [7.2, 8.7, 11.8],
			"to": [7.8, 8.9, 12.1],
			"rotation": {"angle": 0, "axis": "y", "origin": [15, 15.9, 19.8]},
			"faces": {
				"north": {"uv": [3, 2, 4, 3], "texture": "#3"},
				"east": {"uv": [3, 2, 4, 3], "texture": "#3"},
				"south": {"uv": [3, 2, 4, 3], "texture": "#3"},
				"west": {"uv": [3, 2, 4, 3], "texture": "#3"},
				"up": {"uv": [3, 2, 4, 3], "texture": "#3"},
				"down": {"uv": [3, 2, 4, 3], "texture": "#3"}
			}
		},
		{
			"from": [7.2, 9, 12.1],
			"to": [7.8, 9.2, 12.4],
			"rotation": {"angle": 0, "axis": "y", "origin": [15, 16.2, 20.1]},
			"faces": {
				"north": {"uv": [3, 2, 4, 3], "texture": "#3"},
				"east": {"uv": [3, 2, 4, 3], "texture": "#3"},
				"south": {"uv": [3, 2, 4, 3], "texture": "#3"},
				"west": {"uv": [3, 2, 4, 3], "texture": "#3"},
				"up": {"uv": [3, 2, 4, 3], "texture": "#3"},
				"down": {"uv": [3, 2, 4, 3], "texture": "#3"}
			}
		},
		{
			"from": [7.6, 10.9, 28.4],
			"to": [7.7, 11.1, 29],
			"rotation": {"angle": 0, "axis": "y", "origin": [15, 19, 36]},
			"faces": {
				"north": {"uv": [0, 0, 1, 1], "texture": "#4"},
				"east": {"uv": [0, 0, 1, 1], "texture": "#4"},
				"south": {"uv": [0, 0, 1, 1], "texture": "#4"},
				"west": {"uv": [0, 0, 1, 1], "texture": "#4"},
				"up": {"uv": [0, 0, 1, 1], "texture": "#4"},
				"down": {"uv": [0, 0, 1, 1], "texture": "#4"}
			}
		},
		{
			"from": [7.3, 10.9, 28.4],
			"to": [7.4, 11.1, 29],
			"rotation": {"angle": 0, "axis": "y", "origin": [14.7, 19, 36]},
			"faces": {
				"north": {"uv": [0, 0, 1, 1], "texture": "#4"},
				"east": {"uv": [0, 0, 1, 1], "texture": "#4"},
				"south": {"uv": [0, 0, 1, 1], "texture": "#4"},
				"west": {"uv": [0, 0, 1, 1], "texture": "#4"},
				"up": {"uv": [0, 0, 1, 1], "texture": "#4"},
				"down": {"uv": [0, 0, 1, 1], "texture": "#4"}
			}
		},
		{
			"from": [7.6, 11, 28.5],
			"to": [7.7, 11.2, 29],
			"rotation": {"angle": 0, "axis": "y", "origin": [15, 19.1, 36]},
			"faces": {
				"north": {"uv": [0, 0, 1, 1], "texture": "#4"},
				"east": {"uv": [0, 0, 1, 1], "texture": "#4"},
				"south": {"uv": [0, 0, 1, 1], "texture": "#4"},
				"west": {"uv": [0, 0, 1, 1], "texture": "#4"},
				"up": {"uv": [0, 0, 1, 1], "texture": "#4"},
				"down": {"uv": [0, 0, 1, 1], "texture": "#4"}
			}
		},
		{
			"from": [7.3, 11, 28.5],
			"to": [7.4, 11.2, 29],
			"rotation": {"angle": 0, "axis": "y", "origin": [14.7, 19.1, 36]},
			"faces": {
				"north": {"uv": [0, 0, 1, 1], "texture": "#4"},
				"east": {"uv": [0, 0, 1, 1], "texture": "#4"},
				"south": {"uv": [0, 0, 1, 1], "texture": "#4"},
				"west": {"uv": [0, 0, 1, 1], "texture": "#4"},
				"up": {"uv": [0, 0, 1, 1], "texture": "#4"},
				"down": {"uv": [0, 0, 1, 1], "texture": "#4"}
			}
		},
		{
			"from": [7.6, 11.1, 28.7],
			"to": [7.7, 11.3, 29],
			"rotation": {"angle": 0, "axis": "y", "origin": [15, 19.2, 36]},
			"faces": {
				"north": {"uv": [0, 0, 1, 1], "texture": "#4"},
				"east": {"uv": [0, 0, 1, 1], "texture": "#4"},
				"south": {"uv": [0, 0, 1, 1], "texture": "#4"},
				"west": {"uv": [0, 0, 1, 1], "texture": "#4"},
				"up": {"uv": [0, 0, 1, 1], "texture": "#4"},
				"down": {"uv": [0, 0, 1, 1], "texture": "#4"}
			}
		},
		{
			"from": [7.3, 11.1, 28.7],
			"to": [7.4, 11.3, 29],
			"rotation": {"angle": 0, "axis": "y", "origin": [14.7, 19.2, 36]},
			"faces": {
				"north": {"uv": [0, 0, 1, 1], "texture": "#4"},
				"east": {"uv": [0, 0, 1, 1], "texture": "#4"},
				"south": {"uv": [0, 0, 1, 1], "texture": "#4"},
				"west": {"uv": [0, 0, 1, 1], "texture": "#4"},
				"up": {"uv": [0, 0, 1, 1], "texture": "#4"},
				"down": {"uv": [0, 0, 1, 1], "texture": "#4"}
			}
		}
	],
	"display": {
		"thirdperson_righthand": {
			"rotation": [7, 179.75, 1],
			"translation": [-0.75, -1.25, 3.25],
			"scale": [0.89844, 0.99414, 0.91602]
		},
		"thirdperson_lefthand": {
			"rotation": [7, 179.75, 1],
			"translation": [0.5, -1.25, 3.25],
			"scale": [0.89844, 0.99414, 0.91602]
		},
		"firstperson_righthand": {
			"rotation": [7.75, 178, 0],
			"translation": [-0.5, 2.5, 6.75]
		},
		"firstperson_lefthand": {
			"rotation": [7.75, 178, 0],
			"translation": [-0.5, 2.5, 6.75]
		},
		"ground": {
			"rotation": [3.25, -8.25, 86],
			"translation": [1.75, 0, -8],
			"scale": [0.96484, 0.80859, 0.81445]
		},
		"gui": {
			"rotation": [28.75, 138.5, -50.75],
			"translation": [-7.5, -5.5, 0],
			"scale": [0.82422, 1.0957, 1.15039]
		},
		"head": {
			"rotation": [0, -90, 0],
			"translation": [11, 0, 0]
		}
	}
}