{
	"credit": "Made By Ubalube",
	"textures": {
		"texture": "guns/gray2",
		"texture1": "guns/gray5",
		"texture2": "guns/gray6",
		"texture3": "guns/yellow2",
		"texture4": "guns/blue1",
		"texture5": "guns/black",
		"texture6": "guns/scope",
		"particle": "blocks/e_particle"
	},
	"elements": [
		{
			"name": "Box1",
			"from": [-8.5, 8.5, 2.5],
			"to": [8.5, 11, 4],
			"faces": {
				"north": {"uv": [7.5, 5, 16, 7.5], "texture": "#texture"},
				"east": {"uv": [12, 5, 13.5, 7.5], "texture": "#texture"},
				"south": {"uv": [0, 5, 8.5, 7.5], "texture": "#texture"},
				"west": {"uv": [2.5, 5, 4, 7.5], "texture": "#texture"},
				"up": {"uv": [0, 2.5, 8.5, 4], "texture": "#texture"},
				"down": {"uv": [0, 12, 8.5, 13.5], "texture": "#texture"}
			}
		},
		{
			"name": "Box2",
			"from": [-8.5, 11, 2.5],
			"to": [8.5, 11.5, 3.5],
			"rotation": {"angle": 22.5, "axis": "x", "origin": [-8.5, 11, 2.5]},
			"faces": {
				"north": {"uv": [7.5, 4.5, 16, 5], "texture": "#texture"},
				"east": {"uv": [12.5, 4.5, 13.5, 5], "texture": "#texture"},
				"south": {"uv": [0, 4.5, 8.5, 5], "texture": "#texture"},
				"west": {"uv": [2.5, 4.5, 3.5, 5], "texture": "#texture"},
				"up": {"uv": [0, 2.5, 8.5, 3.5], "texture": "#texture"},
				"down": {"uv": [0, 12.5, 8.5, 13.5], "texture": "#texture"}
			}
		},
		{
			"name": "Box3",
			"from": [-8.5, 11, 3],
			"to": [8.5, 11.5, 4],
			"rotation": {"angle": -22.5, "axis": "x", "origin": [8.5, 11, 4]},
			"faces": {
				"north": {"uv": [0, 15.5, 8.5, 16], "texture": "#texture"},
				"east": {"uv": [3, 15.5, 4, 16], "texture": "#texture"},
				"south": {"uv": [7.5, 15.5, 16, 16], "texture": "#texture"},
				"west": {"uv": [12, 15.5, 13, 16], "texture": "#texture"},
				"up": {"uv": [0, 3, 8.5, 4], "rotation": 180, "texture": "#texture"},
				"down": {"uv": [0, 12, 8.5, 13], "rotation": 180, "texture": "#texture"}
			}
		},
		{
			"name": "Box4",
			"from": [-8.5, 11, 2.75],
			"to": [8.5, 11.5, 3.75],
			"faces": {
				"north": {"uv": [7.5, 4.5, 16, 5], "texture": "#texture"},
				"east": {"uv": [12.25, 4.5, 13.25, 5], "texture": "#texture"},
				"south": {"uv": [0, 4.5, 8.5, 5], "texture": "#texture"},
				"west": {"uv": [2.75, 4.5, 3.75, 5], "texture": "#texture"},
				"up": {"uv": [0, 2.75, 8.5, 3.75], "texture": "#texture"},
				"down": {"uv": [0, 12.25, 8.5, 13.25], "texture": "#texture"}
			}
		},
		{
			"name": "Box5",
			"from": [-9, 9, 2.5],
			"to": [-8.5, 11, 3],
			"faces": {
				"north": {"uv": [8.5, 5, 9, 7], "texture": "#texture"},
				"east": {"uv": [13, 5, 13.5, 7], "texture": "#texture"},
				"south": {"uv": [7, 5, 7.5, 7], "texture": "#texture"},
				"west": {"uv": [2.5, 5, 3, 7], "texture": "#texture"},
				"up": {"uv": [7, 2.5, 7.5, 3], "texture": "#texture"},
				"down": {"uv": [7, 13, 7.5, 13.5], "texture": "#texture"}
			}
		},
		{
			"name": "Box5",
			"from": [-9, 9, 3.5],
			"to": [-8.5, 11, 4],
			"faces": {
				"north": {"uv": [8.5, 5, 9, 7], "texture": "#texture"},
				"east": {"uv": [12, 5, 12.5, 7], "texture": "#texture"},
				"south": {"uv": [7, 5, 7.5, 7], "texture": "#texture"},
				"west": {"uv": [3.5, 5, 4, 7], "texture": "#texture"},
				"up": {"uv": [7, 3.5, 7.5, 4], "texture": "#texture"},
				"down": {"uv": [7, 12, 7.5, 12.5], "texture": "#texture"}
			}
		},
		{
			"name": "Box7",
			"from": [-9, 11, 2.5],
			"to": [-8.5, 11.5, 3],
			"rotation": {"angle": 45, "axis": "x", "origin": [-9, 11, 2.5]},
			"faces": {
				"north": {"uv": [8.5, 4.5, 9, 5], "texture": "#texture"},
				"east": {"uv": [13, 4.5, 13.5, 5], "texture": "#texture"},
				"south": {"uv": [7, 4.5, 7.5, 5], "texture": "#texture"},
				"west": {"uv": [2.5, 4.5, 3, 5], "texture": "#texture"},
				"up": {"uv": [7, 2.5, 7.5, 3], "texture": "#texture"},
				"down": {"uv": [7, 13, 7.5, 13.5], "texture": "#texture"}
			}
		},
		{
			"name": "Box7",
			"from": [-9, 11, 3.5],
			"to": [-8.5, 11.5, 4],
			"rotation": {"angle": -45, "axis": "x", "origin": [-8.5, 11, 4]},
			"faces": {
				"north": {"uv": [7, 4.5, 7.5, 5], "texture": "#texture"},
				"east": {"uv": [2.5, 4.5, 3, 5], "texture": "#texture"},
				"south": {"uv": [8.5, 4.5, 9, 5], "texture": "#texture"},
				"west": {"uv": [13, 4.5, 13.5, 5], "texture": "#texture"},
				"up": {"uv": [7, 2.5, 7.5, 3], "rotation": 180, "texture": "#texture"},
				"down": {"uv": [7, 13, 7.5, 13.5], "rotation": 180, "texture": "#texture"}
			}
		},
		{
			"name": "Box7",
			"from": [-9, 9, 2.5],
			"to": [-8.5, 9.5, 3],
			"rotation": {"angle": 45, "axis": "x", "origin": [-8.5, 9, 2.5]},
			"faces": {
				"north": {"uv": [7.5, 13.5, 7, 13], "rotation": 180, "texture": "#texture"},
				"east": {"uv": [2.5, 4.5, 3, 5], "rotation": 270, "texture": "#texture"},
				"south": {"uv": [7, 2.5, 7.5, 3], "rotation": 180, "texture": "#texture"},
				"west": {"uv": [13, 4.5, 13.5, 5], "rotation": 90, "texture": "#texture"},
				"up": {"uv": [7.5, 5, 7, 4.5], "texture": "#texture"},
				"down": {"uv": [8.5, 4.5, 9, 5], "texture": "#texture"}
			}
		},
		{
			"name": "Box7",
			"from": [-9, 9.5607, 3.0607],
			"to": [-8.5, 10.0607, 3.5607],
			"rotation": {"angle": 45, "axis": "x", "origin": [-8.5, 9, 2.5]},
			"faces": {
				"north": {"uv": [7.5, 5, 7, 4.5], "texture": "#texture"},
				"east": {"uv": [13, 4.5, 13.5, 5], "rotation": 180, "texture": "#texture"},
				"south": {"uv": [9, 5, 8.5, 4.5], "texture": "#texture"},
				"west": {"uv": [2.5, 4.5, 3, 5], "rotation": 180, "texture": "#texture"},
				"up": {"uv": [7, 13, 7.5, 13.5], "texture": "#texture"},
				"down": {"uv": [7, 2.5, 7.5, 3], "texture": "#texture"}
			}
		},
		{
			"name": "Box11",
			"from": [-9, 11, 2.75],
			"to": [-8.5, 11.5, 3.75],
			"faces": {
				"north": {"uv": [8.5, 4.5, 9, 5], "texture": "#texture"},
				"east": {"uv": [12.25, 4.5, 13.25, 5], "texture": "#texture"},
				"south": {"uv": [7, 4.5, 7.5, 5], "texture": "#texture"},
				"west": {"uv": [2.75, 4.5, 3.75, 5], "texture": "#texture"},
				"up": {"uv": [7, 2.75, 7.5, 3.75], "texture": "#texture"},
				"down": {"uv": [7, 12.25, 7.5, 13.25], "texture": "#texture"}
			}
		},
		{
			"name": "Box11",
			"from": [-9, 8.5, 2.75],
			"to": [-8.5, 9, 3.75],
			"faces": {
				"north": {"uv": [8.5, 7, 9, 7.5], "texture": "#texture"},
				"east": {"uv": [12.25, 7, 13.25, 7.5], "texture": "#texture"},
				"south": {"uv": [7, 7, 7.5, 7.5], "texture": "#texture"},
				"west": {"uv": [2.75, 7, 3.75, 7.5], "texture": "#texture"},
				"up": {"uv": [7, 2.75, 7.5, 3.75], "texture": "#texture"},
				"down": {"uv": [7, 12.25, 7.5, 13.25], "texture": "#texture"}
			}
		},
		{
			"name": "Box13",
			"from": [-8.501, 9, 3],
			"to": [-8.5, 11, 3.5],
			"faces": {
				"north": {"uv": [7.5, 5, 7.501, 7], "texture": "#texture6"},
				"east": {"uv": [3, 5, 3.5, 7], "texture": "#texture6"},
				"south": {"uv": [8.499, 5, 8.5, 7], "texture": "#texture6"},
				"west": {"uv": [12.5, 5, 13, 7], "texture": "#texture6"},
				"up": {"uv": [7.5, 3, 7.501, 3.5], "rotation": 180, "texture": "#texture6"},
				"down": {"uv": [7.5, 12.5, 7.501, 13], "rotation": 180, "texture": "#texture6"}
			}
		},
		{
			"name": "Box14",
			"from": [-9, 8.25, 3],
			"to": [8.5, 8.5, 3.5],
			"faces": {
				"north": {"uv": [7.5, 7.5, 16, 7.75], "texture": "#texture2"},
				"east": {"uv": [12.5, 7.5, 13, 7.75], "texture": "#texture2"},
				"south": {"uv": [0, 7.5, 8.5, 7.75], "texture": "#texture2"},
				"west": {"uv": [3, 7.5, 3.5, 7.75], "texture": "#texture2"},
				"up": {"uv": [0, 3, 8.5, 3.5], "texture": "#texture2"},
				"down": {"uv": [0, 12.5, 8.5, 13], "texture": "#texture2"}
			}
		},
		{
			"name": "Box15",
			"from": [-9, 7.25, 3],
			"to": [-5, 8.25, 3.5],
			"faces": {
				"north": {"uv": [5, 7.75, 9, 8.75], "texture": "#texture2"},
				"east": {"uv": [12.5, 7.75, 13, 8.75], "texture": "#texture2"},
				"south": {"uv": [7, 7.75, 11, 8.75], "texture": "#texture2"},
				"west": {"uv": [3, 7.75, 3.5, 8.75], "texture": "#texture2"},
				"up": {"uv": [7, 3, 11, 3.5], "texture": "#texture2"},
				"down": {"uv": [7, 12.5, 11, 13], "texture": "#texture2"}
			}
		},
		{
			"name": "Box16",
			"from": [-9, 8.1, 3.1],
			"to": [8.5, 8.35, 3.35],
			"faces": {
				"north": {"uv": [7.5, 7.65, 16, 7.9], "texture": "#texture"},
				"east": {"uv": [12.65, 7.65, 12.9, 7.9], "texture": "#texture"},
				"south": {"uv": [0, 7.65, 8.5, 7.9], "texture": "#texture"},
				"west": {"uv": [3.1, 7.65, 3.35, 7.9], "texture": "#texture"},
				"up": {"uv": [0, 3.1, 8.5, 3.35], "texture": "#texture"},
				"down": {"uv": [0, 12.65, 8.5, 12.9], "texture": "#texture"}
			}
		},
		{
			"name": "Box17",
			"from": [-5, 7.25, 3],
			"to": [-3.5, 8.25, 3.5],
			"rotation": {"angle": 22.5, "axis": "y", "origin": [-5, 7.25, 3]},
			"faces": {
				"north": {"uv": [3.5, 8, 5, 9], "texture": "#texture2"},
				"east": {"uv": [13, 8, 13.5, 9], "texture": "#texture2"},
				"south": {"uv": [11, 8, 12.5, 9], "texture": "#texture2"},
				"west": {"uv": [2.5, 8, 3, 9], "texture": "#texture2"},
				"up": {"uv": [11, 2.5, 12.5, 3], "texture": "#texture2"},
				"down": {"uv": [11, 13, 12.5, 13.5], "texture": "#texture2"}
			}
		},
		{
			"name": "Box17",
			"from": [-5, 7.25, 3],
			"to": [-3.5, 8.25, 3.5],
			"rotation": {"angle": -22.5, "axis": "y", "origin": [-5, 8.25, 3.5]},
			"faces": {
				"north": {"uv": [12.5, 9, 11, 8], "texture": "#texture2"},
				"east": {"uv": [13, 8, 13.5, 9], "rotation": 180, "texture": "#texture2"},
				"south": {"uv": [5, 9, 3.5, 8], "texture": "#texture2"},
				"west": {"uv": [2.5, 8, 3, 9], "rotation": 180, "texture": "#texture2"},
				"up": {"uv": [11, 13, 12.5, 13.5], "texture": "#texture2"},
				"down": {"uv": [11, 2.5, 12.5, 3], "texture": "#texture2"}
			}
		},
		{
			"name": "Box19",
			"from": [-3.5, 7.25, 2.5],
			"to": [8.5, 8.25, 4],
			"faces": {
				"north": {"uv": [7.5, 7.75, 16, 8.75], "texture": "#texture2"},
				"east": {"uv": [12, 7.75, 13.5, 8.75], "texture": "#texture2"},
				"south": {"uv": [0, 7.75, 8.5, 8.75], "texture": "#texture2"},
				"west": {"uv": [2.5, 7.75, 4, 8.75], "texture": "#texture2"},
				"up": {"uv": [0, 2.5, 8.5, 4], "texture": "#texture2"},
				"down": {"uv": [0, 12, 8.5, 13.5], "texture": "#texture2"}
			}
		},
		{
			"name": "Box20",
			"from": [-4.5, 7.25, 2.75],
			"to": [-3.5, 8.25, 3.75],
			"faces": {
				"north": {"uv": [3.5, 7.75, 4.5, 8.75], "texture": "#texture2"},
				"east": {"uv": [12.25, 7.75, 13.25, 8.75], "texture": "#texture2"},
				"south": {"uv": [11.5, 7.75, 12.5, 8.75], "texture": "#texture2"},
				"west": {"uv": [2.75, 7.75, 3.75, 8.75], "texture": "#texture2"},
				"up": {"uv": [11.5, 2.75, 12.5, 3.75], "texture": "#texture2"},
				"down": {"uv": [11.5, 12.25, 12.5, 13.25], "texture": "#texture2"}
			}
		},
		{
			"name": "Box21",
			"from": [-9, 7.5, 2.5],
			"to": [-5, 8, 3],
			"faces": {
				"north": {"uv": [5, 8, 9, 8.5], "texture": "#texture2"},
				"east": {"uv": [13, 8, 13.5, 8.5], "texture": "#texture2"},
				"south": {"uv": [7, 8, 11, 8.5], "texture": "#texture2"},
				"west": {"uv": [2.5, 8, 3, 8.5], "texture": "#texture2"},
				"up": {"uv": [7, 2.5, 11, 3], "texture": "#texture2"},
				"down": {"uv": [7, 13, 11, 13.5], "texture": "#texture2"}
			}
		},
		{
			"name": "Box21",
			"from": [-9, 7.5, 3.5],
			"to": [-5, 8, 4],
			"faces": {
				"north": {"uv": [5, 8, 9, 8.5], "texture": "#texture2"},
				"east": {"uv": [12, 8, 12.5, 8.5], "texture": "#texture2"},
				"south": {"uv": [7, 8, 11, 8.5], "texture": "#texture2"},
				"west": {"uv": [3.5, 8, 4, 8.5], "texture": "#texture2"},
				"up": {"uv": [7, 3.5, 11, 4], "texture": "#texture2"},
				"down": {"uv": [7, 12, 11, 12.5], "texture": "#texture2"}
			}
		},
		{
			"name": "Box23",
			"from": [-9.5, 7.5, 3],
			"to": [-9, 8.5, 3.5],
			"faces": {
				"north": {"uv": [9, 7.5, 9.5, 8.5], "texture": "#texture2"},
				"east": {"uv": [12.5, 7.5, 13, 8.5], "texture": "#texture2"},
				"south": {"uv": [6.5, 7.5, 7, 8.5], "texture": "#texture2"},
				"west": {"uv": [3, 7.5, 3.5, 8.5], "texture": "#texture2"},
				"up": {"uv": [6.5, 3, 7, 3.5], "texture": "#texture2"},
				"down": {"uv": [6.5, 12.5, 7, 13], "texture": "#texture2"}
			}
		},
		{
			"name": "Box24",
			"from": [-3, 7, 2.75],
			"to": [8, 7.5, 3.75],
			"faces": {
				"north": {"uv": [8, 8.5, 16, 9], "texture": "#texture2"},
				"east": {"uv": [12.25, 8.5, 13.25, 9], "texture": "#texture2"},
				"south": {"uv": [0, 8.5, 8, 9], "texture": "#texture2"},
				"west": {"uv": [2.75, 8.5, 3.75, 9], "texture": "#texture2"},
				"up": {"uv": [0, 2.75, 8, 3.75], "texture": "#texture2"},
				"down": {"uv": [0, 12.25, 8, 13.25], "texture": "#texture2"}
			}
		},
		{
			"name": "Box25",
			"from": [8.5, 10, 1.85],
			"to": [9.5, 12, 3.85],
			"rotation": {"angle": 45, "axis": "x", "origin": [8.5, 10, 1.85]},
			"faces": {
				"north": {"uv": [6.5, 5, 7.5, 7], "texture": "#texture"},
				"east": {"uv": [12, 5, 13.5, 7], "texture": "#texture"},
				"south": {"uv": [8.5, 5, 9.5, 7], "texture": "#texture"},
				"west": {"uv": [2.5, 5, 4, 7], "texture": "#texture"},
				"up": {"uv": [8.5, 2.5, 9.5, 4], "texture": "#texture"},
				"down": {"uv": [8.5, 12, 9.5, 13.5], "texture": "#texture"}
			}
		},
		{
			"name": "Box26",
			"from": [7.5, 9.5, 2],
			"to": [8.5, 10.5, 2.5],
			"rotation": {"angle": 45, "axis": "y", "origin": [8.5, 10.5, 2]},
			"faces": {
				"north": {"uv": [8, 6.5, 7, 5.5], "texture": "#texture"},
				"east": {"uv": [2, 5.5, 2.5, 6.5], "rotation": 180, "texture": "#texture"},
				"south": {"uv": [9, 6.5, 8, 5.5], "texture": "#texture"},
				"west": {"uv": [13.5, 5.5, 14, 6.5], "rotation": 180, "texture": "#texture"},
				"up": {"uv": [8, 13.5, 9, 14], "rotation": 180, "texture": "#texture"},
				"down": {"uv": [8, 2, 9, 2.5], "rotation": 180, "texture": "#texture"}
			}
		},
		{
			"name": "Box26",
			"from": [7.5, 9.5, 4],
			"to": [8.5, 10.5, 4.5],
			"rotation": {"angle": -45, "axis": "y", "origin": [8.5, 9.5, 4.5]},
			"faces": {
				"north": {"uv": [8, 5.5, 8.5, 6.5], "texture": "#texture"},
				"east": {"uv": [4, 5.5, 4.5, 6.5], "texture": "#texture"},
				"south": {"uv": [7.5, 5.5, 8, 6.5], "texture": "#texture"},
				"west": {"uv": [11.5, 5.5, 12, 6.5], "texture": "#texture"},
				"up": {"uv": [8, 4, 8.5, 4.5], "rotation": 180, "texture": "#texture"},
				"down": {"uv": [8, 11.5, 8.5, 12], "rotation": 180, "texture": "#texture"}
			}
		},
		{
			"name": "Box28",
			"from": [8.5, 9.5, 2],
			"to": [9.5, 10.5, 2.5],
			"faces": {
				"north": {"uv": [6.5, 5.5, 7.5, 6.5], "texture": "#texture"},
				"east": {"uv": [13.5, 5.5, 14, 6.5], "texture": "#texture"},
				"south": {"uv": [8.5, 5.5, 9.5, 6.5], "texture": "#texture"},
				"west": {"uv": [2, 5.5, 2.5, 6.5], "texture": "#texture"},
				"up": {"uv": [8.5, 2, 9.5, 2.5], "texture": "#texture"},
				"down": {"uv": [8.5, 13.5, 9.5, 14], "texture": "#texture"}
			}
		},
		{
			"name": "Box28",
			"from": [8.5, 9.5, 4],
			"to": [9.5, 10.5, 4.5],
			"faces": {
				"north": {"uv": [6.5, 5.5, 7.5, 6.5], "texture": "#texture"},
				"east": {"uv": [11.5, 5.5, 12, 6.5], "texture": "#texture"},
				"south": {"uv": [8.5, 5.5, 9.5, 6.5], "texture": "#texture"},
				"west": {"uv": [4, 5.5, 4.5, 6.5], "texture": "#texture"},
				"up": {"uv": [8.5, 4, 9.5, 4.5], "texture": "#texture"},
				"down": {"uv": [8.5, 11.5, 9.5, 12], "texture": "#texture"}
			}
		},
		{
			"name": "Box30",
			"from": [8, 7, 2.25],
			"to": [9.5, 9, 4.25],
			"faces": {
				"north": {"uv": [6.5, 7, 8, 9], "texture": "#texture2"},
				"east": {"uv": [11.75, 7, 13.75, 9], "texture": "#texture2"},
				"south": {"uv": [8, 7, 9.5, 9], "texture": "#texture2"},
				"west": {"uv": [2.25, 7, 4.25, 9], "texture": "#texture2"},
				"up": {"uv": [8, 2.25, 9.5, 4.25], "texture": "#texture2"},
				"down": {"uv": [8, 11.75, 9.5, 13.75], "texture": "#texture2"}
			}
		},
		{
			"name": "Box31",
			"from": [9.5, 8, 2],
			"to": [18, 9.5, 4.5],
			"faces": {
				"north": {"uv": [0, 6.5, 6.5, 8], "texture": "#texture1"},
				"east": {"uv": [11.5, 6.5, 14, 8], "texture": "#texture1"},
				"south": {"uv": [9.5, 6.5, 16, 8], "texture": "#texture1"},
				"west": {"uv": [2, 6.5, 4.5, 8], "texture": "#texture1"},
				"up": {"uv": [9.5, 2, 16, 4.5], "texture": "#texture1"},
				"down": {"uv": [9.5, 11.5, 16, 14], "texture": "#texture1"}
			}
		},
		{
			"name": "Box32",
			"from": [9, 7, 2.5],
			"to": [10.5, 8, 4],
			"rotation": {"angle": -22.5, "axis": "z", "origin": [9, 7, 2.5]},
			"faces": {
				"north": {"uv": [5, 8, 6.5, 9], "texture": "#texture2"},
				"east": {"uv": [1, 8, 2, 9], "texture": "#texture2"},
				"south": {"uv": [9.5, 8, 11, 9], "texture": "#texture2"},
				"west": {"uv": [14, 8, 15, 9], "texture": "#texture2"},
				"up": {"uv": [9.5, 14, 11, 15], "texture": "#texture2"},
				"down": {"uv": [9.5, 1, 11, 2], "texture": "#texture2"}
			}
		},
		{
			"name": "Box33",
			"from": [10.5, 6.5, 2.5],
			"to": [11, 7.5, 4],
			"faces": {
				"north": {"uv": [5, 8.5, 5.5, 9.5], "texture": "#texture2"},
				"east": {"uv": [12, 8.5, 13.5, 9.5], "texture": "#texture2"},
				"south": {"uv": [10.5, 8.5, 11, 9.5], "texture": "#texture2"},
				"west": {"uv": [2.5, 8.5, 4, 9.5], "texture": "#texture2"},
				"up": {"uv": [10.5, 2.5, 11, 4], "texture": "#texture2"},
				"down": {"uv": [10.5, 12, 11, 13.5], "texture": "#texture2"}
			}
		},
		{
			"name": "Box34",
			"from": [10, 6.5, 2.5],
			"to": [11, 7, 4],
			"faces": {
				"north": {"uv": [5, 9, 6, 9.5], "texture": "#texture2"},
				"east": {"uv": [12, 9, 13.5, 9.5], "texture": "#texture2"},
				"south": {"uv": [10, 9, 11, 9.5], "texture": "#texture2"},
				"west": {"uv": [2.5, 9, 4, 9.5], "texture": "#texture2"},
				"up": {"uv": [10, 2.5, 11, 4], "texture": "#texture2"},
				"down": {"uv": [10, 12, 11, 13.5], "texture": "#texture2"}
			}
		},
		{
			"name": "Box35",
			"from": [11, 6.5, 2.5],
			"to": [12.5, 7.5, 4],
			"faces": {
				"north": {"uv": [3.5, 8.5, 5, 9.5], "texture": "#texture2"},
				"east": {"uv": [12, 8.5, 13.5, 9.5], "texture": "#texture2"},
				"south": {"uv": [11, 8.5, 12.5, 9.5], "texture": "#texture2"},
				"west": {"uv": [2.5, 8.5, 4, 9.5], "texture": "#texture2"},
				"up": {"uv": [11, 2.5, 12.5, 4], "texture": "#texture2"},
				"down": {"uv": [11, 12, 12.5, 13.5], "texture": "#texture2"}
			}
		},
		{
			"name": "Box36",
			"from": [12.5, 6, 2.75],
			"to": [13, 7.5, 3.75],
			"faces": {
				"north": {"uv": [3, 8.5, 3.5, 10], "texture": "#texture"},
				"east": {"uv": [12.25, 8.5, 13.25, 10], "texture": "#texture"},
				"south": {"uv": [12.5, 8.5, 13, 10], "texture": "#texture"},
				"west": {"uv": [2.75, 8.5, 3.75, 10], "texture": "#texture"},
				"up": {"uv": [12.5, 2.75, 13, 3.75], "texture": "#texture"},
				"down": {"uv": [12.5, 12.25, 13, 13.25], "texture": "#texture"}
			}
		},
		{
			"name": "Box37",
			"from": [12.5, 5.5, 2.75],
			"to": [13, 6, 3.75],
			"rotation": {"angle": 45, "axis": "z", "origin": [12.5, 6, 3.75]},
			"faces": {
				"north": {"uv": [13, 10.5, 12.5, 10], "texture": "#texture"},
				"east": {"uv": [1, 10, 2, 10.5], "rotation": 180, "texture": "#texture"},
				"south": {"uv": [3.5, 10.5, 3, 10], "texture": "#texture"},
				"west": {"uv": [14, 10, 15, 10.5], "rotation": 180, "texture": "#texture"},
				"up": {"uv": [12.5, 1, 13, 2], "texture": "#texture"},
				"down": {"uv": [12.5, 14, 13, 15], "texture": "#texture"}
			}
		},
		{
			"name": "Box38",
			"from": [12.9, 5.6, 2.75],
			"to": [14.9, 6.1, 3.75],
			"faces": {
				"north": {"uv": [1.1, 9.9, 3.1, 10.4], "texture": "#texture"},
				"east": {"uv": [12.25, 9.9, 13.25, 10.4], "texture": "#texture"},
				"south": {"uv": [12.9, 9.9, 14.9, 10.4], "texture": "#texture"},
				"west": {"uv": [2.75, 9.9, 3.75, 10.4], "texture": "#texture"},
				"up": {"uv": [12.9, 2.75, 14.9, 3.75], "texture": "#texture"},
				"down": {"uv": [12.9, 12.25, 14.9, 13.25], "texture": "#texture"}
			}
		},
		{
			"name": "Box39",
			"from": [15, 5.6, 2.75],
			"to": [15.5, 6.1, 3.75],
			"rotation": {"angle": 45, "axis": "z", "origin": [15, 5.6, 2.75]},
			"faces": {
				"north": {"uv": [0.5, 10, 1.5, 10.5], "texture": "#texture"},
				"east": {"uv": [1, 10, 2, 10.5], "texture": "#texture"},
				"south": {"uv": [14.5, 10, 15.5, 10.5], "texture": "#texture"},
				"west": {"uv": [14, 10, 15, 10.5], "texture": "#texture"},
				"up": {"uv": [14.5, 14, 15.5, 15], "texture": "#texture"},
				"down": {"uv": [14.5, 1, 15.5, 2], "texture": "#texture"}
			}
		},
		{
			"name": "Box40",
			"from": [14.9, 6, 2.75],
			"to": [15.4, 7.5, 3.75],
			"faces": {
				"north": {"uv": [0.6, 8.5, 1.1, 10], "texture": "#texture"},
				"east": {"uv": [12.25, 8.5, 13.25, 10], "texture": "#texture"},
				"south": {"uv": [14.9, 8.5, 15.4, 10], "texture": "#texture"},
				"west": {"uv": [2.75, 8.5, 3.75, 10], "texture": "#texture"},
				"up": {"uv": [14.9, 2.75, 15.4, 3.75], "texture": "#texture"},
				"down": {"uv": [14.9, 12.25, 15.4, 13.25], "texture": "#texture"}
			}
		},
		{
			"name": "Box41",
			"from": [15, 6.5, 2.5],
			"to": [16.5, 7.5, 4],
			"faces": {
				"north": {"uv": [0, 8.5, 1, 9.5], "texture": "#texture"},
				"east": {"uv": [12, 8.5, 13.5, 9.5], "texture": "#texture"},
				"south": {"uv": [15, 8.5, 16, 9.5], "texture": "#texture"},
				"west": {"uv": [2.5, 8.5, 4, 9.5], "texture": "#texture"},
				"up": {"uv": [15, 2.5, 16, 4], "texture": "#texture"},
				"down": {"uv": [15, 12, 16, 13.5], "texture": "#texture"}
			}
		},
		{
			"name": "Box42",
			"from": [15, 3.5, 2.5],
			"to": [16.5, 6.5, 4],
			"rotation": {"angle": 22.5, "axis": "z", "origin": [15, 6.5, 4]},
			"faces": {
				"north": {"uv": [16, 12.5, 15.5, 9.5], "texture": "#texture"},
				"east": {"uv": [12, 9.5, 13.5, 12.5], "rotation": 180, "texture": "#texture"},
				"south": {"uv": [0.5, 12.5, 0, 9.5], "texture": "#texture"},
				"west": {"uv": [2.5, 9.5, 4, 12.5], "rotation": 180, "texture": "#texture"},
				"up": {"uv": [15.5, 12, 16, 13.5], "texture": "#texture"},
				"down": {"uv": [15.5, 2.5, 16, 4], "texture": "#texture"}
			}
		},
		{
			"name": "Box43",
			"from": [16.5, 6.5, 2.75],
			"to": [18, 7.5, 3.75],
			"rotation": {"angle": 22.5, "axis": "z", "origin": [16.5, 6.5, 2.75]},
			"faces": {
				"north": {"uv": [14.5, 8.5, 15.5, 9.5], "texture": "#texture"},
				"east": {"uv": [1, 8.5, 2, 9.5], "texture": "#texture"},
				"south": {"uv": [0.5, 8.5, 1.5, 9.5], "texture": "#texture"},
				"west": {"uv": [14, 8.5, 15, 9.5], "texture": "#texture"},
				"up": {"uv": [0.5, 14, 1.5, 15], "texture": "#texture"},
				"down": {"uv": [0.5, 1, 1.5, 2], "texture": "#texture"}
			}
		},
		{
			"name": "Box44",
			"from": [17.5, 7, 2.75],
			"to": [18, 7.5, 3.75],
			"faces": {
				"north": {"uv": [14, 8.5, 14.5, 9], "texture": "#texture"},
				"east": {"uv": [12.25, 8.5, 13.25, 9], "texture": "#texture"},
				"south": {"uv": [1.5, 8.5, 2, 9], "texture": "#texture"},
				"west": {"uv": [2.75, 8.5, 3.75, 9], "texture": "#texture"},
				"up": {"uv": [1.5, 2.75, 2, 3.75], "texture": "#texture"},
				"down": {"uv": [1.5, 12.25, 2, 13.25], "texture": "#texture"}
			}
		},
		{
			"name": "Box45",
			"from": [16, 3.5, 2.75],
			"to": [17.5, 4.5, 3.75],
			"faces": {
				"north": {"uv": [14.5, 12.5, 16, 13], "texture": "#texture"},
				"east": {"uv": [1, 12.5, 2, 13], "texture": "#texture"},
				"south": {"uv": [0, 12.5, 1.5, 13], "texture": "#texture"},
				"west": {"uv": [14, 12.5, 15, 13], "texture": "#texture"},
				"up": {"uv": [0, 14, 1.5, 15], "texture": "#texture"},
				"down": {"uv": [0, 1, 1.5, 2], "texture": "#texture"}
			}
		},
		{
			"name": "Box46",
			"from": [9.5, 9.5, 2.25],
			"to": [17, 11.5, 4.25],
			"faces": {
				"north": {"uv": [0, 4.5, 6.5, 6.5], "texture": "#texture1"},
				"east": {"uv": [11.75, 4.5, 13.75, 6.5], "texture": "#texture1"},
				"south": {"uv": [9.5, 4.5, 16, 6.5], "texture": "#texture1"},
				"west": {"uv": [2.25, 4.5, 4.25, 6.5], "texture": "#texture1"},
				"up": {"uv": [9.5, 2.25, 16, 4.25], "texture": "#texture1"},
				"down": {"uv": [9.5, 11.75, 16, 13.75], "texture": "#texture1"}
			}
		},
		{
			"name": "Box47",
			"from": [8.5, 10.5, 2.5],
			"to": [9.5, 11.5, 4],
			"faces": {
				"north": {"uv": [6.5, 4.5, 7.5, 5.5], "texture": "#texture"},
				"east": {"uv": [12, 4.5, 13.5, 5.5], "texture": "#texture"},
				"south": {"uv": [8.5, 4.5, 9.5, 5.5], "texture": "#texture"},
				"west": {"uv": [2.5, 4.5, 4, 5.5], "texture": "#texture"},
				"up": {"uv": [8.5, 2.5, 9.5, 4], "texture": "#texture"},
				"down": {"uv": [8.5, 12, 9.5, 13.5], "texture": "#texture"}
			}
		},
		{
			"name": "Box48",
			"from": [17, 10, 2.5],
			"to": [18, 11.5, 4],
			"faces": {
				"north": {"uv": [1, 4.5, 2, 6.5], "texture": "#texture1"},
				"east": {"uv": [14, 4.5, 15, 6.5], "texture": "#texture1"},
				"south": {"uv": [14, 4.5, 15, 6.5], "texture": "#texture1"},
				"west": {"uv": [1, 4.5, 2, 6.5], "texture": "#texture1"},
				"up": {"uv": [1, 14, 2, 15], "rotation": 180, "texture": "#texture1"},
				"down": {"uv": [1, 1, 2, 2], "rotation": 180, "texture": "#texture1"}
			}
		},
		{
			"name": "Box49",
			"from": [18, 7.5, 2.5],
			"to": [24.5, 8.5, 4],
			"faces": {
				"north": {"uv": [7.5, 7.5, 14, 8.5], "texture": "#texture1"},
				"east": {"uv": [12, 7.5, 13.5, 8.5], "texture": "#texture1"},
				"south": {"uv": [2, 7.5, 8.5, 8.5], "texture": "#texture1"},
				"west": {"uv": [2.5, 7.5, 4, 8.5], "texture": "#texture1"},
				"up": {"uv": [2, 2.5, 8.5, 4], "texture": "#texture1"},
				"down": {"uv": [2, 12, 8.5, 13.5], "texture": "#texture1"}
			}
		},
		{
			"name": "Box49",
			"from": [24.5, 7.5, 2.75],
			"to": [27, 8.5, 3.75],
			"faces": {
				"north": {"uv": [5, 7.5, 7.5, 8.5], "texture": "#texture1"},
				"east": {"uv": [12.25, 7.5, 13.25, 8.5], "texture": "#texture1"},
				"south": {"uv": [8.5, 7.5, 11, 8.5], "texture": "#texture1"},
				"west": {"uv": [2.75, 7.5, 3.75, 8.5], "texture": "#texture1"},
				"up": {"uv": [8.5, 2.75, 11, 3.75], "texture": "#texture1"},
				"down": {"uv": [8.5, 12.25, 11, 13.25], "texture": "#texture1"}
			}
		},
		{
			"name": "Box51",
			"from": [18, 7, 2.75],
			"to": [19.5, 7.5, 3.75],
			"rotation": {"angle": 22.5, "axis": "z", "origin": [18, 7, 2.75]},
			"faces": {
				"north": {"uv": [12.5, 8.5, 14, 9], "texture": "#texture"},
				"east": {"uv": [1, 8.5, 2, 9], "texture": "#texture"},
				"south": {"uv": [2, 8.5, 3.5, 9], "texture": "#texture"},
				"west": {"uv": [14, 8.5, 15, 9], "texture": "#texture"},
				"up": {"uv": [2, 14, 3.5, 15], "texture": "#texture"},
				"down": {"uv": [2, 1, 3.5, 2], "texture": "#texture"}
			}
		},
		{
			"name": "Box52",
			"from": [26, 7.5, 2.6],
			"to": [27.5, 8.5, 3.8],
			"rotation": {"angle": -45, "axis": "z", "origin": [26, 7.5, 2.6]},
			"faces": {
				"north": {"uv": [6, 7.5, 7.5, 8.5], "texture": "#texture1"},
				"east": {"uv": [1, 7.5, 2, 8.5], "texture": "#texture1"},
				"south": {"uv": [8.5, 7.5, 10, 8.5], "texture": "#texture1"},
				"west": {"uv": [14, 7.5, 15, 8.5], "texture": "#texture1"},
				"up": {"uv": [8.5, 14, 10, 15], "texture": "#texture1"},
				"down": {"uv": [8.5, 1, 10, 2], "texture": "#texture1"}
			}
		},
		{
			"name": "Box53",
			"from": [26.5, 5, 2.75],
			"to": [27.5, 7.5, 3.75],
			"rotation": {"angle": 22.5, "axis": "z", "origin": [27.5, 7.5, 2.75]},
			"faces": {
				"north": {"uv": [7.5, 11.5, 6.5, 9], "texture": "#texture1"},
				"east": {"uv": [14, 9, 15, 11.5], "rotation": 180, "texture": "#texture1"},
				"south": {"uv": [9.5, 11.5, 8.5, 9], "texture": "#texture1"},
				"west": {"uv": [1, 9, 2, 11.5], "rotation": 180, "texture": "#texture1"},
				"up": {"uv": [8.5, 1, 9.5, 2], "rotation": 180, "texture": "#texture1"},
				"down": {"uv": [8.5, 14, 9.5, 15], "rotation": 180, "texture": "#texture1"}
			}
		},
		{
			"name": "Box54",
			"from": [27.5, 4.5, 2.5],
			"to": [28.5, 10, 4],
			"faces": {
				"north": {"uv": [3.5, 6, 4.5, 11.5], "texture": "#texture1"},
				"east": {"uv": [12, 6, 13.5, 11.5], "texture": "#texture1"},
				"south": {"uv": [11.5, 6, 12.5, 11.5], "texture": "#texture1"},
				"west": {"uv": [2.5, 6, 4, 11.5], "texture": "#texture1"},
				"up": {"uv": [11.5, 2.5, 12.5, 4], "texture": "#texture1"},
				"down": {"uv": [11.5, 12, 12.5, 13.5], "texture": "#texture1"}
			}
		},
		{
			"name": "Box55",
			"from": [26.5, 7, 2.5],
			"to": [27.5, 10, 4],
			"faces": {
				"north": {"uv": [4.5, 6, 5.5, 9], "texture": "#texture1"},
				"east": {"uv": [12, 6, 13.5, 9], "texture": "#texture1"},
				"south": {"uv": [10.5, 6, 11.5, 9], "texture": "#texture1"},
				"west": {"uv": [2.5, 6, 4, 9], "texture": "#texture1"},
				"up": {"uv": [10.5, 2.5, 11.5, 4], "texture": "#texture1"},
				"down": {"uv": [10.5, 12, 11.5, 13.5], "texture": "#texture1"}
			}
		},
		{
			"name": "Box56",
			"from": [18, 8.5, 2.5],
			"to": [26.5, 9.5, 3.5],
			"rotation": {"angle": 22.5, "axis": "x", "origin": [18, 8.5, 2.5]},
			"faces": {
				"north": {"uv": [5.5, 6.5, 14, 7.5], "texture": "#texture"},
				"east": {"uv": [12.5, 6.5, 13.5, 7.5], "texture": "#texture"},
				"south": {"uv": [2, 6.5, 10.5, 7.5], "texture": "#texture"},
				"west": {"uv": [2.5, 6.5, 3.5, 7.5], "texture": "#texture"},
				"up": {"uv": [2, 2.5, 10.5, 3.5], "texture": "#texture"},
				"down": {"uv": [2, 12.5, 10.5, 13.5], "texture": "#texture"}
			}
		},
		{
			"name": "Box56",
			"from": [18, 8.5, 3],
			"to": [26.5, 9.5, 4],
			"rotation": {"angle": -22.5, "axis": "x", "origin": [26.5, 8.5, 4]},
			"faces": {
				"north": {"uv": [2, 6.5, 10.5, 7.5], "texture": "#texture"},
				"east": {"uv": [2.5, 6.5, 3.5, 7.5], "texture": "#texture"},
				"south": {"uv": [5.5, 6.5, 14, 7.5], "texture": "#texture"},
				"west": {"uv": [12.5, 6.5, 13.5, 7.5], "texture": "#texture"},
				"up": {"uv": [2, 2.5, 10.5, 3.5], "rotation": 180, "texture": "#texture"},
				"down": {"uv": [2, 12.5, 10.5, 13.5], "rotation": 180, "texture": "#texture"}
			}
		},
		{
			"name": "Box58",
			"from": [17, 9, 2.75],
			"to": [26.5, 10, 3.75],
			"faces": {
				"north": {"uv": [5.5, 6, 15, 7], "texture": "#texture1"},
				"east": {"uv": [12.25, 6, 13.25, 7], "texture": "#texture1"},
				"south": {"uv": [1, 6, 10.5, 7], "texture": "#texture1"},
				"west": {"uv": [2.75, 6, 3.75, 7], "texture": "#texture1"},
				"up": {"uv": [1, 2.75, 10.5, 3.75], "texture": "#texture1"},
				"down": {"uv": [1, 12.25, 10.5, 13.25], "texture": "#texture1"}
			}
		},
		{
			"name": "Box59",
			"from": [20, 9, 2.65],
			"to": [23.5, 10, 3.85],
			"rotation": {"angle": -22.5, "axis": "z", "origin": [23.5, 10, 3.85]},
			"faces": {
				"north": {"uv": [3, 6, 2, 4.5], "rotation": 270, "texture": "#texture1"},
				"east": {"uv": [2, 1, 3, 2], "rotation": 90, "texture": "#texture1"},
				"south": {"uv": [14, 6, 13, 4.5], "rotation": 90, "texture": "#texture1"},
				"west": {"uv": [3, 15, 2, 14], "rotation": 270, "texture": "#texture1"},
				"up": {"uv": [14, 4.5, 15, 6], "rotation": 270, "texture": "#texture1"},
				"down": {"uv": [2, 6, 1, 4.5], "rotation": 90, "texture": "#texture1"}
			}
		},
		{
			"name": "Box60",
			"from": [18, 10, 2.5],
			"to": [21, 11.5, 4],
			"faces": {
				"north": {"uv": [11, 4.5, 14, 6], "texture": "#texture1"},
				"east": {"uv": [12, 4.5, 13.5, 6], "texture": "#texture1"},
				"south": {"uv": [2, 4.5, 5, 6], "texture": "#texture1"},
				"west": {"uv": [2.5, 4.5, 4, 6], "texture": "#texture1"},
				"up": {"uv": [2, 2.5, 5, 4], "texture": "#texture1"},
				"down": {"uv": [2, 12, 5, 13.5], "texture": "#texture1"}
			}
		},
		{
			"name": "Box61",
			"from": [21, 10, 2.75],
			"to": [25.5, 11, 3.75],
			"faces": {
				"north": {"uv": [6.5, 5, 11, 6], "texture": "#texture4"},
				"east": {"uv": [12.25, 5, 13.25, 6], "texture": "#texture4"},
				"south": {"uv": [5, 5, 9.5, 6], "texture": "#texture4"},
				"west": {"uv": [2.75, 5, 3.75, 6], "texture": "#texture4"},
				"up": {"uv": [5, 2.75, 9.5, 3.75], "texture": "#texture4"},
				"down": {"uv": [5, 12.25, 9.5, 13.25], "texture": "#texture4"}
			}
		},
		{
			"name": "Box62",
			"from": [25.5, 10, 2.5],
			"to": [27, 11.5, 4],
			"faces": {
				"north": {"uv": [5, 4.5, 6.5, 6], "texture": "#texture1"},
				"east": {"uv": [12, 4.5, 13.5, 6], "texture": "#texture1"},
				"south": {"uv": [9.5, 4.5, 11, 6], "texture": "#texture1"},
				"west": {"uv": [2.5, 4.5, 4, 6], "texture": "#texture1"},
				"up": {"uv": [9.5, 2.5, 11, 4], "texture": "#texture1"},
				"down": {"uv": [9.5, 12, 11, 13.5], "texture": "#texture1"}
			}
		},
		{
			"name": "Box63",
			"from": [26.5, 10, 2.5],
			"to": [28, 11, 4],
			"faces": {
				"north": {"uv": [4, 5, 5.5, 6], "texture": "#texture1"},
				"east": {"uv": [12, 5, 13.5, 6], "texture": "#texture1"},
				"south": {"uv": [10.5, 5, 12, 6], "texture": "#texture1"},
				"west": {"uv": [2.5, 5, 4, 6], "texture": "#texture1"},
				"up": {"uv": [10.5, 2.5, 12, 4], "texture": "#texture1"},
				"down": {"uv": [10.5, 12, 12, 13.5], "texture": "#texture1"}
			}
		},
		{
			"name": "Box64",
			"from": [26.5, 11, 2.75],
			"to": [27.5, 11.5, 3.75],
			"rotation": {"angle": -22.5, "axis": "z", "origin": [26.5, 11, 2.75]},
			"faces": {
				"north": {"uv": [4.5, 4.5, 5.5, 5], "texture": "#texture1"},
				"east": {"uv": [1, 4.5, 2, 5], "texture": "#texture1"},
				"south": {"uv": [10.5, 4.5, 11.5, 5], "texture": "#texture1"},
				"west": {"uv": [14, 4.5, 15, 5], "texture": "#texture1"},
				"up": {"uv": [10.5, 14, 11.5, 15], "texture": "#texture1"},
				"down": {"uv": [10.5, 1, 11.5, 2], "texture": "#texture1"}
			}
		},
		{
			"name": "Box65",
			"from": [21, 9, 2.5],
			"to": [26.5, 10, 4],
			"faces": {
				"north": {"uv": [5.5, 6, 11, 7], "texture": "#texture1"},
				"east": {"uv": [12, 6, 13.5, 7], "texture": "#texture1"},
				"south": {"uv": [5, 6, 10.5, 7], "texture": "#texture1"},
				"west": {"uv": [2.5, 6, 4, 7], "texture": "#texture1"},
				"up": {"uv": [5, 2.5, 10.5, 4], "texture": "#texture1"},
				"down": {"uv": [5, 12, 10.5, 13.5], "texture": "#texture1"}
			}
		},
		{
			"name": "Box66",
			"from": [-8.5, 9, 2.25],
			"to": [8, 11, 2.75],
			"faces": {
				"north": {"uv": [8, 5, 16, 7], "texture": "#texture"},
				"east": {"uv": [13.25, 5, 13.75, 7], "texture": "#texture"},
				"south": {"uv": [0, 5, 8, 7], "texture": "#texture"},
				"west": {"uv": [2.25, 5, 2.75, 7], "texture": "#texture"},
				"up": {"uv": [0, 2.25, 8, 2.75], "texture": "#texture"},
				"down": {"uv": [0, 13.25, 8, 13.75], "texture": "#texture"}
			}
		},
		{
			"name": "Box66",
			"from": [-8.5, 9, 3.75],
			"to": [8, 11, 4.25],
			"faces": {
				"north": {"uv": [8, 5, 16, 7], "texture": "#texture"},
				"east": {"uv": [11.75, 5, 12.25, 7], "texture": "#texture"},
				"south": {"uv": [0, 5, 8, 7], "texture": "#texture"},
				"west": {"uv": [3.75, 5, 4.25, 7], "texture": "#texture"},
				"up": {"uv": [0, 3.75, 8, 4.25], "texture": "#texture"},
				"down": {"uv": [0, 11.75, 8, 12.25], "texture": "#texture"}
			}
		},
		{
			"name": "Box68",
			"from": [14.5, 6.5, 3],
			"to": [15.5, 8, 3.5],
			"rotation": {"angle": 22.5, "axis": "z", "origin": [14.5, 6.5, 3]},
			"faces": {
				"north": {"uv": [1, 8, 2, 9.5], "texture": "#texture"},
				"east": {"uv": [1, 8, 2, 9.5], "texture": "#texture"},
				"south": {"uv": [14, 8, 15, 9.5], "texture": "#texture"},
				"west": {"uv": [14, 8, 15, 9.5], "texture": "#texture"},
				"up": {"uv": [14, 14, 15, 15], "texture": "#texture"},
				"down": {"uv": [14, 1, 15, 2], "texture": "#texture"}
			}
		},
		{
			"name": "Box69",
			"from": [9, 7.5, 2.5],
			"to": [13, 8, 4],
			"faces": {
				"north": {"uv": [3, 8, 7, 8.5], "texture": "#texture2"},
				"east": {"uv": [12, 8, 13.5, 8.5], "texture": "#texture2"},
				"south": {"uv": [9, 8, 13, 8.5], "texture": "#texture2"},
				"west": {"uv": [2.5, 8, 4, 8.5], "texture": "#texture2"},
				"up": {"uv": [9, 2.5, 13, 4], "texture": "#texture2"},
				"down": {"uv": [9, 12, 13, 13.5], "texture": "#texture2"}
			}
		},
		{
			"name": "Box69",
			"from": [15, 7.5, 2.5],
			"to": [18, 8, 4],
			"faces": {
				"north": {"uv": [0, 8, 1, 8.5], "texture": "#texture"},
				"east": {"uv": [12, 8, 13.5, 8.5], "texture": "#texture"},
				"south": {"uv": [15, 8, 16, 8.5], "texture": "#texture"},
				"west": {"uv": [2.5, 8, 4, 8.5], "texture": "#texture"},
				"up": {"uv": [15, 2.5, 16, 4], "texture": "#texture"},
				"down": {"uv": [15, 12, 16, 13.5], "texture": "#texture"}
			}
		},
		{
			"name": "Box69",
			"from": [13, 7.5, 3],
			"to": [15, 8, 4],
			"rotation": {"angle": 22.5, "axis": "x", "origin": [13, 8, 4]},
			"faces": {
				"north": {"uv": [15, 8.5, 13, 8], "texture": "#texture"},
				"east": {"uv": [12.5, 8, 13.5, 8.5], "rotation": 180, "texture": "#texture"},
				"south": {"uv": [3, 8.5, 1, 8], "texture": "#texture"},
				"west": {"uv": [2.5, 8, 3.5, 8.5], "rotation": 180, "texture": "#texture"},
				"up": {"uv": [13, 12.5, 15, 13.5], "texture": "#texture"},
				"down": {"uv": [13, 2.5, 15, 3.5], "texture": "#texture"}
			}
		},
		{
			"name": "Box69",
			"from": [13, 7.5, 2.5],
			"to": [15, 8, 3.5],
			"rotation": {"angle": -22.5, "axis": "x", "origin": [15, 8, 2.5]},
			"faces": {
				"north": {"uv": [3, 8.5, 1, 8], "texture": "#texture"},
				"east": {"uv": [2.5, 8, 3.5, 8.5], "rotation": 180, "texture": "#texture"},
				"south": {"uv": [15, 8.5, 13, 8], "texture": "#texture"},
				"west": {"uv": [12.5, 8, 13.5, 8.5], "rotation": 180, "texture": "#texture"},
				"up": {"uv": [13, 12.5, 15, 13.5], "rotation": 180, "texture": "#texture"},
				"down": {"uv": [13, 2.5, 15, 3.5], "rotation": 180, "texture": "#texture"}
			}
		},
		{
			"name": "Box73",
			"from": [13, 7.5, 3],
			"to": [15, 8, 3.5],
			"faces": {
				"north": {"uv": [1, 8, 3, 8.5], "texture": "#texture"},
				"east": {"uv": [12.5, 8, 13, 8.5], "texture": "#texture"},
				"south": {"uv": [13, 8, 15, 8.5], "texture": "#texture"},
				"west": {"uv": [3, 8, 3.5, 8.5], "texture": "#texture"},
				"up": {"uv": [13, 3, 15, 3.5], "texture": "#texture"},
				"down": {"uv": [13, 12.5, 15, 13], "texture": "#texture"}
			}
		},
		{
			"name": "Box74",
			"from": [13, 11.5, 2.5],
			"to": [15.5, 12, 4],
			"faces": {
				"north": {"uv": [0.5, 4, 3, 4.5], "texture": "#texture2"},
				"east": {"uv": [12, 4, 13.5, 4.5], "texture": "#texture2"},
				"south": {"uv": [13, 4, 15.5, 4.5], "texture": "#texture2"},
				"west": {"uv": [2.5, 4, 4, 4.5], "texture": "#texture2"},
				"up": {"uv": [13, 2.5, 15.5, 4], "texture": "#texture2"},
				"down": {"uv": [13, 12, 15.5, 13.5], "texture": "#texture2"}
			}
		},
		{
			"name": "Box75",
			"from": [12, 12, 2.25],
			"to": [16, 12.5, 4.25],
			"faces": {
				"north": {"uv": [0, 3.5, 4, 4], "texture": "#texture2"},
				"east": {"uv": [11.75, 3.5, 13.75, 4], "texture": "#texture2"},
				"south": {"uv": [12, 3.5, 16, 4], "texture": "#texture2"},
				"west": {"uv": [2.25, 3.5, 4.25, 4], "texture": "#texture2"},
				"up": {"uv": [12, 2.25, 16, 4.25], "texture": "#texture2"},
				"down": {"uv": [12, 11.75, 16, 13.75], "texture": "#texture2"}
			}
		},
		{
			"name": "Box76",
			"from": [12, 12, 4],
			"to": [16, 13, 4.5],
			"rotation": {"angle": 22.5, "axis": "x", "origin": [12, 12, 4]},
			"faces": {
				"north": {"uv": [0, 3, 4, 4], "texture": "#texture2"},
				"east": {"uv": [13.5, 3, 14, 4], "texture": "#texture2"},
				"south": {"uv": [12, 3, 16, 4], "texture": "#texture2"},
				"west": {"uv": [2, 3, 2.5, 4], "texture": "#texture2"},
				"up": {"uv": [12, 2, 16, 2.5], "texture": "#texture2"},
				"down": {"uv": [12, 13.5, 16, 14], "texture": "#texture2"}
			}
		},
		{
			"name": "Box76",
			"from": [12, 12, 2],
			"to": [16, 13, 2.5],
			"rotation": {"angle": -22.5, "axis": "x", "origin": [16, 12, 2.5]},
			"faces": {
				"north": {"uv": [12, 3, 16, 4], "texture": "#texture2"},
				"east": {"uv": [2, 3, 2.5, 4], "texture": "#texture2"},
				"south": {"uv": [0, 3, 4, 4], "texture": "#texture2"},
				"west": {"uv": [13.5, 3, 14, 4], "texture": "#texture2"},
				"up": {"uv": [12, 2, 16, 2.5], "rotation": 180, "texture": "#texture2"},
				"down": {"uv": [12, 13.5, 16, 14], "rotation": 180, "texture": "#texture2"}
			}
		},
		{
			"name": "Box78",
			"from": [12, 12.5, 4.3],
			"to": [16, 14, 4.8],
			"faces": {
				"north": {"uv": [0, 2, 4, 3.5], "texture": "#texture2"},
				"east": {"uv": [11.2, 2, 11.7, 3.5], "texture": "#texture2"},
				"south": {"uv": [12, 2, 16, 3.5], "texture": "#texture2"},
				"west": {"uv": [4.3, 2, 4.8, 3.5], "texture": "#texture2"},
				"up": {"uv": [12, 4.3, 16, 4.8], "texture": "#texture2"},
				"down": {"uv": [12, 11.2, 16, 11.7], "texture": "#texture2"}
			}
		},
		{
			"name": "Box78",
			"from": [12, 12.5, 1.7],
			"to": [16, 14, 2.2],
			"faces": {
				"north": {"uv": [0, 2, 4, 3.5], "texture": "#texture2"},
				"east": {"uv": [13.8, 2, 14.3, 3.5], "texture": "#texture2"},
				"south": {"uv": [12, 2, 16, 3.5], "texture": "#texture2"},
				"west": {"uv": [1.7, 2, 2.2, 3.5], "texture": "#texture2"},
				"up": {"uv": [12, 1.7, 16, 2.2], "texture": "#texture2"},
				"down": {"uv": [12, 13.8, 16, 14.3], "texture": "#texture2"}
			}
		},
		{
			"name": "Box82",
			"from": [12, 14, 1.7],
			"to": [16, 15, 2.2],
			"rotation": {"angle": 45, "axis": "x", "origin": [12, 14, 1.7]},
			"faces": {
				"north": {"uv": [0, 1, 4, 2], "texture": "#texture2"},
				"east": {"uv": [13.8, 1, 14.3, 2], "texture": "#texture2"},
				"south": {"uv": [12, 1, 16, 2], "texture": "#texture2"},
				"west": {"uv": [1.7, 1, 2.2, 2], "texture": "#texture2"},
				"up": {"uv": [12, 1.7, 16, 2.2], "texture": "#texture2"},
				"down": {"uv": [12, 13.8, 16, 14.3], "texture": "#texture2"}
			}
		},
		{
			"name": "Box82",
			"from": [12, 14, 4.3],
			"to": [16, 15, 4.8],
			"rotation": {"angle": -45, "axis": "x", "origin": [16, 14, 4.8]},
			"faces": {
				"north": {"uv": [12, 1, 16, 2], "texture": "#texture2"},
				"east": {"uv": [1.7, 1, 2.2, 2], "texture": "#texture2"},
				"south": {"uv": [0, 1, 4, 2], "texture": "#texture2"},
				"west": {"uv": [13.8, 1, 14.3, 2], "texture": "#texture2"},
				"up": {"uv": [12, 1.7, 16, 2.2], "rotation": 180, "texture": "#texture2"},
				"down": {"uv": [12, 13.8, 16, 14.3], "rotation": 180, "texture": "#texture2"}
			}
		},
		{
			"name": "Box84",
			"from": [12, 14.2, 2.5],
			"to": [16, 14.7, 4],
			"faces": {
				"north": {"uv": [0, 1.3, 4, 1.8], "texture": "#texture2"},
				"east": {"uv": [12, 1.3, 13.5, 1.8], "texture": "#texture2"},
				"south": {"uv": [12, 1.3, 16, 1.8], "texture": "#texture2"},
				"west": {"uv": [2.5, 1.3, 4, 1.8], "texture": "#texture2"},
				"up": {"uv": [12, 2.5, 16, 4], "texture": "#texture2"},
				"down": {"uv": [12, 12, 16, 13.5], "texture": "#texture2"}
			}
		},
		{
			"name": "Box85",
			"from": [12, 11.75, 2.25],
			"to": [16, 12.25, 4.25],
			"faces": {
				"north": {"uv": [0, 3.75, 4, 4.25], "texture": "#texture2"},
				"east": {"uv": [11.75, 3.75, 13.75, 4.25], "texture": "#texture2"},
				"south": {"uv": [12, 3.75, 16, 4.25], "texture": "#texture2"},
				"west": {"uv": [2.25, 3.75, 4.25, 4.25], "texture": "#texture2"},
				"up": {"uv": [12, 2.25, 16, 4.25], "texture": "#texture2"},
				"down": {"uv": [12, 11.75, 16, 13.75], "texture": "#texture2"}
			}
		},
		{
			"name": "Box88",
			"from": [12.5, 14, 1.5],
			"to": [13, 14.5, 5],
			"rotation": {"angle": -45, "axis": "z", "origin": [12.5, 14, 1.5]},
			"faces": {
				"north": {"uv": [3, 1.5, 3.5, 2], "texture": "#texture5"},
				"east": {"uv": [11, 1.5, 14.5, 2], "texture": "#texture5"},
				"south": {"uv": [12.5, 1.5, 13, 2], "texture": "#texture5"},
				"west": {"uv": [1.5, 1.5, 5, 2], "texture": "#texture5"},
				"up": {"uv": [12.5, 1.5, 13, 5], "texture": "#texture5"},
				"down": {"uv": [12.5, 11, 13, 14.5], "texture": "#texture5"}
			}
		},
		{
			"name": "Box88",
			"from": [15, 14, 1.5],
			"to": [15.5, 14.5, 5],
			"rotation": {"angle": -45, "axis": "z", "origin": [15, 14, 1.5]},
			"faces": {
				"north": {"uv": [3, 1.5, 3.5, 2], "texture": "#texture5"},
				"east": {"uv": [11, 1.5, 14.5, 2], "texture": "#texture5"},
				"south": {"uv": [12.5, 1.5, 13, 2], "texture": "#texture5"},
				"west": {"uv": [1.5, 1.5, 5, 2], "texture": "#texture5"},
				"up": {"uv": [12.5, 1.5, 13, 5], "texture": "#texture5"},
				"down": {"uv": [12.5, 11, 13, 14.5], "texture": "#texture5"}
			}
		},
		{
			"name": "Box90",
			"from": [12, 13.75, 2.25],
			"to": [16, 14.25, 4.25],
			"faces": {
				"north": {"uv": [0, 1.75, 4, 2.25], "texture": "#texture2"},
				"east": {"uv": [11.75, 1.75, 13.75, 2.25], "texture": "#texture2"},
				"south": {"uv": [12, 1.75, 16, 2.25], "texture": "#texture2"},
				"west": {"uv": [2.25, 1.75, 4.25, 2.25], "texture": "#texture2"},
				"up": {"uv": [12, 2.25, 16, 4.25], "texture": "#texture2"},
				"down": {"uv": [12, 11.75, 16, 13.75], "texture": "#texture2"}
			}
		},
		{
			"name": "Box91",
			"from": [15, 12.5, 2],
			"to": [15.5, 14, 4.5],
			"faces": {
				"north": {"uv": [0.5, 2, 1, 3.5], "texture": "#texture6"},
				"east": {"uv": [11.5, 2, 14, 3.5], "texture": "#texture6"},
				"south": {"uv": [15, 2, 15.5, 3.5], "texture": "#texture6"},
				"west": {"uv": [2, 2, 4.5, 3.5], "texture": "#texture6"},
				"up": {"uv": [15, 2, 15.5, 4.5], "texture": "#texture6"},
				"down": {"uv": [15, 11.5, 15.5, 14], "texture": "#texture6"}
			}
		},
		{
			"name": "Box91",
			"from": [12.5, 12.5, 2],
			"to": [13, 14, 4.5],
			"faces": {
				"north": {"uv": [3, 2, 3.5, 3.5], "texture": "#texture6"},
				"east": {"uv": [11.5, 2, 14, 3.5], "texture": "#texture6"},
				"south": {"uv": [12.5, 2, 13, 3.5], "texture": "#texture6"},
				"west": {"uv": [2, 2, 4.5, 3.5], "texture": "#texture6"},
				"up": {"uv": [12.5, 2, 13, 4.5], "texture": "#texture6"},
				"down": {"uv": [12.5, 11.5, 13, 14], "texture": "#texture6"}
			}
		},
		{
			"name": "Box93",
			"from": [-8, 10, 4.1],
			"to": [7.5, 10.25, 4.35],
			"faces": {
				"north": {"uv": [8.5, 5.75, 16, 6], "texture": "#texture3"},
				"east": {"uv": [11.65, 5.75, 11.9, 6], "texture": "#texture3"},
				"south": {"uv": [0, 5.75, 7.5, 6], "texture": "#texture3"},
				"west": {"uv": [4.1, 5.75, 4.35, 6], "texture": "#texture3"},
				"up": {"uv": [0, 4.1, 7.5, 4.35], "texture": "#texture3"},
				"down": {"uv": [0, 11.65, 7.5, 11.9], "texture": "#texture3"}
			}
		},
		{
			"name": "Box93",
			"from": [-8, 10, 2.2],
			"to": [7.5, 10.25, 2.45],
			"faces": {
				"north": {"uv": [8.5, 5.75, 16, 6], "texture": "#texture3"},
				"east": {"uv": [13.55, 5.75, 13.8, 6], "texture": "#texture3"},
				"south": {"uv": [0, 5.75, 7.5, 6], "texture": "#texture3"},
				"west": {"uv": [2.2, 5.75, 2.45, 6], "texture": "#texture3"},
				"up": {"uv": [0, 2.2, 7.5, 2.45], "texture": "#texture3"},
				"down": {"uv": [0, 13.55, 7.5, 13.8], "texture": "#texture3"}
			}
		}
	],
	"display": {
		"thirdperson_righthand": {
			"rotation": [0, -90, 0],
			"translation": [-3.478, 0, -4.173],
			"scale": [0.8, 0.8, 0.8]
		},
		"thirdperson_lefthand": {
			"rotation": [0, 90, 0],
			"translation": [3.47, 0, -4.173],
			"scale": [0.8, 0.8, 0.8]
		},
		"firstperson_righthand": {
			"rotation": [0, -90, 0],
			"translation": [-7.652, 1.3913, -4.869]
		},
		"firstperson_lefthand": {
			"rotation": [0, 90, 0],
			"translation": [-7.652, 1.3913, -4.869]
		},
		"ground": {
			"rotation": [-90, 0, 0],
			"translation": [0, 0.6956, 0],
			"scale": [0.8, 0.8, 0.8]
		},
		"gui": {
			"rotation": [14, 50, 0],
			"translation": [0.6956, 0, 0],
			"scale": [0.5, 0.5, 0.5]
		},
		"head": {
			"translation": [-0.75, 0, 4.75]
		}
	}
}