{
	"credit": "Designed by Sgeorge1970 with Cubik Studio - https://cubik.studio",
	"textures": {
		"texture": "guns/tan2",
		"texture1": "guns/gray5",
		"texture2": "guns/scope2",
		"particle": "blocks/e_particle"
	},
	"elements": [
		{
			"name": "Box1",
			"from": [-6.5, 9.5, 3],
			"to": [3.5, 10, 4.5],
			"faces": {
				"north": {"uv": [12.5, 6, 16, 6.5], "texture": "#texture"},
				"east": {"uv": [11.5, 6, 13, 6.5], "texture": "#texture"},
				"south": {"uv": [0, 6, 3.5, 6.5], "texture": "#texture"},
				"west": {"uv": [3, 6, 4.5, 6.5], "texture": "#texture"},
				"up": {"uv": [0, 3, 3.5, 4.5], "texture": "#texture"},
				"down": {"uv": [0, 11.5, 3.5, 13], "texture": "#texture"}
			}
		},
		{
			"name": "Box2",
			"from": [-6.5, 10, 3],
			"to": [11, 11, 3.5],
			"rotation": {"angle": 22.5, "axis": "x", "origin": [-6.5, 10, 3]},
			"faces": {
				"north": {"uv": [4, 5, 14, 6], "texture": "#texture"},
				"east": {"uv": [12, 5, 13, 6], "texture": "#texture"},
				"south": {"uv": [2, 5, 12, 6], "texture": "#texture"},
				"west": {"uv": [3, 5, 4, 6], "texture": "#texture"},
				"up": {"uv": [2, 3, 12, 4], "texture": "#texture"},
				"down": {"uv": [2, 12, 12, 13], "texture": "#texture"}
			}
		},
		{
			"name": "Box2",
			"from": [-6.5, 10, 4],
			"to": [11, 11, 4.5],
			"rotation": {"angle": -22.5, "axis": "x", "origin": [11, 10, 4.5]},
			"faces": {
				"north": {"uv": [2, 5, 12, 6], "texture": "#texture"},
				"east": {"uv": [3, 5, 4, 6], "texture": "#texture"},
				"south": {"uv": [4, 5, 14, 6], "texture": "#texture"},
				"west": {"uv": [12, 5, 13, 6], "texture": "#texture"},
				"up": {"uv": [2, 3, 12, 4], "rotation": 180, "texture": "#texture"},
				"down": {"uv": [2, 12, 12, 13], "rotation": 180, "texture": "#texture"}
			}
		},
		{
			"name": "Box4",
			"from": [-6.5, 10, 3.5],
			"to": [11, 11, 4],
			"faces": {
				"north": {"uv": [5, 5, 16, 6], "texture": "#texture"},
				"east": {"uv": [12, 5, 12.5, 6], "texture": "#texture"},
				"south": {"uv": [0, 5, 11, 6], "texture": "#texture"},
				"west": {"uv": [3.5, 5, 4, 6], "texture": "#texture"},
				"up": {"uv": [0, 3.5, 11, 4], "texture": "#texture"},
				"down": {"uv": [0, 12, 11, 12.5], "texture": "#texture"}
			}
		},
		{
			"name": "Box4",
			"from": [-6.5, 9, 3.5],
			"to": [3.5, 9.5, 4],
			"faces": {
				"north": {"uv": [12.5, 6.5, 16, 7], "texture": "#texture"},
				"east": {"uv": [12, 6.5, 12.5, 7], "texture": "#texture"},
				"south": {"uv": [0, 6.5, 3.5, 7], "texture": "#texture"},
				"west": {"uv": [3.5, 6.5, 4, 7], "texture": "#texture"},
				"up": {"uv": [0, 3.5, 3.5, 4], "texture": "#texture"},
				"down": {"uv": [0, 12, 3.5, 12.5], "texture": "#texture"}
			}
		},
		{
			"name": "Box6",
			"from": [-6.5, 9, 4],
			"to": [3.5, 9.5, 4.66],
			"rotation": {"angle": -45, "axis": "x", "origin": [-6.5, 9, 4]},
			"faces": {
				"north": {"uv": [1, 6.5, 2, 7], "texture": "#texture"},
				"east": {"uv": [11, 6.5, 12, 7], "texture": "#texture"},
				"south": {"uv": [14, 6.5, 15, 7], "texture": "#texture"},
				"west": {"uv": [4, 6.5, 5, 7], "texture": "#texture"},
				"up": {"uv": [14, 4, 15, 5], "texture": "#texture"},
				"down": {"uv": [14, 11, 15, 12], "texture": "#texture"}
			}
		},
		{
			"name": "Box6",
			"from": [-6.5, 8.84, 3],
			"to": [3.5, 9.5, 3.5],
			"rotation": {"angle": -45, "axis": "x", "origin": [-6.5, 9.5, 3]},
			"faces": {
				"north": {"uv": [15, 12, 14, 11], "texture": "#texture"},
				"east": {"uv": [11, 6.5, 12, 7], "rotation": 270, "texture": "#texture"},
				"south": {"uv": [14, 4, 15, 5], "texture": "#texture"},
				"west": {"uv": [4, 6.5, 5, 7], "rotation": 90, "texture": "#texture"},
				"up": {"uv": [2, 7, 1, 6.5], "texture": "#texture"},
				"down": {"uv": [14, 6.5, 15, 7], "texture": "#texture"}
			}
		},
		{
			"name": "Box10",
			"from": [-7, 9.5, 3.5],
			"to": [-6.5, 10.5, 4],
			"faces": {
				"north": {"uv": [6.5, 5.5, 7, 6.5], "texture": "#texture1"},
				"east": {"uv": [12, 5.5, 12.5, 6.5], "texture": "#texture1"},
				"south": {"uv": [9, 5.5, 9.5, 6.5], "texture": "#texture1"},
				"west": {"uv": [3.5, 5.5, 4, 6.5], "texture": "#texture1"},
				"up": {"uv": [9, 3.5, 9.5, 4], "texture": "#texture1"},
				"down": {"uv": [9, 12, 9.5, 12.5], "texture": "#texture1"}
			}
		},
		{
			"name": "Box11",
			"from": [-11, 9.5, 3.25],
			"to": [-6.95, 10.5, 4.25],
			"faces": {
				"north": {"uv": [6.95, 5.5, 11, 6.5], "texture": "#texture1"},
				"east": {"uv": [11.75, 5.5, 12.75, 6.5], "texture": "#texture1"},
				"south": {"uv": [5, 5.5, 9.05, 6.5], "texture": "#texture1"},
				"west": {"uv": [3.25, 5.5, 4.25, 6.5], "texture": "#texture1"},
				"up": {"uv": [5, 3.25, 9.05, 4.25], "texture": "#texture1"},
				"down": {"uv": [5, 11.75, 9.05, 12.75], "texture": "#texture1"}
			}
		},
		{
			"name": "Box12",
			"from": [-11, 10.25, 3.5],
			"to": [-7, 10.75, 4],
			"faces": {
				"north": {"uv": [7, 5.25, 11, 5.75], "texture": "#texture1"},
				"east": {"uv": [12, 5.25, 12.5, 5.75], "texture": "#texture1"},
				"south": {"uv": [5, 5.25, 9, 5.75], "texture": "#texture1"},
				"west": {"uv": [3.5, 5.25, 4, 5.75], "texture": "#texture1"},
				"up": {"uv": [5, 3.5, 9, 4], "texture": "#texture1"},
				"down": {"uv": [5, 12, 9, 12.5], "texture": "#texture1"}
			}
		},
		{
			"name": "Box12",
			"from": [-11, 9.25, 3.5],
			"to": [-7, 9.75, 4],
			"faces": {
				"north": {"uv": [7, 6.25, 11, 6.75], "texture": "#texture1"},
				"east": {"uv": [12, 6.25, 12.5, 6.75], "texture": "#texture1"},
				"south": {"uv": [5, 6.25, 9, 6.75], "texture": "#texture1"},
				"west": {"uv": [3.5, 6.25, 4, 6.75], "texture": "#texture1"},
				"up": {"uv": [5, 3.5, 9, 4], "texture": "#texture1"},
				"down": {"uv": [5, 12, 9, 12.5], "texture": "#texture1"}
			}
		},
		{
			"name": "Box12",
			"from": [-3.5, 9.5, 4.5],
			"to": [-1, 10, 5],
			"faces": {
				"north": {"uv": [1, 6, 3.5, 6.5], "texture": "#texture1"},
				"east": {"uv": [11, 6, 11.5, 6.5], "texture": "#texture1"},
				"south": {"uv": [12.5, 6, 15, 6.5], "texture": "#texture1"},
				"west": {"uv": [4.5, 6, 5, 6.5], "texture": "#texture1"},
				"up": {"uv": [12.5, 4.5, 15, 5], "texture": "#texture1"},
				"down": {"uv": [12.5, 11, 15, 11.5], "texture": "#texture1"}
			}
		},
		{
			"name": "Box13",
			"from": [-3.5, 9.5, 4],
			"to": [-1, 10, 5],
			"rotation": {"angle": 22.5, "axis": "x", "origin": [-1, 10, 5]},
			"faces": {
				"north": {"uv": [7.5, 5, 5, 4.5], "rotation": 180, "texture": "#texture1"},
				"east": {"uv": [4.5, 5, 5, 6], "rotation": 90, "texture": "#texture1"},
				"south": {"uv": [5, 11, 7.5, 11.5], "rotation": 180, "texture": "#texture1"},
				"west": {"uv": [11, 5, 11.5, 6], "rotation": 270, "texture": "#texture1"},
				"up": {"uv": [8.5, 5, 11, 6], "texture": "#texture1"},
				"down": {"uv": [7.5, 6, 5, 5], "texture": "#texture1"}
			}
		},
		{
			"name": "Box14",
			"from": [-3.5, 9.5, 4],
			"to": [-1, 10, 5],
			"rotation": {"angle": -22.5, "axis": "x", "origin": [-3.5, 9.5, 5]},
			"faces": {
				"north": {"uv": [7.5, 14.5, 5, 14], "texture": "#texture1"},
				"east": {"uv": [1.5, 6.5, 2, 7.5], "rotation": 90, "texture": "#texture1"},
				"south": {"uv": [5, 1.5, 7.5, 2], "texture": "#texture1"},
				"west": {"uv": [14, 6.5, 14.5, 7.5], "rotation": 270, "texture": "#texture1"},
				"up": {"uv": [5, 6.5, 7.5, 7.5], "texture": "#texture1"},
				"down": {"uv": [11, 7.5, 8.5, 6.5], "texture": "#texture1"}
			}
		},
		{
			"name": "Box12",
			"from": [-3.5, 9.5, 2.5],
			"to": [-1, 10, 3],
			"faces": {
				"north": {"uv": [1, 6, 3.5, 6.5], "texture": "#texture1"},
				"east": {"uv": [13, 6, 13.5, 6.5], "texture": "#texture1"},
				"south": {"uv": [12.5, 6, 15, 6.5], "texture": "#texture1"},
				"west": {"uv": [2.5, 6, 3, 6.5], "texture": "#texture1"},
				"up": {"uv": [12.5, 2.5, 15, 3], "texture": "#texture1"},
				"down": {"uv": [12.5, 13, 15, 13.5], "texture": "#texture1"}
			}
		},
		{
			"name": "Box16",
			"from": [-3.5, 9.5, 2.5],
			"to": [-1, 10, 3.5],
			"rotation": {"angle": 22.5, "axis": "x", "origin": [-3.5, 9.5, 2.5]},
			"faces": {
				"north": {"uv": [8.5, 5.5, 11, 6], "texture": "#texture1"},
				"east": {"uv": [12.5, 5.5, 13.5, 6], "texture": "#texture1"},
				"south": {"uv": [5, 5.5, 7.5, 6], "texture": "#texture1"},
				"west": {"uv": [2.5, 5.5, 3.5, 6], "texture": "#texture1"},
				"up": {"uv": [5, 2.5, 7.5, 3.5], "texture": "#texture1"},
				"down": {"uv": [5, 12.5, 7.5, 13.5], "texture": "#texture1"}
			}
		},
		{
			"name": "Box17",
			"from": [-3.5, 9.5, 2.5],
			"to": [-1, 10, 3.5],
			"rotation": {"angle": -22.5, "axis": "x", "origin": [-1, 10, 2.5]},
			"faces": {
				"north": {"uv": [8.5, 5.5, 11, 6], "rotation": 180, "texture": "#texture1"},
				"east": {"uv": [15, 5.5, 16, 6], "rotation": 180, "texture": "#texture1"},
				"south": {"uv": [5, 5.5, 7.5, 6], "rotation": 180, "texture": "#texture1"},
				"west": {"uv": [0, 5.5, 1, 6], "rotation": 180, "texture": "#texture1"},
				"up": {"uv": [7.5, 1, 5, 0], "texture": "#texture1"},
				"down": {"uv": [7.5, 16, 5, 15], "texture": "#texture1"}
			}
		},
		{
			"name": "Box18",
			"from": [3.5, 8.5, 3],
			"to": [9, 10, 4.5],
			"faces": {
				"north": {"uv": [7, 6, 12.5, 7.5], "texture": "#texture"},
				"east": {"uv": [11.5, 6, 13, 7.5], "texture": "#texture"},
				"south": {"uv": [3.5, 6, 9, 7.5], "texture": "#texture"},
				"west": {"uv": [3, 6, 4.5, 7.5], "texture": "#texture"},
				"up": {"uv": [3.5, 3, 9, 4.5], "texture": "#texture"},
				"down": {"uv": [3.5, 11.5, 9, 13], "texture": "#texture"}
			}
		},
		{
			"name": "Box19",
			"from": [3.5, 7, 3.25],
			"to": [4.5, 8.5, 4.25],
			"rotation": {"angle": 22.5, "axis": "z", "origin": [3.5, 8.5, 4.25]},
			"faces": {
				"north": {"uv": [4.5, 9, 3.5, 7.5], "texture": "#texture"},
				"east": {"uv": [1, 7.5, 2, 9], "rotation": 180, "texture": "#texture"},
				"south": {"uv": [12.5, 9, 11.5, 7.5], "texture": "#texture"},
				"west": {"uv": [14, 7.5, 15, 9], "rotation": 180, "texture": "#texture"},
				"up": {"uv": [3.5, 1, 4.5, 2], "texture": "#texture"},
				"down": {"uv": [3.5, 14, 4.5, 15], "texture": "#texture"}
			}
		},
		{
			"name": "Box20",
			"from": [4, 7, 3.25],
			"to": [5, 8.5, 4.25],
			"faces": {
				"north": {"uv": [11, 7.5, 12, 9], "texture": "#texture"},
				"east": {"uv": [11.75, 7.5, 12.75, 9], "texture": "#texture"},
				"south": {"uv": [4, 7.5, 5, 9], "texture": "#texture"},
				"west": {"uv": [3.25, 7.5, 4.25, 9], "texture": "#texture"},
				"up": {"uv": [4, 3.25, 5, 4.25], "texture": "#texture"},
				"down": {"uv": [4, 11.75, 5, 12.75], "texture": "#texture"}
			}
		},
		{
			"name": "Box21",
			"from": [4, 7, 3.2775],
			"to": [6.5, 9, 4.2275],
			"rotation": {"angle": -22.5, "axis": "z", "origin": [4, 7, 3.2775]},
			"faces": {
				"north": {"uv": [8.5, 7.5, 11, 9], "texture": "#texture"},
				"east": {"uv": [1, 7.5, 2, 9], "texture": "#texture"},
				"south": {"uv": [5, 7.5, 7.5, 9], "texture": "#texture"},
				"west": {"uv": [14, 7.5, 15, 9], "texture": "#texture"},
				"up": {"uv": [5, 14, 7.5, 15], "texture": "#texture"},
				"down": {"uv": [5, 1, 7.5, 2], "texture": "#texture"}
			}
		},
		{
			"name": "Box23",
			"from": [6, 6.15, 3.5],
			"to": [7, 6.65, 4],
			"faces": {
				"north": {"uv": [9, 9.35, 10, 9.85], "texture": "#texture"},
				"east": {"uv": [12, 9.35, 12.5, 9.85], "texture": "#texture"},
				"south": {"uv": [6, 9.35, 7, 9.85], "texture": "#texture"},
				"west": {"uv": [3.5, 9.35, 4, 9.85], "texture": "#texture"},
				"up": {"uv": [6, 3.5, 7, 4], "texture": "#texture"},
				"down": {"uv": [6, 12, 7, 12.5], "texture": "#texture"}
			}
		},
		{
			"name": "Box24",
			"from": [6.5, 6.65, 3.5],
			"to": [7, 8.15, 4],
			"faces": {
				"north": {"uv": [9, 7.85, 9.5, 9.35], "texture": "#texture"},
				"east": {"uv": [12, 7.85, 12.5, 9.35], "texture": "#texture"},
				"south": {"uv": [6.5, 7.85, 7, 9.35], "texture": "#texture"},
				"west": {"uv": [3.5, 7.85, 4, 9.35], "texture": "#texture"},
				"up": {"uv": [6.5, 3.5, 7, 4], "texture": "#texture"},
				"down": {"uv": [6.5, 12, 7, 12.5], "texture": "#texture"}
			}
		},
		{
			"name": "Box24",
			"from": [4.5, 7.5, 3],
			"to": [7, 8.5, 4.5],
			"faces": {
				"north": {"uv": [9, 7.5, 11.5, 8.5], "texture": "#texture"},
				"east": {"uv": [11.5, 7.5, 13, 8.5], "texture": "#texture"},
				"south": {"uv": [4.5, 7.5, 7, 8.5], "texture": "#texture"},
				"west": {"uv": [3, 7.5, 4.5, 8.5], "texture": "#texture"},
				"up": {"uv": [4.5, 3, 7, 4.5], "texture": "#texture"},
				"down": {"uv": [4.5, 11.5, 7, 13], "texture": "#texture"}
			}
		},
		{
			"name": "Box25",
			"from": [4.5, 7.5, 3.9],
			"to": [5.5, 9, 4.4],
			"rotation": {"angle": 22.5, "axis": "z", "origin": [4.5, 7.5, 4.4]},
			"faces": {
				"north": {"uv": [14, 15, 15, 16], "rotation": 270, "texture": "#texture"},
				"east": {"uv": [14, 14, 15, 15], "rotation": 270, "texture": "#texture"},
				"south": {"uv": [1, 15, 2, 16], "rotation": 90, "texture": "#texture"},
				"west": {"uv": [15, 2, 14, 1], "rotation": 90, "texture": "#texture"},
				"up": {"uv": [1, 15, 2, 16], "rotation": 90, "texture": "#texture"},
				"down": {"uv": [15, 16, 14, 15], "rotation": 270, "texture": "#texture"}
			}
		},
		{
			"name": "Box25",
			"from": [4.5, 7.5, 3.1],
			"to": [5.5, 9, 3.6],
			"rotation": {"angle": 22.5, "axis": "z", "origin": [4.5, 7.5, 3.6]},
			"faces": {
				"north": {"uv": [14, 15, 15, 16], "rotation": 270, "texture": "#texture"},
				"east": {"uv": [14, 14, 15, 15], "rotation": 270, "texture": "#texture"},
				"south": {"uv": [1, 15, 2, 16], "rotation": 90, "texture": "#texture"},
				"west": {"uv": [15, 2, 14, 1], "rotation": 90, "texture": "#texture"},
				"up": {"uv": [1, 15, 2, 16], "rotation": 90, "texture": "#texture"},
				"down": {"uv": [15, 16, 14, 15], "rotation": 270, "texture": "#texture"}
			}
		},
		{
			"name": "Box27",
			"from": [7, 6.5, 3.25],
			"to": [8.5, 7, 4.25],
			"faces": {
				"north": {"uv": [7.5, 9, 9, 9.5], "texture": "#texture"},
				"east": {"uv": [11.75, 9, 12.75, 9.5], "texture": "#texture"},
				"south": {"uv": [7, 9, 8.5, 9.5], "texture": "#texture"},
				"west": {"uv": [3.25, 9, 4.25, 9.5], "texture": "#texture"},
				"up": {"uv": [7, 3.25, 8.5, 4.25], "texture": "#texture"},
				"down": {"uv": [7, 11.75, 8.5, 12.75], "texture": "#texture"}
			}
		},
		{
			"name": "Box28",
			"from": [8.5, 6.5, 3],
			"to": [10, 8.5, 4.5],
			"faces": {
				"north": {"uv": [6, 7.5, 7.5, 9.5], "texture": "#texture1"},
				"east": {"uv": [11.5, 7.5, 13, 9.5], "texture": "#texture1"},
				"south": {"uv": [8.5, 7.5, 10, 9.5], "texture": "#texture1"},
				"west": {"uv": [3, 7.5, 4.5, 9.5], "texture": "#texture1"},
				"up": {"uv": [8.5, 3, 10, 4.5], "texture": "#texture1"},
				"down": {"uv": [8.5, 11.5, 10, 13], "texture": "#texture1"}
			}
		},
		{
			"name": "Box29",
			"from": [8.5, 4, 3],
			"to": [10, 6.5, 4.5],
			"rotation": {"angle": 22.5, "axis": "z", "origin": [8.5, 6.5, 4.5]},
			"faces": {
				"north": {"uv": [10, 12, 8.5, 9.5], "texture": "#texture1"},
				"east": {"uv": [1, 9.5, 2, 12], "rotation": 180, "texture": "#texture1"},
				"south": {"uv": [7.5, 12, 6, 9.5], "texture": "#texture1"},
				"west": {"uv": [14, 9.5, 15, 12], "rotation": 180, "texture": "#texture1"},
				"up": {"uv": [8.5, 1, 10, 2], "texture": "#texture1"},
				"down": {"uv": [8.5, 14, 10, 15], "texture": "#texture1"}
			}
		},
		{
			"name": "Box30",
			"from": [8, 7.5, 3.5],
			"to": [9, 9, 4],
			"rotation": {"angle": 22.5, "axis": "z", "origin": [8, 7.5, 3.5]},
			"faces": {
				"north": {"uv": [7.5, 7, 8, 8.5], "texture": "#texture"},
				"east": {"uv": [1, 7, 2, 8.5], "texture": "#texture"},
				"south": {"uv": [8, 7, 8.5, 8.5], "texture": "#texture"},
				"west": {"uv": [14, 7, 15, 8.5], "texture": "#texture"},
				"up": {"uv": [8, 14, 8.5, 15], "texture": "#texture"},
				"down": {"uv": [8, 1, 8.5, 2], "texture": "#texture"}
			}
		},
		{
			"name": "Box31",
			"from": [9, 8.5, 3],
			"to": [11, 10, 4.5],
			"faces": {
				"north": {"uv": [5, 6, 7, 7.5], "texture": "#texture"},
				"east": {"uv": [11.5, 6, 13, 7.5], "texture": "#texture"},
				"south": {"uv": [9, 6, 11, 7.5], "texture": "#texture"},
				"west": {"uv": [3, 6, 4.5, 7.5], "texture": "#texture"},
				"up": {"uv": [9, 3, 11, 4.5], "texture": "#texture"},
				"down": {"uv": [9, 11.5, 11, 13], "texture": "#texture"}
			}
		},
		{
			"name": "Box32",
			"from": [9, 8, 3.25],
			"to": [10, 9.5, 4.25],
			"rotation": {"angle": -45, "axis": "z", "origin": [9, 8, 3.25]},
			"faces": {
				"north": {"uv": [5, 6.5, 6, 8.5], "texture": "#texture1"},
				"east": {"uv": [1, 6.5, 2, 8.5], "texture": "#texture1"},
				"south": {"uv": [10, 6.5, 11, 8.5], "texture": "#texture1"},
				"west": {"uv": [14, 6.5, 15, 8.5], "texture": "#texture1"},
				"up": {"uv": [10, 14, 11, 15], "texture": "#texture1"},
				"down": {"uv": [10, 1, 11, 2], "texture": "#texture1"}
			}
		},
		{
			"name": "Box33",
			"from": [10.5, 8, 3.25],
			"to": [11, 8.5, 4.25],
			"faces": {
				"north": {"uv": [5, 7.5, 5.5, 8], "texture": "#texture1"},
				"east": {"uv": [11.75, 7.5, 12.75, 8], "texture": "#texture1"},
				"south": {"uv": [10.5, 7.5, 11, 8], "texture": "#texture1"},
				"west": {"uv": [3.25, 7.5, 4.25, 8], "texture": "#texture1"},
				"up": {"uv": [10.5, 3.25, 11, 4.25], "texture": "#texture1"},
				"down": {"uv": [10.5, 11.75, 11, 12.75], "texture": "#texture1"}
			}
		},
		{
			"name": "Box34",
			"from": [11, 9, 3.25],
			"to": [15, 10.5, 4.25],
			"faces": {
				"north": {"uv": [1, 5.5, 5, 7], "texture": "#texture1"},
				"east": {"uv": [11.75, 5.5, 12.75, 7], "texture": "#texture1"},
				"south": {"uv": [11, 5.5, 15, 7], "texture": "#texture1"},
				"west": {"uv": [3.25, 5.5, 4.25, 7], "texture": "#texture1"},
				"up": {"uv": [11, 3.25, 15, 4.25], "texture": "#texture1"},
				"down": {"uv": [11, 11.75, 15, 12.75], "texture": "#texture1"}
			}
		},
		{
			"name": "Box35",
			"from": [12, 8.5, 3],
			"to": [15, 9, 4.5],
			"faces": {
				"north": {"uv": [1, 7, 4, 7.5], "texture": "#texture1"},
				"east": {"uv": [11.5, 7, 13, 7.5], "texture": "#texture1"},
				"south": {"uv": [12, 7, 15, 7.5], "texture": "#texture1"},
				"west": {"uv": [3, 7, 4.5, 7.5], "texture": "#texture1"},
				"up": {"uv": [12, 3, 15, 4.5], "texture": "#texture1"},
				"down": {"uv": [12, 11.5, 15, 13], "texture": "#texture1"}
			}
		},
		{
			"name": "Box36",
			"from": [13.5, 8, 3],
			"to": [15, 8.5, 4.5],
			"faces": {
				"north": {"uv": [1, 7.5, 2.5, 8], "texture": "#texture1"},
				"east": {"uv": [11.5, 7.5, 13, 8], "texture": "#texture1"},
				"south": {"uv": [13.5, 7.5, 15, 8], "texture": "#texture1"},
				"west": {"uv": [3, 7.5, 4.5, 8], "texture": "#texture1"},
				"up": {"uv": [13.5, 3, 15, 4.5], "texture": "#texture1"},
				"down": {"uv": [13.5, 11.5, 15, 13], "texture": "#texture1"}
			}
		},
		{
			"name": "Box37",
			"from": [15, 8, 3],
			"to": [16, 10.5, 4.5],
			"faces": {
				"north": {"uv": [0, 5.5, 1, 8], "texture": "#texture1"},
				"east": {"uv": [11.5, 5.5, 13, 8], "texture": "#texture1"},
				"south": {"uv": [15, 5.5, 16, 8], "texture": "#texture1"},
				"west": {"uv": [3, 5.5, 4.5, 8], "texture": "#texture1"},
				"up": {"uv": [15, 3, 16, 4.5], "texture": "#texture1"},
				"down": {"uv": [15, 11.5, 16, 13], "texture": "#texture1"}
			}
		},
		{
			"name": "Box38",
			"from": [15, 10.25, 3.25],
			"to": [16, 11.75, 4.25],
			"rotation": {"angle": 45, "axis": "z", "origin": [16, 10.25, 4.25]},
			"faces": {
				"north": {"uv": [15, 4.5, 16, 5.5], "texture": "#texture1"},
				"east": {"uv": [14, 4.5, 15, 5.5], "texture": "#texture1"},
				"south": {"uv": [0, 4.5, 1, 5.5], "texture": "#texture1"},
				"west": {"uv": [1, 4.5, 2, 5.5], "texture": "#texture1"},
				"up": {"uv": [15, 14, 16, 15], "rotation": 180, "texture": "#texture1"},
				"down": {"uv": [15, 1, 16, 2], "rotation": 180, "texture": "#texture1"}
			}
		},
		{
			"name": "Box39",
			"from": [13, 10.25, 3],
			"to": [15, 11.25, 4.5],
			"faces": {
				"north": {"uv": [1, 4.75, 3, 5.75], "texture": "#texture1"},
				"east": {"uv": [11.5, 4.75, 13, 5.75], "texture": "#texture1"},
				"south": {"uv": [13, 4.75, 15, 5.75], "texture": "#texture1"},
				"west": {"uv": [3, 4.75, 4.5, 5.75], "texture": "#texture1"},
				"up": {"uv": [13, 3, 15, 4.5], "texture": "#texture1"},
				"down": {"uv": [13, 11.5, 15, 13], "texture": "#texture1"}
			}
		},
		{
			"name": "Box40",
			"from": [11.5, 10.25, 3],
			"to": [13, 11.25, 4.5],
			"rotation": {"angle": 45, "axis": "z", "origin": [13, 11.25, 3]},
			"faces": {
				"north": {"uv": [4, 5.5, 3, 4.5], "texture": "#texture1"},
				"east": {"uv": [14, 4.5, 15, 5.5], "rotation": 180, "texture": "#texture1"},
				"south": {"uv": [13, 5.5, 12, 4.5], "texture": "#texture1"},
				"west": {"uv": [1, 4.5, 2, 5.5], "rotation": 180, "texture": "#texture1"},
				"up": {"uv": [12, 1, 13, 2], "rotation": 180, "texture": "#texture1"},
				"down": {"uv": [12, 14, 13, 15], "rotation": 180, "texture": "#texture1"}
			}
		},
		{
			"name": "Box41",
			"from": [12, 9, 3],
			"to": [15, 10.5, 4.5],
			"faces": {
				"north": {"uv": [1, 5.5, 4, 7], "texture": "#texture1"},
				"east": {"uv": [11.5, 5.5, 13, 7], "texture": "#texture1"},
				"south": {"uv": [12, 5.5, 15, 7], "texture": "#texture1"},
				"west": {"uv": [3, 5.5, 4.5, 7], "texture": "#texture1"},
				"up": {"uv": [12, 3, 15, 4.5], "texture": "#texture1"},
				"down": {"uv": [12, 11.5, 15, 13], "texture": "#texture1"}
			}
		},
		{
			"name": "Box42",
			"from": [14, 7.5, 3.25],
			"to": [15.5, 8, 4.25],
			"faces": {
				"north": {"uv": [0.5, 8, 2, 8.5], "texture": "#texture1"},
				"east": {"uv": [11.75, 8, 12.75, 8.5], "texture": "#texture1"},
				"south": {"uv": [14, 8, 15.5, 8.5], "texture": "#texture1"},
				"west": {"uv": [3.25, 8, 4.25, 8.5], "texture": "#texture1"},
				"up": {"uv": [14, 3.25, 15.5, 4.25], "texture": "#texture1"},
				"down": {"uv": [14, 11.75, 15.5, 12.75], "texture": "#texture1"}
			}
		},
		{
			"name": "Box43",
			"from": [-5.5, 11, 3.5],
			"to": [-5, 11.5, 4],
			"faces": {
				"north": {"uv": [5, 4.5, 5.5, 5], "texture": "#texture1"},
				"east": {"uv": [12, 4.5, 12.5, 5], "texture": "#texture1"},
				"south": {"uv": [10.5, 4.5, 11, 5], "texture": "#texture1"},
				"west": {"uv": [3.5, 4.5, 4, 5], "texture": "#texture1"},
				"up": {"uv": [10.5, 3.5, 11, 4], "texture": "#texture1"},
				"down": {"uv": [10.5, 12, 11, 12.5], "texture": "#texture1"}
			}
		},
		{
			"name": "Box43",
			"from": [-4, 11, 3.5],
			"to": [-3.5, 11.5, 4],
			"faces": {
				"north": {"uv": [3.5, 4.5, 4, 5], "texture": "#texture1"},
				"east": {"uv": [12, 4.5, 12.5, 5], "texture": "#texture1"},
				"south": {"uv": [12, 4.5, 12.5, 5], "texture": "#texture1"},
				"west": {"uv": [3.5, 4.5, 4, 5], "texture": "#texture1"},
				"up": {"uv": [12, 3.5, 12.5, 4], "texture": "#texture1"},
				"down": {"uv": [12, 12, 12.5, 12.5], "texture": "#texture1"}
			}
		},
		{
			"name": "Box43",
			"from": [-2.5, 11, 3.5],
			"to": [-2, 11.5, 4],
			"faces": {
				"north": {"uv": [2, 4.5, 2.5, 5], "texture": "#texture1"},
				"east": {"uv": [12, 4.5, 12.5, 5], "texture": "#texture1"},
				"south": {"uv": [13.5, 4.5, 14, 5], "texture": "#texture1"},
				"west": {"uv": [3.5, 4.5, 4, 5], "texture": "#texture1"},
				"up": {"uv": [13.5, 3.5, 14, 4], "texture": "#texture1"},
				"down": {"uv": [13.5, 12, 14, 12.5], "texture": "#texture1"}
			}
		},
		{
			"name": "Box43",
			"from": [-1, 11, 3.5],
			"to": [-0.5, 11.5, 4],
			"faces": {
				"north": {"uv": [0.5, 4.5, 1, 5], "texture": "#texture1"},
				"east": {"uv": [12, 4.5, 12.5, 5], "texture": "#texture1"},
				"south": {"uv": [15, 4.5, 15.5, 5], "texture": "#texture1"},
				"west": {"uv": [3.5, 4.5, 4, 5], "texture": "#texture1"},
				"up": {"uv": [15, 3.5, 15.5, 4], "texture": "#texture1"},
				"down": {"uv": [15, 12, 15.5, 12.5], "texture": "#texture1"}
			}
		},
		{
			"name": "Box43",
			"from": [0.5, 11, 3.5],
			"to": [1, 11.5, 4],
			"faces": {
				"north": {"uv": [15, 4.5, 15.5, 5], "texture": "#texture1"},
				"east": {"uv": [12, 4.5, 12.5, 5], "texture": "#texture1"},
				"south": {"uv": [0.5, 4.5, 1, 5], "texture": "#texture1"},
				"west": {"uv": [3.5, 4.5, 4, 5], "texture": "#texture1"},
				"up": {"uv": [0.5, 3.5, 1, 4], "texture": "#texture1"},
				"down": {"uv": [0.5, 12, 1, 12.5], "texture": "#texture1"}
			}
		},
		{
			"name": "Box43",
			"from": [2, 11, 3.5],
			"to": [2.5, 11.5, 4],
			"faces": {
				"north": {"uv": [13.5, 4.5, 14, 5], "texture": "#texture1"},
				"east": {"uv": [12, 4.5, 12.5, 5], "texture": "#texture1"},
				"south": {"uv": [2, 4.5, 2.5, 5], "texture": "#texture1"},
				"west": {"uv": [3.5, 4.5, 4, 5], "texture": "#texture1"},
				"up": {"uv": [2, 3.5, 2.5, 4], "texture": "#texture1"},
				"down": {"uv": [2, 12, 2.5, 12.5], "texture": "#texture1"}
			}
		},
		{
			"name": "Box43",
			"from": [3.5, 11, 3.5],
			"to": [4, 11.5, 4],
			"faces": {
				"north": {"uv": [12, 4.5, 12.5, 5], "texture": "#texture1"},
				"east": {"uv": [12, 4.5, 12.5, 5], "texture": "#texture1"},
				"south": {"uv": [3.5, 4.5, 4, 5], "texture": "#texture1"},
				"west": {"uv": [3.5, 4.5, 4, 5], "texture": "#texture1"},
				"up": {"uv": [3.5, 3.5, 4, 4], "texture": "#texture1"},
				"down": {"uv": [3.5, 12, 4, 12.5], "texture": "#texture1"}
			}
		},
		{
			"name": "Box43",
			"from": [5, 11, 3.5],
			"to": [5.5, 11.5, 4],
			"faces": {
				"north": {"uv": [10.5, 4.5, 11, 5], "texture": "#texture"},
				"east": {"uv": [12, 4.5, 12.5, 5], "texture": "#texture"},
				"south": {"uv": [5, 4.5, 5.5, 5], "texture": "#texture"},
				"west": {"uv": [3.5, 4.5, 4, 5], "texture": "#texture"},
				"up": {"uv": [5, 3.5, 5.5, 4], "texture": "#texture"},
				"down": {"uv": [5, 12, 5.5, 12.5], "texture": "#texture"}
			}
		},
		{
			"name": "Box43",
			"from": [6.5, 11, 3.5],
			"to": [7, 11.5, 4],
			"faces": {
				"north": {"uv": [9, 4.5, 9.5, 5], "texture": "#texture"},
				"east": {"uv": [12, 4.5, 12.5, 5], "texture": "#texture"},
				"south": {"uv": [6.5, 4.5, 7, 5], "texture": "#texture"},
				"west": {"uv": [3.5, 4.5, 4, 5], "texture": "#texture"},
				"up": {"uv": [6.5, 3.5, 7, 4], "texture": "#texture"},
				"down": {"uv": [6.5, 12, 7, 12.5], "texture": "#texture"}
			}
		},
		{
			"name": "Box43",
			"from": [8, 11, 3.5],
			"to": [8.5, 11.5, 4],
			"faces": {
				"north": {"uv": [7.5, 4.5, 8, 5], "texture": "#texture1"},
				"east": {"uv": [12, 4.5, 12.5, 5], "texture": "#texture1"},
				"south": {"uv": [8, 4.5, 8.5, 5], "texture": "#texture1"},
				"west": {"uv": [3.5, 4.5, 4, 5], "texture": "#texture1"},
				"up": {"uv": [8, 3.5, 8.5, 4], "texture": "#texture1"},
				"down": {"uv": [8, 12, 8.5, 12.5], "texture": "#texture1"}
			}
		},
		{
			"name": "Box53",
			"from": [-5.5, 11, 3.5],
			"to": [-5, 11.5, 4],
			"rotation": {"angle": 22.5, "axis": "x", "origin": [-5.5, 11.5, 3.5]},
			"faces": {
				"north": {"uv": [11, 2, 10.5, 1], "texture": "#texture1"},
				"east": {"uv": [1, 4.5, 2, 5], "rotation": 270, "texture": "#texture1"},
				"south": {"uv": [10.5, 14, 11, 15], "texture": "#texture1"},
				"west": {"uv": [14, 4.5, 15, 5], "rotation": 90, "texture": "#texture1"},
				"up": {"uv": [5.5, 5, 5, 4.5], "texture": "#texture1"},
				"down": {"uv": [10.5, 4.5, 11, 5], "texture": "#texture1"}
			}
		},
		{
			"name": "Box53",
			"from": [-5.5, 11, 3.5],
			"to": [-5, 11.5, 4],
			"rotation": {"angle": -22.5, "axis": "x", "origin": [-5, 11.5, 4]},
			"faces": {
				"north": {"uv": [10.5, 14, 11, 15], "texture": "#texture1"},
				"east": {"uv": [14, 4.5, 15, 5], "rotation": 90, "texture": "#texture1"},
				"south": {"uv": [11, 2, 10.5, 1], "texture": "#texture1"},
				"west": {"uv": [1, 4.5, 2, 5], "rotation": 270, "texture": "#texture1"},
				"up": {"uv": [5.5, 5, 5, 4.5], "rotation": 180, "texture": "#texture1"},
				"down": {"uv": [10.5, 4.5, 11, 5], "rotation": 180, "texture": "#texture1"}
			}
		},
		{
			"name": "Box53",
			"from": [-4, 11, 3.5],
			"to": [-3.5, 11.5, 4],
			"rotation": {"angle": -22.5, "axis": "x", "origin": [-3.5, 11.5, 4]},
			"faces": {
				"north": {"uv": [10.5, 14, 11, 15], "texture": "#texture1"},
				"east": {"uv": [14, 4.5, 15, 5], "rotation": 90, "texture": "#texture1"},
				"south": {"uv": [11, 2, 10.5, 1], "texture": "#texture1"},
				"west": {"uv": [1, 4.5, 2, 5], "rotation": 270, "texture": "#texture1"},
				"up": {"uv": [5.5, 5, 5, 4.5], "rotation": 180, "texture": "#texture1"},
				"down": {"uv": [10.5, 4.5, 11, 5], "rotation": 180, "texture": "#texture1"}
			}
		},
		{
			"name": "Box53",
			"from": [-4, 11, 3.5],
			"to": [-3.5, 11.5, 4],
			"rotation": {"angle": 22.5, "axis": "x", "origin": [-5.5, 11.5, 3.5]},
			"faces": {
				"north": {"uv": [11, 2, 10.5, 1], "texture": "#texture1"},
				"east": {"uv": [1, 4.5, 2, 5], "rotation": 270, "texture": "#texture1"},
				"south": {"uv": [10.5, 14, 11, 15], "texture": "#texture1"},
				"west": {"uv": [14, 4.5, 15, 5], "rotation": 90, "texture": "#texture1"},
				"up": {"uv": [5.5, 5, 5, 4.5], "texture": "#texture1"},
				"down": {"uv": [10.5, 4.5, 11, 5], "texture": "#texture1"}
			}
		},
		{
			"name": "Box53",
			"from": [-2.5, 11, 3.5],
			"to": [-2, 11.5, 4],
			"rotation": {"angle": -22.5, "axis": "x", "origin": [-5, 11.5, 4]},
			"faces": {
				"north": {"uv": [10.5, 14, 11, 15], "texture": "#texture1"},
				"east": {"uv": [14, 4.5, 15, 5], "rotation": 90, "texture": "#texture1"},
				"south": {"uv": [11, 2, 10.5, 1], "texture": "#texture1"},
				"west": {"uv": [1, 4.5, 2, 5], "rotation": 270, "texture": "#texture1"},
				"up": {"uv": [5.5, 5, 5, 4.5], "rotation": 180, "texture": "#texture1"},
				"down": {"uv": [10.5, 4.5, 11, 5], "rotation": 180, "texture": "#texture1"}
			}
		},
		{
			"name": "Box53",
			"from": [-2.5, 11, 3.5],
			"to": [-2, 11.5, 4],
			"rotation": {"angle": 22.5, "axis": "x", "origin": [-5.5, 11.5, 3.5]},
			"faces": {
				"north": {"uv": [11, 2, 10.5, 1], "texture": "#texture1"},
				"east": {"uv": [1, 4.5, 2, 5], "rotation": 270, "texture": "#texture1"},
				"south": {"uv": [10.5, 14, 11, 15], "texture": "#texture1"},
				"west": {"uv": [14, 4.5, 15, 5], "rotation": 90, "texture": "#texture1"},
				"up": {"uv": [5.5, 5, 5, 4.5], "texture": "#texture1"},
				"down": {"uv": [10.5, 4.5, 11, 5], "texture": "#texture1"}
			}
		},
		{
			"name": "Box53",
			"from": [-1, 11, 3.5],
			"to": [-0.5, 11.5, 4],
			"rotation": {"angle": -22.5, "axis": "x", "origin": [-5, 11.5, 4]},
			"faces": {
				"north": {"uv": [10.5, 14, 11, 15], "texture": "#texture1"},
				"east": {"uv": [14, 4.5, 15, 5], "rotation": 90, "texture": "#texture1"},
				"south": {"uv": [11, 2, 10.5, 1], "texture": "#texture1"},
				"west": {"uv": [1, 4.5, 2, 5], "rotation": 270, "texture": "#texture1"},
				"up": {"uv": [5.5, 5, 5, 4.5], "rotation": 180, "texture": "#texture1"},
				"down": {"uv": [10.5, 4.5, 11, 5], "rotation": 180, "texture": "#texture1"}
			}
		},
		{
			"name": "Box53",
			"from": [-1, 11, 3.5],
			"to": [-0.5, 11.5, 4],
			"rotation": {"angle": 22.5, "axis": "x", "origin": [-5.5, 11.5, 3.5]},
			"faces": {
				"north": {"uv": [11, 2, 10.5, 1], "texture": "#texture1"},
				"east": {"uv": [1, 4.5, 2, 5], "rotation": 270, "texture": "#texture1"},
				"south": {"uv": [10.5, 14, 11, 15], "texture": "#texture1"},
				"west": {"uv": [14, 4.5, 15, 5], "rotation": 90, "texture": "#texture1"},
				"up": {"uv": [5.5, 5, 5, 4.5], "texture": "#texture1"},
				"down": {"uv": [10.5, 4.5, 11, 5], "texture": "#texture1"}
			}
		},
		{
			"name": "Box53",
			"from": [0.5, 11, 3.5],
			"to": [1, 11.5, 4],
			"rotation": {"angle": -22.5, "axis": "x", "origin": [-5, 11.5, 4]},
			"faces": {
				"north": {"uv": [10.5, 14, 11, 15], "texture": "#texture1"},
				"east": {"uv": [14, 4.5, 15, 5], "rotation": 90, "texture": "#texture1"},
				"south": {"uv": [11, 2, 10.5, 1], "texture": "#texture1"},
				"west": {"uv": [1, 4.5, 2, 5], "rotation": 270, "texture": "#texture1"},
				"up": {"uv": [5.5, 5, 5, 4.5], "rotation": 180, "texture": "#texture1"},
				"down": {"uv": [10.5, 4.5, 11, 5], "rotation": 180, "texture": "#texture1"}
			}
		},
		{
			"name": "Box53",
			"from": [0.5, 11, 3.5],
			"to": [1, 11.5, 4],
			"rotation": {"angle": 22.5, "axis": "x", "origin": [-5.5, 11.5, 3.5]},
			"faces": {
				"north": {"uv": [11, 2, 10.5, 1], "texture": "#texture1"},
				"east": {"uv": [1, 4.5, 2, 5], "rotation": 270, "texture": "#texture1"},
				"south": {"uv": [10.5, 14, 11, 15], "texture": "#texture1"},
				"west": {"uv": [14, 4.5, 15, 5], "rotation": 90, "texture": "#texture1"},
				"up": {"uv": [5.5, 5, 5, 4.5], "texture": "#texture1"},
				"down": {"uv": [10.5, 4.5, 11, 5], "texture": "#texture1"}
			}
		},
		{
			"name": "Box53",
			"from": [2, 11, 3.5],
			"to": [2.5, 11.5, 4],
			"rotation": {"angle": -22.5, "axis": "x", "origin": [-5, 11.5, 4]},
			"faces": {
				"north": {"uv": [10.5, 14, 11, 15], "texture": "#texture1"},
				"east": {"uv": [14, 4.5, 15, 5], "rotation": 90, "texture": "#texture1"},
				"south": {"uv": [11, 2, 10.5, 1], "texture": "#texture1"},
				"west": {"uv": [1, 4.5, 2, 5], "rotation": 270, "texture": "#texture1"},
				"up": {"uv": [5.5, 5, 5, 4.5], "rotation": 180, "texture": "#texture1"},
				"down": {"uv": [10.5, 4.5, 11, 5], "rotation": 180, "texture": "#texture1"}
			}
		},
		{
			"name": "Box53",
			"from": [2, 11, 3.5],
			"to": [2.5, 11.5, 4],
			"rotation": {"angle": 22.5, "axis": "x", "origin": [-5.5, 11.5, 3.5]},
			"faces": {
				"north": {"uv": [11, 2, 10.5, 1], "texture": "#texture1"},
				"east": {"uv": [1, 4.5, 2, 5], "rotation": 270, "texture": "#texture1"},
				"south": {"uv": [10.5, 14, 11, 15], "texture": "#texture1"},
				"west": {"uv": [14, 4.5, 15, 5], "rotation": 90, "texture": "#texture1"},
				"up": {"uv": [5.5, 5, 5, 4.5], "texture": "#texture1"},
				"down": {"uv": [10.5, 4.5, 11, 5], "texture": "#texture1"}
			}
		},
		{
			"name": "Box53",
			"from": [3.5, 11, 3.5],
			"to": [4, 11.5, 4],
			"rotation": {"angle": -22.5, "axis": "x", "origin": [-5, 11.5, 4]},
			"faces": {
				"north": {"uv": [10.5, 14, 11, 15], "texture": "#texture1"},
				"east": {"uv": [14, 4.5, 15, 5], "rotation": 90, "texture": "#texture1"},
				"south": {"uv": [11, 2, 10.5, 1], "texture": "#texture1"},
				"west": {"uv": [1, 4.5, 2, 5], "rotation": 270, "texture": "#texture1"},
				"up": {"uv": [5.5, 5, 5, 4.5], "rotation": 180, "texture": "#texture1"},
				"down": {"uv": [10.5, 4.5, 11, 5], "rotation": 180, "texture": "#texture1"}
			}
		},
		{
			"name": "Box53",
			"from": [3.5, 11, 3.5],
			"to": [4, 11.5, 4],
			"rotation": {"angle": 22.5, "axis": "x", "origin": [-5.5, 11.5, 3.5]},
			"faces": {
				"north": {"uv": [11, 2, 10.5, 1], "texture": "#texture1"},
				"east": {"uv": [1, 4.5, 2, 5], "rotation": 270, "texture": "#texture1"},
				"south": {"uv": [10.5, 14, 11, 15], "texture": "#texture1"},
				"west": {"uv": [14, 4.5, 15, 5], "rotation": 90, "texture": "#texture1"},
				"up": {"uv": [5.5, 5, 5, 4.5], "texture": "#texture1"},
				"down": {"uv": [10.5, 4.5, 11, 5], "texture": "#texture1"}
			}
		},
		{
			"name": "Box53",
			"from": [5, 11, 3.5],
			"to": [5.5, 11.5, 4],
			"rotation": {"angle": -22.5, "axis": "x", "origin": [-5, 11.5, 4]},
			"faces": {
				"north": {"uv": [10.5, 14, 11, 15], "texture": "#texture"},
				"east": {"uv": [14, 4.5, 15, 5], "rotation": 90, "texture": "#texture"},
				"south": {"uv": [11, 2, 10.5, 1], "texture": "#texture"},
				"west": {"uv": [1, 4.5, 2, 5], "rotation": 270, "texture": "#texture"},
				"up": {"uv": [5.5, 5, 5, 4.5], "rotation": 180, "texture": "#texture"},
				"down": {"uv": [10.5, 4.5, 11, 5], "rotation": 180, "texture": "#texture"}
			}
		},
		{
			"name": "Box53",
			"from": [5, 11, 3.5],
			"to": [5.5, 11.5, 4],
			"rotation": {"angle": 22.5, "axis": "x", "origin": [-5.5, 11.5, 3.5]},
			"faces": {
				"north": {"uv": [11, 2, 10.5, 1], "texture": "#texture"},
				"east": {"uv": [1, 4.5, 2, 5], "rotation": 270, "texture": "#texture"},
				"south": {"uv": [10.5, 14, 11, 15], "texture": "#texture"},
				"west": {"uv": [14, 4.5, 15, 5], "rotation": 90, "texture": "#texture"},
				"up": {"uv": [5.5, 5, 5, 4.5], "texture": "#texture"},
				"down": {"uv": [10.5, 4.5, 11, 5], "texture": "#texture"}
			}
		},
		{
			"name": "Box53",
			"from": [6.5, 11, 3.5],
			"to": [7, 11.5, 4],
			"rotation": {"angle": -22.5, "axis": "x", "origin": [-5, 11.5, 4]},
			"faces": {
				"north": {"uv": [10.5, 14, 11, 15], "texture": "#texture1"},
				"east": {"uv": [14, 4.5, 15, 5], "rotation": 90, "texture": "#texture1"},
				"south": {"uv": [11, 2, 10.5, 1], "texture": "#texture1"},
				"west": {"uv": [1, 4.5, 2, 5], "rotation": 270, "texture": "#texture1"},
				"up": {"uv": [5.5, 5, 5, 4.5], "rotation": 180, "texture": "#texture1"},
				"down": {"uv": [10.5, 4.5, 11, 5], "rotation": 180, "texture": "#texture1"}
			}
		},
		{
			"name": "Box53",
			"from": [6.5, 11, 3.5],
			"to": [7, 11.5, 4],
			"rotation": {"angle": 22.5, "axis": "x", "origin": [-5.5, 11.5, 3.5]},
			"faces": {
				"north": {"uv": [11, 2, 10.5, 1], "texture": "#texture1"},
				"east": {"uv": [1, 4.5, 2, 5], "rotation": 270, "texture": "#texture1"},
				"south": {"uv": [10.5, 14, 11, 15], "texture": "#texture1"},
				"west": {"uv": [14, 4.5, 15, 5], "rotation": 90, "texture": "#texture1"},
				"up": {"uv": [5.5, 5, 5, 4.5], "texture": "#texture1"},
				"down": {"uv": [10.5, 4.5, 11, 5], "texture": "#texture1"}
			}
		},
		{
			"name": "Box53",
			"from": [8, 11, 3.5],
			"to": [8.5, 11.5, 4],
			"rotation": {"angle": -22.5, "axis": "x", "origin": [-5, 11.5, 4]},
			"faces": {
				"north": {"uv": [10.5, 14, 11, 15], "texture": "#texture1"},
				"east": {"uv": [14, 4.5, 15, 5], "rotation": 90, "texture": "#texture1"},
				"south": {"uv": [11, 2, 10.5, 1], "texture": "#texture1"},
				"west": {"uv": [1, 4.5, 2, 5], "rotation": 270, "texture": "#texture1"},
				"up": {"uv": [5.5, 5, 5, 4.5], "rotation": 180, "texture": "#texture1"},
				"down": {"uv": [10.5, 4.5, 11, 5], "rotation": 180, "texture": "#texture1"}
			}
		},
		{
			"name": "Box53",
			"from": [8, 11, 3.5],
			"to": [8.5, 11.5, 4],
			"rotation": {"angle": 22.5, "axis": "x", "origin": [-5.5, 11.5, 3.5]},
			"faces": {
				"north": {"uv": [11, 2, 10.5, 1], "texture": "#texture1"},
				"east": {"uv": [1, 4.5, 2, 5], "rotation": 270, "texture": "#texture1"},
				"south": {"uv": [10.5, 14, 11, 15], "texture": "#texture1"},
				"west": {"uv": [14, 4.5, 15, 5], "rotation": 90, "texture": "#texture1"},
				"up": {"uv": [5.5, 5, 5, 4.5], "texture": "#texture1"},
				"down": {"uv": [10.5, 4.5, 11, 5], "texture": "#texture1"}
			}
		},
		{
			"name": "Box75",
			"from": [-6, 11, 3.5],
			"to": [10, 11.35, 4],
			"faces": {
				"north": {"uv": [6, 4.65, 16, 5], "texture": "#texture1"},
				"east": {"uv": [12, 4.65, 12.5, 5], "texture": "#texture1"},
				"south": {"uv": [0, 4.65, 10, 5], "texture": "#texture1"},
				"west": {"uv": [3.5, 4.65, 4, 5], "texture": "#texture1"},
				"up": {"uv": [0, 3.5, 10, 4], "texture": "#texture1"},
				"down": {"uv": [0, 12, 10, 12.5], "texture": "#texture1"}
			}
		},
		{
			"name": "Box76",
			"from": [4.2, 5, 3.5],
			"to": [6.45, 8, 4],
			"faces": {
				"north": {"uv": [9.65, 8, 11.9, 11], "texture": "#texture1"},
				"east": {"uv": [12, 8, 12.5, 11], "texture": "#texture1"},
				"south": {"uv": [4.1, 8, 6.35, 11], "texture": "#texture1"},
				"west": {"uv": [3.5, 8, 4, 11], "texture": "#texture1"},
				"up": {"uv": [4.1, 3.5, 6.35, 4], "texture": "#texture1"},
				"down": {"uv": [4.1, 12, 6.35, 12.5], "texture": "#texture1"}
			}
		},
		{
			"name": "Box77",
			"from": [4.2, 4.5, 3.25],
			"to": [6, 5.5, 4.25],
			"faces": {
				"north": {"uv": [10, 10.5, 11.8, 11.5], "texture": "#texture1"},
				"east": {"uv": [11.75, 10.5, 12.75, 11.5], "texture": "#texture1"},
				"south": {"uv": [4.2, 10.5, 6, 11.5], "texture": "#texture1"},
				"west": {"uv": [3.25, 10.5, 4.25, 11.5], "texture": "#texture1"},
				"up": {"uv": [4.2, 3.25, 6, 4.25], "texture": "#texture1"},
				"down": {"uv": [4.2, 11.75, 6, 12.75], "texture": "#texture1"}
			}
		},
		{
			"name": "Box78",
			"from": [6, 4.5, 3.25],
			"to": [7, 5.5, 4.25],
			"rotation": {"angle": 45, "axis": "z", "origin": [6, 4.5, 3.25]},
			"faces": {
				"north": {"uv": [9, 10.5, 10, 11.5], "texture": "#texture1"},
				"east": {"uv": [1, 10.5, 2, 11.5], "texture": "#texture1"},
				"south": {"uv": [6, 10.5, 7, 11.5], "texture": "#texture1"},
				"west": {"uv": [14, 10.5, 15, 11.5], "texture": "#texture1"},
				"up": {"uv": [6, 14, 7, 15], "texture": "#texture1"},
				"down": {"uv": [6, 1, 7, 2], "texture": "#texture1"}
			}
		},
		{
			"name": "Box80",
			"from": [5.65, 5.25, 3.25],
			"to": [6.65, 6.25, 4.25],
			"faces": {
				"north": {"uv": [9.35, 9.75, 10.35, 10.75], "texture": "#texture1"},
				"east": {"uv": [11.75, 9.75, 12.75, 10.75], "texture": "#texture1"},
				"south": {"uv": [5.65, 9.75, 6.65, 10.75], "texture": "#texture1"},
				"west": {"uv": [3.25, 9.75, 4.25, 10.75], "texture": "#texture1"},
				"up": {"uv": [5.65, 3.25, 6.65, 4.25], "texture": "#texture1"},
				"down": {"uv": [5.65, 11.75, 6.65, 12.75], "texture": "#texture1"}
			}
		},
		{
			"name": "Box79",
			"from": [4.5, 11, 3],
			"to": [6.5, 12, 4.5],
			"faces": {
				"north": {"uv": [12.5, 4, 14.5, 5], "texture": "#texture1"},
				"east": {"uv": [11.5, 4, 13, 5], "texture": "#texture1"},
				"south": {"uv": [1.5, 4, 3.5, 5], "texture": "#texture1"},
				"west": {"uv": [3, 4, 4.5, 5], "texture": "#texture1"},
				"up": {"uv": [1.5, 3, 3.5, 4.5], "texture": "#texture1"},
				"down": {"uv": [1.5, 11.5, 3.5, 13], "texture": "#texture1"}
			}
		},
		{
			"name": "Box80",
			"from": [6.5, 11, 3.25],
			"to": [7.5, 12, 4.25],
			"rotation": {"angle": -45, "axis": "z", "origin": [6.5, 12, 4.25]},
			"faces": {
				"north": {"uv": [6, 5, 5, 4], "texture": "#texture1"},
				"east": {"uv": [1, 4, 2, 5], "rotation": 180, "texture": "#texture1"},
				"south": {"uv": [11, 5, 10, 4], "texture": "#texture1"},
				"west": {"uv": [14, 4, 15, 5], "rotation": 180, "texture": "#texture1"},
				"up": {"uv": [5, 1, 6, 2], "texture": "#texture1"},
				"down": {"uv": [5, 14, 6, 15], "texture": "#texture1"}
			}
		},
		{
			"name": "Box80",
			"from": [3.5, 11, 3.25],
			"to": [4.5, 12, 4.25],
			"rotation": {"angle": 45, "axis": "z", "origin": [4.5, 12, 4.25]},
			"faces": {
				"north": {"uv": [5, 4, 6, 5], "rotation": 90, "texture": "#texture1"},
				"east": {"uv": [5, 1, 6, 2], "rotation": 90, "texture": "#texture1"},
				"south": {"uv": [10, 4, 11, 5], "rotation": 270, "texture": "#texture1"},
				"west": {"uv": [6, 15, 5, 14], "rotation": 270, "texture": "#texture1"},
				"up": {"uv": [15, 5, 14, 4], "rotation": 90, "texture": "#texture1"},
				"down": {"uv": [1, 4, 2, 5], "rotation": 270, "texture": "#texture1"}
			}
		},
		{
			"name": "Box82",
			"from": [4.5, 12, 3.25],
			"to": [7.5, 13, 4.25],
			"faces": {
				"north": {"uv": [8.5, 3, 11.5, 4], "texture": "#texture1"},
				"east": {"uv": [11.75, 3, 12.75, 4], "texture": "#texture1"},
				"south": {"uv": [4.5, 3, 7.5, 4], "texture": "#texture1"},
				"west": {"uv": [3.25, 3, 4.25, 4], "texture": "#texture1"},
				"up": {"uv": [4.5, 3.25, 7.5, 4.25], "texture": "#texture1"},
				"down": {"uv": [4.5, 11.75, 7.5, 12.75], "texture": "#texture1"}
			}
		},
		{
			"name": "Box83",
			"from": [5, 12, 3],
			"to": [6, 13.5, 4.5],
			"faces": {
				"north": {"uv": [10, 2.5, 11, 4], "texture": "#texture1"},
				"east": {"uv": [11.5, 2.5, 13, 4], "texture": "#texture1"},
				"south": {"uv": [5, 2.5, 6, 4], "texture": "#texture1"},
				"west": {"uv": [3, 2.5, 4.5, 4], "texture": "#texture1"},
				"up": {"uv": [5, 3, 6, 4.5], "texture": "#texture1"},
				"down": {"uv": [5, 11.5, 6, 13], "texture": "#texture1"}
			}
		},
		{
			"name": "Box84",
			"from": [7.5, 12.25, 3.75],
			"to": [9, 13.25, 4.75],
			"rotation": {"angle": 45, "axis": "x", "origin": [7.5, 13.25, 3.75]},
			"faces": {
				"north": {"uv": [9, 2, 7.5, 1], "texture": "#texture1"},
				"east": {"uv": [1, 3, 2, 4], "rotation": 270, "texture": "#texture1"},
				"south": {"uv": [7.5, 14, 9, 15], "texture": "#texture1"},
				"west": {"uv": [14, 3, 15, 4], "rotation": 90, "texture": "#texture1"},
				"up": {"uv": [8.5, 4, 7, 3], "texture": "#texture1"},
				"down": {"uv": [7.5, 3, 9, 4], "texture": "#texture1"}
			}
		},
		{
			"name": "Box85",
			"from": [4, 12, 3.25],
			"to": [4.5, 13, 4.25],
			"faces": {
				"north": {"uv": [11.5, 3, 12, 4], "texture": "#texture1"},
				"east": {"uv": [11.75, 3, 12.75, 4], "texture": "#texture1"},
				"south": {"uv": [4, 3, 4.5, 4], "texture": "#texture1"},
				"west": {"uv": [3.25, 3, 4.25, 4], "texture": "#texture1"},
				"up": {"uv": [4, 3.25, 4.5, 4.25], "texture": "#texture1"},
				"down": {"uv": [4, 11.75, 4.5, 12.75], "texture": "#texture1"}
			}
		},
		{
			"name": "Box86",
			"from": [1, 11.75, 3],
			"to": [4, 13.25, 4.5],
			"faces": {
				"north": {"uv": [12, 2.75, 15, 4.25], "texture": "#texture1"},
				"east": {"uv": [11.5, 2.75, 13, 4.25], "texture": "#texture1"},
				"south": {"uv": [1, 2.75, 4, 4.25], "texture": "#texture1"},
				"west": {"uv": [3, 2.75, 4.5, 4.25], "texture": "#texture1"},
				"up": {"uv": [1, 3, 4, 4.5], "texture": "#texture1"},
				"down": {"uv": [1, 11.5, 4, 13], "texture": "#texture1"}
			}
		},
		{
			"name": "Box89",
			"from": [1, 12, 4.25],
			"to": [4, 13, 4.75],
			"faces": {
				"north": {"uv": [12, 3, 15, 4], "texture": "#texture1"},
				"east": {"uv": [11.25, 3, 11.75, 4], "texture": "#texture1"},
				"south": {"uv": [1, 3, 4, 4], "texture": "#texture1"},
				"west": {"uv": [4.25, 3, 4.75, 4], "texture": "#texture1"},
				"up": {"uv": [1, 4.25, 4, 4.75], "texture": "#texture1"},
				"down": {"uv": [1, 11.25, 4, 11.75], "texture": "#texture1"}
			}
		},
		{
			"name": "Box89",
			"from": [1, 12, 2.75],
			"to": [4, 13, 3.25],
			"faces": {
				"north": {"uv": [12, 3, 15, 4], "texture": "#texture1"},
				"east": {"uv": [12.75, 3, 13.25, 4], "texture": "#texture1"},
				"south": {"uv": [1, 3, 4, 4], "texture": "#texture1"},
				"west": {"uv": [2.75, 3, 3.25, 4], "texture": "#texture1"},
				"up": {"uv": [1, 2.75, 4, 3.25], "texture": "#texture1"},
				"down": {"uv": [1, 12.75, 4, 13.25], "texture": "#texture1"}
			}
		},
		{
			"name": "Box94",
			"from": [9, 12.35, 3.75],
			"to": [9.001, 12.85, 4.25],
			"rotation": {"angle": 45, "axis": "x", "origin": [9, 12.85, 3.75]},
			"faces": {
				"north": {"uv": [9.5, 2, 9, 1.5], "texture": "#texture2"},
				"east": {"uv": [1.5, 3, 2, 3.5], "rotation": 270, "texture": "#texture2"},
				"south": {"uv": [9, 14, 9.5, 14.5], "texture": "#texture2"},
				"west": {"uv": [14, 3, 14.5, 3.5], "rotation": 90, "texture": "#texture2"},
				"up": {"uv": [7, 3.5, 6.5, 3], "texture": "#texture2"},
				"down": {"uv": [9, 3, 9.5, 3.5], "texture": "#texture2"}
			}
		},
		{
			"name": "Box95",
			"from": [0.5, 11.75, 2.75],
			"to": [1, 13.25, 3.25],
			"faces": {
				"north": {"uv": [15, 2.75, 15.5, 4.25], "texture": "#texture1"},
				"east": {"uv": [12.75, 2.75, 13.25, 4.25], "texture": "#texture1"},
				"south": {"uv": [0.5, 2.75, 1, 4.25], "texture": "#texture1"},
				"west": {"uv": [2.75, 2.75, 3.25, 4.25], "texture": "#texture1"},
				"up": {"uv": [0.5, 2.75, 1, 3.25], "texture": "#texture1"},
				"down": {"uv": [0.5, 12.75, 1, 13.25], "texture": "#texture1"}
			}
		},
		{
			"name": "Box95",
			"from": [0.5, 11.75, 4.25],
			"to": [1, 13.25, 4.75],
			"faces": {
				"north": {"uv": [15, 2.75, 15.5, 4.25], "texture": "#texture1"},
				"east": {"uv": [11.25, 2.75, 11.75, 4.25], "texture": "#texture1"},
				"south": {"uv": [0.5, 2.75, 1, 4.25], "texture": "#texture1"},
				"west": {"uv": [4.25, 2.75, 4.75, 4.25], "texture": "#texture1"},
				"up": {"uv": [0.5, 4.25, 1, 4.75], "texture": "#texture1"},
				"down": {"uv": [0.5, 11.25, 1, 11.75], "texture": "#texture1"}
			}
		},
		{
			"name": "Box97",
			"from": [0.5, 11.75, 3],
			"to": [1, 12, 4.5],
			"faces": {
				"north": {"uv": [15, 3.75, 15.5, 4.25], "texture": "#texture1"},
				"east": {"uv": [11.5, 3.75, 13, 4.25], "texture": "#texture1"},
				"south": {"uv": [0.5, 3.75, 1, 4.25], "texture": "#texture1"},
				"west": {"uv": [3, 3.75, 4.5, 4.25], "texture": "#texture1"},
				"up": {"uv": [0.5, 3, 1, 4.5], "texture": "#texture1"},
				"down": {"uv": [0.5, 11.5, 1, 13], "texture": "#texture1"}
			}
		},
		{
			"name": "Box97",
			"from": [0.5, 13, 3],
			"to": [1, 13.25, 4.5],
			"faces": {
				"north": {"uv": [15, 2.75, 15.5, 3], "texture": "#texture1"},
				"east": {"uv": [11.5, 2.75, 13, 3], "texture": "#texture1"},
				"south": {"uv": [0.5, 2.75, 1, 3], "texture": "#texture1"},
				"west": {"uv": [3, 2.75, 4.5, 3], "texture": "#texture1"},
				"up": {"uv": [0.5, 3, 1, 4.5], "texture": "#texture1"},
				"down": {"uv": [0.5, 11.5, 1, 13], "texture": "#texture1"}
			}
		},
		{
			"name": "Box99",
			"from": [0.999, 12, 3],
			"to": [1, 13, 4.5],
			"faces": {
				"north": {"uv": [14.999, 3, 15, 4], "texture": "#texture2"},
				"east": {"uv": [1, 3, 2, 4], "texture": "#texture2"},
				"south": {"uv": [1, 3, 1.001, 4], "texture": "#texture2"},
				"west": {"uv": [14, 3, 15, 4], "texture": "#texture2"},
				"up": {"uv": [1, 14, 1.001, 15], "texture": "#texture2"},
				"down": {"uv": [1, 1, 1.001, 2], "texture": "#texture2"}
			}
		},
		{
			"name": "Box53",
			"from": [-4, 11, 3.5],
			"to": [-3.5, 11.5, 4],
			"rotation": {"angle": -22.5, "axis": "x", "origin": [-3.5, 11.5, 4]},
			"faces": {
				"north": {"uv": [10.5, 14, 11, 15], "texture": "#texture1"},
				"east": {"uv": [14, 4.5, 15, 5], "rotation": 90, "texture": "#texture1"},
				"south": {"uv": [11, 2, 10.5, 1], "texture": "#texture1"},
				"west": {"uv": [1, 4.5, 2, 5], "rotation": 270, "texture": "#texture1"},
				"up": {"uv": [5.5, 5, 5, 4.5], "rotation": 180, "texture": "#texture1"},
				"down": {"uv": [10.5, 4.5, 11, 5], "rotation": 180, "texture": "#texture1"}
			}
		}
	],
	"overrides": [
		{"predicate": {"damaged": 0, "damage": 0}, "model": "item/stone_hoe"},
		{"_cmd_": "give @p minecraft:stone_hoe 1 1 {Unbreakable:1}", "predicate": {"damaged": 0, "damage": 0.00758}, "model": "item/ice_ssr"},
		{"predicate": {"damaged": 1, "damage": 0}, "model": "item/stone_hoe"}
	],
	"display": {
		"thirdperson_righthand": {
			"rotation": [0, -90, 0],
			"translation": [-4.173, -0.695, 0.6956]
		},
		"thirdperson_lefthand": {
			"rotation": [0, 90, 0],
			"translation": [4.17, -0.695, 0.6956]
		},
		"firstperson_righthand": {
			"rotation": [0, -90, 0],
			"translation": [-9.042, 2.7826, 6.2608]
		},
		"firstperson_lefthand": {
			"rotation": [0, 90, 0],
			"translation": [-9.042, 2.7826, 6.2608]
		},
		"ground": {
			"rotation": [-90, 0, 0],
			"translation": [6.9565, 0, 0]
		},
		"gui": {
			"rotation": [24, 28, -43],
			"translation": [3.6956, -4.172, 0],
			"scale": [0.8, 0.8, 0.8]
		},
		"head": {
			"translation": [5.5, 0, 4.5]
		},
		"fixed": {
			"rotation": [0, 180, 0],
			"translation": [-4.173, 0, -4.173]
		}
	}
}