{
	"credit": "Made by SrDarmith - YouTube: Mainclay",
	"textures": {
		"1": "itemm/darkwood",
		"particle": "itemm/anvil_1",
		"texture": "itemm/anvil_1"
	},
	"elements": [
		{
			"from": [-1.775, 7.425, 7.5],
			"to": [0.475, 8.475, 8.5],
			"rotation": {"angle": 0, "axis": "y", "origin": [0, 0.1, 0]},
			"faces": {
				"north": {"uv": [8, 11, 4, 8], "texture": "#1", "cullface": "west"},
				"east": {"uv": [4, 11, 8, 8], "texture": "#1", "cullface": "west"},
				"south": {"uv": [4, 11, 8, 8], "texture": "#1", "cullface": "west"},
				"west": {"uv": [4, 11, 8, 8], "texture": "#1", "cullface": "west"},
				"up": {"uv": [4, 11, 8, 8], "texture": "#1", "cullface": "west"},
				"down": {"uv": [8, 11, 4, 8], "texture": "#1", "cullface": "west"}
			}
		},
		{
			"from": [0.475, 7.575, 7.4],
			"to": [2.725, 9.15, 8.6],
			"rotation": {"angle": 0, "axis": "y", "origin": [0, 0.1, 0]},
			"faces": {
				"north": {"uv": [12, 11, 8, 8], "texture": "#1", "cullface": "west"},
				"east": {"uv": [8, 11, 12, 8], "texture": "#1", "cullface": "west"},
				"south": {"uv": [8, 11, 12, 8], "texture": "#1", "cullface": "west"},
				"west": {"uv": [8, 11, 12, 8], "texture": "#1", "cullface": "west"},
				"up": {"uv": [8, 11, 12, 8], "texture": "#1", "cullface": "west"},
				"down": {"uv": [12, 11, 8, 8], "texture": "#1", "cullface": "west"}
			}
		},
		{
			"from": [0.475, 7.325, 7.5],
			"to": [2.725, 8.475, 8.5],
			"rotation": {"angle": 0, "axis": "y", "origin": [0, 0.1, 0]},
			"faces": {
				"north": {"uv": [12, 11, 8, 8], "texture": "#1", "cullface": "west"},
				"east": {"uv": [8, 11, 12, 8], "texture": "#1", "cullface": "west"},
				"south": {"uv": [8, 11, 12, 8], "texture": "#1", "cullface": "west"},
				"west": {"uv": [8, 11, 12, 8], "texture": "#1", "cullface": "west"},
				"up": {"uv": [8, 11, 12, 8], "texture": "#1", "cullface": "west"},
				"down": {"uv": [12, 11, 8, 8], "texture": "#1", "cullface": "west"}
			}
		},
		{
			"from": [2.725, 7.475, 7.4],
			"to": [4.975, 9.15, 8.6],
			"rotation": {"angle": 0, "axis": "y", "origin": [0, 0.1, 0]},
			"faces": {
				"north": {"uv": [16, 11, 12, 8], "texture": "#1", "cullface": "west"},
				"east": {"uv": [12, 11, 16, 8], "texture": "#1", "cullface": "west"},
				"south": {"uv": [12, 11, 16, 8], "texture": "#1", "cullface": "west"},
				"west": {"uv": [12, 11, 16, 8], "texture": "#1", "cullface": "west"},
				"up": {"uv": [12, 11, 16, 8], "texture": "#1", "cullface": "west"},
				"down": {"uv": [16, 11, 12, 8], "texture": "#1", "cullface": "west"}
			}
		},
		{
			"from": [2.725, 7.225, 7.5],
			"to": [4.975, 8.475, 8.5],
			"rotation": {"angle": 0, "axis": "y", "origin": [0, 0.1, 0]},
			"faces": {
				"north": {"uv": [16, 11, 12, 8], "texture": "#1", "cullface": "west"},
				"east": {"uv": [12, 11, 16, 8], "texture": "#1", "cullface": "west"},
				"south": {"uv": [12, 11, 16, 8], "texture": "#1", "cullface": "west"},
				"west": {"uv": [12, 11, 16, 8], "texture": "#1", "cullface": "west"},
				"up": {"uv": [12, 11, 16, 8], "texture": "#1", "cullface": "west"},
				"down": {"uv": [16, 11, 12, 8], "texture": "#1", "cullface": "west"}
			}
		},
		{
			"from": [-1.775, 7.675, 7.4],
			"to": [0.475, 9.15, 8.6],
			"rotation": {"angle": 0, "axis": "y", "origin": [0, 0.1, 0]},
			"faces": {
				"north": {"uv": [8, 11, 4, 8], "texture": "#1", "cullface": "west"},
				"east": {"uv": [4, 11, 8, 8], "texture": "#1", "cullface": "west"},
				"south": {"uv": [4, 11, 8, 8], "texture": "#1", "cullface": "west"},
				"west": {"uv": [4, 11, 8, 8], "texture": "#1", "cullface": "west"},
				"up": {"uv": [4, 11, 8, 8], "texture": "#1", "cullface": "west"},
				"down": {"uv": [8, 11, 4, 8], "texture": "#1", "cullface": "west"}
			}
		},
		{
			"from": [0.475, 7.075, 7.3],
			"to": [2.725, 7.475, 8.7],
			"rotation": {"angle": 0, "axis": "y", "origin": [0, 0.1, 0]},
			"faces": {
				"north": {"uv": [12, 12, 8, 6], "rotation": 90, "texture": "#1", "cullface": "west"},
				"east": {"uv": [8, 12, 12, 6], "rotation": 90, "texture": "#1", "cullface": "west"},
				"south": {"uv": [8, 12, 12, 6], "rotation": 90, "texture": "#1", "cullface": "west"},
				"west": {"uv": [8, 12, 12, 6], "rotation": 90, "texture": "#1", "cullface": "west"},
				"up": {"uv": [8, 12, 12, 6], "rotation": 90, "texture": "#1", "cullface": "west"},
				"down": {"uv": [12, 12, 8, 6], "rotation": 90, "texture": "#1", "cullface": "west"}
			}
		},
		{
			"from": [0.475, 7.325, 7.15],
			"to": [2.8, 8.275, 8.85],
			"rotation": {"angle": 0, "axis": "y", "origin": [0, 0.1, 0]},
			"faces": {
				"north": {"uv": [12, 12, 8, 6], "rotation": 90, "texture": "#1", "cullface": "west"},
				"east": {"uv": [8, 12, 12, 6], "rotation": 90, "texture": "#1", "cullface": "west"},
				"south": {"uv": [8, 12, 12, 6], "rotation": 90, "texture": "#1", "cullface": "west"},
				"west": {"uv": [8, 12, 12, 6], "rotation": 90, "texture": "#1", "cullface": "west"},
				"up": {"uv": [8, 12, 12, 6], "rotation": 90, "texture": "#1", "cullface": "west"},
				"down": {"uv": [12, 12, 8, 6], "rotation": 90, "texture": "#1", "cullface": "west"}
			}
		},
		{
			"from": [-1.75, 7.175, 7.3],
			"to": [0.475, 7.725, 8.7],
			"rotation": {"angle": 0, "axis": "y", "origin": [0, 0.1, 0]},
			"faces": {
				"north": {"uv": [8, 12, 4, 6], "rotation": 90, "texture": "#1", "cullface": "west"},
				"east": {"uv": [4, 12, 8, 6], "rotation": 90, "texture": "#1", "cullface": "west"},
				"south": {"uv": [4, 12, 8, 6], "rotation": 90, "texture": "#1", "cullface": "west"},
				"west": {"uv": [4, 12, 8, 6], "rotation": 90, "texture": "#1", "cullface": "west"},
				"up": {"uv": [4, 12, 8, 6], "rotation": 90, "texture": "#1", "cullface": "west"},
				"down": {"uv": [8, 12, 4, 6], "rotation": 90, "texture": "#1", "cullface": "west"}
			}
		},
		{
			"from": [-1.85, 7.425, 7.15],
			"to": [0.475, 8.375, 8.85],
			"rotation": {"angle": 0, "axis": "y", "origin": [0, 0.1, 0]},
			"faces": {
				"north": {"uv": [8, 12, 4, 6], "rotation": 90, "texture": "#1", "cullface": "west"},
				"east": {"uv": [4, 12, 8, 6], "rotation": 90, "texture": "#1", "cullface": "west"},
				"south": {"uv": [4, 12, 8, 6], "rotation": 90, "texture": "#1", "cullface": "west"},
				"west": {"uv": [4, 12, 8, 6], "rotation": 90, "texture": "#1", "cullface": "west"},
				"up": {"uv": [4, 12, 8, 6], "rotation": 90, "texture": "#1", "cullface": "west"},
				"down": {"uv": [8, 12, 4, 6], "rotation": 90, "texture": "#1", "cullface": "west"}
			}
		},
		{
			"from": [-4, 7.55, 7.5],
			"to": [-1.775, 8.475, 8.5],
			"rotation": {"angle": 0, "axis": "y", "origin": [0, 0.1, 0]},
			"faces": {
				"north": {"uv": [4, 11, 0, 8], "texture": "#1", "cullface": "west"},
				"east": {"uv": [0, 11, 4, 8], "texture": "#1", "cullface": "west"},
				"south": {"uv": [0, 11, 4, 8], "texture": "#1", "cullface": "west"},
				"west": {"uv": [0, 11, 4, 8], "texture": "#1", "cullface": "west"},
				"up": {"uv": [0, 11, 4, 8], "texture": "#1", "cullface": "west"},
				"down": {"uv": [4, 11, 0, 8], "texture": "#1", "cullface": "west"}
			}
		},
		{
			"from": [-4.025, 7.8, 7.4],
			"to": [-1.775, 9.15, 8.6],
			"rotation": {"angle": 0, "axis": "y", "origin": [0, 0.1, 0]},
			"faces": {
				"north": {"uv": [4, 11, 0, 8], "texture": "#1", "cullface": "west"},
				"east": {"uv": [0, 11, 4, 8], "texture": "#1", "cullface": "west"},
				"south": {"uv": [0, 11, 4, 8], "texture": "#1", "cullface": "west"},
				"west": {"uv": [0, 11, 4, 8], "texture": "#1", "cullface": "west"},
				"up": {"uv": [0, 11, 4, 8], "texture": "#1", "cullface": "west"},
				"down": {"uv": [4, 11, 0, 8], "texture": "#1", "cullface": "west"}
			}
		},
		{
			"from": [-3.775, 7.3, 7.5],
			"to": [-3.525, 7.55, 8.5],
			"rotation": {"angle": 0, "axis": "y", "origin": [0, 0.1, 0]},
			"faces": {
				"north": {"uv": [2, 16, 4, 13], "texture": "#texture", "cullface": "west"},
				"east": {"uv": [4, 16, 2, 13], "texture": "#texture", "cullface": "west"},
				"south": {"uv": [4, 16, 2, 13], "texture": "#texture", "cullface": "west"},
				"west": {"uv": [4, 16, 2, 13], "texture": "#texture", "cullface": "west"},
				"down": {"uv": [2, 13, 4, 16], "texture": "#texture", "cullface": "west"}
			}
		},
		{
			"from": [-3.775, 7.525, 7.45],
			"to": [-3.525, 7.8, 8.55],
			"rotation": {"angle": 0, "axis": "y", "origin": [0, 0.1, 0]},
			"faces": {
				"north": {"uv": [2, 16, 4, 13], "texture": "#texture", "cullface": "west"},
				"east": {"uv": [4, 16, 2, 13], "texture": "#texture", "cullface": "west"},
				"south": {"uv": [4, 16, 2, 13], "texture": "#texture", "cullface": "west"},
				"west": {"uv": [4, 16, 2, 13], "texture": "#texture", "cullface": "west"},
				"down": {"uv": [2, 13, 4, 16], "texture": "#texture", "cullface": "west"}
			}
		},
		{
			"from": [-3.775, 7.775, 7.35],
			"to": [-3.525, 9.175, 8.65],
			"rotation": {"angle": 0, "axis": "y", "origin": [0, 0.1, 0]},
			"faces": {
				"north": {"uv": [2, 16, 4, 13], "texture": "#texture", "cullface": "west"},
				"east": {"uv": [4, 16, 2, 13], "texture": "#texture", "cullface": "west"},
				"south": {"uv": [4, 16, 2, 13], "texture": "#texture", "cullface": "west"},
				"west": {"uv": [4, 16, 2, 13], "texture": "#texture", "cullface": "west"},
				"up": {"uv": [2, 13, 4, 16], "texture": "#texture"},
				"down": {"uv": [2, 13, 4, 16], "texture": "#texture", "cullface": "west"}
			}
		},
		{
			"from": [9.6, 8.35, 7.475],
			"to": [14.75, 9.525, 8.525],
			"faces": {
				"north": {"uv": [0, 15, 4, 12], "texture": "#1"},
				"east": {"uv": [4, 15, 0, 12], "texture": "#1"},
				"south": {"uv": [4, 15, 0, 12], "texture": "#1"},
				"west": {"uv": [4, 15, 0, 12], "texture": "#1"},
				"up": {"uv": [4, 15, 0, 12], "texture": "#1"},
				"down": {"uv": [0, 12, 4, 15], "texture": "#1"}
			}
		},
		{
			"from": [15.25, 6.35, 7.375],
			"to": [15.75, 9.75, 8.625],
			"faces": {
				"north": {"uv": [15, 12, 16, 11], "texture": "#texture"},
				"east": {"uv": [16, 12, 15, 11], "texture": "#texture"},
				"south": {"uv": [16, 12, 15, 11], "texture": "#texture"},
				"west": {"uv": [16, 12, 15, 11], "texture": "#texture"},
				"up": {"uv": [16, 12, 15, 11], "texture": "#texture"},
				"down": {"uv": [15, 11, 16, 12], "texture": "#texture"}
			}
		},
		{
			"from": [14.75, 6.85, 7.525],
			"to": [15.5, 9.5, 8.475],
			"faces": {
				"north": {"uv": [5, 15, 8, 13], "texture": "#texture"},
				"east": {"uv": [8, 15, 5, 13], "texture": "#texture"},
				"south": {"uv": [8, 15, 5, 13], "texture": "#texture"},
				"west": {"uv": [8, 15, 5, 13], "texture": "#texture"},
				"up": {"uv": [8, 15, 5, 13], "texture": "#texture"},
				"down": {"uv": [5, 13, 8, 15], "texture": "#texture"}
			}
		},
		{
			"from": [-1.6, 7.5, 7.525],
			"to": [12.025, 9.5, 8.475],
			"faces": {
				"north": {"uv": [11, 16, 16, 14], "texture": "#texture"},
				"east": {"uv": [16, 16, 11, 14], "texture": "#texture"},
				"south": {"uv": [16, 16, 11, 14], "texture": "#texture"},
				"west": {"uv": [16, 16, 11, 14], "texture": "#texture"},
				"up": {"uv": [16, 16, 11, 14], "texture": "#texture"},
				"down": {"uv": [11, 14, 16, 16], "texture": "#texture"}
			}
		},
		{
			"from": [3.225, 7.25, 7.525],
			"to": [6.875, 7.5, 8.475],
			"faces": {
				"north": {"uv": [8, 15, 5, 14], "texture": "#texture"},
				"east": {"uv": [8, 15, 5, 14], "texture": "#texture"},
				"south": {"uv": [8, 15, 5, 14], "texture": "#texture"},
				"west": {"uv": [8, 15, 5, 14], "texture": "#texture"},
				"down": {"uv": [5, 14, 8, 15], "texture": "#texture"}
			}
		},
		{
			"from": [3.625, 6.4, 7.65],
			"to": [3.875, 7.225, 8.35],
			"rotation": {"angle": 0, "axis": "y", "origin": [0, -0.075, 0]},
			"faces": {
				"north": {"uv": [15, 14, 12, 13], "texture": "#texture"},
				"east": {"uv": [15, 14, 12, 13], "texture": "#texture"},
				"south": {"uv": [15, 14, 12, 13], "texture": "#texture"},
				"west": {"uv": [15, 14, 12, 13], "texture": "#texture"},
				"down": {"uv": [12, 13, 15, 14], "texture": "#texture"}
			}
		},
		{
			"from": [3.875, 6.15, 7.65],
			"to": [5.375, 6.4, 8.35],
			"rotation": {"angle": 0, "axis": "y", "origin": [0, -0.075, 0]},
			"faces": {
				"north": {"uv": [15, 14, 12, 13], "texture": "#texture"},
				"east": {"uv": [15, 14, 12, 13], "texture": "#texture"},
				"south": {"uv": [15, 14, 12, 13], "texture": "#texture"},
				"west": {"uv": [15, 14, 12, 13], "texture": "#texture"},
				"up": {"uv": [12, 13, 15, 14], "texture": "#texture"},
				"down": {"uv": [12, 13, 15, 14], "texture": "#texture"}
			}
		},
		{
			"from": [6.35, 7.025, 7.6],
			"to": [6.7, 7.275, 8.4],
			"faces": {
				"north": {"uv": [1, 15, 0, 14], "texture": "#1"},
				"east": {"uv": [3, 15, 2, 14], "texture": "#1"},
				"south": {"uv": [3, 15, 2, 14], "texture": "#1"},
				"west": {"uv": [3, 15, 2, 14], "texture": "#1"},
				"down": {"uv": [3, 15, 2, 14], "texture": "#1"}
			}
		},
		{
			"from": [5.3, 6.625, 7.75],
			"to": [5.75, 7.125, 8.25],
			"rotation": {"angle": -22.5, "axis": "z", "origin": [4.625, 7.75, 7.75]},
			"faces": {
				"north": {"uv": [16, 12, 15, 11], "texture": "#texture"},
				"east": {"uv": [16, 12, 15, 11], "texture": "#texture"},
				"south": {"uv": [16, 12, 15, 11], "texture": "#texture"},
				"west": {"uv": [16, 12, 15, 11], "texture": "#texture"},
				"up": {"uv": [16, 12, 15, 11], "texture": "#texture"},
				"down": {"uv": [15, 11, 16, 12], "texture": "#texture"}
			}
		},
		{
			"from": [4.525, 6.675, 7.75],
			"to": [4.975, 7.175, 8.25],
			"rotation": {"angle": 22.5, "axis": "z", "origin": [4.625, 7.75, 7.75]},
			"faces": {
				"north": {"uv": [16, 12, 15, 11], "texture": "#texture"},
				"east": {"uv": [16, 12, 15, 11], "texture": "#texture"},
				"south": {"uv": [16, 12, 15, 11], "texture": "#texture"},
				"west": {"uv": [16, 12, 15, 11], "texture": "#texture"},
				"up": {"uv": [16, 12, 15, 11], "texture": "#texture"},
				"down": {"uv": [15, 11, 16, 12], "texture": "#texture"}
			}
		},
		{
			"from": [4.7, 3.8, 7.6],
			"to": [4.85, 4.05, 8.4],
			"rotation": {"angle": 22.5, "axis": "z", "origin": [4.95, 7.5, 7.5]},
			"faces": {
				"north": {"uv": [2, 13, 3, 12], "texture": "#1"},
				"east": {"uv": [0, 13, 1, 12], "texture": "#1"},
				"south": {"uv": [0, 13, 1, 12], "texture": "#1"},
				"west": {"uv": [0, 13, 1, 12], "texture": "#1"},
				"up": {"uv": [0, 12, 1, 13], "texture": "#1"},
				"down": {"uv": [1, 13, 0, 12], "texture": "#1"}
			}
		},
		{
			"from": [4.85, 3.8, 7.6],
			"to": [6.225, 7.55, 8.4],
			"rotation": {"angle": 22.5, "axis": "z", "origin": [4.95, 7.5, 7.5]},
			"faces": {
				"north": {"uv": [0, 15, 3, 12], "texture": "#1"},
				"east": {"uv": [0, 15, 3, 12], "texture": "#1"},
				"south": {"uv": [0, 15, 3, 12], "texture": "#1"},
				"west": {"uv": [0, 15, 3, 12], "texture": "#1"},
				"down": {"uv": [3, 15, 0, 12], "texture": "#1"}
			}
		},
		{
			"from": [8.325, 10.55, 8.55],
			"to": [8.575, 10.8, 8.65],
			"faces": {
				"north": {"uv": [4, 16, 0, 15], "texture": "#texture"},
				"east": {"uv": [4, 16, 0, 15], "texture": "#texture"},
				"south": {"uv": [4, 16, 0, 15], "texture": "#texture"},
				"west": {"uv": [4, 16, 0, 15], "texture": "#texture"},
				"up": {"uv": [4, 16, 0, 15], "texture": "#texture"},
				"down": {"uv": [0, 15, 4, 16], "texture": "#texture"}
			}
		},
		{
			"from": [8.325, 10.55, 8.3],
			"to": [8.575, 10.8, 8.4],
			"faces": {
				"north": {"uv": [4, 16, 0, 15], "texture": "#texture"},
				"east": {"uv": [4, 16, 0, 15], "texture": "#texture"},
				"south": {"uv": [4, 16, 0, 15], "texture": "#texture"},
				"west": {"uv": [4, 16, 0, 15], "texture": "#texture"},
				"up": {"uv": [4, 16, 0, 15], "texture": "#texture"},
				"down": {"uv": [0, 15, 4, 16], "texture": "#texture"}
			}
		},
		{
			"from": [8.325, 10.75, 8.35],
			"to": [8.575, 10.85, 8.6],
			"faces": {
				"north": {"uv": [4, 16, 0, 15], "texture": "#texture"},
				"east": {"uv": [4, 16, 0, 15], "texture": "#texture"},
				"south": {"uv": [4, 16, 0, 15], "texture": "#texture"},
				"west": {"uv": [4, 16, 0, 15], "texture": "#texture"},
				"up": {"uv": [4, 16, 0, 15], "texture": "#texture"},
				"down": {"uv": [0, 15, 4, 16], "texture": "#texture"}
			}
		},
		{
			"from": [8.325, 10.075, 8.3],
			"to": [8.575, 10.3, 8.55],
			"faces": {
				"north": {"uv": [4, 16, 0, 15], "texture": "#texture"},
				"east": {"uv": [4, 16, 0, 15], "texture": "#texture"},
				"south": {"uv": [4, 16, 0, 15], "texture": "#texture"},
				"west": {"uv": [4, 16, 0, 15], "texture": "#texture"},
				"up": {"uv": [4, 16, 0, 15], "texture": "#texture"},
				"down": {"uv": [0, 15, 4, 16], "texture": "#texture"}
			}
		},
		{
			"from": [8.325, 9.85, 8.3],
			"to": [8.575, 10.075, 8.5],
			"faces": {
				"north": {"uv": [4, 16, 0, 15], "texture": "#texture"},
				"east": {"uv": [4, 16, 0, 15], "texture": "#texture"},
				"south": {"uv": [4, 16, 0, 15], "texture": "#texture"},
				"west": {"uv": [4, 16, 0, 15], "texture": "#texture"},
				"up": {"uv": [4, 16, 0, 15], "texture": "#texture"},
				"down": {"uv": [0, 15, 4, 16], "texture": "#texture"}
			}
		},
		{
			"from": [8.325, 10.3, 8.3],
			"to": [8.575, 10.55, 8.6],
			"faces": {
				"north": {"uv": [4, 16, 0, 15], "texture": "#texture"},
				"east": {"uv": [4, 16, 0, 15], "texture": "#texture"},
				"south": {"uv": [4, 16, 0, 15], "texture": "#texture"},
				"west": {"uv": [4, 16, 0, 15], "texture": "#texture"},
				"up": {"uv": [4, 16, 0, 15], "texture": "#texture"},
				"down": {"uv": [0, 15, 4, 16], "texture": "#texture"}
			}
		},
		{
			"from": [-1.425, 9.35, 8.35],
			"to": [-1.175, 9.575, 8.5],
			"faces": {
				"north": {"uv": [4, 16, 0, 15], "texture": "#texture"},
				"east": {"uv": [4, 16, 0, 15], "texture": "#texture"},
				"south": {"uv": [4, 16, 0, 15], "texture": "#texture"},
				"west": {"uv": [4, 16, 0, 15], "texture": "#texture"},
				"up": {"uv": [4, 16, 0, 15], "texture": "#texture"},
				"down": {"uv": [0, 15, 4, 16], "texture": "#texture"}
			}
		},
		{
			"from": [-1.425, 9.575, 8.35],
			"to": [-1.175, 9.8, 8.55],
			"faces": {
				"north": {"uv": [4, 16, 0, 15], "texture": "#texture"},
				"east": {"uv": [4, 16, 0, 15], "texture": "#texture"},
				"south": {"uv": [4, 16, 0, 15], "texture": "#texture"},
				"west": {"uv": [4, 16, 0, 15], "texture": "#texture"},
				"up": {"uv": [4, 16, 0, 15], "texture": "#texture"},
				"down": {"uv": [0, 15, 4, 16], "texture": "#texture"}
			}
		},
		{
			"from": [-1.425, 9.8, 8.35],
			"to": [-1.175, 10.05, 8.6],
			"faces": {
				"north": {"uv": [4, 16, 0, 15], "texture": "#texture"},
				"east": {"uv": [4, 16, 0, 15], "texture": "#texture"},
				"south": {"uv": [4, 16, 0, 15], "texture": "#texture"},
				"west": {"uv": [4, 16, 0, 15], "texture": "#texture"},
				"up": {"uv": [4, 16, 0, 15], "texture": "#texture"},
				"down": {"uv": [0, 15, 4, 16], "texture": "#texture"}
			}
		},
		{
			"from": [-1.375, 9.575, 8.425],
			"to": [-1.275, 10.6, 8.525],
			"faces": {
				"north": {"uv": [4, 16, 0, 15], "texture": "#texture"},
				"east": {"uv": [4, 16, 0, 15], "texture": "#texture"},
				"south": {"uv": [4, 16, 0, 15], "texture": "#texture"},
				"west": {"uv": [4, 16, 0, 15], "texture": "#texture"},
				"up": {"uv": [4, 16, 0, 15], "texture": "#texture"},
				"down": {"uv": [0, 15, 4, 16], "texture": "#texture"}
			}
		},
		{
			"from": [4.9, 9.5, 7.7],
			"to": [8.45, 9.65, 8.3],
			"rotation": {"angle": 0, "axis": "y", "origin": [0.025, 0, 0]},
			"faces": {
				"north": {"uv": [4, 16, 0, 15], "texture": "#texture"},
				"east": {"uv": [4, 16, 0, 15], "texture": "#texture"},
				"south": {"uv": [4, 16, 0, 15], "texture": "#texture"},
				"west": {"uv": [4, 16, 0, 15], "texture": "#texture"},
				"up": {"uv": [4, 16, 0, 15], "texture": "#texture"},
				"down": {"uv": [0, 15, 4, 16], "texture": "#texture"}
			}
		},
		{
			"from": [4.9, 10.625, 7.7],
			"to": [8.175, 10.775, 8.3],
			"rotation": {"angle": 0, "axis": "y", "origin": [0.025, 0, 0]},
			"faces": {
				"north": {"uv": [4, 16, 0, 15], "texture": "#texture"},
				"east": {"uv": [4, 16, 0, 15], "texture": "#texture"},
				"south": {"uv": [4, 16, 0, 15], "texture": "#texture"},
				"west": {"uv": [4, 16, 0, 15], "texture": "#texture"},
				"up": {"uv": [4, 16, 0, 15], "texture": "#texture"},
				"down": {"uv": [0, 15, 4, 16], "texture": "#texture"}
			}
		},
		{
			"from": [5.3, 10.775, 7.775],
			"to": [7.425, 10.925, 8.225],
			"rotation": {"angle": 0, "axis": "y", "origin": [0.025, 0, 0]},
			"faces": {
				"north": {"uv": [4, 16, 0, 15], "texture": "#texture"},
				"east": {"uv": [4, 16, 0, 15], "texture": "#texture"},
				"south": {"uv": [4, 16, 0, 15], "texture": "#texture"},
				"west": {"uv": [4, 16, 0, 15], "texture": "#texture"},
				"up": {"uv": [4, 16, 0, 15], "texture": "#texture"},
				"down": {"uv": [0, 15, 4, 16], "texture": "#texture"}
			}
		},
		{
			"from": [4.775, 9.625, 7.7],
			"to": [4.925, 10.65, 8.3],
			"rotation": {"angle": 0, "axis": "z", "origin": [0.025, 0, 0]},
			"faces": {
				"north": {"uv": [4, 16, 0, 15], "rotation": 90, "texture": "#texture"},
				"east": {"uv": [0, 15, 4, 16], "rotation": 270, "texture": "#texture"},
				"south": {"uv": [4, 16, 0, 15], "rotation": 270, "texture": "#texture"},
				"west": {"uv": [4, 16, 0, 15], "rotation": 270, "texture": "#texture"},
				"up": {"uv": [4, 16, 0, 15], "rotation": 270, "texture": "#texture"},
				"down": {"uv": [4, 16, 0, 15], "rotation": 270, "texture": "#texture"}
			}
		},
		{
			"from": [8.125, 9.65, 7.7],
			"to": [8.45, 10.625, 8.3],
			"rotation": {"angle": 0, "axis": "y", "origin": [0.025, 0, 0]},
			"faces": {
				"north": {"uv": [4, 16, 0, 15], "rotation": 90, "texture": "#texture"},
				"east": {"uv": [0, 15, 4, 16], "rotation": 270, "texture": "#texture"},
				"south": {"uv": [4, 16, 0, 15], "rotation": 270, "texture": "#texture"},
				"west": {"uv": [4, 16, 0, 15], "rotation": 270, "texture": "#texture"},
				"up": {"uv": [4, 16, 0, 15], "rotation": 270, "texture": "#texture"},
				"down": {"uv": [4, 16, 0, 15], "rotation": 270, "texture": "#texture"}
			}
		},
		{
			"from": [-7.75, 8.825, 7.75],
			"to": [-3.5, 9, 8.25],
			"faces": {
				"north": {"uv": [0, 14, 2, 16], "texture": "#texture", "cullface": "west"},
				"south": {"uv": [0, 14, 2, 16], "texture": "#texture", "cullface": "west"},
				"west": {"uv": [0, 14, 2, 16], "texture": "#texture", "cullface": "west"},
				"up": {"uv": [0, 14, 2, 16], "texture": "#texture", "cullface": "west"},
				"down": {"uv": [2, 16, 0, 14], "texture": "#texture", "cullface": "west"}
			}
		},
		{
			"from": [6.875, 10.925, 7.75],
			"to": [7.625, 11.1, 8.25],
			"faces": {
				"north": {"uv": [0, 14, 2, 16], "texture": "#texture", "cullface": "west"},
				"east": {"uv": [0, 14, 2, 16], "texture": "#texture"},
				"south": {"uv": [0, 14, 2, 16], "texture": "#texture", "cullface": "west"},
				"west": {"uv": [0, 14, 2, 16], "texture": "#texture", "cullface": "west"},
				"up": {"uv": [0, 14, 2, 16], "texture": "#texture", "cullface": "west"},
				"down": {"uv": [2, 16, 0, 14], "texture": "#texture", "cullface": "west"}
			}
		},
		{
			"from": [6.875, 11.05, 8.2],
			"to": [7.625, 11.55, 8.375],
			"faces": {
				"north": {"uv": [0, 14, 2, 16], "texture": "#texture", "cullface": "west"},
				"east": {"uv": [0, 14, 2, 16], "texture": "#texture"},
				"south": {"uv": [0, 14, 2, 16], "texture": "#texture", "cullface": "west"},
				"west": {"uv": [0, 14, 2, 16], "texture": "#texture", "cullface": "west"},
				"up": {"uv": [0, 14, 2, 16], "texture": "#texture", "cullface": "west"},
				"down": {"uv": [2, 16, 0, 14], "texture": "#texture", "cullface": "west"}
			}
		},
		{
			"from": [6.875, 11.05, 7.625],
			"to": [7.625, 11.55, 7.8],
			"faces": {
				"north": {"uv": [0, 14, 2, 16], "texture": "#texture", "cullface": "west"},
				"east": {"uv": [0, 14, 2, 16], "texture": "#texture"},
				"south": {"uv": [0, 14, 2, 16], "texture": "#texture", "cullface": "west"},
				"west": {"uv": [0, 14, 2, 16], "texture": "#texture", "cullface": "west"},
				"up": {"uv": [0, 14, 2, 16], "texture": "#texture", "cullface": "west"},
				"down": {"uv": [2, 16, 0, 14], "texture": "#texture", "cullface": "west"}
			}
		},
		{
			"from": [6.875, 11.5, 7.75],
			"to": [7.625, 11.675, 8.25],
			"faces": {
				"north": {"uv": [0, 14, 2, 16], "texture": "#texture", "cullface": "west"},
				"east": {"uv": [0, 14, 2, 16], "texture": "#texture"},
				"south": {"uv": [0, 14, 2, 16], "texture": "#texture", "cullface": "west"},
				"west": {"uv": [0, 14, 2, 16], "texture": "#texture", "cullface": "west"},
				"up": {"uv": [0, 14, 2, 16], "texture": "#texture", "cullface": "west"},
				"down": {"uv": [2, 16, 0, 14], "texture": "#texture", "cullface": "west"}
			}
		},
		{
			"from": [7.625, 10.975, 7.775],
			"to": [8.325, 11.1, 8.225],
			"faces": {
				"north": {"uv": [0, 14, 2, 16], "texture": "#texture", "cullface": "west"},
				"east": {"uv": [0, 14, 2, 16], "texture": "#texture"},
				"south": {"uv": [0, 14, 2, 16], "texture": "#texture", "cullface": "west"},
				"west": {"uv": [0, 14, 2, 16], "texture": "#texture", "cullface": "west"},
				"up": {"uv": [0, 14, 2, 16], "texture": "#texture", "cullface": "west"},
				"down": {"uv": [2, 16, 0, 14], "texture": "#texture", "cullface": "west"}
			}
		},
		{
			"from": [7.625, 11.075, 8.2],
			"to": [8.325, 11.525, 8.325],
			"faces": {
				"north": {"uv": [0, 14, 2, 16], "texture": "#texture", "cullface": "west"},
				"east": {"uv": [0, 14, 2, 16], "texture": "#texture"},
				"south": {"uv": [0, 14, 2, 16], "texture": "#texture", "cullface": "west"},
				"west": {"uv": [0, 14, 2, 16], "texture": "#texture", "cullface": "west"},
				"up": {"uv": [0, 14, 2, 16], "texture": "#texture", "cullface": "west"},
				"down": {"uv": [2, 16, 0, 14], "texture": "#texture", "cullface": "west"}
			}
		},
		{
			"from": [7.625, 11.075, 7.675],
			"to": [8.325, 11.525, 7.8],
			"faces": {
				"north": {"uv": [0, 14, 2, 16], "texture": "#texture", "cullface": "west"},
				"east": {"uv": [0, 14, 2, 16], "texture": "#texture"},
				"south": {"uv": [0, 14, 2, 16], "texture": "#texture", "cullface": "west"},
				"west": {"uv": [0, 14, 2, 16], "texture": "#texture", "cullface": "west"},
				"up": {"uv": [0, 14, 2, 16], "texture": "#texture", "cullface": "west"},
				"down": {"uv": [2, 16, 0, 14], "texture": "#texture", "cullface": "west"}
			}
		},
		{
			"from": [7.625, 11.5, 7.775],
			"to": [8.325, 11.625, 8.225],
			"faces": {
				"north": {"uv": [0, 14, 2, 16], "texture": "#texture", "cullface": "west"},
				"east": {"uv": [0, 14, 2, 16], "texture": "#texture"},
				"south": {"uv": [0, 14, 2, 16], "texture": "#texture", "cullface": "west"},
				"west": {"uv": [0, 14, 2, 16], "texture": "#texture", "cullface": "west"},
				"up": {"uv": [0, 14, 2, 16], "texture": "#texture", "cullface": "west"},
				"down": {"uv": [2, 16, 0, 14], "texture": "#texture", "cullface": "west"}
			}
		},
		{
			"from": [6.125, 10.875, 7.725],
			"to": [6.875, 11.1, 8.275],
			"faces": {
				"north": {"uv": [0, 14, 2, 16], "texture": "#texture", "cullface": "west"},
				"east": {"uv": [0, 14, 2, 16], "texture": "#texture"},
				"south": {"uv": [0, 14, 2, 16], "texture": "#texture", "cullface": "west"},
				"west": {"uv": [0, 14, 2, 16], "texture": "#texture", "cullface": "west"},
				"up": {"uv": [0, 14, 2, 16], "texture": "#texture", "cullface": "west"},
				"down": {"uv": [2, 16, 0, 14], "texture": "#texture", "cullface": "west"}
			}
		},
		{
			"from": [6.125, 11.025, 8.2],
			"to": [6.875, 11.575, 8.425],
			"faces": {
				"north": {"uv": [0, 14, 2, 16], "texture": "#texture", "cullface": "west"},
				"east": {"uv": [0, 14, 2, 16], "texture": "#texture"},
				"south": {"uv": [0, 14, 2, 16], "texture": "#texture", "cullface": "west"},
				"west": {"uv": [0, 14, 2, 16], "texture": "#texture", "cullface": "west"},
				"up": {"uv": [0, 14, 2, 16], "texture": "#texture", "cullface": "west"},
				"down": {"uv": [2, 16, 0, 14], "texture": "#texture", "cullface": "west"}
			}
		},
		{
			"from": [6.125, 11.025, 7.575],
			"to": [6.875, 11.575, 7.8],
			"faces": {
				"north": {"uv": [0, 14, 2, 16], "texture": "#texture", "cullface": "west"},
				"east": {"uv": [0, 14, 2, 16], "texture": "#texture"},
				"south": {"uv": [0, 14, 2, 16], "texture": "#texture", "cullface": "west"},
				"west": {"uv": [0, 14, 2, 16], "texture": "#texture", "cullface": "west"},
				"up": {"uv": [0, 14, 2, 16], "texture": "#texture", "cullface": "west"},
				"down": {"uv": [2, 16, 0, 14], "texture": "#texture", "cullface": "west"}
			}
		},
		{
			"from": [6.125, 11.5, 7.725],
			"to": [6.875, 11.725, 8.275],
			"faces": {
				"north": {"uv": [0, 14, 2, 16], "texture": "#texture", "cullface": "west"},
				"east": {"uv": [0, 14, 2, 16], "texture": "#texture"},
				"south": {"uv": [0, 14, 2, 16], "texture": "#texture", "cullface": "west"},
				"west": {"uv": [0, 14, 2, 16], "texture": "#texture", "cullface": "west"},
				"up": {"uv": [0, 14, 2, 16], "texture": "#texture", "cullface": "west"},
				"down": {"uv": [2, 16, 0, 14], "texture": "#texture", "cullface": "west"}
			}
		},
		{
			"from": [5.375, 10.825, 7.7],
			"to": [6.125, 11.1, 8.3],
			"faces": {
				"north": {"uv": [0, 14, 2, 16], "texture": "#texture", "cullface": "west"},
				"east": {"uv": [0, 14, 2, 16], "texture": "#texture"},
				"south": {"uv": [0, 14, 2, 16], "texture": "#texture", "cullface": "west"},
				"west": {"uv": [0, 14, 2, 16], "texture": "#texture", "cullface": "west"},
				"up": {"uv": [0, 14, 2, 16], "texture": "#texture", "cullface": "west"},
				"down": {"uv": [2, 16, 0, 14], "texture": "#texture", "cullface": "west"}
			}
		},
		{
			"from": [5.375, 11, 8.2],
			"to": [6.125, 11.6, 8.475],
			"faces": {
				"north": {"uv": [0, 14, 2, 16], "texture": "#texture", "cullface": "west"},
				"east": {"uv": [0, 14, 2, 16], "texture": "#texture"},
				"south": {"uv": [0, 14, 2, 16], "texture": "#texture", "cullface": "west"},
				"west": {"uv": [0, 14, 2, 16], "texture": "#texture", "cullface": "west"},
				"up": {"uv": [0, 14, 2, 16], "texture": "#texture", "cullface": "west"},
				"down": {"uv": [2, 16, 0, 14], "texture": "#texture", "cullface": "west"}
			}
		},
		{
			"from": [5.375, 11, 7.525],
			"to": [6.125, 11.6, 7.8],
			"faces": {
				"north": {"uv": [0, 14, 2, 16], "texture": "#texture", "cullface": "west"},
				"east": {"uv": [0, 14, 2, 16], "texture": "#texture"},
				"south": {"uv": [0, 14, 2, 16], "texture": "#texture", "cullface": "west"},
				"west": {"uv": [0, 14, 2, 16], "texture": "#texture", "cullface": "west"},
				"up": {"uv": [0, 14, 2, 16], "texture": "#texture", "cullface": "west"},
				"down": {"uv": [2, 16, 0, 14], "texture": "#texture", "cullface": "west"}
			}
		},
		{
			"from": [5.375, 11.5, 7.7],
			"to": [6.125, 11.775, 8.3],
			"faces": {
				"north": {"uv": [0, 14, 2, 16], "texture": "#texture", "cullface": "west"},
				"east": {"uv": [0, 14, 2, 16], "texture": "#texture"},
				"south": {"uv": [0, 14, 2, 16], "texture": "#texture", "cullface": "west"},
				"west": {"uv": [0, 14, 2, 16], "texture": "#texture", "cullface": "west"},
				"up": {"uv": [0, 14, 2, 16], "texture": "#texture", "cullface": "west"},
				"down": {"uv": [2, 16, 0, 14], "texture": "#texture", "cullface": "west"}
			}
		},
		{
			"from": [4.625, 10.775, 7.675],
			"to": [5.375, 11.1, 8.325],
			"faces": {
				"north": {"uv": [0, 14, 2, 16], "texture": "#texture", "cullface": "west"},
				"east": {"uv": [0, 14, 2, 16], "texture": "#texture"},
				"south": {"uv": [0, 14, 2, 16], "texture": "#texture", "cullface": "west"},
				"west": {"uv": [0, 14, 2, 16], "texture": "#texture", "cullface": "west"},
				"up": {"uv": [0, 14, 2, 16], "texture": "#texture", "cullface": "west"},
				"down": {"uv": [2, 16, 0, 14], "texture": "#texture", "cullface": "west"}
			}
		},
		{
			"from": [4.625, 10.975, 8.2],
			"to": [5.375, 11.625, 8.525],
			"faces": {
				"north": {"uv": [0, 14, 2, 16], "texture": "#texture", "cullface": "west"},
				"east": {"uv": [0, 14, 2, 16], "texture": "#texture"},
				"south": {"uv": [0, 14, 2, 16], "texture": "#texture", "cullface": "west"},
				"west": {"uv": [0, 14, 2, 16], "texture": "#texture", "cullface": "west"},
				"up": {"uv": [0, 14, 2, 16], "texture": "#texture", "cullface": "west"},
				"down": {"uv": [2, 16, 0, 14], "texture": "#texture", "cullface": "west"}
			}
		},
		{
			"from": [4.625, 10.975, 7.475],
			"to": [5.375, 11.625, 7.8],
			"faces": {
				"north": {"uv": [0, 14, 2, 16], "texture": "#texture", "cullface": "west"},
				"east": {"uv": [0, 14, 2, 16], "texture": "#texture"},
				"south": {"uv": [0, 14, 2, 16], "texture": "#texture", "cullface": "west"},
				"west": {"uv": [0, 14, 2, 16], "texture": "#texture", "cullface": "west"},
				"up": {"uv": [0, 14, 2, 16], "texture": "#texture", "cullface": "west"},
				"down": {"uv": [2, 16, 0, 14], "texture": "#texture", "cullface": "west"}
			}
		},
		{
			"from": [4.625, 11.5, 7.675],
			"to": [5.375, 11.825, 8.325],
			"faces": {
				"north": {"uv": [0, 14, 2, 16], "texture": "#texture", "cullface": "west"},
				"east": {"uv": [0, 14, 2, 16], "texture": "#texture"},
				"south": {"uv": [0, 14, 2, 16], "texture": "#texture", "cullface": "west"},
				"west": {"uv": [0, 14, 2, 16], "texture": "#texture", "cullface": "west"},
				"up": {"uv": [0, 14, 2, 16], "texture": "#texture", "cullface": "west"},
				"down": {"uv": [2, 16, 0, 14], "texture": "#texture", "cullface": "west"}
			}
		},
		{
			"from": [-7.75, 8.375, 7.625],
			"to": [-3.5, 8.875, 7.8],
			"faces": {
				"north": {"uv": [0, 14, 2, 16], "texture": "#texture", "cullface": "west"},
				"south": {"uv": [0, 14, 2, 16], "texture": "#texture", "cullface": "west"},
				"west": {"uv": [0, 14, 2, 16], "texture": "#texture", "cullface": "west"},
				"up": {"uv": [0, 14, 2, 16], "texture": "#texture", "cullface": "west"},
				"down": {"uv": [2, 16, 0, 14], "texture": "#texture", "cullface": "west"}
			}
		},
		{
			"from": [-7.75, 8.375, 8.2],
			"to": [-3.5, 8.875, 8.375],
			"faces": {
				"north": {"uv": [0, 14, 2, 16], "texture": "#texture", "cullface": "west"},
				"south": {"uv": [0, 14, 2, 16], "texture": "#texture", "cullface": "west"},
				"west": {"uv": [0, 14, 2, 16], "texture": "#texture", "cullface": "west"},
				"up": {"uv": [0, 14, 2, 16], "texture": "#texture", "cullface": "west"},
				"down": {"uv": [2, 16, 0, 14], "texture": "#texture", "cullface": "west"}
			}
		},
		{
			"from": [-7.75, 8.25, 7.75],
			"to": [-3.5, 8.425, 8.25],
			"faces": {
				"north": {"uv": [0, 14, 2, 16], "texture": "#texture", "cullface": "west"},
				"south": {"uv": [0, 14, 2, 16], "texture": "#texture", "cullface": "west"},
				"west": {"uv": [0, 14, 2, 16], "texture": "#texture", "cullface": "west"},
				"up": {"uv": [0, 14, 2, 16], "texture": "#texture", "cullface": "west"},
				"down": {"uv": [2, 16, 0, 14], "texture": "#texture", "cullface": "west"}
			}
		},
		{
			"from": [9.4, 6.775, 7.575],
			"to": [11.65, 9.275, 8.425],
			"rotation": {"angle": 0, "axis": "y", "origin": [0, -1, 0]},
			"faces": {
				"north": {"uv": [0, 8.2, 4.6, 8.7], "texture": "#texture", "cullface": "east"},
				"east": {"uv": [6.1, 8.1, 6.7, 8.8], "texture": "#texture", "cullface": "east"},
				"south": {"uv": [4.7, 8.1, 0, 8.8], "texture": "#texture", "cullface": "east"},
				"west": {"uv": [6, 8, 7, 9], "texture": "#texture"},
				"down": {"uv": [6.1, 8.9, 6.8, 8.1], "texture": "#texture", "cullface": "east"}
			}
		},
		{
			"from": [9.25, 5.525, 7.575],
			"to": [11.5, 6.775, 8.425],
			"rotation": {"angle": 0, "axis": "y", "origin": [0, -1, 0]},
			"faces": {
				"north": {"uv": [0, 8.2, 4.5, 8.7], "texture": "#texture", "cullface": "east"},
				"east": {"uv": [6.2, 8.1, 6.7, 8.8], "texture": "#texture", "cullface": "east"},
				"south": {"uv": [4.7, 8.1, 0, 8.8], "texture": "#texture", "cullface": "east"},
				"west": {"uv": [6, 8, 7, 9], "texture": "#texture"},
				"up": {"uv": [6, 8, 7, 9], "texture": "#texture"},
				"down": {"uv": [6.1, 8.9, 6.8, 8.1], "texture": "#texture", "cullface": "east"}
			}
		},
		{
			"from": [9.25, 6.775, 7.575],
			"to": [9.65, 7.025, 8.425],
			"rotation": {"angle": 0, "axis": "y", "origin": [0, -1, 0]},
			"faces": {
				"north": {"uv": [6, 8.2, 6.5, 8.7], "texture": "#texture", "cullface": "east"},
				"east": {"uv": [6.2, 8.1, 6.7, 8.8], "texture": "#texture", "cullface": "east"},
				"south": {"uv": [6.7, 8.1, 6, 8.8], "texture": "#texture", "cullface": "east"},
				"west": {"uv": [6, 8, 7, 9], "texture": "#texture"},
				"up": {"uv": [6, 8, 7, 9], "texture": "#texture"},
				"down": {"uv": [6.1, 8.9, 6.8, 8.1], "texture": "#texture", "cullface": "east"}
			}
		},
		{
			"from": [9, 5.525, 7.575],
			"to": [9.25, 5.775, 8.425],
			"rotation": {"angle": 0, "axis": "y", "origin": [0, -1, 0]},
			"faces": {
				"north": {"uv": [6.5, 8.2, 6, 8.7], "texture": "#texture", "cullface": "east"},
				"east": {"uv": [6.2, 8.1, 6.7, 8.8], "texture": "#texture", "cullface": "east"},
				"south": {"uv": [6.7, 8.1, 6, 8.8], "texture": "#texture", "cullface": "east"},
				"west": {"uv": [6, 8, 7, 9], "texture": "#texture"},
				"up": {"uv": [6, 8, 7, 9], "texture": "#texture"},
				"down": {"uv": [6.1, 8.9, 6.8, 8.1], "texture": "#texture", "cullface": "east"}
			}
		},
		{
			"from": [9, 4.525, 7.575],
			"to": [11.25, 5.525, 8.425],
			"rotation": {"angle": 0, "axis": "y", "origin": [0, -1, 0]},
			"faces": {
				"north": {"uv": [0, 8.2, 4.5, 8.7], "texture": "#texture", "cullface": "east"},
				"east": {"uv": [6.2, 8.1, 6.7, 8.8], "texture": "#texture", "cullface": "east"},
				"south": {"uv": [4.7, 8.1, 0, 8.8], "texture": "#texture", "cullface": "east"},
				"west": {"uv": [6, 8, 7, 9], "texture": "#texture"},
				"up": {"uv": [6, 8, 7, 9], "texture": "#texture"},
				"down": {"uv": [6.1, 8.9, 6.8, 8.1], "texture": "#texture", "cullface": "east"}
			}
		},
		{
			"from": [9.85, 3.525, 7.575],
			"to": [11, 3.775, 8.425],
			"rotation": {"angle": 0, "axis": "y", "origin": [0, -1, 0]},
			"faces": {
				"north": {"uv": [0, 8.2, 2.4, 8.7], "texture": "#texture", "cullface": "east"},
				"east": {"uv": [6.2, 8.1, 6.7, 8.8], "texture": "#texture", "cullface": "east"},
				"south": {"uv": [2.45, 8.1, 0, 8.8], "texture": "#texture", "cullface": "east"},
				"west": {"uv": [6, 8, 7, 9], "texture": "#texture"},
				"up": {"uv": [6, 8, 7, 9], "texture": "#texture"},
				"down": {"uv": [6.1, 8.9, 6.8, 8.1], "texture": "#texture", "cullface": "east"}
			}
		},
		{
			"from": [8.75, 3.775, 7.575],
			"to": [11, 4.525, 8.425],
			"rotation": {"angle": 0, "axis": "y", "origin": [0, -1, 0]},
			"faces": {
				"north": {"uv": [0, 8.2, 4.5, 8.7], "texture": "#texture", "cullface": "east"},
				"east": {"uv": [6.2, 8.1, 6.7, 8.8], "texture": "#texture", "cullface": "east"},
				"south": {"uv": [4.7, 8.1, 0, 8.8], "texture": "#texture", "cullface": "east"},
				"west": {"uv": [6, 8, 7, 9], "texture": "#texture"},
				"up": {"uv": [6, 8, 7, 9], "texture": "#texture"},
				"down": {"uv": [6.1, 8.9, 6.8, 8.1], "texture": "#texture", "cullface": "east"}
			}
		},
		{
			"from": [8.75, 4.525, 7.575],
			"to": [9, 4.775, 8.425],
			"rotation": {"angle": 0, "axis": "y", "origin": [0, -1, 0]},
			"faces": {
				"north": {"uv": [6, 8.2, 6.5, 8.7], "texture": "#texture", "cullface": "east"},
				"east": {"uv": [6.2, 8.1, 6.7, 8.8], "texture": "#texture", "cullface": "east"},
				"south": {"uv": [6.7, 8.1, 6, 8.8], "texture": "#texture", "cullface": "east"},
				"west": {"uv": [6, 8, 7, 9], "texture": "#texture"},
				"up": {"uv": [6, 8, 7, 9], "texture": "#texture"},
				"down": {"uv": [6.1, 8.9, 6.8, 8.1], "texture": "#texture", "cullface": "east"}
			}
		}
	],
	"gui_light": "front",
	"display": {
		"thirdperson_righthand": {
			"rotation": [0, -90, 0],
			"translation": [0, 0.75, 3.75]
		},
		"thirdperson_lefthand": {
			"rotation": [0, 90, 0],
			"translation": [0, 0.75, 3.75]
		},
		"firstperson_righthand": {
			"rotation": [0, -90, 0],
			"translation": [0, 3, 2.75],
			"scale": [1.15, 1.15, 1.06]
		},
		"firstperson_lefthand": {
			"rotation": [0, 90, 0],
			"translation": [0, 3, 2.75],
			"scale": [1.15, 1.15, 1.06]
		},
		"ground": {
			"translation": [3.5, 1.25, 0],
			"scale": [1.1, 1.1, 1.1]
		},
		"gui": {
			"rotation": [0, 0, -45],
			"translation": [2, -2.25, 0],
			"scale": [0.86, 0.86, 1]
		},
		"head": {
			"translation": [4.25, 0, 0]
		},
		"fixed": {
			"rotation": [0, 180, -45],
			"translation": [-2.9, -3.2, -1.1],
			"scale": [1.28, 1.28, 1.28]
		}
	}
}