{
	"credit": "Made by SrDarmith - YouTube: Mainclay",
	"textures": {
		"particle": "itemm/anvil_1",
		"texture": "itemm/anvil_1",
		"wood door texture": "itemm/door_wood_lower"
	},
	"elements": [
		{
			"from": [-5.7, 9.025, 7.75],
			"to": [2.725, 9.275, 8.25],
			"faces": {
				"north": {"uv": [10.5, 11.75, 13, 12], "texture": "#texture", "cullface": "west"},
				"south": {"uv": [3, 11.75, 5.5, 12], "texture": "#texture", "cullface": "west"},
				"west": {"uv": [7.75, 6.75, 8.25, 7], "texture": "#texture", "cullface": "west"},
				"up": {"uv": [3, 12.75, 5.5, 13.25], "texture": "#texture", "cullface": "west"},
				"down": {"uv": [13, 13.25, 10.5, 12.75], "texture": "#texture", "cullface": "west"}
			}
		},
		{
			"from": [-4.95, 8.275, 7.5],
			"to": [-3.775, 9.275, 8.5],
			"faces": {
				"north": {"uv": [12, 11.75, 13, 12.75], "texture": "#texture", "cullface": "west"},
				"east": {"uv": [7.5, 6.75, 8.5, 7.75], "texture": "#texture", "cullface": "west"},
				"south": {"uv": [3, 11.75, 4, 12.75], "texture": "#texture", "cullface": "west"},
				"west": {"uv": [7.5, 6.75, 8.5, 7.75], "texture": "#texture", "cullface": "west"},
				"up": {"uv": [3, 12.5, 4, 13.5], "texture": "#texture", "cullface": "west"},
				"down": {"uv": [12, 13.5, 13, 12.5], "texture": "#texture", "cullface": "west"}
			}
		},
		{
			"from": [-4.95, 7.8, 7.75],
			"to": [-3.775, 9.825, 8.25],
			"faces": {
				"north": {"uv": [12, 11, 13, 11.75], "texture": "#texture", "cullface": "west"},
				"east": {"uv": [7.75, 6, 8.25, 6.75], "texture": "#texture", "cullface": "west"},
				"south": {"uv": [3, 11, 4, 11.75], "texture": "#texture", "cullface": "west"},
				"west": {"uv": [7.75, 6, 8.25, 6.75], "texture": "#texture", "cullface": "west"},
				"up": {"uv": [3, 12.75, 4, 13.25], "texture": "#texture", "cullface": "west"},
				"down": {"uv": [12, 11, 13, 12], "texture": "#texture"}
			}
		},
		{
			"from": [-4.95, 9.825, 7.75],
			"to": [-4.025, 10.425, 8.25],
			"faces": {
				"north": {"uv": [11, 10.5, 12, 11], "texture": "#texture", "cullface": "west"},
				"east": {"uv": [7.75, 5.5, 8.25, 6], "texture": "#texture", "cullface": "west"},
				"south": {"uv": [4, 10.5, 5, 11], "texture": "#texture", "cullface": "west"},
				"west": {"uv": [7.75, 5.5, 8.25, 6], "texture": "#texture", "cullface": "west"},
				"up": {"uv": [4, 12.75, 5, 13.25], "texture": "#texture", "cullface": "west"}
			}
		},
		{
			"from": [-4.95, 10.675, 7.5],
			"to": [-4.275, 11.175, 7.75],
			"faces": {
				"north": {"uv": [11, 10, 12, 10.5], "texture": "#texture", "cullface": "west"},
				"east": {"uv": [8.25, 5, 8.5, 5.5], "texture": "#texture", "cullface": "west"},
				"south": {"uv": [4, 10, 5, 10.5], "texture": "#texture", "cullface": "west"},
				"west": {"uv": [7.5, 5, 7.75, 5.5], "texture": "#texture", "cullface": "west"},
				"up": {"uv": [4, 12.5, 5, 12.75], "texture": "#texture", "cullface": "west"},
				"down": {"uv": [11, 12.75, 12, 12.5], "texture": "#texture", "cullface": "west"}
			}
		},
		{
			"from": [-4.95, 10.675, 8.25],
			"to": [-4.275, 11.175, 8.5],
			"faces": {
				"north": {"uv": [11, 10, 12, 10.5], "texture": "#texture", "cullface": "west"},
				"east": {"uv": [7.5, 5, 7.75, 5.5], "texture": "#texture", "cullface": "west"},
				"south": {"uv": [4, 10, 5, 10.5], "texture": "#texture", "cullface": "west"},
				"west": {"uv": [8.25, 5, 8.5, 5.5], "texture": "#texture", "cullface": "west"},
				"up": {"uv": [4, 13.25, 5, 13.5], "texture": "#texture", "cullface": "west"},
				"down": {"uv": [11, 13.5, 12, 13.25], "texture": "#texture", "cullface": "west"}
			}
		},
		{
			"from": [-4.95, 11.175, 7.75],
			"to": [-4.275, 11.425, 8.25],
			"faces": {
				"north": {"uv": [11, 9.75, 12, 10], "texture": "#texture", "cullface": "west"},
				"east": {"uv": [7.75, 4.75, 8.25, 5], "texture": "#texture", "cullface": "west"},
				"south": {"uv": [4, 9.75, 5, 10], "texture": "#texture", "cullface": "west"},
				"west": {"uv": [7.75, 4.75, 8.25, 5], "texture": "#texture", "cullface": "west"},
				"up": {"uv": [4, 12.75, 5, 13.25], "texture": "#texture", "cullface": "west"},
				"down": {"uv": [11, 13.25, 12, 12.75], "texture": "#texture", "cullface": "west"}
			}
		},
		{
			"from": [-4.95, 10.425, 7.75],
			"to": [-4.275, 10.675, 8.25],
			"faces": {
				"north": {"uv": [11, 9.75, 12, 10], "texture": "#texture", "cullface": "west"},
				"east": {"uv": [7.75, 4.75, 8.25, 5], "texture": "#texture", "cullface": "west"},
				"south": {"uv": [4, 9.75, 5, 10], "texture": "#texture", "cullface": "west"},
				"west": {"uv": [7.75, 4.75, 8.25, 5], "texture": "#texture", "cullface": "west"},
				"up": {"uv": [4, 12.75, 5, 13.25], "texture": "#texture", "cullface": "west"},
				"down": {"uv": [11, 13.25, 12, 12.75], "texture": "#texture", "cullface": "west"}
			}
		},
		{
			"from": [-1.425, 8.225, 7.475],
			"to": [-0.05, 9.3, 8.525],
			"faces": {
				"north": {"uv": [12, 11.75, 13, 12.75], "texture": "#texture", "cullface": "west"},
				"east": {"uv": [7.5, 6.75, 8.5, 7.75], "texture": "#texture", "cullface": "west"},
				"south": {"uv": [3, 11.75, 4, 12.75], "texture": "#texture", "cullface": "west"},
				"west": {"uv": [7.5, 6.75, 8.5, 7.75], "texture": "#texture", "cullface": "west"},
				"up": {"uv": [3, 12.5, 4, 13.5], "texture": "#texture", "cullface": "west"},
				"down": {"uv": [12, 13.5, 13, 12.5], "texture": "#texture", "cullface": "west"}
			}
		},
		{
			"from": [-1.175, 9.275, 7.6],
			"to": [-0.175, 9.625, 8.4],
			"faces": {
				"north": {"uv": [12, 11.5, 13, 11.75], "texture": "#texture", "cullface": "west"},
				"east": {"uv": [7.75, 6.5, 8.25, 6.75], "texture": "#texture", "cullface": "west"},
				"south": {"uv": [3, 11.5, 4, 11.75], "texture": "#texture", "cullface": "west"},
				"west": {"uv": [7.75, 6.5, 8.25, 6.75], "texture": "#texture", "cullface": "west"},
				"up": {"uv": [3, 12.75, 4, 13.25], "texture": "#texture", "cullface": "west"}
			}
		},
		{
			"from": [-0.75, 9.6, 7.725],
			"to": [-0.425, 9.975, 8.275],
			"faces": {
				"north": {"uv": [12, 11.25, 13, 11.5], "texture": "#texture", "cullface": "west"},
				"south": {"uv": [3, 11.25, 4, 11.5], "texture": "#texture", "cullface": "west"},
				"west": {"uv": [7.75, 6.25, 8.25, 6.5], "texture": "#texture", "cullface": "west"},
				"up": {"uv": [3, 12.75, 4, 13.25], "texture": "#texture", "cullface": "west"}
			}
		},
		{
			"from": [-0.425, 9.625, 7.725],
			"to": [2.325, 10.375, 8.275],
			"faces": {
				"north": {"uv": [11.5, 11, 13, 11.5], "texture": "#texture", "cullface": "west"},
				"south": {"uv": [3, 11, 4.5, 11.5], "texture": "#texture", "cullface": "west"},
				"west": {"uv": [7.75, 6, 8.25, 6.5], "texture": "#texture", "cullface": "west"},
				"up": {"uv": [3, 12.75, 4.5, 13.25], "texture": "#texture", "cullface": "west"},
				"down": {"uv": [13, 13.25, 11.5, 12.75], "texture": "#texture", "cullface": "west"}
			}
		},
		{
			"from": [2.25, 9.425, 7.2],
			"to": [2.5, 10.25, 8.775],
			"faces": {
				"north": {"uv": [14.25, 5.75, 14.5, 6.75], "texture": "#texture"},
				"south": {"uv": [1.5, 5.75, 1.75, 6.75], "texture": "#texture"},
				"west": {"uv": [7, 5.75, 9, 6.75], "texture": "#texture"},
				"up": {"uv": [1.5, 7, 1.75, 9], "texture": "#texture"}
			}
		},
		{
			"from": [2.25, 8.075, 7.025],
			"to": [2.5, 9.425, 8.95],
			"faces": {
				"north": {"uv": [14.25, 6.75, 14.5, 7.75], "texture": "#texture"},
				"south": {"uv": [1.5, 6.75, 1.75, 7.75], "texture": "#texture"},
				"west": {"uv": [6.75, 6.75, 9.25, 7.75], "texture": "#texture"},
				"up": {"uv": [1.5, 6.75, 1.75, 9.25], "texture": "#texture"},
				"down": {"uv": [14.5, 9.25, 14.25, 6.75], "texture": "#texture"}
			}
		},
		{
			"from": [2.5, 9.5, 7.2],
			"to": [6.75, 10.325, 8.775],
			"faces": {
				"north": {"uv": [10.25, 5.75, 14.25, 6.5], "texture": "#wood door texture"},
				"east": {"uv": [5, 6, 6, 7], "texture": "#wood door texture"},
				"south": {"uv": [1.75, 5.75, 5.75, 6.5], "texture": "#wood door texture"},
				"west": {"uv": [5, 6, 6, 7], "texture": "#wood door texture"},
				"up": {"uv": [1.75, 7, 5.75, 9], "texture": "#wood door texture"},
				"down": {"uv": [14.25, 9, 10.25, 7], "texture": "#wood door texture"}
			}
		},
		{
			"from": [2.5, 10.25, 7.45],
			"to": [6.75, 10.575, 8.525],
			"faces": {
				"north": {"uv": [10.25, 5.5, 14.25, 5.75], "texture": "#wood door texture"},
				"east": {"uv": [5, 6, 6, 7], "texture": "#wood door texture"},
				"south": {"uv": [1.75, 5.5, 5.75, 5.75], "texture": "#wood door texture"},
				"west": {"uv": [5, 6, 6, 7], "texture": "#wood door texture"},
				"up": {"uv": [1.75, 7.25, 5.75, 8.75], "texture": "#wood door texture"}
			}
		},
		{
			"from": [2.25, 10.25, 7.45],
			"to": [2.5, 10.5, 8.525],
			"faces": {
				"north": {"uv": [14.25, 5.5, 14.5, 5.75], "texture": "#texture"},
				"south": {"uv": [1.5, 5.5, 1.75, 5.75], "texture": "#texture"},
				"west": {"uv": [7.25, 5.5, 8.75, 5.75], "texture": "#texture"},
				"up": {"uv": [1.5, 7.25, 1.75, 8.75], "texture": "#texture"}
			}
		},
		{
			"from": [6.75, 9.25, 7.2],
			"to": [7, 10.25, 8.775],
			"faces": {
				"north": {"uv": [14.25, 5.75, 14.5, 6.75], "texture": "#texture"},
				"east": {"uv": [0, 0, 1, 1], "texture": "#texture"},
				"south": {"uv": [1.5, 5.75, 1.75, 6.75], "texture": "#texture"},
				"west": {"uv": [7, 5.75, 9, 6.75], "texture": "#texture"},
				"up": {"uv": [1.5, 7, 1.75, 9], "texture": "#texture"}
			}
		},
		{
			"from": [6.75, 10.25, 7.45],
			"to": [7, 10.5, 8.525],
			"faces": {
				"north": {"uv": [14.25, 5.5, 14.5, 5.75], "texture": "#texture"},
				"east": {"uv": [0, 0, 1, 1], "texture": "#texture"},
				"south": {"uv": [1.5, 5.5, 1.75, 5.75], "texture": "#texture"},
				"west": {"uv": [7.25, 5.5, 8.75, 5.75], "texture": "#texture"},
				"up": {"uv": [1.5, 7.25, 1.75, 8.75], "texture": "#texture"}
			}
		},
		{
			"from": [2.5, 8, 7.025],
			"to": [8.25, 9.25, 8.95],
			"faces": {
				"north": {"uv": [8.25, 6.75, 14.25, 7.75], "texture": "#wood door texture"},
				"east": {"uv": [6.75, 6.75, 9.25, 7.75], "texture": "#wood door texture"},
				"south": {"uv": [1.75, 6.75, 7.75, 7.75], "texture": "#wood door texture"},
				"west": {"uv": [5, 8, 6, 9], "texture": "#wood door texture"},
				"up": {"uv": [1.75, 6.75, 7.75, 9.25], "texture": "#wood door texture"},
				"down": {"uv": [14.25, 9.25, 8.25, 6.75], "texture": "#wood door texture"}
			}
		},
		{
			"from": [2.5, 7.75, 7.2],
			"to": [7.5, 8.25, 8.775],
			"faces": {
				"north": {"uv": [10.5, 7.75, 14.25, 8.25], "texture": "#wood door texture"},
				"south": {"uv": [1.75, 7.75, 5.5, 8.25], "texture": "#wood door texture"},
				"west": {"uv": [5, 8, 6, 9], "texture": "#wood door texture"},
				"down": {"uv": [14.25, 9, 10.5, 7], "texture": "#wood door texture"}
			}
		},
		{
			"from": [2.25, 7.825, 7.2],
			"to": [2.5, 8.25, 8.775],
			"faces": {
				"north": {"uv": [14.25, 7.75, 14.5, 8.25], "texture": "#texture"},
				"south": {"uv": [1.5, 7.75, 1.75, 8.25], "texture": "#texture"},
				"west": {"uv": [7, 7.75, 9, 8.25], "texture": "#texture"},
				"down": {"uv": [14.5, 9, 14.25, 7], "texture": "#texture"}
			}
		},
		{
			"from": [7.225, 7.325, 7.1],
			"to": [8.25, 8.25, 8.875],
			"faces": {
				"north": {"uv": [8.25, 7.75, 10.5, 8.75], "texture": "#wood door texture"},
				"east": {"uv": [6.75, 7.75, 9.25, 8.75], "texture": "#wood door texture"},
				"south": {"uv": [5.5, 7.75, 7.75, 8.75], "texture": "#wood door texture"},
				"west": {"uv": [6.75, 7.75, 9.25, 8.75], "texture": "#wood door texture"},
				"down": {"uv": [10.5, 9.25, 8.25, 6.75], "texture": "#wood door texture"}
			}
		},
		{
			"from": [7.25, 9.625, 7.125],
			"to": [9.5, 10.625, 8.875],
			"faces": {
				"north": {"uv": [8.25, 5.25, 10.25, 6.75], "texture": "#texture"},
				"east": {"uv": [7, 5.25, 9, 6.75], "texture": "#texture"},
				"south": {"uv": [5.75, 5.25, 7.75, 6.75], "texture": "#texture"},
				"west": {"uv": [7, 5.25, 9, 6.75], "texture": "#texture"},
				"up": {"uv": [5.75, 7, 7.75, 9], "texture": "#texture"},
				"down": {"uv": [0, 0, 1, 1], "texture": "#texture"}
			}
		},
		{
			"from": [7, 10.15, 7.675],
			"to": [17.75, 10.4, 8.3],
			"faces": {
				"north": {"uv": [0, 5, 8.25, 5.75], "texture": "#texture", "cullface": "east"},
				"east": {"uv": [7.5, 5, 8.5, 5.75], "texture": "#texture", "cullface": "east"},
				"south": {"uv": [7.75, 5, 16, 5.75], "texture": "#texture", "cullface": "east"},
				"up": {"uv": [7.75, 7.5, 16, 8.5], "texture": "#texture", "cullface": "east"}
			}
		},
		{
			"from": [8, 7.5, 7.2],
			"to": [19, 9.25, 8.775],
			"faces": {
				"north": {"uv": [0, 7, 8.25, 8.75], "texture": "#texture", "cullface": "east"},
				"east": {"uv": [7, 7, 9, 8.75], "texture": "#texture", "cullface": "east"},
				"south": {"uv": [7.75, 7, 16, 8.75], "texture": "#texture", "cullface": "east"},
				"west": {"uv": [7, 7, 9, 8.75], "texture": "#texture", "cullface": "east"},
				"up": {"uv": [7.75, 7.25, 16, 9.25], "texture": "#texture", "cullface": "east"},
				"down": {"uv": [8.25, 9.25, 0, 7.25], "texture": "#texture", "cullface": "east"}
			}
		},
		{
			"from": [6.3, 7.575, 7.375],
			"to": [7.5, 7.75, 8.6],
			"faces": {
				"north": {"uv": [10.5, 8.25, 13.25, 8.5], "texture": "#wood door texture"},
				"south": {"uv": [2.75, 8.25, 5.5, 8.5], "texture": "#wood door texture"},
				"west": {"uv": [7.25, 8.25, 8.75, 8.5], "texture": "#wood door texture"},
				"down": {"uv": [13.25, 8.75, 10.5, 7.25], "texture": "#wood door texture"}
			}
		},
		{
			"from": [-5.7, 8.525, 7.5],
			"to": [2.725, 9.025, 7.75],
			"faces": {
				"north": {"uv": [10.5, 12, 13, 12.5], "texture": "#texture", "cullface": "west"},
				"south": {"uv": [3, 12, 5.5, 12.5], "texture": "#texture", "cullface": "west"},
				"west": {"uv": [7.5, 7, 7.75, 7.5], "texture": "#texture", "cullface": "west"},
				"up": {"uv": [3, 12.5, 5.5, 12.75], "texture": "#texture", "cullface": "west"},
				"down": {"uv": [13, 12.75, 10.5, 12.5], "texture": "#texture", "cullface": "west"}
			}
		},
		{
			"from": [-5.7, 8.525, 8.25],
			"to": [2.725, 9.025, 8.5],
			"faces": {
				"north": {"uv": [10.5, 12, 13, 12.5], "texture": "#texture", "cullface": "west"},
				"south": {"uv": [3, 12, 5.5, 12.5], "texture": "#texture", "cullface": "west"},
				"west": {"uv": [8.25, 7, 8.5, 7.5], "texture": "#texture", "cullface": "west"},
				"up": {"uv": [3, 13.25, 5.5, 13.5], "texture": "#texture", "cullface": "west"},
				"down": {"uv": [13, 13.5, 10.5, 13.25], "texture": "#texture", "cullface": "west"}
			}
		},
		{
			"from": [-5.7, 8.275, 7.75],
			"to": [2.725, 8.525, 8.25],
			"faces": {
				"north": {"uv": [10.5, 12.5, 13, 12.75], "texture": "#texture", "cullface": "west"},
				"south": {"uv": [3, 12.5, 5.5, 12.75], "texture": "#texture", "cullface": "west"},
				"west": {"uv": [7.75, 7.5, 8.25, 7.75], "texture": "#texture", "cullface": "west"},
				"up": {"uv": [3, 12.75, 5.5, 13.25], "texture": "#texture", "cullface": "west"},
				"down": {"uv": [13, 13.25, 10.5, 12.75], "texture": "#texture", "cullface": "west"}
			}
		},
		{
			"from": [-3.775, 7.925, 7.75],
			"to": [2.725, 8.1, 8.25],
			"faces": {
				"north": {"uv": [10.5, 12.5, 13, 12.75], "texture": "#texture", "cullface": "west"},
				"south": {"uv": [3, 12.5, 5.5, 12.75], "texture": "#texture", "cullface": "west"},
				"west": {"uv": [7.75, 7.5, 8.25, 7.75], "texture": "#texture", "cullface": "west"},
				"up": {"uv": [3, 12.75, 5.5, 13.25], "texture": "#texture", "cullface": "west"},
				"down": {"uv": [13, 13.25, 10.5, 12.75], "texture": "#texture", "cullface": "west"}
			}
		},
		{
			"from": [13.75, 5.925, 7.625],
			"to": [15.75, 6.175, 8.375],
			"rotation": {"angle": 0, "axis": "y", "origin": [0, -0.075, 0]},
			"faces": {
				"north": {"uv": [0.25, 9.75, 2, 10], "texture": "#texture"},
				"east": {"uv": [7.5, 9.75, 8.5, 10], "texture": "#texture"},
				"south": {"uv": [14, 9.75, 15.75, 10], "texture": "#texture"},
				"west": {"uv": [7.5, 9.75, 8.5, 10], "texture": "#texture"},
				"up": {"uv": [14, 7.5, 15.75, 8.5], "texture": "#texture"},
				"down": {"uv": [2, 8.5, 0.25, 7.5], "texture": "#texture"}
			}
		},
		{
			"from": [15.75, 6.175, 7.625],
			"to": [16, 7.5, 8.375],
			"rotation": {"angle": 0, "axis": "y", "origin": [0, -0.075, 0]},
			"faces": {
				"north": {"uv": [0, 8.5, 0.25, 9.75], "texture": "#texture"},
				"east": {"uv": [7.5, 8.5, 8.5, 9.75], "texture": "#texture", "cullface": "east"},
				"south": {"uv": [15.75, 8.5, 16, 9.75], "texture": "#texture"},
				"west": {"uv": [7.5, 8.5, 8.5, 9.75], "texture": "#texture"},
				"down": {"uv": [0.25, 8.5, 0, 7.5], "texture": "#texture"}
			}
		},
		{
			"from": [13.5, 6.175, 7.625],
			"to": [13.75, 7.5, 8.375],
			"rotation": {"angle": 0, "axis": "y", "origin": [0, -0.075, 0]},
			"faces": {
				"north": {"uv": [0, 8.5, 0.25, 9.75], "texture": "#texture"},
				"east": {"uv": [7.5, 8.5, 8.5, 9.75], "texture": "#texture", "cullface": "east"},
				"south": {"uv": [15.75, 8.5, 16, 9.75], "texture": "#texture"},
				"west": {"uv": [7.5, 8.5, 8.5, 9.75], "texture": "#texture"},
				"down": {"uv": [0.25, 8.5, 0, 7.5], "texture": "#texture"}
			}
		},
		{
			"from": [12.975, 6.375, 7.625],
			"to": [13.425, 7.5, 8.375],
			"rotation": {"angle": 0, "axis": "y", "origin": [0, -0.075, 0]},
			"faces": {
				"north": {"uv": [0, 8.5, 0.25, 9.75], "texture": "#texture"},
				"east": {"uv": [7.5, 8.5, 8.5, 9.75], "texture": "#texture", "cullface": "east"},
				"south": {"uv": [15.75, 8.5, 16, 9.75], "texture": "#texture"},
				"west": {"uv": [7.5, 8.5, 8.5, 9.75], "texture": "#texture"},
				"down": {"uv": [0.25, 8.5, 0, 7.5], "texture": "#texture"}
			}
		},
		{
			"from": [7, 9.65, 7.425],
			"to": [18.25, 10.15, 8.55],
			"faces": {
				"north": {"uv": [3, 5.75, 2, 6.25], "texture": "#texture", "cullface": "east"},
				"east": {"uv": [7.5, 5.75, 8.5, 6.25], "texture": "#texture", "cullface": "east"},
				"south": {"uv": [15, 6.75, 14, 7.25], "texture": "#texture", "cullface": "east"},
				"up": {"uv": [12, 7.5, 11, 8.5], "texture": "#texture", "cullface": "east"}
			}
		},
		{
			"from": [15.35, 6.425, 7.875],
			"to": [15.6, 7.95, 8.125],
			"rotation": {"angle": -22.5, "axis": "z", "origin": [15.25, 7.925, 7.75]},
			"faces": {
				"north": {"uv": [0, 2, 0.25, 3.5], "texture": "#texture"},
				"east": {"uv": [7.5, 2, 8.5, 3.5], "texture": "#texture"},
				"south": {"uv": [15.75, 2, 16, 3.5], "texture": "#texture"},
				"west": {"uv": [7.5, 2, 8.5, 3.5], "texture": "#texture"},
				"up": {"uv": [15.75, 7.5, 16, 8.5], "texture": "#texture"},
				"down": {"uv": [0.25, 8.5, 0, 7.5], "texture": "#texture"}
			}
		},
		{
			"from": [9.25, 10.625, 8.225],
			"to": [9.5, 10.775, 8.8],
			"rotation": {"angle": 0, "axis": "z", "origin": [15.25, 8, 7.75]},
			"faces": {
				"north": {"uv": [0, 2, 0.25, 3.5], "texture": "#texture"},
				"east": {"uv": [7.5, 2, 8.5, 3.5], "texture": "#texture"},
				"south": {"uv": [15.75, 2, 16, 3.5], "texture": "#texture"},
				"west": {"uv": [7.5, 2, 8.5, 3.5], "texture": "#texture"},
				"up": {"uv": [15.75, 7.5, 16, 8.5], "texture": "#texture"},
				"down": {"uv": [0.25, 8.5, 0, 7.5], "texture": "#texture"}
			}
		},
		{
			"from": [9.25, 10.625, 7.2],
			"to": [9.5, 10.775, 7.775],
			"rotation": {"angle": 0, "axis": "y", "origin": [15.25, 8, 7.75]},
			"faces": {
				"north": {"uv": [0, 2, 0.25, 3.5], "texture": "#texture"},
				"east": {"uv": [7.5, 2, 8.5, 3.5], "texture": "#texture"},
				"south": {"uv": [15.75, 2, 16, 3.5], "texture": "#texture"},
				"west": {"uv": [7.5, 2, 8.5, 3.5], "texture": "#texture"},
				"up": {"uv": [15.75, 7.5, 16, 8.5], "texture": "#texture"},
				"down": {"uv": [0.25, 8.5, 0, 7.5], "texture": "#texture"}
			}
		},
		{
			"from": [7, 9.15, 7.2],
			"to": [18.75, 9.4, 8.775],
			"faces": {
				"north": {"uv": [0, 6.5, 8.25, 6.75], "texture": "#texture", "cullface": "east"},
				"east": {"uv": [7.25, 6.5, 8.75, 6.75], "texture": "#texture", "cullface": "east"},
				"south": {"uv": [6.75, 6.5, 15, 6.75], "texture": "#texture", "cullface": "east"},
				"up": {"uv": [7.75, 7.25, 16, 8.75], "texture": "#texture", "cullface": "east"}
			}
		},
		{
			"from": [18.25, 9.4, 7.875],
			"to": [18.75, 9.9, 8.125],
			"faces": {
				"north": {"uv": [0, 6, 1, 6.5], "texture": "#texture", "cullface": "east"},
				"east": {"uv": [7.75, 6, 8.25, 6.5], "texture": "#texture", "cullface": "east"},
				"south": {"uv": [16, 6, 15, 6.5], "texture": "#texture", "cullface": "east"},
				"west": {"uv": [7.75, 6, 8.25, 6.5], "texture": "#texture", "cullface": "east"},
				"up": {"uv": [16, 7.75, 15, 8.25], "texture": "#texture", "cullface": "east"}
			}
		},
		{
			"from": [19, 7.25, 7.325],
			"to": [19.875, 9, 8.675],
			"faces": {
				"north": {"uv": [8.75, 0.75, 9.5, 2.5], "texture": "#wood door texture", "cullface": "east"},
				"east": {"uv": [7, 0.75, 9, 2.5], "texture": "#wood door texture", "cullface": "east"},
				"south": {"uv": [6.5, 0.75, 7.25, 2.5], "texture": "#wood door texture", "cullface": "east"},
				"west": {"uv": [7, 0.75, 9, 2.5], "texture": "#wood door texture", "cullface": "east"},
				"up": {"uv": [6.5, 7, 7.25, 9], "texture": "#wood door texture", "cullface": "east"},
				"down": {"uv": [9.5, 9, 8.75, 7], "texture": "#wood door texture", "cullface": "east"}
			}
		},
		{
			"from": [19.875, 7.125, 7.325],
			"to": [20.5, 8.875, 8.675],
			"faces": {
				"north": {"uv": [8, 1, 8.75, 2.75], "texture": "#wood door texture", "cullface": "east"},
				"east": {"uv": [7, 7, 8, 8], "texture": "#wood door texture"},
				"south": {"uv": [7.25, 1, 8, 2.75], "texture": "#wood door texture", "cullface": "east"},
				"west": {"uv": [7, 1, 9, 2.75], "texture": "#wood door texture", "cullface": "east"},
				"up": {"uv": [7.25, 7, 8, 9], "texture": "#wood door texture", "cullface": "east"},
				"down": {"uv": [8.75, 9, 8, 7], "texture": "#wood door texture", "cullface": "east"}
			}
		},
		{
			"from": [20.5, 7, 7.325],
			"to": [27.25, 8.75, 8.675],
			"rotation": {"angle": 0, "axis": "y", "origin": [-0.25, 0, 0]},
			"faces": {
				"north": {"uv": [7.25, 0.5, 14.75, 2.5], "texture": "#wood door texture", "cullface": "east"},
				"south": {"uv": [7.5, 0.5, 15, 2.5], "texture": "#wood door texture", "cullface": "east"},
				"west": {"uv": [7, 0.5, 9, 2.5], "texture": "#wood door texture", "cullface": "east"},
				"up": {"uv": [7.5, 7, 15, 9], "texture": "#wood door texture", "cullface": "east"},
				"down": {"uv": [7.5, 7, 15, 9], "texture": "#wood door texture", "cullface": "east"}
			}
		},
		{
			"from": [22.75, 8.75, 7.325],
			"to": [27.25, 9, 8.675],
			"rotation": {"angle": 0, "axis": "y", "origin": [-0.25, 0, 0]},
			"faces": {
				"north": {"uv": [9.25, 0.25, 15, 0.5], "texture": "#wood door texture", "cullface": "east"},
				"south": {"uv": [9.25, 0.25, 15, 0.5], "texture": "#wood door texture", "cullface": "east"},
				"west": {"uv": [7, 0.25, 9, 0.5], "texture": "#wood door texture", "cullface": "east"},
				"up": {"uv": [9.25, 7, 15, 9], "texture": "#wood door texture", "cullface": "east"}
			}
		},
		{
			"from": [22.55, 6.25, 7.325],
			"to": [27.25, 6.5, 8.675],
			"rotation": {"angle": 0, "axis": "y", "origin": [-0.25, 0, 0]},
			"faces": {
				"north": {"uv": [7.25, 3, 12.75, 3.25], "texture": "#wood door texture", "cullface": "east"},
				"south": {"uv": [9.5, 3, 15, 3.25], "texture": "#wood door texture", "cullface": "east"},
				"west": {"uv": [7, 3, 9, 3.25], "texture": "#wood door texture", "cullface": "east"},
				"down": {"uv": [9.5, 7, 15, 9], "texture": "#wood door texture", "cullface": "east"}
			}
		},
		{
			"from": [23.75, 5.75, 7.325],
			"to": [27.25, 6, 8.675],
			"rotation": {"angle": 0, "axis": "y", "origin": [-0.25, 0, 0]},
			"faces": {
				"north": {"uv": [7.25, 3.5, 11.5, 3.75], "texture": "#wood door texture", "cullface": "east"},
				"south": {"uv": [10.75, 3.5, 15, 3.75], "texture": "#wood door texture", "cullface": "east"},
				"west": {"uv": [7, 3.5, 9, 3.75], "texture": "#wood door texture", "cullface": "east"},
				"down": {"uv": [10.75, 7, 15, 9], "texture": "#wood door texture", "cullface": "east"}
			}
		},
		{
			"from": [23.175, 6, 7.325],
			"to": [27.25, 6.25, 8.675],
			"rotation": {"angle": 0, "axis": "y", "origin": [-0.25, 0, 0]},
			"faces": {
				"north": {"uv": [7.25, 3.25, 12.25, 3.5], "texture": "#wood door texture", "cullface": "east"},
				"south": {"uv": [10, 3.25, 15, 3.5], "texture": "#wood door texture", "cullface": "east"},
				"west": {"uv": [7, 3.25, 9, 3.5], "texture": "#wood door texture", "cullface": "east"},
				"down": {"uv": [10, 7, 15, 9], "texture": "#wood door texture", "cullface": "east"}
			}
		},
		{
			"from": [21.35, 6.75, 7.325],
			"to": [27.25, 7, 8.675],
			"rotation": {"angle": 0, "axis": "y", "origin": [-0.25, 0, 0]},
			"faces": {
				"north": {"uv": [7.25, 2.5, 14, 2.75], "texture": "#wood door texture", "cullface": "east"},
				"south": {"uv": [8.25, 2.5, 15, 2.75], "texture": "#wood door texture", "cullface": "east"},
				"west": {"uv": [7, 2.5, 9, 2.75], "texture": "#wood door texture", "cullface": "east"},
				"down": {"uv": [8.25, 7, 15, 9], "texture": "#wood door texture", "cullface": "east"}
			}
		},
		{
			"from": [21.95, 6.5, 7.325],
			"to": [27.25, 6.75, 8.675],
			"rotation": {"angle": 0, "axis": "y", "origin": [-0.25, 0, 0]},
			"faces": {
				"north": {"uv": [7.25, 2.75, 13.25, 3], "texture": "#wood door texture", "cullface": "east"},
				"south": {"uv": [9, 2.75, 15, 3], "texture": "#wood door texture", "cullface": "east"},
				"west": {"uv": [7, 2.75, 9, 3], "texture": "#wood door texture", "cullface": "east"}
			}
		},
		{
			"from": [20.75, 7.1, 7.325],
			"to": [27.325, 7.35, 8.675],
			"rotation": {"angle": -22.5, "axis": "z", "origin": [20.5, 7.25, 7]},
			"faces": {
				"north": {"uv": [7.75, 2.25, 15.5, 2.5], "texture": "#wood door texture", "cullface": "east"},
				"east": {"uv": [7, 2.25, 9, 2.5], "texture": "#wood door texture", "cullface": "east"},
				"south": {"uv": [7.75, 2.25, 15.5, 2.5], "texture": "#wood door texture", "cullface": "east"},
				"west": {"uv": [7, 2.25, 9, 2.5], "texture": "#wood door texture", "cullface": "east"},
				"up": {"uv": [7.75, 7, 15.5, 9], "texture": "#wood door texture", "cullface": "east"},
				"down": {"uv": [7.75, 7, 15.5, 9], "texture": "#wood door texture", "cullface": "east"}
			}
		},
		{
			"from": [24.325, 5.5, 7.325],
			"to": [27.25, 5.75, 8.675],
			"rotation": {"angle": 0, "axis": "y", "origin": [-0.25, 0, 0]},
			"faces": {
				"north": {"uv": [7.25, 3.75, 11, 4], "texture": "#wood door texture", "cullface": "east"},
				"south": {"uv": [11.25, 3.75, 15, 4], "texture": "#wood door texture", "cullface": "east"},
				"west": {"uv": [7, 3.75, 9, 4], "texture": "#wood door texture", "cullface": "east"},
				"down": {"uv": [11.25, 7, 15, 9], "texture": "#wood door texture", "cullface": "east"}
			}
		},
		{
			"from": [25, 5.25, 7.325],
			"to": [27.25, 5.5, 8.675],
			"rotation": {"angle": 0, "axis": "y", "origin": [-0.25, 0, 0]},
			"faces": {
				"north": {"uv": [7.25, 4, 10.25, 4.25], "texture": "#wood door texture", "cullface": "east"},
				"south": {"uv": [12, 4, 15, 4.25], "texture": "#wood door texture", "cullface": "east"},
				"west": {"uv": [7, 4, 9, 4.25], "texture": "#wood door texture", "cullface": "east"},
				"down": {"uv": [12, 7, 15, 9], "texture": "#wood door texture", "cullface": "east"}
			}
		},
		{
			"from": [10.175, 5.275, 7.525],
			"to": [12.75, 8.05, 8.475],
			"rotation": {"angle": 0, "axis": "y", "origin": [0, -0.975, 0]},
			"faces": {
				"north": {"uv": [0.2, 8.2, 6.8, 8.7], "texture": "#texture", "cullface": "east"},
				"east": {"uv": [6.1, 8.1, 6.7, 8.8], "texture": "#texture", "cullface": "east"},
				"south": {"uv": [6.7, 8.1, 0, 8.8], "texture": "#texture", "cullface": "east"},
				"west": {"uv": [6, 8, 7, 9], "texture": "#texture"},
				"down": {"uv": [6.1, 8.9, 6.8, 8.1], "texture": "#texture", "cullface": "east"}
			}
		},
		{
			"from": [6.8, 6.9, 7.525],
			"to": [9.375, 9.675, 8.475],
			"rotation": {"angle": -22.5, "axis": "z", "origin": [0, -0.975, 0]},
			"faces": {
				"north": {"uv": [0.2, 8.2, 6.8, 8.7], "texture": "#texture", "cullface": "east"},
				"east": {"uv": [6.1, 8.1, 6.7, 8.8], "texture": "#texture", "cullface": "east"},
				"south": {"uv": [6.7, 8.1, 0, 8.8], "texture": "#texture", "cullface": "east"},
				"west": {"uv": [6, 8, 7, 9], "texture": "#texture"},
				"down": {"uv": [6.1, 8.9, 6.8, 8.1], "texture": "#texture", "cullface": "east"}
			}
		},
		{
			"from": [3.075, 7.125, 7.525],
			"to": [5.65, 9.9, 8.475],
			"rotation": {"angle": -45, "axis": "z", "origin": [0, -0.975, 0]},
			"faces": {
				"north": {"uv": [0.2, 8.2, 6.8, 8.7], "texture": "#texture", "cullface": "east"},
				"east": {"uv": [6.1, 8.1, 6.7, 8.8], "texture": "#texture", "cullface": "east"},
				"south": {"uv": [6.7, 8.1, 0, 8.8], "texture": "#texture", "cullface": "east"},
				"west": {"uv": [6, 8, 7, 9], "texture": "#texture"},
				"down": {"uv": [6.1, 8.9, 6.8, 8.1], "texture": "#texture", "cullface": "east"}
			}
		},
		{
			"from": [25.55, 5, 7.325],
			"to": [27.25, 5.25, 8.675],
			"rotation": {"angle": 0, "axis": "y", "origin": [-0.25, 0, 0]},
			"faces": {
				"north": {"uv": [7.25, 4.25, 9.75, 4.5], "texture": "#wood door texture", "cullface": "east"},
				"south": {"uv": [12.5, 4.25, 15, 4.5], "texture": "#wood door texture", "cullface": "east"},
				"west": {"uv": [7, 4.25, 9, 4.5], "texture": "#wood door texture", "cullface": "east"},
				"down": {"uv": [12.5, 7, 15, 9], "texture": "#wood door texture", "cullface": "east"}
			}
		},
		{
			"from": [26.175, 4.75, 7.325],
			"to": [27.25, 5, 8.675],
			"rotation": {"angle": 0, "axis": "y", "origin": [-0.25, 0, 0]},
			"faces": {
				"north": {"uv": [7.25, 4.5, 9, 4.75], "texture": "#wood door texture", "cullface": "east"},
				"south": {"uv": [13.25, 4.5, 15, 4.75], "texture": "#wood door texture", "cullface": "east"},
				"west": {"uv": [7, 4.5, 9, 4.75], "texture": "#wood door texture", "cullface": "east"},
				"down": {"uv": [13.25, 7, 15, 9], "texture": "#wood door texture", "cullface": "east"}
			}
		},
		{
			"from": [26.75, 4.5, 7.325],
			"to": [27.25, 4.75, 8.675],
			"rotation": {"angle": 0, "axis": "y", "origin": [-0.25, 0, 0]},
			"faces": {
				"north": {"uv": [13.25, 4.75, 14.5, 5], "texture": "#wood door texture", "cullface": "east"},
				"south": {"uv": [13.75, 4.75, 15, 5], "texture": "#wood door texture", "cullface": "east"},
				"west": {"uv": [7, 4.75, 9, 5], "texture": "#wood door texture", "cullface": "east"},
				"down": {"uv": [13.75, 7, 15, 9], "texture": "#wood door texture", "cullface": "east"}
			}
		},
		{
			"from": [27.25, 4.5, 7.325],
			"to": [27.575, 9, 8.675],
			"faces": {
				"north": {"uv": [0, 6.5, 1, 12], "texture": "#texture", "cullface": "east"},
				"east": {"uv": [7, 6.5, 9, 12], "texture": "#texture", "cullface": "east"},
				"south": {"uv": [16, 6.5, 15, 12], "texture": "#texture", "cullface": "east"},
				"west": {"uv": [7, 6.5, 9, 12], "texture": "#texture", "cullface": "east"},
				"up": {"uv": [16, 7, 15, 9], "texture": "#texture", "cullface": "east"},
				"down": {"uv": [0, 9, 1, 7], "texture": "#texture", "cullface": "east"}
			}
		},
		{
			"from": [2.5, 9.25, 7.025],
			"to": [3.25, 9.5, 8.95],
			"faces": {
				"north": {"uv": [13.75, 6.5, 14.25, 6.75], "texture": "#wood door texture"},
				"east": {"uv": [6.75, 6.5, 9.25, 6.75], "texture": "#wood door texture"},
				"south": {"uv": [1.75, 6.5, 2.25, 6.75], "texture": "#wood door texture"},
				"west": {"uv": [6.75, 6.5, 9.25, 6.75], "texture": "#wood door texture"},
				"up": {"uv": [1.75, 6.75, 2.25, 9.25], "texture": "#wood door texture"}
			}
		},
		{
			"from": [6.25, 9.25, 7.025],
			"to": [8.25, 9.5, 8.95],
			"faces": {
				"north": {"uv": [11.75, 6.5, 12.25, 6.75], "texture": "#wood door texture"},
				"east": {"uv": [6.75, 6.5, 9.25, 6.75], "texture": "#wood door texture"},
				"south": {"uv": [3.75, 6.5, 4.25, 6.75], "texture": "#wood door texture"},
				"west": {"uv": [6.75, 6.5, 9.25, 6.75], "texture": "#wood door texture"},
				"up": {"uv": [1.75, 6.75, 2.25, 9.25], "texture": "#wood door texture"}
			}
		},
		{
			"from": [4.4, 9.25, 7.025],
			"to": [5.15, 9.5, 8.95],
			"faces": {
				"north": {"uv": [11.5, 6.5, 12.5, 6.75], "texture": "#wood door texture"},
				"east": {"uv": [6.75, 6.5, 9.25, 6.75], "texture": "#wood door texture"},
				"south": {"uv": [3.5, 6.5, 4.5, 6.75], "texture": "#wood door texture"},
				"west": {"uv": [6.75, 6.5, 9.25, 6.75], "texture": "#wood door texture"},
				"up": {"uv": [3.5, 6.75, 4.5, 9.25], "texture": "#wood door texture"}
			}
		},
		{
			"from": [16, 6.575, 7.625],
			"to": [18.225, 7.275, 8.375],
			"rotation": {"angle": 0, "axis": "y", "origin": [0, 0.075, 0]},
			"faces": {
				"north": {"uv": [13, 11, 8, 7], "texture": "#wood door texture", "cullface": "east"},
				"east": {"uv": [13, 11, 8, 7], "texture": "#wood door texture", "cullface": "east"},
				"south": {"uv": [13, 11, 8, 7], "texture": "#wood door texture", "cullface": "east"},
				"down": {"uv": [13, 11, 8, 7], "texture": "#wood door texture", "cullface": "east"}
			}
		},
		{
			"from": [18.225, 6.75, 7.625],
			"to": [18.475, 7.275, 8.375],
			"rotation": {"angle": 0, "axis": "y", "origin": [0, 0.075, 0]},
			"faces": {
				"north": {"uv": [13, 11, 11, 9], "texture": "#wood door texture", "cullface": "east"},
				"east": {"uv": [13, 11, 11, 9], "texture": "#wood door texture", "cullface": "east"},
				"south": {"uv": [13, 11, 11, 9], "texture": "#wood door texture", "cullface": "east"},
				"down": {"uv": [13, 11, 11, 9], "texture": "#wood door texture", "cullface": "east"}
			}
		},
		{
			"from": [17.575, -3.725, 7.625],
			"to": [19.325, -0.175, 8.375],
			"rotation": {"angle": 22.5, "axis": "z", "origin": [0, 0.075, 0]},
			"faces": {
				"north": {"uv": [13, 11, 8, 7], "rotation": 270, "texture": "#wood door texture", "cullface": "east"},
				"east": {"uv": [13, 11, 8, 7], "rotation": 90, "texture": "#wood door texture"},
				"south": {"uv": [13, 11, 8, 7], "rotation": 90, "texture": "#wood door texture", "cullface": "east"},
				"west": {"uv": [13, 11, 8, 7], "rotation": 90, "texture": "#wood door texture", "cullface": "east"},
				"up": {"uv": [13, 11, 8, 7], "rotation": 90, "texture": "#wood door texture"},
				"down": {"uv": [13, 11, 8, 7], "rotation": 90, "texture": "#wood door texture", "cullface": "east"}
			}
		},
		{
			"from": [17.375, -3.975, 7.7],
			"to": [19.125, -3.7, 8.3],
			"rotation": {"angle": 22.5, "axis": "z", "origin": [0, 0.075, 0]},
			"faces": {
				"north": {"uv": [12, 11, 10, 8], "rotation": 270, "texture": "#wood door texture", "cullface": "east"},
				"east": {"uv": [12, 11, 10, 8], "rotation": 90, "texture": "#wood door texture"},
				"south": {"uv": [12, 11, 10, 8], "rotation": 90, "texture": "#wood door texture", "cullface": "east"},
				"west": {"uv": [12, 11, 10, 8], "rotation": 90, "texture": "#wood door texture", "cullface": "east"},
				"up": {"uv": [12, 11, 10, 8], "rotation": 90, "texture": "#wood door texture"},
				"down": {"uv": [12, 11, 10, 8], "rotation": 90, "texture": "#wood door texture", "cullface": "east"}
			}
		},
		{
			"from": [16, 7.275, 7.475],
			"to": [18.75, 7.575, 8.525],
			"rotation": {"angle": 0, "axis": "y", "origin": [0, 0.075, 0]},
			"faces": {
				"north": {"uv": [13, 11.5, 8, 10.5], "texture": "#texture", "cullface": "east"},
				"east": {"uv": [13, 11.5, 8, 10.5], "texture": "#texture", "cullface": "east"},
				"south": {"uv": [13, 11.5, 8, 10.5], "texture": "#texture", "cullface": "east"},
				"west": {"uv": [8, 11, 9, 12], "texture": "#texture"},
				"down": {"uv": [13, 11.5, 8, 10.5], "texture": "#texture", "cullface": "east"}
			}
		},
		{
			"from": [7, 9.4, 7.2],
			"to": [18.5, 9.8, 8.775],
			"faces": {
				"north": {"uv": [0, 6.25, 8.25, 6.5], "texture": "#texture", "cullface": "east"},
				"east": {"uv": [7.25, 6.25, 8.75, 6.5], "texture": "#texture", "cullface": "east"},
				"south": {"uv": [5.75, 5.25, 14, 5.5], "texture": "#texture", "cullface": "east"},
				"up": {"uv": [7.75, 7.25, 16, 8.75], "texture": "#texture", "cullface": "east"}
			}
		}
	],
	"gui_light": "front",
	"display": {
		"thirdperson_righthand": {
			"rotation": [116.65, -90, 116.77],
			"translation": [0, 0.5, -5.25],
			"scale": [0.8, 0.8, 0.8]
		},
		"thirdperson_lefthand": {
			"rotation": [-116.65, 90, 116.77],
			"translation": [0, 0.5, -5.25],
			"scale": [0.8, 0.8, 0.8]
		},
		"firstperson_righthand": {
			"rotation": [0, -90, 0],
			"translation": [0, 2.25, -7]
		},
		"firstperson_lefthand": {
			"rotation": [0, 90, 0],
			"translation": [0, 2.25, -7]
		},
		"ground": {
			"translation": [-2, 2.5, 0],
			"scale": [0.96, 0.96, 0.96]
		},
		"gui": {
			"rotation": [0, 0, -45],
			"translation": [-1.25, 1.25, 0],
			"scale": [0.58, 0.58, 0.9]
		},
		"head": {
			"translation": [-3.75, 0, 0]
		},
		"fixed": {
			"rotation": [0, 180, -45],
			"translation": [2, 2.5, -1.1],
			"scale": [0.94, 0.94, 0.94]
		}
	}
}