{
	"credit": "Made by SrDarmith - YouTube: Mainclay",
	"textures": {
		"texture": "itemm/hardened_clay_stained_lime",
		"particle": "itemm/anvil_1",
		"dark wood blade": "itemm/anvil_1",
		"hardened clay stained white": "itemm/hardened_clay_stained_white"
	},
	"elements": [
		{
			"from": [-8.75, 9.25, 7.5],
			"to": [-0.5, 9.75, 7.75],
			"rotation": {"angle": 0, "axis": "y", "origin": [0.25, 0, 0]},
			"faces": {
				"north": {"uv": [15, 6.25, 16, 6.75], "texture": "#dark wood blade", "cullface": "west"},
				"south": {"uv": [0, 6.25, 1, 6.75], "texture": "#dark wood blade", "cullface": "west"},
				"west": {"uv": [7.5, 6.25, 8.5, 6.75], "texture": "#dark wood blade", "cullface": "west"},
				"up": {"uv": [0, 7.5, 1, 8.5], "texture": "#dark wood blade", "cullface": "west"},
				"down": {"uv": [16, 8.5, 15, 7.5], "texture": "#dark wood blade", "cullface": "west"}
			}
		},
		{
			"from": [-8.75, 9.25, 8.25],
			"to": [-0.5, 9.75, 8.5],
			"rotation": {"angle": 0, "axis": "y", "origin": [0.25, 0, 0]},
			"faces": {
				"north": {"uv": [15, 6.25, 16, 6.75], "texture": "#dark wood blade", "cullface": "west"},
				"south": {"uv": [0, 6.25, 1, 6.75], "texture": "#dark wood blade", "cullface": "west"},
				"west": {"uv": [7.5, 6.25, 8.5, 6.75], "texture": "#dark wood blade", "cullface": "west"},
				"up": {"uv": [0, 7.5, 1, 8.5], "texture": "#dark wood blade", "cullface": "west"},
				"down": {"uv": [16, 8.5, 15, 7.5], "texture": "#dark wood blade", "cullface": "west"}
			}
		},
		{
			"from": [-8.75, 9.75, 7.75],
			"to": [-0.5, 10, 8.25],
			"rotation": {"angle": 0, "axis": "y", "origin": [0.25, 0, 0]},
			"faces": {
				"north": {"uv": [15, 6, 16, 7], "texture": "#dark wood blade", "cullface": "west"},
				"south": {"uv": [0, 6, 1, 7], "texture": "#dark wood blade", "cullface": "west"},
				"west": {"uv": [7.75, 6, 8.25, 7], "texture": "#dark wood blade", "cullface": "west"},
				"up": {"uv": [0, 7.75, 1, 8.25], "texture": "#dark wood blade", "cullface": "west"},
				"down": {"uv": [16, 8.25, 15, 7.75], "texture": "#dark wood blade", "cullface": "west"}
			}
		},
		{
			"from": [-8.75, 9, 7.75],
			"to": [-0.5, 9.25, 8.25],
			"rotation": {"angle": 0, "axis": "y", "origin": [-0.75, 0, 0]},
			"faces": {
				"north": {"uv": [15, 6, 16, 7], "texture": "#dark wood blade", "cullface": "west"},
				"south": {"uv": [0, 6, 1, 7], "texture": "#dark wood blade", "cullface": "west"},
				"west": {"uv": [7.75, 6, 8.25, 7], "texture": "#dark wood blade", "cullface": "west"},
				"up": {"uv": [0, 7.75, 1, 8.25], "texture": "#dark wood blade", "cullface": "west"},
				"down": {"uv": [16, 8.25, 15, 7.75], "texture": "#dark wood blade", "cullface": "west"}
			}
		},
		{
			"from": [1.75, 9, 7.5],
			"to": [6.75, 10.1, 8.5],
			"rotation": {"angle": 0, "axis": "y", "origin": [4.25, 0, 0]},
			"faces": {
				"north": {"uv": [9.5, 6, 15, 7], "texture": "#dark wood blade"},
				"east": {"uv": [7.5, 6, 8.5, 7], "texture": "#dark wood blade"},
				"south": {"uv": [1, 6, 6.5, 7], "texture": "#dark wood blade"},
				"west": {"uv": [7.5, 6, 8.5, 7], "texture": "#dark wood blade"},
				"up": {"uv": [1, 7.5, 6.5, 8.5], "texture": "#dark wood blade"}
			}
		},
		{
			"from": [1.25, 9, 7.35],
			"to": [6.75, 9.925, 8.65],
			"rotation": {"angle": 0, "axis": "y", "origin": [4.25, 0, 0]},
			"faces": {
				"north": {"uv": [9.5, 6, 15, 7], "texture": "#dark wood blade"},
				"east": {"uv": [7.5, 6, 8.5, 7], "texture": "#dark wood blade"},
				"south": {"uv": [1, 6, 6.5, 7], "texture": "#dark wood blade"},
				"west": {"uv": [7.5, 6, 8.5, 7], "texture": "#dark wood blade"},
				"up": {"uv": [1, 7.5, 6.5, 8.5], "texture": "#dark wood blade"},
				"down": {"uv": [8, 6, 9, 7], "texture": "#dark wood blade"}
			}
		},
		{
			"from": [1.75, 8.25, 7.25],
			"to": [19.75, 9, 8.75],
			"rotation": {"angle": 0, "axis": "y", "origin": [-0.75, 0, 0]},
			"faces": {
				"north": {"uv": [0, 7, 15, 7.75], "texture": "#texture", "cullface": "east"},
				"east": {"uv": [7.25, 7, 8.75, 7.75], "texture": "#texture", "cullface": "east"},
				"south": {"uv": [1, 7, 16, 7.75], "texture": "#texture", "cullface": "east"},
				"west": {"uv": [7.25, 7, 8.75, 7.75], "texture": "#texture", "cullface": "east"},
				"up": {"uv": [1, 7.25, 16, 8.75], "texture": "#texture", "cullface": "east"},
				"down": {"uv": [15, 8.75, 0, 7.25], "texture": "#texture", "cullface": "east"}
			}
		},
		{
			"from": [6.75, 9.75, 7.25],
			"to": [20, 10.25, 8.75],
			"rotation": {"angle": 0, "axis": "y", "origin": [-0.75, 0, 0]},
			"faces": {
				"north": {"uv": [0, 5.75, 9.5, 6.25], "texture": "#texture", "cullface": "east"},
				"east": {"uv": [7.25, 5.75, 8.75, 6.25], "texture": "#texture", "cullface": "east"},
				"south": {"uv": [6.5, 5.75, 16, 6.25], "texture": "#texture", "cullface": "east"},
				"west": {"uv": [7.25, 5.75, 8.75, 6.25], "texture": "#texture", "cullface": "east"},
				"up": {"uv": [6.5, 7.25, 16, 8.75], "texture": "#texture", "cullface": "east"}
			}
		},
		{
			"from": [1, 8.25, 7.5],
			"to": [1.75, 10.1, 8.5],
			"rotation": {"angle": 0, "axis": "y", "origin": [0.25, 0, 0]},
			"faces": {
				"north": {"uv": [14.5, 6.75, 15.75, 7.75], "texture": "#dark wood blade"},
				"east": {"uv": [7.5, 6.75, 8.5, 7.75], "texture": "#dark wood blade"},
				"south": {"uv": [0.25, 6.75, 1.5, 7.75], "texture": "#dark wood blade"},
				"west": {"uv": [7.5, 6.75, 8.5, 7.75], "texture": "#dark wood blade"},
				"up": {"uv": [0.25, 7.5, 1.5, 8.5], "texture": "#dark wood blade"},
				"down": {"uv": [15.75, 8.5, 14.5, 7.5], "texture": "#dark wood blade"}
			}
		},
		{
			"from": [0.375, 7.5, 7.7],
			"to": [0.875, 9, 8.3],
			"rotation": {"angle": 0, "axis": "y", "origin": [-0.75, 0, 0]},
			"faces": {
				"north": {"uv": [15, 7.5, 15.5, 8.25], "texture": "#dark wood blade"},
				"east": {"uv": [7.75, 7.5, 8.25, 8.25], "texture": "#dark wood blade"},
				"south": {"uv": [0.5, 7.5, 1, 8.25], "texture": "#dark wood blade"},
				"west": {"uv": [7.75, 7.5, 8.25, 8.25], "texture": "#dark wood blade"},
				"up": {"uv": [0.5, 7.75, 1, 8.25], "texture": "#dark wood blade"}
			}
		},
		{
			"from": [0, 4, 7.75],
			"to": [1.25, 7.75, 8.25],
			"rotation": {"angle": 0, "axis": "y", "origin": [-0.75, 0, 0]},
			"faces": {
				"north": {"uv": [14.75, 8.25, 16, 12], "texture": "#texture"},
				"east": {"uv": [7.5, 8.25, 8.5, 12], "texture": "#texture"},
				"south": {"uv": [0, 8.25, 1.25, 12], "texture": "#texture"},
				"west": {"uv": [7.5, 8.25, 8.5, 12], "texture": "#texture", "cullface": "west"},
				"up": {"uv": [0, 7.5, 1.25, 8.5], "texture": "#texture"},
				"down": {"uv": [16, 8.5, 14.75, 7.5], "texture": "#texture"}
			}
		},
		{
			"from": [6.75, 9, 7],
			"to": [20, 9.75, 9],
			"rotation": {"angle": 0, "axis": "y", "origin": [-0.75, 0, 0]},
			"faces": {
				"north": {"uv": [0, 6.25, 9.5, 7], "texture": "#texture", "cullface": "east"},
				"east": {"uv": [7, 6.25, 9, 7], "texture": "#texture", "cullface": "east"},
				"south": {"uv": [6.5, 6.25, 16, 7], "texture": "#texture", "cullface": "east"},
				"west": {"uv": [7, 6.25, 9, 7], "texture": "#texture", "cullface": "east"},
				"up": {"uv": [6.5, 7, 16, 9], "texture": "#texture", "cullface": "east"},
				"down": {"uv": [9.5, 9, 0, 7], "texture": "#texture", "cullface": "east"}
			}
		},
		{
			"from": [-3.1, 8.25, 7.5],
			"to": [-2.05, 9.325, 8.5],
			"rotation": {"angle": -45, "axis": "z", "origin": [-0.05, 0, 0]},
			"faces": {
				"north": {"uv": [11, 8, 12, 8.75], "texture": "#texture"},
				"east": {"uv": [7.5, 8, 8.5, 8.75], "texture": "#texture"},
				"south": {"uv": [4, 8, 5, 8.75], "texture": "#texture"},
				"west": {"uv": [7.5, 8, 8.5, 8.75], "texture": "#texture"},
				"down": {"uv": [12, 8.5, 11, 7.5], "texture": "#texture"}
			}
		},
		{
			"from": [2.5, 8, 7.5],
			"to": [8.5, 8.25, 8.5],
			"rotation": {"angle": 0, "axis": "y", "origin": [-0.8, 0, 0]},
			"faces": {
				"north": {"uv": [7, 7.75, 14.5, 8], "texture": "#texture"},
				"south": {"uv": [1.5, 7.75, 9, 8], "texture": "#texture"},
				"west": {"uv": [7.5, 7.75, 8.5, 8], "texture": "#texture"},
				"down": {"uv": [14.5, 8.5, 7, 7.5], "texture": "#texture"}
			}
		},
		{
			"from": [4.25, 4.075, 7.5],
			"to": [4.75, 7.5, 8.5],
			"rotation": {"angle": 22.5, "axis": "z", "origin": [4.25, 7.5, 7.5]},
			"faces": {
				"north": {"uv": [11.75, 8, 12.25, 12.75], "texture": "#texture"},
				"east": {"uv": [7.5, 8, 8.5, 12.75], "texture": "#texture"},
				"south": {"uv": [3.75, 8, 4.25, 12.75], "texture": "#texture"},
				"west": {"uv": [7.5, 8, 8.5, 12.75], "texture": "#texture"},
				"up": {"uv": [3.75, 7.5, 4.25, 8.5], "texture": "#texture"},
				"down": {"uv": [12.25, 8.5, 11.75, 7.5], "texture": "#texture"}
			}
		},
		{
			"from": [6.325, 3.825, 7.5],
			"to": [9.8, 4.4, 8.5],
			"faces": {
				"north": {"uv": [6.25, 11.5, 10.25, 12], "texture": "#texture"},
				"east": {"uv": [7.5, 11.5, 8.5, 12], "texture": "#texture"},
				"south": {"uv": [5.75, 11.5, 9.75, 12], "texture": "#texture"},
				"west": {"uv": [7.5, 11.5, 8.5, 12], "texture": "#texture"},
				"up": {"uv": [5.75, 7.5, 9.75, 8.5], "texture": "#texture"},
				"down": {"uv": [10.25, 8.5, 6.25, 7.5], "texture": "#texture"}
			}
		},
		{
			"from": [0.85, 7, 7.5],
			"to": [1.325, 7.55, 8.5],
			"rotation": {"angle": -45, "axis": "z", "origin": [0, 0, 0]},
			"faces": {
				"north": {"uv": [6.25, 11.5, 10.25, 12], "texture": "#texture"},
				"east": {"uv": [7.5, 11.5, 8.5, 12], "texture": "#texture"},
				"south": {"uv": [5.75, 11.5, 9.75, 12], "texture": "#texture"},
				"west": {"uv": [7.5, 11.5, 8.5, 12], "texture": "#texture"},
				"up": {"uv": [5.75, 7.5, 9.75, 8.5], "texture": "#texture"},
				"down": {"uv": [10.25, 8.5, 6.25, 7.5], "texture": "#texture"}
			}
		},
		{
			"from": [7, 3.55, 7.5],
			"to": [8.5, 7.25, 8.5],
			"rotation": {"angle": 22.5, "axis": "z", "origin": [7, 7.25, 7.5]},
			"faces": {
				"north": {"uv": [8.75, 8.75, 10.25, 11.5], "texture": "#texture"},
				"east": {"uv": [7.5, 8.75, 8.5, 11.5], "texture": "#texture"},
				"south": {"uv": [5.75, 8.75, 7.25, 11.5], "texture": "#texture"},
				"west": {"uv": [7.5, 8.75, 8.5, 11.5], "texture": "#texture"},
				"up": {"uv": [5.75, 7.5, 7.25, 8.5], "texture": "#texture"},
				"down": {"uv": [10.25, 8.5, 8.75, 7.5], "texture": "#texture"}
			}
		},
		{
			"from": [6.75, 6.75, 7.5],
			"to": [8.75, 8, 8.5],
			"faces": {
				"north": {"uv": [7.25, 8, 9.25, 9.25], "texture": "#texture"},
				"east": {"uv": [7.5, 8, 8.5, 9.25], "texture": "#texture"},
				"south": {"uv": [6.75, 8, 8.75, 9.25], "texture": "#texture"},
				"west": {"uv": [7.5, 8, 8.5, 9.25], "texture": "#texture"},
				"down": {"uv": [9.25, 8.5, 7.25, 7.5], "texture": "#texture"}
			}
		},
		{
			"from": [6.25, 7, 7.75],
			"to": [6.75, 8, 8.25],
			"faces": {
				"north": {"uv": [9.25, 8, 9.75, 9], "texture": "#dark wood blade"},
				"south": {"uv": [6.25, 8, 6.75, 9], "texture": "#dark wood blade"},
				"west": {"uv": [7.75, 8, 8.25, 9], "texture": "#dark wood blade"},
				"down": {"uv": [9.75, 8.25, 9.25, 7.75], "texture": "#dark wood blade"}
			}
		},
		{
			"from": [8, 7.25, 7.5],
			"to": [8.25, 8, 8.5],
			"rotation": {"angle": 0, "axis": "y", "origin": [-0.75, 0, 0]},
			"faces": {
				"north": {"uv": [7, 8, 7.25, 8.75], "texture": "#texture"},
				"east": {"uv": [7.5, 8, 8.5, 8.75], "texture": "#texture"},
				"south": {"uv": [8.75, 8, 9, 8.75], "texture": "#texture"},
				"down": {"uv": [7.25, 8.5, 7, 7.5], "texture": "#texture"}
			}
		},
		{
			"from": [8.25, 7.5, 7.25],
			"to": [19.75, 8.25, 8.75],
			"rotation": {"angle": 0, "axis": "y", "origin": [-0.75, 0, 0]},
			"faces": {
				"north": {"uv": [0, 7.75, 7, 8.5], "texture": "#texture", "cullface": "east"},
				"east": {"uv": [7.25, 7.75, 8.75, 8.5], "texture": "#texture", "cullface": "east"},
				"south": {"uv": [9, 7.75, 16, 8.5], "texture": "#texture", "cullface": "east"},
				"west": {"uv": [7.25, 7.75, 8.75, 8.5], "texture": "#texture", "cullface": "east"},
				"down": {"uv": [7, 8.75, 0, 7.25], "texture": "#texture", "cullface": "east"}
			}
		},
		{
			"from": [11.2, 3.575, 7.525],
			"to": [11.45, 3.825, 8.475],
			"rotation": {"angle": 0, "axis": "y", "origin": [0, -1, 0]},
			"faces": {
				"north": {"uv": [6, 8.2, 6.5, 8.7], "texture": "#hardened clay stained white", "cullface": "east"},
				"east": {"uv": [6.2, 8.1, 6.7, 8.8], "texture": "#hardened clay stained white", "cullface": "east"},
				"south": {"uv": [6.8, 4.1, 6.1, 4.8], "texture": "#hardened clay stained white", "cullface": "east"},
				"west": {"uv": [2, 0, 3, 1], "texture": "#hardened clay stained white"},
				"up": {"uv": [1, 1, 0, 2], "texture": "#hardened clay stained white"},
				"down": {"uv": [6.1, 8.9, 6.8, 8.1], "texture": "#hardened clay stained white", "cullface": "east"}
			}
		},
		{
			"from": [11.2, 3.075, 7.525],
			"to": [13.95, 3.575, 8.475],
			"rotation": {"angle": 0, "axis": "y", "origin": [0, -1, 0]},
			"faces": {
				"north": {"uv": [0, 4.1, 6.8, 5.4], "texture": "#hardened clay stained white", "cullface": "east"},
				"east": {"uv": [6.2, 8.1, 6.7, 8.8], "texture": "#hardened clay stained white", "cullface": "east"},
				"south": {"uv": [6.8, 4.1, 0.1, 5.4], "texture": "#hardened clay stained white", "cullface": "east"},
				"west": {"uv": [1, 0, 2, 1], "texture": "#hardened clay stained white"},
				"up": {"uv": [3, 1, 4, 2], "texture": "#hardened clay stained white"},
				"down": {"uv": [6.1, 8.9, 6.8, 8.1], "texture": "#hardened clay stained white", "cullface": "east"}
			}
		},
		{
			"from": [12.55, 2.825, 7.525],
			"to": [13.95, 3.075, 8.475],
			"rotation": {"angle": 0, "axis": "y", "origin": [0, -1, 0]},
			"faces": {
				"north": {"uv": [0, 5.1, 3.5, 5.8], "texture": "#hardened clay stained white", "cullface": "east"},
				"east": {"uv": [6.2, 8.1, 6.7, 8.8], "texture": "#hardened clay stained white", "cullface": "east"},
				"south": {"uv": [3.5, 5.1, 0.1, 5.8], "texture": "#hardened clay stained white", "cullface": "east"},
				"west": {"uv": [0, 0, 1, 1], "texture": "#hardened clay stained white"},
				"up": {"uv": [0, 0, 0, 0], "texture": "#hardened clay stained white"},
				"down": {"uv": [6.1, 8.9, 6.8, 8.1], "texture": "#hardened clay stained white", "cullface": "east"}
			}
		},
		{
			"from": [12.55, 2.575, 7.525],
			"to": [13.95, 2.825, 8.475],
			"rotation": {"angle": 0, "axis": "y", "origin": [0, -1, 0]},
			"faces": {
				"north": {"uv": [0, 14.2, 0.5, 14.7], "texture": "#hardened clay stained white", "cullface": "east"},
				"east": {"uv": [6.2, 8.1, 6.7, 8.8], "texture": "#hardened clay stained white", "cullface": "east"},
				"south": {"uv": [0.9, 14.1, 0, 14.8], "texture": "#hardened clay stained white", "cullface": "east"},
				"west": {"uv": [0, 0, 1, 1], "texture": "#hardened clay stained white"},
				"up": {"uv": [0, 0, 0, 0], "texture": "#hardened clay stained white"},
				"down": {"uv": [6.1, 8.9, 6.8, 8.1], "texture": "#hardened clay stained white", "cullface": "east"}
			}
		},
		{
			"from": [11.2, 2.825, 7.525],
			"to": [12.55, 3.075, 8.475],
			"rotation": {"angle": 0, "axis": "y", "origin": [0, -1, 0]},
			"faces": {
				"north": {"uv": [0, 15.2, 0.5, 14.7], "texture": "#hardened clay stained white", "cullface": "east"},
				"east": {"uv": [6.2, 8.1, 6.7, 8.8], "texture": "#hardened clay stained white", "cullface": "east"},
				"south": {"uv": [1, 0.1, 0.1, 0.8], "texture": "#hardened clay stained white", "cullface": "east"},
				"west": {"uv": [0, 0, 1, 1], "texture": "#hardened clay stained white"},
				"up": {"uv": [0, 0, 0, 0], "texture": "#hardened clay stained white"},
				"down": {"uv": [6.1, 8.9, 6.8, 8.1], "texture": "#hardened clay stained white", "cullface": "east"}
			}
		},
		{
			"from": [11.45, 3.575, 7.525],
			"to": [14.2, 4.575, 8.475],
			"rotation": {"angle": 0, "axis": "y", "origin": [0, -1, 0]},
			"faces": {
				"north": {"uv": [0, 4.2, 6.5, 5.7], "texture": "#hardened clay stained white", "cullface": "east"},
				"east": {"uv": [6.2, 8.1, 6.7, 8.8], "texture": "#hardened clay stained white", "cullface": "east"},
				"south": {"uv": [6.8, 4.1, 0.1, 5.8], "texture": "#hardened clay stained white", "cullface": "east"},
				"west": {"uv": [1, 0, 2, 1], "texture": "#hardened clay stained white"},
				"up": {"uv": [3, 1, 4, 2], "texture": "#hardened clay stained white"},
				"down": {"uv": [6.1, 8.9, 6.8, 8.1], "texture": "#hardened clay stained white", "cullface": "east"}
			}
		},
		{
			"from": [11.45, 4.575, 7.525],
			"to": [11.7, 4.825, 8.475],
			"rotation": {"angle": 0, "axis": "y", "origin": [0, -1, 0]},
			"faces": {
				"north": {"uv": [6.5, 8.2, 6, 8.7], "texture": "#hardened clay stained white", "cullface": "east"},
				"east": {"uv": [6.2, 8.1, 6.7, 8.8], "texture": "#hardened clay stained white", "cullface": "east"},
				"south": {"uv": [6.8, 4.1, 6.1, 4.8], "texture": "#hardened clay stained white", "cullface": "east"},
				"west": {"uv": [2, 0, 3, 1], "texture": "#hardened clay stained white"},
				"up": {"uv": [1, 1, 0, 2], "texture": "#hardened clay stained white"},
				"down": {"uv": [6.1, 8.9, 6.8, 8.1], "texture": "#hardened clay stained white", "cullface": "east"}
			}
		},
		{
			"from": [11.7, 5.825, 7.525],
			"to": [12.1, 6.075, 8.475],
			"rotation": {"angle": 0, "axis": "y", "origin": [0, -1, 0]},
			"faces": {
				"north": {"uv": [6, 8.2, 6.5, 8.7], "texture": "#hardened clay stained white", "cullface": "east"},
				"east": {"uv": [6.2, 8.1, 6.7, 8.8], "texture": "#hardened clay stained white", "cullface": "east"},
				"south": {"uv": [6.8, 4.1, 6.1, 4.8], "texture": "#hardened clay stained white", "cullface": "east"},
				"west": {"uv": [2, 0, 3, 1], "texture": "#hardened clay stained white"},
				"up": {"uv": [1, 1, 0, 2], "texture": "#hardened clay stained white"},
				"down": {"uv": [6.1, 8.9, 6.8, 8.1], "texture": "#hardened clay stained white", "cullface": "east"}
			}
		},
		{
			"from": [11.7, 4.575, 7.525],
			"to": [14.45, 5.825, 8.475],
			"rotation": {"angle": 0, "axis": "y", "origin": [0, -1, 0]},
			"faces": {
				"north": {"uv": [0, 4.2, 6.5, 5.7], "texture": "#hardened clay stained white", "cullface": "east"},
				"east": {"uv": [6.2, 8.1, 6.7, 8.8], "texture": "#hardened clay stained white", "cullface": "east"},
				"south": {"uv": [6.8, 4.1, 0.1, 5.8], "texture": "#hardened clay stained white", "cullface": "east"},
				"west": {"uv": [1, 0, 2, 1], "texture": "#hardened clay stained white"},
				"up": {"uv": [3, 1, 4, 2], "texture": "#hardened clay stained white"},
				"down": {"uv": [6.1, 8.9, 6.8, 8.1], "texture": "#hardened clay stained white", "cullface": "east"}
			}
		},
		{
			"from": [11.85, 5.825, 7.525],
			"to": [14.6, 8.325, 8.475],
			"rotation": {"angle": 0, "axis": "y", "origin": [0, -1, 0]},
			"faces": {
				"north": {"uv": [0, 2.2, 6.6, 5.7], "texture": "#hardened clay stained white", "cullface": "east"},
				"east": {"uv": [6.1, 8.1, 6.7, 8.8], "texture": "#hardened clay stained white", "cullface": "east"},
				"south": {"uv": [6.8, 2.1, 0.1, 5.8], "texture": "#hardened clay stained white", "cullface": "east"},
				"west": {"uv": [1, 0, 2, 1], "texture": "#hardened clay stained white"},
				"down": {"uv": [6.1, 8.9, 6.8, 8.1], "texture": "#hardened clay stained white", "cullface": "east"}
			}
		},
		{
			"from": [10, 7.25, 7.25],
			"to": [19.5, 7.5, 8.75],
			"rotation": {"angle": 0, "axis": "y", "origin": [-0.75, 0, 0]},
			"faces": {
				"north": {"uv": [0, 8.5, 5.25, 8.75], "texture": "#texture", "cullface": "east"},
				"east": {"uv": [7.25, 8.5, 8.75, 8.75], "texture": "#texture", "cullface": "east"},
				"south": {"uv": [10.75, 8.5, 16, 8.75], "texture": "#texture", "cullface": "east"},
				"west": {"uv": [7.25, 8.5, 8.75, 8.75], "texture": "#texture", "cullface": "east"},
				"down": {"uv": [5.25, 8.75, 0, 7.25], "texture": "#texture", "cullface": "east"}
			}
		},
		{
			"from": [11.75, 7, 7.25],
			"to": [19.5, 7.25, 8.75],
			"rotation": {"angle": 0, "axis": "y", "origin": [-0.75, 0, 0]},
			"faces": {
				"north": {"uv": [0, 8.75, 3.5, 9], "texture": "#texture", "cullface": "east"},
				"east": {"uv": [7.25, 8.75, 8.75, 9], "texture": "#texture", "cullface": "east"},
				"south": {"uv": [12.5, 8.75, 16, 9], "texture": "#texture", "cullface": "east"},
				"west": {"uv": [7.25, 8.75, 8.75, 9], "texture": "#texture", "cullface": "east"},
				"down": {"uv": [3.5, 8.75, 0, 7.25], "texture": "#texture", "cullface": "east"}
			}
		},
		{
			"from": [12.75, 6.75, 7.25],
			"to": [19.5, 7, 8.75],
			"rotation": {"angle": 0, "axis": "y", "origin": [-0.75, 0, 0]},
			"faces": {
				"north": {"uv": [0, 9, 2, 9.25], "texture": "#texture", "cullface": "east"},
				"east": {"uv": [7.25, 9, 8.75, 9.25], "texture": "#texture", "cullface": "east"},
				"south": {"uv": [14, 9, 16, 9.25], "texture": "#texture", "cullface": "east"},
				"west": {"uv": [7.25, 9, 8.75, 9.25], "texture": "#texture", "cullface": "east"},
				"down": {"uv": [2, 8.75, 0, 7.25], "texture": "#texture", "cullface": "east"}
			}
		},
		{
			"from": [14.025, 6.5, 7.25],
			"to": [19.5, 6.75, 8.75],
			"rotation": {"angle": 0, "axis": "y", "origin": [-0.75, 0, 0]},
			"faces": {
				"north": {"uv": [0, 9.25, 1, 9.5], "texture": "#texture", "cullface": "east"},
				"east": {"uv": [7.25, 9.25, 8.75, 9.5], "texture": "#texture", "cullface": "east"},
				"south": {"uv": [15, 9.25, 16, 9.5], "texture": "#texture", "cullface": "east"},
				"west": {"uv": [7.25, 9.25, 8.75, 9.5], "texture": "#texture", "cullface": "east"},
				"down": {"uv": [1, 8.75, 0, 7.25], "texture": "#texture", "cullface": "east"}
			}
		},
		{
			"from": [14.65, 6.25, 7.25],
			"to": [19.5, 6.5, 8.75],
			"rotation": {"angle": 0, "axis": "y", "origin": [-0.75, 0, 0]},
			"faces": {
				"north": {"uv": [0, 9.5, 0.25, 9.75], "texture": "#texture", "cullface": "east"},
				"east": {"uv": [7.25, 9.5, 8.75, 9.75], "texture": "#texture", "cullface": "east"},
				"south": {"uv": [15.75, 9.5, 16, 9.75], "texture": "#texture", "cullface": "east"},
				"west": {"uv": [7.25, 9.5, 8.75, 9.75], "texture": "#texture", "cullface": "east"},
				"down": {"uv": [0.25, 8.75, 0, 7.25], "texture": "#texture", "cullface": "east"}
			}
		},
		{
			"from": [15.75, 6, 7.25],
			"to": [19.5, 6.25, 8.75],
			"rotation": {"angle": 0, "axis": "y", "origin": [-0.75, 0, 0]},
			"faces": {
				"north": {"uv": [0, 9.75, 1, 10], "texture": "#texture", "cullface": "east"},
				"east": {"uv": [7.25, 9.75, 8.75, 10], "texture": "#texture", "cullface": "east"},
				"south": {"uv": [16, 9.75, 15, 10], "texture": "#texture", "cullface": "east"},
				"west": {"uv": [7.25, 9.75, 8.75, 10], "texture": "#texture", "cullface": "east"},
				"down": {"uv": [0, 8.75, 1, 7.25], "texture": "#texture", "cullface": "east"}
			}
		},
		{
			"from": [16.5, 5.75, 7.3],
			"to": [19.25, 6, 8.7],
			"rotation": {"angle": 0, "axis": "y", "origin": [-0.75, 0, 0]},
			"faces": {
				"north": {"uv": [0, 10, 1, 10.25], "texture": "#texture", "cullface": "east"},
				"east": {"uv": [7.25, 10, 8.75, 10.25], "texture": "#texture", "cullface": "east"},
				"south": {"uv": [16, 10, 15, 10.25], "texture": "#texture", "cullface": "east"},
				"west": {"uv": [7.25, 10, 8.75, 10.25], "texture": "#texture", "cullface": "east"},
				"down": {"uv": [0, 8.75, 1, 7.25], "texture": "#texture", "cullface": "east"}
			}
		},
		{
			"from": [17, 5.5, 7.3],
			"to": [19.25, 5.75, 8.7],
			"rotation": {"angle": 0, "axis": "y", "origin": [-0.75, 0, 0]},
			"faces": {
				"north": {"uv": [0, 10.25, 1, 10.5], "texture": "#texture", "cullface": "east"},
				"east": {"uv": [7.25, 10.25, 8.75, 10.5], "texture": "#texture", "cullface": "east"},
				"south": {"uv": [16, 10.25, 15, 10.5], "texture": "#texture", "cullface": "east"},
				"west": {"uv": [7.25, 10.25, 8.75, 10.5], "texture": "#texture", "cullface": "east"},
				"down": {"uv": [0, 8.75, 1, 7.25], "texture": "#texture", "cullface": "east"}
			}
		},
		{
			"from": [17.25, 5, 7.3],
			"to": [19.25, 5.5, 8.7],
			"rotation": {"angle": 0, "axis": "y", "origin": [-0.75, 0, 0]},
			"faces": {
				"north": {"uv": [0, 10.5, 1, 11], "texture": "#texture", "cullface": "east"},
				"east": {"uv": [7.25, 10.5, 8.75, 11], "texture": "#texture", "cullface": "east"},
				"south": {"uv": [16, 10.5, 15, 11], "texture": "#texture", "cullface": "east"},
				"west": {"uv": [7.25, 10.5, 8.75, 11], "texture": "#texture", "cullface": "east"}
			}
		},
		{
			"from": [17, 4.75, 7.3],
			"to": [19.25, 5, 8.7],
			"rotation": {"angle": 0, "axis": "y", "origin": [-0.75, 0, 0]},
			"faces": {
				"north": {"uv": [0, 11, 1, 11.25], "texture": "#texture", "cullface": "east"},
				"east": {"uv": [7.25, 11, 8.75, 11.25], "texture": "#texture", "cullface": "east"},
				"south": {"uv": [16, 11, 15, 11.25], "texture": "#texture", "cullface": "east"},
				"west": {"uv": [7.25, 11, 8.75, 11.25], "texture": "#texture", "cullface": "east"},
				"up": {"uv": [16, 7.25, 15, 8.75], "texture": "#texture", "cullface": "east"}
			}
		},
		{
			"from": [16.75, 4.5, 7.3],
			"to": [19.25, 4.75, 8.7],
			"rotation": {"angle": 0, "axis": "y", "origin": [-0.75, 0, 0]},
			"faces": {
				"north": {"uv": [0, 11.25, 1, 11.5], "texture": "#texture", "cullface": "east"},
				"east": {"uv": [7.25, 11.25, 8.75, 11.5], "texture": "#texture", "cullface": "east"},
				"south": {"uv": [16, 11.25, 15, 11.5], "texture": "#texture", "cullface": "east"},
				"west": {"uv": [7.25, 11.25, 8.75, 11.5], "texture": "#texture", "cullface": "east"},
				"up": {"uv": [16, 7.25, 15, 8.75], "texture": "#texture", "cullface": "east"},
				"down": {"uv": [0, 8.75, 1, 7.25], "texture": "#texture", "cullface": "east"}
			}
		},
		{
			"from": [2.9, 9.25, 7.75],
			"to": [3.325, 12.1, 8.25],
			"rotation": {"angle": -45, "axis": "z", "origin": [3, 11.5, 7.5]},
			"faces": {
				"north": {"uv": [8, 0, 8.5, 2.25], "texture": "#dark wood blade"},
				"east": {"uv": [7.5, 0, 8.5, 2.25], "texture": "#dark wood blade"},
				"south": {"uv": [7.5, 0, 8, 2.25], "texture": "#dark wood blade"},
				"west": {"uv": [7.5, 0, 8.5, 2.25], "texture": "#dark wood blade"},
				"up": {"uv": [7.5, 7.5, 8, 8.5], "texture": "#dark wood blade"},
				"down": {"uv": [8.5, 8.5, 8, 7.5], "texture": "#dark wood blade"}
			}
		},
		{
			"from": [3.25, 12.75, 7.625],
			"to": [8, 12.975, 8.375],
			"rotation": {"angle": 0, "axis": "y", "origin": [0.25, 0, 0]},
			"faces": {
				"north": {"uv": [8.5, 4.5, 13.25, 5], "texture": "#dark wood blade"},
				"east": {"uv": [7.5, 4.5, 8.5, 5], "texture": "#dark wood blade"},
				"south": {"uv": [2.75, 4.5, 7.5, 5], "texture": "#dark wood blade"},
				"west": {"uv": [7.5, 4.5, 8.5, 5], "texture": "#dark wood blade"},
				"up": {"uv": [2.75, 7.5, 7.5, 8.5], "texture": "#dark wood blade"},
				"down": {"uv": [13.25, 8.5, 8.5, 7.5], "texture": "#dark wood blade"}
			}
		},
		{
			"from": [8, 11.625, 7.625],
			"to": [11.25, 11.9, 8.375],
			"rotation": {"angle": 0, "axis": "y", "origin": [0.25, 0, 0]},
			"faces": {
				"north": {"uv": [8.5, 4.5, 13.25, 5], "texture": "#dark wood blade"},
				"east": {"uv": [7.5, 4.5, 8.5, 5], "texture": "#dark wood blade"},
				"south": {"uv": [2.75, 4.5, 7.5, 5], "texture": "#dark wood blade"},
				"west": {"uv": [7.5, 4.5, 8.5, 5], "texture": "#dark wood blade"},
				"up": {"uv": [2.75, 7.5, 7.5, 8.5], "texture": "#dark wood blade"},
				"down": {"uv": [13.25, 8.5, 8.5, 7.5], "texture": "#dark wood blade"}
			}
		},
		{
			"from": [8, 11.9, 8.375],
			"to": [11.25, 12.75, 8.625],
			"rotation": {"angle": 0, "axis": "y", "origin": [0.25, 0, 0]},
			"faces": {
				"north": {"uv": [8.5, 4.5, 13.25, 5], "texture": "#dark wood blade"},
				"east": {"uv": [7.5, 4.5, 8.5, 5], "texture": "#dark wood blade"},
				"south": {"uv": [2.75, 4.5, 7.5, 5], "texture": "#dark wood blade"},
				"west": {"uv": [7.5, 4.5, 8.5, 5], "texture": "#dark wood blade"},
				"up": {"uv": [2.75, 7.5, 7.5, 8.5], "texture": "#dark wood blade"},
				"down": {"uv": [13.25, 8.5, 8.5, 7.5], "texture": "#dark wood blade"}
			}
		},
		{
			"from": [3.25, 11.9, 7.425],
			"to": [8, 12.75, 7.625],
			"rotation": {"angle": 0, "axis": "y", "origin": [0.25, 0, 0]},
			"faces": {
				"north": {"uv": [8.5, 4.5, 13.25, 5], "texture": "#dark wood blade"},
				"east": {"uv": [7.5, 4.5, 8.5, 5], "texture": "#dark wood blade"},
				"south": {"uv": [2.75, 4.5, 7.5, 5], "texture": "#dark wood blade"},
				"west": {"uv": [7.5, 4.5, 8.5, 5], "texture": "#dark wood blade"},
				"up": {"uv": [2.75, 7.5, 7.5, 8.5], "texture": "#dark wood blade"},
				"down": {"uv": [13.25, 8.5, 8.5, 7.5], "texture": "#dark wood blade"}
			}
		},
		{
			"from": [6.9, 9.25, 7.75],
			"to": [7.325, 12.075, 8.25],
			"rotation": {"angle": -45, "axis": "z", "origin": [7, 11.5, 7.5]},
			"faces": {
				"north": {"uv": [8, 0, 8.5, 2.25], "texture": "#dark wood blade"},
				"east": {"uv": [7.5, 0, 8.5, 2.25], "texture": "#dark wood blade"},
				"south": {"uv": [7.5, 0, 8, 2.25], "texture": "#dark wood blade"},
				"west": {"uv": [7.5, 0, 8.5, 2.25], "texture": "#dark wood blade"},
				"up": {"uv": [7.5, 7.5, 8, 8.5], "texture": "#dark wood blade"},
				"down": {"uv": [8.5, 8.5, 8, 7.5], "texture": "#dark wood blade"}
			}
		},
		{
			"from": [3.9, 5.95, 7.5],
			"to": [4.375, 6.5, 8.5],
			"rotation": {"angle": -22.5, "axis": "z", "origin": [0, 0, 0]},
			"faces": {
				"north": {"uv": [6.25, 11.5, 10.25, 12], "texture": "#texture"},
				"east": {"uv": [7.5, 11.5, 8.5, 12], "texture": "#texture"},
				"south": {"uv": [5.75, 11.5, 9.75, 12], "texture": "#texture"},
				"west": {"uv": [7.5, 11.5, 8.5, 12], "texture": "#texture"},
				"up": {"uv": [5.75, 7.5, 9.75, 8.5], "texture": "#texture"},
				"down": {"uv": [10.25, 8.5, 6.25, 7.5], "texture": "#texture"}
			}
		},
		{
			"from": [8, 12.75, 7.625],
			"to": [11.25, 13.025, 8.375],
			"rotation": {"angle": 0, "axis": "y", "origin": [0.25, 0, 0]},
			"faces": {
				"north": {"uv": [8.5, 4.5, 13.25, 5], "texture": "#dark wood blade"},
				"east": {"uv": [7.5, 4.5, 8.5, 5], "texture": "#dark wood blade"},
				"south": {"uv": [2.75, 4.5, 7.5, 5], "texture": "#dark wood blade"},
				"west": {"uv": [7.5, 4.5, 8.5, 5], "texture": "#dark wood blade"},
				"up": {"uv": [2.75, 7.5, 7.5, 8.5], "texture": "#dark wood blade"},
				"down": {"uv": [13.25, 8.5, 8.5, 7.5], "texture": "#dark wood blade"}
			}
		},
		{
			"from": [3.25, 11.9, 8.375],
			"to": [8, 12.75, 8.575],
			"rotation": {"angle": 0, "axis": "y", "origin": [0.25, 0, 0]},
			"faces": {
				"north": {"uv": [8.5, 4.5, 13.25, 5], "texture": "#dark wood blade"},
				"east": {"uv": [7.5, 4.5, 8.5, 5], "texture": "#dark wood blade"},
				"south": {"uv": [2.75, 4.5, 7.5, 5], "texture": "#dark wood blade"},
				"west": {"uv": [7.5, 4.5, 8.5, 5], "texture": "#dark wood blade"},
				"up": {"uv": [2.75, 7.5, 7.5, 8.5], "texture": "#dark wood blade"},
				"down": {"uv": [13.25, 8.5, 8.5, 7.5], "texture": "#dark wood blade"}
			}
		},
		{
			"from": [8, 11.9, 7.375],
			"to": [11.25, 12.75, 7.625],
			"rotation": {"angle": 0, "axis": "y", "origin": [0.25, 0, 0]},
			"faces": {
				"north": {"uv": [8.5, 4.5, 13.25, 5], "texture": "#dark wood blade"},
				"east": {"uv": [7.5, 4.5, 8.5, 5], "texture": "#dark wood blade"},
				"south": {"uv": [2.75, 4.5, 7.5, 5], "texture": "#dark wood blade"},
				"west": {"uv": [7.5, 4.5, 8.5, 5], "texture": "#dark wood blade"},
				"up": {"uv": [2.75, 7.5, 7.5, 8.5], "texture": "#dark wood blade"},
				"down": {"uv": [13.25, 8.5, 8.5, 7.5], "texture": "#dark wood blade"}
			}
		},
		{
			"from": [3.25, 11.675, 7.625],
			"to": [8, 11.9, 8.375],
			"rotation": {"angle": 0, "axis": "y", "origin": [0.25, 0, 0]},
			"faces": {
				"north": {"uv": [8.5, 4.5, 13.25, 5], "texture": "#dark wood blade"},
				"east": {"uv": [7.5, 4.5, 8.5, 5], "texture": "#dark wood blade"},
				"south": {"uv": [2.75, 4.5, 7.5, 5], "texture": "#dark wood blade"},
				"west": {"uv": [7.5, 4.5, 8.5, 5], "texture": "#dark wood blade"},
				"up": {"uv": [2.75, 7.5, 7.5, 8.5], "texture": "#dark wood blade"},
				"down": {"uv": [13.25, 8.5, 8.5, 7.5], "texture": "#dark wood blade"}
			}
		},
		{
			"from": [-0.35, 8.5, 7.8],
			"to": [1, 9, 8.2],
			"rotation": {"angle": 0, "axis": "y", "origin": [4.25, 0, 0]},
			"faces": {
				"north": {"uv": [9.5, 6, 15, 7], "texture": "#dark wood blade"},
				"east": {"uv": [7.5, 6, 8.5, 7], "texture": "#dark wood blade"},
				"south": {"uv": [1, 6, 6.5, 7], "texture": "#dark wood blade"},
				"west": {"uv": [7.5, 6, 8.5, 7], "texture": "#dark wood blade"},
				"up": {"uv": [1, 7.5, 6.5, 8.5], "texture": "#dark wood blade"},
				"down": {"uv": [8, 6, 9, 7], "texture": "#dark wood blade"}
			}
		},
		{
			"from": [-0.5, 9, 7.5],
			"to": [1, 10, 8.5],
			"rotation": {"angle": 0, "axis": "y", "origin": [4.25, 0, 0]},
			"faces": {
				"north": {"uv": [9.5, 6, 15, 7], "texture": "#dark wood blade"},
				"east": {"uv": [7.5, 6, 8.5, 7], "texture": "#dark wood blade"},
				"south": {"uv": [1, 6, 6.5, 7], "texture": "#dark wood blade"},
				"west": {"uv": [7.5, 6, 8.5, 7], "texture": "#dark wood blade"},
				"up": {"uv": [1, 7.5, 6.5, 8.5], "texture": "#dark wood blade"},
				"down": {"uv": [8, 6, 9, 7], "texture": "#dark wood blade"}
			}
		},
		{
			"from": [0.25, 4, 7.5],
			"to": [1, 7.75, 8.5],
			"rotation": {"angle": 0, "axis": "y", "origin": [-0.75, 0, 0]},
			"faces": {
				"north": {"uv": [14.75, 8.25, 16, 12], "texture": "#texture"},
				"east": {"uv": [7.5, 8.25, 8.5, 12], "texture": "#texture"},
				"south": {"uv": [0, 8.25, 1.25, 12], "texture": "#texture"},
				"west": {"uv": [7.5, 8.25, 8.5, 12], "texture": "#texture", "cullface": "west"},
				"up": {"uv": [0, 7.5, 1.25, 8.5], "texture": "#texture"},
				"down": {"uv": [16, 8.5, 14.75, 7.5], "texture": "#texture"}
			}
		},
		{
			"from": [11, 13.025, 8.075],
			"to": [11.25, 13.1, 8.3],
			"rotation": {"angle": 0, "axis": "y", "origin": [0.25, 0, 0]},
			"faces": {
				"north": {"uv": [8.5, 4.5, 13.25, 5], "texture": "#dark wood blade"},
				"east": {"uv": [7.5, 4.5, 8.5, 5], "texture": "#dark wood blade"},
				"south": {"uv": [2.75, 4.5, 7.5, 5], "texture": "#dark wood blade"},
				"west": {"uv": [7.5, 4.5, 8.5, 5], "texture": "#dark wood blade"},
				"up": {"uv": [2.75, 7.5, 7.5, 8.5], "texture": "#dark wood blade"},
				"down": {"uv": [13.25, 8.5, 8.5, 7.5], "texture": "#dark wood blade"}
			}
		},
		{
			"from": [11, 13.025, 7.7],
			"to": [11.25, 13.1, 7.925],
			"rotation": {"angle": 0, "axis": "y", "origin": [0.25, 0, 0]},
			"faces": {
				"north": {"uv": [8.5, 4.5, 13.25, 5], "texture": "#dark wood blade"},
				"east": {"uv": [7.5, 4.5, 8.5, 5], "texture": "#dark wood blade"},
				"south": {"uv": [2.75, 4.5, 7.5, 5], "texture": "#dark wood blade"},
				"west": {"uv": [7.5, 4.5, 8.5, 5], "texture": "#dark wood blade"},
				"up": {"uv": [2.75, 7.5, 7.5, 8.5], "texture": "#dark wood blade"},
				"down": {"uv": [13.25, 8.5, 8.5, 7.5], "texture": "#dark wood blade"}
			}
		},
		{
			"from": [3.3, 12.975, 7.9],
			"to": [3.55, 13.075, 8.1],
			"rotation": {"angle": 0, "axis": "y", "origin": [0.25, 0, 0]},
			"faces": {
				"north": {"uv": [8.5, 4.5, 13.25, 5], "texture": "#dark wood blade"},
				"east": {"uv": [7.5, 4.5, 8.5, 5], "texture": "#dark wood blade"},
				"south": {"uv": [2.75, 4.5, 7.5, 5], "texture": "#dark wood blade"},
				"west": {"uv": [7.5, 4.5, 8.5, 5], "texture": "#dark wood blade"},
				"up": {"uv": [2.75, 7.5, 7.5, 8.5], "texture": "#dark wood blade"},
				"down": {"uv": [13.25, 8.5, 8.5, 7.5], "texture": "#dark wood blade"}
			}
		}
	],
	"gui_light": "front",
	"display": {
		"thirdperson_righthand": {
			"rotation": [116.65, -89.01, 116.77],
			"translation": [0, 0, 1.25],
			"scale": [0.8, 0.9, 0.8]
		},
		"thirdperson_lefthand": {
			"rotation": [-116.65, 89.01, 116.77],
			"translation": [0, 0, 1.25],
			"scale": [0.8, 0.9, 0.8]
		},
		"firstperson_righthand": {
			"rotation": [0, -90, 0],
			"translation": [0, 2, 0]
		},
		"firstperson_lefthand": {
			"rotation": [0, 90, 0],
			"translation": [0, 2, 0]
		},
		"gui": {
			"rotation": [0, 0, -45],
			"translation": [0.5, -1, 0],
			"scale": [0.7, 0.7, 1]
		},
		"head": {
			"translation": [2.5, 0, 0]
		},
		"fixed": {
			"rotation": [0, 180, -45],
			"translation": [-0.7, -1.4, -1.1]
		}
	}
}