{
	"credit": "Made by SrDarmith - YouTube: Mainclay",
	"textures": {
		"texture": "itemm/door_iron_lower",
		"dark wood blade": "itemm/coal_block",
		"particle": "itemm/anvil_1"
	},
	"elements": [
		{
			"from": [-1, 10.75, 7.65],
			"to": [8, 11, 8.6],
			"faces": {
				"north": {"uv": [8, 5, 16, 5.25], "texture": "#texture"},
				"south": {"uv": [0, 5, 8, 5.25], "texture": "#texture"},
				"west": {"uv": [7.75, 5, 8.5, 5.25], "texture": "#texture", "cullface": "west"},
				"up": {"uv": [0, 7.75, 8, 8.5], "texture": "#texture"},
				"down": {"uv": [16, 8.5, 8, 7.75], "texture": "#texture"}
			}
		},
		{
			"from": [-1, 10.25, 7.5],
			"to": [8, 10.75, 7.75],
			"faces": {
				"north": {"uv": [8, 5.25, 16, 6], "texture": "#texture"},
				"south": {"uv": [0, 5.25, 8, 6], "texture": "#texture"},
				"west": {"uv": [7.5, 5.25, 7.75, 6], "texture": "#texture", "cullface": "west"},
				"up": {"uv": [0, 7.5, 8, 7.75], "texture": "#texture"},
				"down": {"uv": [16, 7.75, 8, 7.5], "texture": "#texture"}
			}
		},
		{
			"from": [-1, 10.25, 8.5],
			"to": [8, 10.75, 8.75],
			"faces": {
				"north": {"uv": [8, 5.25, 16, 6], "texture": "#texture"},
				"south": {"uv": [0, 5.25, 8, 6], "texture": "#texture"},
				"west": {"uv": [8.5, 5.25, 8.75, 6], "texture": "#texture", "cullface": "west"},
				"up": {"uv": [0, 8.5, 8, 8.75], "texture": "#texture"},
				"down": {"uv": [16, 8.75, 8, 8.5], "texture": "#texture"}
			}
		},
		{
			"from": [-0.9, 10, 7.5],
			"to": [8, 10.25, 7.75],
			"faces": {
				"north": {"uv": [8, 5.25, 16, 6], "texture": "#texture"},
				"south": {"uv": [0, 5.25, 8, 6], "texture": "#texture"},
				"west": {"uv": [7.5, 5.25, 7.75, 6], "texture": "#texture", "cullface": "west"},
				"up": {"uv": [0, 7.5, 8, 7.75], "texture": "#texture"},
				"down": {"uv": [16, 7.75, 8, 7.5], "texture": "#texture"}
			}
		},
		{
			"from": [-0.9, 10, 8.5],
			"to": [8, 10.25, 8.75],
			"faces": {
				"north": {"uv": [8, 5.25, 16, 6], "texture": "#texture"},
				"south": {"uv": [0, 5.25, 8, 6], "texture": "#texture"},
				"west": {"uv": [8.5, 5.25, 8.75, 6], "texture": "#texture", "cullface": "west"},
				"up": {"uv": [0, 8.5, 8, 8.75], "texture": "#texture"},
				"down": {"uv": [16, 8.75, 8, 8.5], "texture": "#texture"}
			}
		},
		{
			"from": [-0.725, 9.75, 7.675],
			"to": [8, 10, 8.575],
			"faces": {
				"north": {"uv": [8, 6, 16, 6.25], "texture": "#texture"},
				"south": {"uv": [0, 6, 8, 6.25], "texture": "#texture"},
				"west": {"uv": [7.75, 6, 8.5, 6.25], "texture": "#texture", "cullface": "west"},
				"up": {"uv": [0, 7.75, 8, 8.5], "texture": "#texture"},
				"down": {"uv": [16, 8.5, 8, 7.75], "texture": "#texture"}
			}
		},
		{
			"from": [-1, 11.25, 7.825],
			"to": [8, 11.5, 8.425],
			"faces": {
				"north": {"uv": [8, 4.5, 16, 4.75], "texture": "#texture"},
				"south": {"uv": [0, 4.5, 8, 4.75], "texture": "#texture"},
				"west": {"uv": [7.875, 4.5, 8.375, 4.75], "texture": "#texture", "cullface": "west"},
				"up": {"uv": [0, 7.875, 8, 8.375], "texture": "#texture"},
				"down": {"uv": [16, 8.375, 8, 7.875], "texture": "#texture"}
			}
		},
		{
			"from": [-1, 11.5, 8],
			"to": [0.75, 11.75, 8.25],
			"faces": {
				"north": {"uv": [15, 4.25, 16, 4.5], "texture": "#texture"},
				"east": {"uv": [7.75, 4.25, 8, 4.5], "texture": "#texture"},
				"south": {"uv": [0, 4.25, 1, 4.5], "texture": "#texture"},
				"west": {"uv": [8, 4.25, 8.25, 4.5], "texture": "#texture", "cullface": "west"},
				"up": {"uv": [0, 8, 1, 8.25], "texture": "#texture"}
			}
		},
		{
			"from": [-1, 11.75, 8],
			"to": [0, 12, 8.25],
			"faces": {
				"north": {"uv": [15, 4.25, 16, 4.5], "texture": "#texture"},
				"east": {"uv": [7.75, 4.25, 8, 4.5], "texture": "#texture"},
				"south": {"uv": [0, 4.25, 1, 4.5], "texture": "#texture"},
				"west": {"uv": [8, 4.25, 8.25, 4.5], "texture": "#texture", "cullface": "west"},
				"up": {"uv": [0, 8, 1, 8.25], "texture": "#texture"}
			}
		},
		{
			"from": [-0.55, 9.25, 7.825],
			"to": [8, 9.75, 8.425],
			"faces": {
				"north": {"uv": [8, 6.25, 15.75, 6.75], "texture": "#texture"},
				"south": {"uv": [0.25, 6.25, 8, 6.75], "texture": "#texture"},
				"west": {"uv": [7.875, 6.25, 8.375, 6.75], "texture": "#texture"},
				"down": {"uv": [15.75, 8.375, 8, 7.875], "texture": "#texture"}
			}
		},
		{
			"from": [-1, 11, 7.75],
			"to": [1, 11.25, 8.5],
			"faces": {
				"north": {"uv": [15.25, 4.75, 16, 5], "texture": "#texture"},
				"east": {"uv": [7.625, 4.75, 8.125, 5], "texture": "#texture"},
				"south": {"uv": [0, 4.75, 0.75, 5], "texture": "#texture"},
				"west": {"uv": [7.875, 4.75, 8.375, 5], "texture": "#texture", "cullface": "west"},
				"up": {"uv": [9, 3, 10, 4], "texture": "#texture"}
			}
		},
		{
			"from": [3.75, 11, 7.75],
			"to": [4.5, 11.25, 8.5],
			"faces": {
				"north": {"uv": [12.5, 4.75, 14, 5], "texture": "#texture"},
				"east": {"uv": [7.625, 4.75, 8.125, 5], "texture": "#texture"},
				"south": {"uv": [2, 4.75, 3.5, 5], "texture": "#texture"},
				"west": {"uv": [7.875, 4.75, 8.375, 5], "texture": "#texture"},
				"up": {"uv": [9, 3, 10, 4], "texture": "#texture"}
			}
		},
		{
			"from": [2, 11, 7.75],
			"to": [2.75, 11.25, 8.5],
			"faces": {
				"north": {"uv": [12.5, 4.75, 14, 5], "texture": "#texture"},
				"east": {"uv": [7.625, 4.75, 8.125, 5], "texture": "#texture"},
				"south": {"uv": [2, 4.75, 3.5, 5], "texture": "#texture"},
				"west": {"uv": [7.875, 4.75, 8.375, 5], "texture": "#texture"},
				"up": {"uv": [9, 3, 10, 4], "texture": "#texture"}
			}
		},
		{
			"from": [5.5, 11, 7.75],
			"to": [6.25, 11.25, 8.5],
			"faces": {
				"north": {"uv": [9.75, 4.75, 11.25, 5], "texture": "#texture"},
				"east": {"uv": [7.625, 4.75, 8.125, 5], "texture": "#texture"},
				"south": {"uv": [4.75, 4.75, 6.25, 5], "texture": "#texture"},
				"west": {"uv": [7.875, 4.75, 8.375, 5], "texture": "#texture"},
				"up": {"uv": [9, 3, 10, 4], "texture": "#texture"}
			}
		},
		{
			"from": [7.25, 11, 7.75],
			"to": [8, 11.25, 8.5],
			"faces": {
				"north": {"uv": [8, 4.75, 8.5, 5], "texture": "#texture"},
				"south": {"uv": [7.5, 4.75, 8, 5], "texture": "#texture"},
				"west": {"uv": [7.875, 4.75, 8.375, 5], "texture": "#texture"},
				"up": {"uv": [9, 3, 10, 4], "texture": "#texture"}
			}
		},
		{
			"from": [8, 9.75, 7.25],
			"to": [8.75, 11, 9],
			"faces": {
				"north": {"uv": [7.25, 5, 8, 6.25], "texture": "#texture"},
				"east": {"uv": [7, 5, 8.75, 6.25], "texture": "#texture"},
				"south": {"uv": [8, 5, 8.75, 6.25], "texture": "#texture"},
				"west": {"uv": [7.25, 5, 9, 6.25], "texture": "#texture"},
				"up": {"uv": [8, 7.25, 8.75, 9], "texture": "#texture"},
				"down": {"uv": [8, 9, 7.25, 7.25], "texture": "#texture"}
			}
		},
		{
			"from": [8, 11, 7.5],
			"to": [11.25, 11.5, 8.75],
			"faces": {
				"north": {"uv": [4.75, 4.5, 8, 5], "texture": "#texture"},
				"south": {"uv": [8, 4.5, 11.25, 5], "texture": "#texture"},
				"west": {"uv": [7.5, 4.5, 8.75, 5], "texture": "#texture"},
				"up": {"uv": [8, 7.5, 11.25, 8.75], "texture": "#texture"},
				"down": {"uv": [8, 8.75, 4.75, 7.5], "texture": "#texture"}
			}
		},
		{
			"from": [11.25, 8.25, 7.5],
			"to": [11.5, 11.5, 8.75],
			"faces": {
				"north": {"uv": [4.5, 4.5, 4.75, 7.75], "texture": "#texture"},
				"east": {"uv": [7.25, 4.5, 8.5, 7.75], "texture": "#texture"},
				"south": {"uv": [11.25, 4.5, 11.5, 7.75], "texture": "#texture"},
				"west": {"uv": [7.5, 4.5, 8.75, 7.75], "texture": "#texture"},
				"up": {"uv": [11.25, 7.5, 11.5, 8.75], "texture": "#texture"},
				"down": {"uv": [4.75, 8.75, 4.5, 7.5], "texture": "#texture"}
			}
		},
		{
			"from": [11.5, 8.25, 7.5],
			"to": [11.75, 11.25, 8.75],
			"faces": {
				"north": {"uv": [4.25, 4.75, 4.5, 7.75], "texture": "#texture"},
				"south": {"uv": [11.5, 4.75, 11.75, 7.75], "texture": "#texture"},
				"up": {"uv": [11.5, 7.5, 11.75, 8.75], "texture": "#texture"},
				"down": {"uv": [4.5, 8.75, 4.25, 7.5], "texture": "#texture"}
			}
		},
		{
			"from": [11.75, 8.25, 7.5],
			"to": [12, 11.25, 8.75],
			"faces": {
				"north": {"uv": [4, 4.75, 4.25, 7.75], "texture": "#texture"},
				"east": {"uv": [7.25, 4.75, 8.5, 7.75], "texture": "#texture"},
				"south": {"uv": [11.75, 4.75, 12, 7.75], "texture": "#texture"},
				"up": {"uv": [11.75, 7.5, 12, 8.75], "texture": "#texture"},
				"down": {"uv": [4.25, 8.75, 4, 7.5], "texture": "#texture"}
			}
		},
		{
			"from": [12, 10.5, 7.5],
			"to": [12.25, 11, 8.75],
			"faces": {
				"north": {"uv": [3.75, 5.25, 4, 5.5], "texture": "#texture"},
				"east": {"uv": [7.25, 5.25, 8.5, 5.5], "texture": "#texture"},
				"south": {"uv": [12, 5.25, 12.25, 5.5], "texture": "#texture"},
				"up": {"uv": [12, 7.5, 12.25, 8.75], "texture": "#texture"}
			}
		},
		{
			"from": [12, 10.25, 7.5],
			"to": [12.75, 10.5, 8.75],
			"faces": {
				"north": {"uv": [3.25, 5.5, 4, 5.75], "texture": "#texture"},
				"east": {"uv": [7.25, 5.5, 8.5, 5.75], "texture": "#texture"},
				"south": {"uv": [12, 5.5, 12.75, 5.75], "texture": "#texture"},
				"up": {"uv": [12, 7.5, 12.75, 8.75], "texture": "#texture"}
			}
		},
		{
			"from": [8, 8.25, 7.5],
			"to": [8.75, 9.75, 8.75],
			"faces": {
				"north": {"uv": [7.25, 6.25, 8, 7.75], "texture": "#texture"},
				"east": {"uv": [7.25, 6.25, 8.5, 7.75], "texture": "#texture"},
				"south": {"uv": [8, 6.25, 8.75, 7.75], "texture": "#texture"},
				"west": {"uv": [7.5, 6.25, 8.75, 7.75], "texture": "#texture"},
				"down": {"uv": [8, 8.75, 7.25, 7.5], "texture": "#texture"}
			}
		},
		{
			"from": [8.75, 8.25, 7.5],
			"to": [10, 8.75, 8.75],
			"faces": {
				"north": {"uv": [7.25, 6.25, 8, 7.75], "texture": "#texture"},
				"east": {"uv": [7.25, 6.25, 8.5, 7.75], "texture": "#texture"},
				"south": {"uv": [8, 6.25, 8.75, 7.75], "texture": "#texture"},
				"west": {"uv": [7.5, 6.25, 8.75, 7.75], "texture": "#texture"},
				"down": {"uv": [8, 8.75, 7.25, 7.5], "texture": "#texture"}
			}
		},
		{
			"from": [8.75, 9, 7],
			"to": [11.25, 10.75, 9.25],
			"faces": {
				"north": {"uv": [4.75, 5.25, 7.25, 7], "texture": "#texture"},
				"east": {"uv": [8, 8, 9, 9], "texture": "#texture"},
				"south": {"uv": [8.75, 5.25, 11.25, 7], "texture": "#texture"},
				"west": {"uv": [7.25, 5.25, 9, 7], "texture": "#texture"},
				"up": {"uv": [8.75, 7.25, 11.25, 9], "texture": "#texture"},
				"down": {"uv": [7.25, 9, 4.75, 7.25], "texture": "#texture"}
			}
		},
		{
			"from": [8.75, 8.75, 7.25],
			"to": [11.25, 11, 9],
			"faces": {
				"north": {"uv": [4.75, 5.25, 7.25, 7], "texture": "#texture"},
				"east": {"uv": [8, 8, 9, 9], "texture": "#texture"},
				"south": {"uv": [8.75, 5.25, 11.25, 7], "texture": "#texture"},
				"west": {"uv": [7.25, 5.25, 9, 7], "texture": "#texture"},
				"up": {"uv": [8.75, 7.25, 11.25, 9], "texture": "#texture"},
				"down": {"uv": [7.25, 9, 4.75, 7.25], "texture": "#texture"}
			}
		},
		{
			"from": [8.75, 8.75, 7.5],
			"to": [11.25, 11, 8.75],
			"faces": {
				"north": {"uv": [4.75, 5, 7.25, 7.25], "texture": "#texture"},
				"south": {"uv": [8.75, 5, 11.25, 7.25], "texture": "#texture"},
				"west": {"uv": [7.5, 5, 8.75, 7.25], "texture": "#texture"}
			}
		},
		{
			"from": [8.75, 9.5, 6.75],
			"to": [11.25, 10.25, 9.5],
			"faces": {
				"north": {"uv": [4.75, 5.75, 7.25, 6.5], "texture": "#texture"},
				"east": {"uv": [8, 8, 9, 9], "texture": "#texture"},
				"south": {"uv": [8.75, 5.75, 11.25, 6.5], "texture": "#texture"},
				"west": {"uv": [7, 5.75, 9.25, 6.5], "texture": "#texture"},
				"up": {"uv": [8.75, 7, 11.25, 9.25], "texture": "#texture"},
				"down": {"uv": [7.25, 9.25, 4.75, 7], "texture": "#texture"}
			}
		},
		{
			"from": [11.25, 9, 7.25],
			"to": [11.5, 10.75, 9],
			"faces": {
				"north": {"uv": [4.5, 5.25, 4.75, 7], "texture": "#texture"},
				"east": {"uv": [7, 5.25, 8.75, 7], "texture": "#texture"},
				"south": {"uv": [11.25, 5.25, 11.5, 7], "texture": "#texture"},
				"up": {"uv": [11.25, 7.25, 11.5, 9], "texture": "#texture"},
				"down": {"uv": [4.75, 9, 4.5, 7.25], "texture": "#texture"}
			}
		},
		{
			"from": [11.25, 9.5, 7],
			"to": [11.5, 10.25, 9.25],
			"faces": {
				"north": {"uv": [4.5, 5.75, 4.75, 6.5], "texture": "#texture"},
				"east": {"uv": [6.75, 5.75, 9, 6.5], "texture": "#texture"},
				"south": {"uv": [11.25, 5.75, 11.5, 6.5], "texture": "#texture"},
				"up": {"uv": [11.25, 7, 11.5, 9.25], "texture": "#texture"},
				"down": {"uv": [4.75, 9.25, 4.5, 7], "texture": "#texture"}
			}
		},
		{
			"from": [11.5, 9.5, 7.25],
			"to": [11.75, 10.25, 9],
			"faces": {
				"north": {"uv": [4.25, 5.75, 4.5, 6.5], "texture": "#texture"},
				"east": {"uv": [7, 5.75, 8.75, 6.5], "texture": "#texture"},
				"south": {"uv": [11.5, 5.75, 11.75, 6.5], "texture": "#texture"},
				"up": {"uv": [11.5, 7.25, 11.75, 9], "texture": "#texture"},
				"down": {"uv": [4.5, 9, 4.25, 7.25], "texture": "#texture"}
			}
		},
		{
			"from": [10.2, 11.25, 7.75],
			"to": [12, 11.65, 8.5],
			"faces": {
				"north": {"uv": [4.25, 4.5, 4.5, 4.75], "texture": "#texture"},
				"east": {"uv": [7.5, 4.5, 8.25, 4.75], "texture": "#texture"},
				"south": {"uv": [11.5, 4.5, 11.75, 4.75], "texture": "#texture"},
				"up": {"uv": [11.5, 7.75, 11.75, 8.5], "texture": "#texture"}
			}
		},
		{
			"from": [12, 10, 7.5],
			"to": [13.25, 10.25, 8.75],
			"faces": {
				"north": {"uv": [2.75, 5.75, 4, 6], "texture": "#texture"},
				"east": {"uv": [7.25, 5.75, 8.5, 6], "texture": "#texture"},
				"south": {"uv": [12, 5.75, 13.25, 6], "texture": "#texture"},
				"up": {"uv": [12, 7.5, 13.25, 8.75], "texture": "#texture"}
			}
		},
		{
			"from": [12, 8.25, 7.5],
			"to": [12.25, 9.75, 8.75],
			"faces": {
				"north": {"uv": [3.925, 6.125, 4.175, 7.875], "texture": "#texture"},
				"south": {"uv": [12.175, 6.125, 12.425, 7.875], "texture": "#texture"},
				"west": {"uv": [7.5, 6.25, 8.75, 8], "texture": "#texture"},
				"down": {"uv": [4, 8.75, 3.75, 7.5], "texture": "#texture"}
			}
		},
		{
			"from": [10, 8.5, 7.5],
			"to": [11.25, 8.75, 8.75],
			"faces": {
				"north": {"uv": [4.75, 7.25, 7.25, 7.75], "texture": "#texture"},
				"south": {"uv": [8.75, 7.25, 11.25, 7.75], "texture": "#texture"},
				"down": {"uv": [7.25, 8.75, 4.75, 7.5], "texture": "#texture"}
			}
		},
		{
			"from": [9.5, 7.5, 7.75],
			"to": [9.75, 8.25, 8.5],
			"faces": {
				"north": {"uv": [6.5, 8, 6.75, 9], "texture": "#texture"},
				"east": {"uv": [7.5, 8, 8.25, 9], "texture": "#texture"},
				"south": {"uv": [9.25, 8, 9.5, 9], "texture": "#texture"},
				"west": {"uv": [7.75, 8, 8.5, 9], "texture": "#texture"},
				"down": {"uv": [6.75, 8.5, 6.5, 7.75], "texture": "#texture"}
			}
		},
		{
			"from": [9.75, 7.25, 7.75],
			"to": [10, 7.5, 8.5],
			"faces": {
				"north": {"uv": [6.5, 8, 6.75, 9], "texture": "#texture"},
				"east": {"uv": [7.5, 8, 8.25, 9], "texture": "#texture"},
				"south": {"uv": [9.25, 8, 9.5, 9], "texture": "#texture"},
				"west": {"uv": [7.75, 8, 8.5, 9], "texture": "#texture"},
				"up": {"uv": [8, 8, 9, 9], "texture": "#texture"},
				"down": {"uv": [6.75, 8.5, 6.5, 7.75], "texture": "#texture"}
			}
		},
		{
			"from": [11.75, 7.25, 7.75],
			"to": [12, 8.25, 8.5],
			"faces": {
				"north": {"uv": [4.25, 7.75, 4.5, 9], "texture": "#texture"},
				"east": {"uv": [7.5, 7.75, 8.25, 9], "texture": "#texture"},
				"south": {"uv": [11.5, 7.75, 11.75, 9], "texture": "#texture"},
				"west": {"uv": [7.75, 7.75, 8.5, 9], "texture": "#texture"},
				"down": {"uv": [4.5, 8.5, 4.25, 7.75], "texture": "#texture"}
			}
		},
		{
			"from": [11.525, 7.35, 8],
			"to": [11.775, 9.35, 8.25],
			"rotation": {"angle": -22.5, "axis": "z", "origin": [11.25, 9.25, 8]},
			"faces": {
				"north": {"uv": [2.5, 2.25, 3, 3.5], "texture": "#texture"},
				"east": {"uv": [7.75, 2.25, 8, 3.5], "texture": "#texture"},
				"south": {"uv": [13, 2.25, 13.5, 3.5], "texture": "#texture"},
				"west": {"uv": [8, 2.25, 8.25, 3.5], "texture": "#texture"},
				"up": {"uv": [13, 8, 13.5, 8.25], "texture": "#texture"},
				"down": {"uv": [13, 8, 14, 9], "texture": "#texture"}
			}
		},
		{
			"from": [13, 4.25, 7.25],
			"to": [15, 7.25, 9],
			"faces": {
				"north": {"uv": [1, 8.75, 3, 11.75], "texture": "#dark wood blade"},
				"east": {"uv": [7, 8.75, 8.75, 11.75], "texture": "#dark wood blade"},
				"south": {"uv": [13, 8.75, 15, 11.75], "texture": "#dark wood blade"},
				"west": {"uv": [7.25, 8.75, 9, 11.75], "texture": "#dark wood blade"},
				"up": {"uv": [13, 7.25, 15, 9], "texture": "#dark wood blade"},
				"down": {"uv": [3, 9, 1, 7.25], "texture": "#dark wood blade"}
			}
		},
		{
			"from": [12.75, 5.5, 7.25],
			"to": [13, 7.25, 9],
			"faces": {
				"north": {"uv": [1, 8.75, 3, 11.75], "texture": "#dark wood blade"},
				"east": {"uv": [7, 8.75, 8.75, 11.75], "texture": "#dark wood blade"},
				"south": {"uv": [13, 8.75, 15, 11.75], "texture": "#dark wood blade"},
				"west": {"uv": [7.25, 8.75, 9, 11.75], "texture": "#dark wood blade"},
				"up": {"uv": [13, 7.25, 15, 9], "texture": "#dark wood blade"},
				"down": {"uv": [3, 9, 1, 7.25], "texture": "#dark wood blade"}
			}
		},
		{
			"from": [12.5, 6.5, 7.25],
			"to": [12.75, 7.25, 9],
			"faces": {
				"north": {"uv": [1, 8.75, 3, 11.75], "texture": "#dark wood blade"},
				"east": {"uv": [7, 8.75, 8.75, 11.75], "texture": "#dark wood blade"},
				"south": {"uv": [13, 8.75, 15, 11.75], "texture": "#dark wood blade"},
				"west": {"uv": [7.25, 8.75, 9, 11.75], "texture": "#dark wood blade"},
				"up": {"uv": [13, 7.25, 15, 9], "texture": "#dark wood blade"},
				"down": {"uv": [3, 9, 1, 7.25], "texture": "#dark wood blade"}
			}
		},
		{
			"from": [12, 9.75, 7.5],
			"to": [14, 10, 8.75],
			"faces": {
				"north": {"uv": [2, 6, 4, 6.25], "texture": "#texture"},
				"east": {"uv": [7.25, 6, 8.5, 6.25], "texture": "#texture"},
				"south": {"uv": [12, 6, 14, 6.25], "texture": "#texture"},
				"up": {"uv": [12, 7.5, 14, 8.75], "texture": "#texture"},
				"down": {"uv": [4, 8.75, 2, 7.5], "texture": "#texture"}
			}
		},
		{
			"from": [12.25, 8, 7.5],
			"to": [13.75, 9.75, 8.75],
			"faces": {
				"north": {"uv": [2.25, 6.25, 3.75, 8], "texture": "#texture"},
				"east": {"uv": [7.25, 6.25, 8.5, 8], "texture": "#texture"},
				"south": {"uv": [12.25, 6.25, 13.75, 8], "texture": "#texture"},
				"down": {"uv": [3.75, 8.75, 2.25, 7.5], "texture": "#texture"}
			}
		},
		{
			"from": [13, 7.25, 7.5],
			"to": [14.5, 7.75, 8.75],
			"faces": {
				"north": {"uv": [1.5, 8.25, 3, 8.75], "texture": "#texture"},
				"east": {"uv": [7.25, 8.25, 8.5, 8.75], "texture": "#texture"},
				"south": {"uv": [13, 8.25, 14.5, 8.75], "texture": "#texture"},
				"west": {"uv": [7.5, 8.25, 8.75, 8.75], "texture": "#texture"}
			}
		},
		{
			"from": [12, 7.25, 7.25],
			"to": [15, 8, 9],
			"faces": {
				"north": {"uv": [1.25, 8.25, 3.25, 8.75], "texture": "#dark wood blade"},
				"east": {"uv": [7, 8.25, 8.75, 8.75], "texture": "#dark wood blade"},
				"south": {"uv": [12.75, 8.25, 14.75, 8.75], "texture": "#dark wood blade"},
				"west": {"uv": [7.25, 8.25, 9, 8.75], "texture": "#dark wood blade"},
				"up": {"uv": [12.75, 7.25, 14.75, 9], "texture": "#dark wood blade"},
				"down": {"uv": [3.25, 9, 1.25, 7.25], "texture": "#dark wood blade"}
			}
		},
		{
			"from": [14.75, 4.5, 7.25],
			"to": [15.25, 7, 9],
			"faces": {
				"north": {"uv": [0.75, 9.5, 1, 11.75], "texture": "#dark wood blade"},
				"east": {"uv": [7, 9.5, 8.75, 11.75], "texture": "#dark wood blade"},
				"south": {"uv": [15, 9.5, 15.25, 11.75], "texture": "#dark wood blade"},
				"up": {"uv": [15, 7.25, 15.25, 9], "texture": "#dark wood blade"},
				"down": {"uv": [1, 9, 0.75, 7.25], "texture": "#dark wood blade"}
			}
		},
		{
			"from": [14.75, 4.25, 7.25],
			"to": [15, 7, 9],
			"faces": {
				"north": {"uv": [0.75, 9.5, 1, 11.75], "texture": "#dark wood blade"},
				"east": {"uv": [7, 9.5, 8.75, 11.75], "texture": "#dark wood blade"},
				"south": {"uv": [15, 9.5, 15.25, 11.75], "texture": "#dark wood blade"},
				"up": {"uv": [15, 7.25, 15.25, 9], "texture": "#dark wood blade"},
				"down": {"uv": [1, 9, 0.75, 7.25], "texture": "#dark wood blade"}
			}
		},
		{
			"from": [12, 7.75, 7.25],
			"to": [14.75, 8.5, 9],
			"faces": {
				"north": {"uv": [1.5, 7.5, 3.75, 8.25], "texture": "#dark wood blade"},
				"east": {"uv": [7, 7.5, 8.75, 8.25], "texture": "#dark wood blade"},
				"south": {"uv": [12.25, 7.5, 14.5, 8.25], "texture": "#dark wood blade"},
				"west": {"uv": [7.25, 7.5, 9, 8.25], "texture": "#dark wood blade"},
				"up": {"uv": [0, 0, 1, 1], "texture": "#dark wood blade"},
				"down": {"uv": [3.75, 9, 1.5, 7.25], "texture": "#dark wood blade"}
			}
		},
		{
			"from": [12.75, 8.5, 7.25],
			"to": [14.5, 8.75, 9],
			"faces": {
				"north": {"uv": [1.5, 7.25, 3.75, 7.5], "texture": "#dark wood blade"},
				"east": {"uv": [7, 7.25, 8.75, 7.5], "texture": "#dark wood blade"},
				"south": {"uv": [12.25, 7.25, 14.5, 7.5], "texture": "#dark wood blade"},
				"west": {"uv": [7.25, 7.25, 9, 7.5], "texture": "#dark wood blade"},
				"up": {"uv": [12.25, 7.25, 14.5, 9], "texture": "#dark wood blade"}
			}
		},
		{
			"from": [13, 8.75, 7.25],
			"to": [14.5, 9, 9],
			"faces": {
				"north": {"uv": [1.5, 7, 3.5, 7.25], "texture": "#dark wood blade"},
				"east": {"uv": [7, 7, 8.75, 7.25], "texture": "#dark wood blade"},
				"south": {"uv": [12.5, 7, 14.5, 7.25], "texture": "#dark wood blade"},
				"west": {"uv": [7.25, 7, 9, 7.25], "texture": "#dark wood blade"},
				"up": {"uv": [12.5, 7.25, 14.5, 9], "texture": "#dark wood blade"}
			}
		},
		{
			"from": [13, 9, 7.25],
			"to": [14.25, 9.25, 9],
			"faces": {
				"north": {"uv": [1.75, 6.75, 3.5, 7], "texture": "#dark wood blade"},
				"east": {"uv": [7, 6.75, 8.75, 7], "texture": "#dark wood blade"},
				"south": {"uv": [12.5, 6.75, 14.25, 7], "texture": "#dark wood blade"},
				"west": {"uv": [7.25, 6.75, 9, 7], "texture": "#dark wood blade"},
				"up": {"uv": [12.5, 7.25, 14.25, 9], "texture": "#dark wood blade"}
			}
		},
		{
			"from": [13.25, 9.25, 7.25],
			"to": [14.25, 9.5, 9],
			"faces": {
				"north": {"uv": [1.75, 6.5, 3.25, 6.75], "texture": "#dark wood blade"},
				"east": {"uv": [7, 6.5, 8.75, 6.75], "texture": "#dark wood blade"},
				"south": {"uv": [12.75, 6.5, 14.25, 6.75], "texture": "#dark wood blade"},
				"west": {"uv": [7.25, 6.5, 9, 6.75], "texture": "#dark wood blade"},
				"up": {"uv": [12.75, 7.25, 14.25, 9], "texture": "#dark wood blade"}
			}
		},
		{
			"from": [13.25, 9.5, 7.25],
			"to": [14, 9.75, 9],
			"faces": {
				"north": {"uv": [2, 6.25, 2.75, 6.5], "texture": "#dark wood blade"},
				"east": {"uv": [7, 6.25, 8.75, 6.5], "texture": "#dark wood blade"},
				"south": {"uv": [13.25, 6.25, 14, 6.5], "texture": "#dark wood blade"},
				"west": {"uv": [7.25, 6.25, 9, 6.5], "texture": "#dark wood blade"},
				"up": {"uv": [13.25, 7.25, 14, 9], "texture": "#dark wood blade"}
			}
		},
		{
			"from": [13.0214, 10.4, 7.875],
			"to": [13.3714, 11.55, 8.375],
			"rotation": {"angle": -45, "axis": "z", "origin": [12.6964, 11.5, 7.875]},
			"faces": {
				"north": {"uv": [3, 2.75, 3.5, 4], "texture": "#texture"},
				"east": {"uv": [7.5, 2.75, 8, 4], "texture": "#texture"},
				"south": {"uv": [12.5, 2.75, 13, 4], "texture": "#texture"},
				"west": {"uv": [8, 2.75, 8.5, 4], "texture": "#texture"},
				"up": {"uv": [12.5, 8, 13, 8.5], "texture": "#texture"}
			}
		},
		{
			"from": [-0.3786, 15.025, 8.5],
			"to": [0.1214, 15.55, 8.575],
			"rotation": {"angle": 22.5, "axis": "z", "origin": [12.6964, 11.5, 7.875]},
			"faces": {
				"north": {"uv": [0, 9.75, 0.5, 10], "texture": "#texture"},
				"east": {"uv": [7.5, 2.75, 8, 4], "texture": "#texture"},
				"south": {"uv": [0, 2.75, 0.5, 4], "texture": "#texture"},
				"west": {"uv": [0, 3.75, 0.5, 5], "texture": "#texture"},
				"up": {"uv": [12.5, 8, 13, 8.5], "texture": "#texture"}
			}
		},
		{
			"from": [-0.3786, 15.025, 7.675],
			"to": [0.1214, 15.55, 7.75],
			"rotation": {"angle": 22.5, "axis": "z", "origin": [12.6964, 11.5, 7.875]},
			"faces": {
				"north": {"uv": [0, 8.75, 0.5, 10], "texture": "#texture"},
				"east": {"uv": [6.5, 2.75, 7, 4], "texture": "#texture"},
				"south": {"uv": [0, 3.75, 1, 4], "texture": "#texture"},
				"west": {"uv": [4, 3.75, 4.5, 5], "texture": "#texture"},
				"up": {"uv": [12.5, 8, 13, 8.5], "texture": "#texture"}
			}
		},
		{
			"from": [-0.4036, 14.5, 7.875],
			"to": [0.0964, 15.05, 8.375],
			"rotation": {"angle": 22.5, "axis": "z", "origin": [12.6964, 11.5, 7.875]},
			"faces": {
				"north": {"uv": [0, 8.75, 0.5, 10], "texture": "#texture"},
				"east": {"uv": [7.5, 2.75, 8, 4], "texture": "#texture"},
				"south": {"uv": [12.5, 2.75, 13, 4], "texture": "#texture"},
				"west": {"uv": [8, 2.75, 8.5, 4], "texture": "#texture"},
				"up": {"uv": [12.5, 8, 13, 8.5], "texture": "#texture"}
			}
		},
		{
			"from": [-1, 12, 8],
			"to": [-0.5, 12.25, 8.25],
			"faces": {
				"north": {"uv": [15.5, 4, 16, 4.25], "texture": "#dark wood blade"},
				"east": {"uv": [7.75, 4, 8, 4.25], "texture": "#dark wood blade"},
				"south": {"uv": [0, 4, 0.5, 4.25], "texture": "#dark wood blade"},
				"west": {"uv": [8, 4, 8.25, 4.25], "texture": "#dark wood blade", "cullface": "west"},
				"up": {"uv": [0, 8, 0.5, 8.25], "texture": "#dark wood blade"}
			}
		},
		{
			"from": [11.625, 11.65, 8.25],
			"to": [12.225, 11.9, 8.5],
			"faces": {
				"north": {"uv": [15.5, 4, 16, 4.25], "texture": "#dark wood blade"},
				"east": {"uv": [7.75, 4, 8, 4.25], "texture": "#dark wood blade"},
				"south": {"uv": [0, 4, 0.5, 4.25], "texture": "#dark wood blade"},
				"west": {"uv": [8, 4, 8.25, 4.25], "texture": "#dark wood blade", "cullface": "west"},
				"up": {"uv": [0, 8, 0.5, 8.25], "texture": "#dark wood blade"},
				"down": {"uv": [0, 4, 1, 5], "texture": "#dark wood blade"}
			}
		},
		{
			"from": [11.875, 11.9, 7.75],
			"to": [12.225, 12.05, 8],
			"faces": {
				"north": {"uv": [15.5, 4, 16, 4.25], "texture": "#dark wood blade"},
				"east": {"uv": [7.75, 4, 8, 4.25], "texture": "#dark wood blade"},
				"south": {"uv": [0, 4, 0.5, 4.25], "texture": "#dark wood blade"},
				"west": {"uv": [8, 4, 8.25, 4.25], "texture": "#dark wood blade", "cullface": "west"},
				"up": {"uv": [0, 8, 0.5, 8.25], "texture": "#dark wood blade"}
			}
		},
		{
			"from": [11.875, 11.9, 8.25],
			"to": [12.225, 12.05, 8.5],
			"faces": {
				"north": {"uv": [15.5, 4, 16, 4.25], "texture": "#dark wood blade"},
				"east": {"uv": [7.75, 4, 8, 4.25], "texture": "#dark wood blade"},
				"south": {"uv": [0, 4, 0.5, 4.25], "texture": "#dark wood blade"},
				"west": {"uv": [8, 4, 8.25, 4.25], "texture": "#dark wood blade", "cullface": "west"},
				"up": {"uv": [0, 8, 0.5, 8.25], "texture": "#dark wood blade"}
			}
		},
		{
			"from": [11.375, 11.65, 7.75],
			"to": [11.725, 11.8, 8],
			"faces": {
				"north": {"uv": [15.5, 4, 16, 4.25], "texture": "#dark wood blade"},
				"east": {"uv": [7.75, 4, 8, 4.25], "texture": "#dark wood blade"},
				"south": {"uv": [0, 4, 0.5, 4.25], "texture": "#dark wood blade"},
				"west": {"uv": [8, 4, 8.25, 4.25], "texture": "#dark wood blade", "cullface": "west"},
				"up": {"uv": [0, 8, 0.5, 8.25], "texture": "#dark wood blade"}
			}
		},
		{
			"from": [11.375, 11.65, 8.25],
			"to": [11.725, 11.8, 8.5],
			"faces": {
				"north": {"uv": [15.5, 4, 16, 4.25], "texture": "#dark wood blade"},
				"east": {"uv": [7.75, 4, 8, 4.25], "texture": "#dark wood blade"},
				"south": {"uv": [0, 4, 0.5, 4.25], "texture": "#dark wood blade"},
				"west": {"uv": [8, 4, 8.25, 4.25], "texture": "#dark wood blade", "cullface": "west"},
				"up": {"uv": [0, 8, 0.5, 8.25], "texture": "#dark wood blade"}
			}
		},
		{
			"from": [11.375, 11.65, 8],
			"to": [12.225, 11.8, 8.25],
			"faces": {
				"north": {"uv": [15.5, 4, 16, 4.25], "texture": "#dark wood blade"},
				"east": {"uv": [7.75, 4, 8, 4.25], "texture": "#dark wood blade"},
				"south": {"uv": [0, 4, 0.5, 4.25], "texture": "#dark wood blade"},
				"west": {"uv": [8, 4, 8.25, 4.25], "texture": "#dark wood blade", "cullface": "west"},
				"up": {"uv": [0, 8, 0.5, 8.25], "texture": "#dark wood blade"},
				"down": {"uv": [0, 4, 1, 5], "texture": "#dark wood blade"}
			}
		},
		{
			"from": [11.625, 11.65, 7.75],
			"to": [12.225, 11.9, 8],
			"faces": {
				"north": {"uv": [15.5, 4, 16, 4.25], "texture": "#dark wood blade"},
				"east": {"uv": [7.75, 4, 8, 4.25], "texture": "#dark wood blade"},
				"south": {"uv": [0, 4, 0.5, 4.25], "texture": "#dark wood blade"},
				"west": {"uv": [8, 4, 8.25, 4.25], "texture": "#dark wood blade", "cullface": "west"},
				"up": {"uv": [0, 8, 0.5, 8.25], "texture": "#dark wood blade"},
				"down": {"uv": [0, 4, 1, 5], "texture": "#dark wood blade"}
			}
		},
		{
			"from": [10.25, 6.75, 7.75],
			"to": [11.5, 7, 8.5],
			"faces": {
				"north": {"uv": [4.5, 9, 6.5, 9.25], "texture": "#texture"},
				"east": {"uv": [7.5, 9, 8.25, 9.25], "texture": "#texture"},
				"south": {"uv": [9.5, 9, 11.5, 9.25], "texture": "#texture"},
				"west": {"uv": [7.75, 9, 8.5, 9.25], "texture": "#texture"},
				"up": {"uv": [9.5, 7.75, 11.5, 8.5], "texture": "#texture"},
				"down": {"uv": [6.5, 8.5, 4.5, 7.75], "texture": "#texture"}
			}
		},
		{
			"from": [10, 7, 7.75],
			"to": [10.25, 7.25, 8.5],
			"faces": {
				"north": {"uv": [6.25, 8.75, 6.5, 9], "texture": "#texture"},
				"east": {"uv": [7.5, 8.75, 8.25, 9], "texture": "#texture"},
				"south": {"uv": [9.5, 8.75, 9.75, 9], "texture": "#texture"},
				"west": {"uv": [8, 8, 9, 9], "texture": "#texture"},
				"up": {"uv": [9.5, 7.75, 9.75, 8.5], "texture": "#texture"},
				"down": {"uv": [8, 8, 9, 9], "texture": "#texture"}
			}
		},
		{
			"from": [11.5, 7, 7.75],
			"to": [11.75, 7.25, 8.5],
			"faces": {
				"north": {"uv": [4.5, 8.75, 4.75, 9], "texture": "#texture"},
				"east": {"uv": [8, 8, 9, 9], "texture": "#texture"},
				"south": {"uv": [11.25, 8.75, 11.5, 9], "texture": "#texture"},
				"west": {"uv": [7.75, 8.75, 8.5, 9], "texture": "#texture"},
				"up": {"uv": [11.25, 7.75, 11.5, 8.5], "texture": "#texture"},
				"down": {"uv": [8, 8, 9, 9], "texture": "#texture"}
			}
		}
	],
	"gui_light": "front",
	"display": {
		"thirdperson_righthand": {
			"rotation": [0, -90, 0],
			"translation": [0, 0, -2.75],
			"scale": [0.8, 0.8, 0.81]
		},
		"thirdperson_lefthand": {
			"rotation": [0, 90, 0],
			"translation": [0, 0, -2.75],
			"scale": [0.8, 0.8, 0.81]
		},
		"firstperson_righthand": {
			"rotation": [0, -90, 0],
			"translation": [0, 2, -2],
			"scale": [0.88, 0.88, 0.9]
		},
		"firstperson_lefthand": {
			"rotation": [0, 90, 0],
			"translation": [0, 2, -2],
			"scale": [0.88, 0.88, 0.9]
		},
		"ground": {
			"translation": [-0.25, 0, 0],
			"scale": [0.95, 0.95, 0.96]
		},
		"gui": {
			"rotation": [0, 0, -45],
			"translation": [-0.5, -0.5, 0],
			"scale": [0.8, 0.85, 0.9]
		},
		"fixed": {
			"rotation": [0, 180, -45],
			"translation": [0.6, -0.95, -1.1],
			"scale": [1.15, 1.15, 1.17]
		}
	}
}