{
	"credit": "Made by SrDarmith - YouTube: Mainclay",
	"textures": {
		"particle": "itemm/door_iron_lower",
		"texture": "itemm/door_iron_lower",
		"dark wood blade": "itemm/darkwood1"
	},
	"elements": [
		{
			"from": [1.425, 12.25, 8],
			"to": [2, 12.6, 8.25],
			"rotation": {"angle": 0, "axis": "y", "origin": [0, 1.25, 0]},
			"faces": {
				"north": {"uv": [15.75, 4.25, 16, 4.5], "texture": "#texture", "cullface": "west"},
				"east": {"uv": [7.75, 4.25, 8, 4.5], "texture": "#texture", "cullface": "west"},
				"south": {"uv": [0, 4.25, 0.25, 4.5], "texture": "#texture", "cullface": "west"},
				"west": {"uv": [8, 4.25, 8.25, 4.5], "texture": "#texture", "cullface": "west"},
				"up": {"uv": [0, 8, 0.25, 8.25], "texture": "#texture", "cullface": "west"}
			}
		},
		{
			"from": [8, 10.925, 7.625],
			"to": [11.55, 12.35, 8.625],
			"rotation": {"angle": 0, "axis": "y", "origin": [0, 1.25, 0]},
			"faces": {
				"north": {"uv": [7.25, 5, 8, 6.25], "texture": "#texture"},
				"east": {"uv": [7, 5, 8.75, 6.25], "texture": "#texture"},
				"south": {"uv": [8, 5, 8.75, 6.25], "texture": "#texture"},
				"west": {"uv": [7.25, 5, 9, 6.25], "texture": "#texture"},
				"up": {"uv": [8, 7.25, 8.75, 9], "texture": "#texture"},
				"down": {"uv": [8, 9, 7.25, 7.25], "texture": "#texture"}
			}
		},
		{
			"from": [8.35, 12.25, 7.875],
			"to": [11.35, 12.475, 8.375],
			"rotation": {"angle": 0, "axis": "y", "origin": [0, 1.25, 0]},
			"faces": {
				"north": {"uv": [4.75, 4.5, 8, 5], "texture": "#texture"},
				"east": {"uv": [8, 8, 9, 9], "texture": "#texture"},
				"south": {"uv": [8, 4.5, 11.25, 5], "texture": "#texture"},
				"west": {"uv": [7.5, 4.5, 8.75, 5], "texture": "#texture"},
				"up": {"uv": [8, 7.5, 11.25, 8.75], "texture": "#texture"},
				"down": {"uv": [8, 8.75, 4.75, 7.5], "texture": "#texture"}
			}
		},
		{
			"from": [8.4, 9.675, 7.625],
			"to": [9.25, 10, 8.625],
			"rotation": {"angle": 0, "axis": "y", "origin": [0, 1.25, 0]},
			"faces": {
				"north": {"uv": [7.25, 7, 8, 7.75], "texture": "#texture"},
				"east": {"uv": [7.25, 7, 8.5, 7.75], "texture": "#texture"},
				"south": {"uv": [8, 7, 8.75, 7.75], "texture": "#texture"},
				"west": {"uv": [7.5, 7, 8.75, 7.75], "texture": "#texture"},
				"down": {"uv": [8, 8.75, 7.25, 7.5], "texture": "#texture"}
			}
		},
		{
			"from": [8.75, 10.375, 7],
			"to": [11.25, 11.875, 9.25],
			"rotation": {"angle": 0, "axis": "y", "origin": [0, 1.25, 0]},
			"faces": {
				"north": {"uv": [4.75, 5.25, 7.25, 7], "texture": "#texture"},
				"east": {"uv": [8, 6, 9, 7], "texture": "#texture"},
				"south": {"uv": [8.75, 5.25, 11.25, 7], "texture": "#texture"},
				"west": {"uv": [7.25, 5.25, 9, 7], "texture": "#texture"},
				"up": {"uv": [8.75, 7.25, 11.25, 9], "texture": "#texture"},
				"down": {"uv": [7.25, 9, 4.75, 7.25], "texture": "#texture"}
			}
		},
		{
			"from": [8.75, 10, 7.5],
			"to": [11.25, 12.25, 8.75],
			"rotation": {"angle": 0, "axis": "y", "origin": [0, 1.25, 0]},
			"faces": {
				"north": {"uv": [4.75, 5, 7.25, 7.25], "texture": "#texture"},
				"south": {"uv": [8.75, 5, 11.25, 7.25], "texture": "#texture"},
				"west": {"uv": [7.5, 5, 8.75, 7.25], "texture": "#texture"}
			}
		},
		{
			"from": [8.75, 10.875, 6.825],
			"to": [11.25, 11.375, 9.425],
			"rotation": {"angle": 0, "axis": "y", "origin": [0, 1.25, 0]},
			"faces": {
				"north": {"uv": [4.75, 5.75, 7.25, 6.5], "texture": "#texture"},
				"east": {"uv": [8, 6, 9, 7], "texture": "#texture"},
				"south": {"uv": [8.75, 5.75, 11.25, 6.5], "texture": "#texture"},
				"west": {"uv": [7, 5.75, 9.25, 6.5], "texture": "#texture"},
				"up": {"uv": [8.75, 7, 11.25, 9.25], "texture": "#texture"},
				"down": {"uv": [7.25, 9.25, 4.75, 7], "texture": "#texture"}
			}
		},
		{
			"from": [11.25, 10.375, 7.25],
			"to": [11.5, 11.875, 9],
			"rotation": {"angle": 0, "axis": "y", "origin": [0, 1.25, 0]},
			"faces": {
				"north": {"uv": [4.5, 5.25, 4.75, 7], "texture": "#texture"},
				"east": {"uv": [7, 5.25, 8.75, 7], "texture": "#texture"},
				"south": {"uv": [11.25, 5.25, 11.5, 7], "texture": "#texture"},
				"up": {"uv": [11.25, 7.25, 11.5, 9], "texture": "#texture"},
				"down": {"uv": [4.75, 9, 4.5, 7.25], "texture": "#texture"}
			}
		},
		{
			"from": [11.25, 10.875, 7],
			"to": [11.5, 11.375, 9.25],
			"rotation": {"angle": 0, "axis": "y", "origin": [0, 1.25, 0]},
			"faces": {
				"north": {"uv": [4.5, 5.75, 4.75, 6.5], "texture": "#texture"},
				"east": {"uv": [6.75, 5.75, 9, 6.5], "texture": "#texture"},
				"south": {"uv": [11.25, 5.75, 11.5, 6.5], "texture": "#texture"},
				"up": {"uv": [11.25, 7, 11.5, 9.25], "texture": "#texture"},
				"down": {"uv": [4.75, 9.25, 4.5, 7], "texture": "#texture"}
			}
		},
		{
			"from": [11.5, 10.875, 7.25],
			"to": [11.75, 11.375, 9],
			"rotation": {"angle": 0, "axis": "y", "origin": [0, 1.25, 0]},
			"faces": {
				"north": {"uv": [4.25, 5.75, 4.5, 6.5], "texture": "#texture"},
				"east": {"uv": [7, 5.75, 8.75, 6.5], "texture": "#texture"},
				"south": {"uv": [11.5, 5.75, 11.75, 6.5], "texture": "#texture"},
				"up": {"uv": [11.5, 7.25, 11.75, 9], "texture": "#texture"},
				"down": {"uv": [4.5, 9, 4.25, 7.25], "texture": "#texture"}
			}
		},
		{
			"from": [8.9, 9.925, 7.5],
			"to": [12, 10, 8.75],
			"rotation": {"angle": 0, "axis": "y", "origin": [0, 1.25, 0]},
			"faces": {
				"north": {"uv": [4.75, 7.25, 7.25, 7.75], "texture": "#texture"},
				"east": {"uv": [8, 7, 9, 8], "texture": "#texture"},
				"south": {"uv": [8.75, 7.25, 11.25, 7.75], "texture": "#texture"},
				"west": {"uv": [8, 7, 9, 8], "texture": "#texture"},
				"up": {"uv": [8, 7, 9, 8], "texture": "#texture"},
				"down": {"uv": [7.25, 8.75, 4.75, 7.5], "texture": "#texture"}
			}
		},
		{
			"from": [10, 8, 7.75],
			"to": [10.25, 8.25, 8.5],
			"rotation": {"angle": 0, "axis": "z", "origin": [0, 1, 0]},
			"faces": {
				"north": {"uv": [6, 8.75, 6.25, 9], "texture": "#texture"},
				"east": {"uv": [7.5, 8.75, 8.25, 9], "texture": "#texture"},
				"south": {"uv": [9.75, 8.75, 10, 9], "texture": "#texture"},
				"up": {"uv": [9.75, 7.75, 10, 8.5], "texture": "#texture"}
			}
		},
		{
			"from": [9.75, 8, 7.75],
			"to": [10, 9.5, 8.5],
			"rotation": {"angle": 0, "axis": "z", "origin": [0, 1, 0]},
			"faces": {
				"north": {"uv": [6.25, 8, 6.5, 9], "texture": "#texture"},
				"east": {"uv": [7.5, 8, 8.25, 9], "texture": "#texture"},
				"south": {"uv": [9.5, 8, 9.75, 9], "texture": "#texture"},
				"west": {"uv": [7.75, 8, 8.5, 9], "texture": "#texture"},
				"down": {"uv": [6.5, 8.5, 6.25, 7.75], "texture": "#texture"}
			}
		},
		{
			"from": [10, 7.75, 7.75],
			"to": [11.5, 8, 8.5],
			"rotation": {"angle": 0, "axis": "z", "origin": [0, 1, 0]},
			"faces": {
				"north": {"uv": [4.5, 9, 6.25, 9.25], "texture": "#texture"},
				"east": {"uv": [7.5, 9, 8.25, 9.25], "texture": "#texture"},
				"south": {"uv": [9.75, 9, 11.5, 9.25], "texture": "#texture"},
				"west": {"uv": [7.75, 9, 8.5, 9.25], "texture": "#texture"},
				"up": {"uv": [9.75, 7.75, 11.5, 8.5], "texture": "#texture"},
				"down": {"uv": [6.25, 8.5, 4.5, 7.75], "texture": "#texture"}
			}
		},
		{
			"from": [11.5, 8, 7.75],
			"to": [11.75, 9.25, 8.5],
			"rotation": {"angle": 0, "axis": "z", "origin": [0, 1, 0]},
			"faces": {
				"north": {"uv": [4.25, 7.75, 4.5, 9], "texture": "#texture"},
				"east": {"uv": [7.5, 7.75, 8.25, 9], "texture": "#texture"},
				"south": {"uv": [11.5, 7.75, 11.75, 9], "texture": "#texture"},
				"west": {"uv": [7.75, 7.75, 8.5, 9], "texture": "#texture"},
				"down": {"uv": [4.5, 8.5, 4.25, 7.75], "texture": "#texture"}
			}
		},
		{
			"from": [11.375, 8.325, 8],
			"to": [11.625, 9.825, 8.25],
			"rotation": {"angle": -22.5, "axis": "z", "origin": [11, 9.75, 8]},
			"faces": {
				"north": {"uv": [2.5, 2.25, 3, 3.5], "texture": "#texture"},
				"east": {"uv": [7.75, 2.25, 8, 3.5], "texture": "#texture"},
				"south": {"uv": [13, 2.25, 13.5, 3.5], "texture": "#texture"},
				"west": {"uv": [8, 2.25, 8.25, 3.5], "texture": "#texture"},
				"down": {"uv": [8, 3, 9, 4], "texture": "#texture"}
			}
		},
		{
			"from": [13.075, 5.25, 7.45],
			"to": [14.9, 8, 8.8],
			"rotation": {"angle": 0, "axis": "y", "origin": [0, -5.75, 0]},
			"faces": {
				"north": {"uv": [1, 8.75, 3, 11.5], "texture": "#dark wood blade"},
				"east": {"uv": [7, 8.75, 8.75, 11.5], "texture": "#dark wood blade"},
				"south": {"uv": [13, 8.75, 15, 11.5], "texture": "#dark wood blade"},
				"west": {"uv": [7.25, 8.75, 9, 11.5], "texture": "#dark wood blade"},
				"up": {"uv": [13, 7.25, 15, 9], "texture": "#dark wood blade"},
				"down": {"uv": [3, 9, 1, 7.25], "texture": "#dark wood blade"}
			}
		},
		{
			"from": [15.4, 5.25, 7.45],
			"to": [15.5, 5.5, 8.8],
			"rotation": {"angle": 0, "axis": "y", "origin": [0, -5.75, 0]},
			"faces": {
				"north": {"uv": [1.25, 8.25, 3.25, 8.75], "texture": "#dark wood blade"},
				"east": {"uv": [7, 8.25, 8.75, 8.75], "texture": "#dark wood blade"},
				"south": {"uv": [12.75, 8.25, 14.75, 8.75], "texture": "#dark wood blade"},
				"west": {"uv": [7.25, 8.25, 9, 8.75], "texture": "#dark wood blade"},
				"up": {"uv": [12.75, 7.25, 14.75, 9], "texture": "#dark wood blade"},
				"down": {"uv": [3.25, 9, 1.25, 7.25], "texture": "#dark wood blade"}
			}
		},
		{
			"from": [15.15, 5.25, 7.45],
			"to": [15.4, 6.25, 8.8],
			"rotation": {"angle": 0, "axis": "y", "origin": [0, -5.75, 0]},
			"faces": {
				"north": {"uv": [0.75, 9.5, 1, 11.5], "texture": "#dark wood blade"},
				"east": {"uv": [7, 9.5, 8.75, 11.5], "texture": "#dark wood blade"},
				"south": {"uv": [15, 9.5, 15.25, 11.5], "texture": "#dark wood blade"},
				"west": {"uv": [1, 8, 2, 9], "texture": "#dark wood blade"},
				"up": {"uv": [15, 7.25, 15.25, 9], "texture": "#dark wood blade"},
				"down": {"uv": [1, 8, 2, 9], "texture": "#dark wood blade"}
			}
		},
		{
			"from": [12.25, 8.5, 7.45],
			"to": [14.25, 9.225, 8.8],
			"rotation": {"angle": 0, "axis": "y", "origin": [0, -5.75, 0]},
			"faces": {
				"north": {"uv": [1.5, 7.5, 3.75, 8.25], "texture": "#dark wood blade"},
				"east": {"uv": [7, 7.5, 8.75, 8.25], "texture": "#dark wood blade"},
				"south": {"uv": [12.25, 7.5, 14.5, 8.25], "texture": "#dark wood blade"},
				"west": {"uv": [7.25, 7.5, 9, 8.25], "texture": "#dark wood blade"},
				"up": {"uv": [3, 7, 4, 8], "texture": "#dark wood blade"},
				"down": {"uv": [3.75, 9, 1.5, 7.25], "texture": "#dark wood blade"}
			}
		},
		{
			"from": [12.25, 9.225, 7.45],
			"to": [14, 9.5, 8.8],
			"rotation": {"angle": 0, "axis": "y", "origin": [0, -1.75, 0]},
			"faces": {
				"north": {"uv": [1.5, 7.25, 3.75, 7.5], "texture": "#dark wood blade"},
				"east": {"uv": [7, 7.25, 8.75, 7.5], "texture": "#dark wood blade"},
				"south": {"uv": [12.25, 7.25, 14.5, 7.5], "texture": "#dark wood blade"},
				"west": {"uv": [7.25, 7.25, 9, 7.5], "texture": "#dark wood blade"},
				"up": {"uv": [12.25, 7.25, 14.5, 9], "texture": "#dark wood blade"}
			}
		},
		{
			"from": [12.25, 9.5, 7.45],
			"to": [13.5, 9.75, 8.8],
			"rotation": {"angle": 0, "axis": "y", "origin": [0, -1.75, 0]},
			"faces": {
				"north": {"uv": [1.5, 7, 3.5, 7.25], "texture": "#dark wood blade"},
				"east": {"uv": [7, 7, 8.75, 7.25], "texture": "#dark wood blade"},
				"south": {"uv": [12.5, 7, 14.5, 7.25], "texture": "#dark wood blade"},
				"west": {"uv": [7.25, 7, 9, 7.25], "texture": "#dark wood blade"},
				"up": {"uv": [12.5, 7.25, 14.5, 9], "texture": "#dark wood blade"}
			}
		},
		{
			"from": [11.325, 12.075, 7.8555],
			"to": [11.875, 12.2, 8.3555],
			"rotation": {"angle": 22.5, "axis": "z", "origin": [12.825, 13, 8]},
			"faces": {
				"north": {"uv": [3, 2.75, 3.5, 4], "rotation": 270, "texture": "#texture"},
				"east": {"uv": [12.5, 8, 13, 8.5], "rotation": 90, "texture": "#texture"},
				"south": {"uv": [12.5, 2.75, 13, 4], "rotation": 90, "texture": "#texture"},
				"up": {"uv": [8, 2.75, 8.5, 4], "rotation": 90, "texture": "#texture"},
				"down": {"uv": [7.5, 2.75, 8, 4], "rotation": 90, "texture": "#texture"}
			}
		},
		{
			"from": [11.325, 12.4, 7.8555],
			"to": [11.875, 12.525, 8.3555],
			"rotation": {"angle": 22.5, "axis": "z", "origin": [12.825, 13, 8]},
			"faces": {
				"north": {"uv": [3, 2.75, 3.5, 4], "rotation": 270, "texture": "#texture"},
				"east": {"uv": [12.5, 8, 13, 8.5], "rotation": 90, "texture": "#texture"},
				"south": {"uv": [12.5, 2.75, 13, 4], "rotation": 90, "texture": "#texture"},
				"up": {"uv": [8, 2.75, 8.5, 4], "rotation": 90, "texture": "#texture"},
				"down": {"uv": [7.5, 2.75, 8, 4], "rotation": 90, "texture": "#texture"}
			}
		},
		{
			"from": [11.875, 11, 7.85],
			"to": [12.25, 12, 8.35],
			"rotation": {"angle": 0, "axis": "y", "origin": [0.075, 1.5, 0]},
			"faces": {
				"north": {"uv": [4, 4.75, 4.25, 7.75], "texture": "#texture"},
				"east": {"uv": [7.25, 4.75, 8.5, 7.75], "texture": "#texture"},
				"south": {"uv": [11.75, 4.75, 12, 7.75], "texture": "#texture"},
				"up": {"uv": [11.75, 7.5, 12, 8.75], "texture": "#texture"},
				"down": {"uv": [4.25, 8.75, 4, 7.5], "texture": "#texture"}
			}
		},
		{
			"from": [12.25, 11.2, 7.85],
			"to": [12.35, 11.55, 8.35],
			"rotation": {"angle": 0, "axis": "y", "origin": [0.075, 1.5, 0]},
			"faces": {
				"north": {"uv": [4, 4.75, 4.25, 7.75], "texture": "#texture"},
				"east": {"uv": [7.25, 4.75, 8.5, 7.75], "texture": "#texture"},
				"south": {"uv": [11.75, 4.75, 12, 7.75], "texture": "#texture"},
				"up": {"uv": [11.75, 7.5, 12, 8.75], "texture": "#texture"},
				"down": {"uv": [4.25, 8.75, 4, 7.5], "texture": "#texture"}
			}
		},
		{
			"from": [11.325, 12.2, 7.8555],
			"to": [12.55, 12.425, 8.3555],
			"rotation": {"angle": 22.5, "axis": "z", "origin": [12.825, 13, 8]},
			"faces": {
				"north": {"uv": [3, 2.75, 3.5, 4], "rotation": 270, "texture": "#texture"},
				"east": {"uv": [12.5, 8, 13, 8.5], "rotation": 90, "texture": "#texture"},
				"south": {"uv": [12.5, 2.75, 13, 4], "rotation": 90, "texture": "#texture"},
				"up": {"uv": [8, 2.75, 8.5, 4], "rotation": 90, "texture": "#texture"},
				"down": {"uv": [7.5, 2.75, 8, 4], "rotation": 90, "texture": "#texture"}
			}
		},
		{
			"from": [11.25, 8, 7.75],
			"to": [11.5, 8.25, 8.5],
			"rotation": {"angle": 0, "axis": "z", "origin": [0, 1, 0]},
			"faces": {
				"north": {"uv": [4.5, 8.75, 4.75, 9], "texture": "#texture"},
				"south": {"uv": [11.25, 8.75, 11.5, 9], "texture": "#texture"},
				"west": {"uv": [7.75, 8.75, 8.5, 9], "texture": "#texture"},
				"up": {"uv": [11.25, 7.75, 11.5, 8.5], "texture": "#texture"}
			}
		},
		{
			"from": [12.65, 8.25, 7.45],
			"to": [12.9, 8.5, 8.8],
			"rotation": {"angle": 0, "axis": "y", "origin": [0, -5.75, 0]},
			"faces": {
				"north": {"uv": [1.25, 8.25, 3.25, 8.75], "texture": "#dark wood blade"},
				"east": {"uv": [7, 8.25, 8.75, 8.75], "texture": "#dark wood blade"},
				"south": {"uv": [12.75, 8.25, 14.75, 8.75], "texture": "#dark wood blade"},
				"west": {"uv": [7.25, 8.25, 9, 8.75], "texture": "#dark wood blade"},
				"up": {"uv": [12.75, 7.25, 14.75, 9], "texture": "#dark wood blade"},
				"down": {"uv": [3.25, 9, 1.25, 7.25], "texture": "#dark wood blade"}
			}
		},
		{
			"from": [12.975, 5.25, 7.45],
			"to": [13.075, 5.5, 8.8],
			"rotation": {"angle": 0, "axis": "y", "origin": [0, -5.75, 0]},
			"faces": {
				"north": {"uv": [1.25, 8.25, 3.25, 8.75], "texture": "#dark wood blade"},
				"east": {"uv": [7, 8.25, 8.75, 8.75], "texture": "#dark wood blade"},
				"south": {"uv": [12.75, 8.25, 14.75, 8.75], "texture": "#dark wood blade"},
				"west": {"uv": [7.25, 8.25, 9, 8.75], "texture": "#dark wood blade"},
				"up": {"uv": [12.75, 7.25, 14.75, 9], "texture": "#dark wood blade"},
				"down": {"uv": [3.25, 9, 1.25, 7.25], "texture": "#dark wood blade"}
			}
		},
		{
			"from": [12.9, 7.75, 7.45],
			"to": [14.7, 8.5, 8.8],
			"rotation": {"angle": 0, "axis": "y", "origin": [0, -5.75, 0]},
			"faces": {
				"north": {"uv": [1.25, 8.25, 3.25, 8.75], "texture": "#dark wood blade"},
				"east": {"uv": [7, 8.25, 8.75, 8.75], "texture": "#dark wood blade"},
				"south": {"uv": [12.75, 8.25, 14.75, 8.75], "texture": "#dark wood blade"},
				"west": {"uv": [7.25, 8.25, 9, 8.75], "texture": "#dark wood blade"},
				"up": {"uv": [12.75, 7.25, 14.75, 9], "texture": "#dark wood blade"},
				"down": {"uv": [3.25, 9, 1.25, 7.25], "texture": "#dark wood blade"}
			}
		},
		{
			"from": [8.75, 10.125, 7.25],
			"to": [11.25, 12.125, 9],
			"rotation": {"angle": 0, "axis": "y", "origin": [0, 1.25, 0]},
			"faces": {
				"north": {"uv": [4.75, 5.25, 7.25, 7], "texture": "#texture"},
				"east": {"uv": [8, 6, 9, 7], "texture": "#texture"},
				"south": {"uv": [8.75, 5.25, 11.25, 7], "texture": "#texture"},
				"west": {"uv": [7.25, 5.25, 9, 7], "texture": "#texture"},
				"up": {"uv": [8.75, 7.25, 11.25, 9], "texture": "#texture"},
				"down": {"uv": [7.25, 9, 4.75, 7.25], "texture": "#texture"}
			}
		},
		{
			"from": [8, 11.175, 7.4],
			"to": [8.75, 12.075, 8.85],
			"rotation": {"angle": 0, "axis": "y", "origin": [0, 1.25, 0]},
			"faces": {
				"north": {"uv": [7.25, 5, 8, 6.25], "texture": "#texture"},
				"east": {"uv": [7, 5, 8.75, 6.25], "texture": "#texture"},
				"south": {"uv": [8, 5, 8.75, 6.25], "texture": "#texture"},
				"west": {"uv": [7.25, 5, 9, 6.25], "texture": "#texture"},
				"up": {"uv": [8, 7.25, 8.75, 9], "texture": "#texture"},
				"down": {"uv": [8, 9, 7.25, 7.25], "texture": "#texture"}
			}
		},
		{
			"from": [2.25, 10.775, 7.15],
			"to": [9.25, 11.175, 7.775],
			"rotation": {"angle": 0, "axis": "y", "origin": [0, 1.25, 0]},
			"faces": {
				"north": {"uv": [8, 5.25, 16, 6], "texture": "#texture", "cullface": "west"},
				"south": {"uv": [0, 5.25, 8, 6], "texture": "#texture", "cullface": "west"},
				"west": {"uv": [7.5, 5.25, 7.75, 6], "texture": "#texture", "cullface": "west"},
				"up": {"uv": [0, 7.5, 8, 7.75], "texture": "#texture", "cullface": "west"},
				"down": {"uv": [16, 7.75, 8, 7.5], "texture": "#texture", "cullface": "west"}
			}
		},
		{
			"from": [2.25, 10.65, 7.275],
			"to": [9.25, 11.3, 7.65],
			"rotation": {"angle": 0, "axis": "y", "origin": [0, 1.25, 0]},
			"faces": {
				"north": {"uv": [8, 5.25, 16, 6], "texture": "#texture", "cullface": "west"},
				"south": {"uv": [0, 5.25, 8, 6], "texture": "#texture", "cullface": "west"},
				"west": {"uv": [7.5, 5.25, 7.75, 6], "texture": "#texture", "cullface": "west"},
				"up": {"uv": [0, 7.5, 8, 7.75], "texture": "#texture", "cullface": "west"},
				"down": {"uv": [16, 7.75, 8, 7.5], "texture": "#texture", "cullface": "west"}
			}
		},
		{
			"from": [11.25, 10, 7.5],
			"to": [11.575, 12.25, 8.75],
			"rotation": {"angle": 0, "axis": "y", "origin": [0, 1.25, 0]},
			"faces": {
				"north": {"uv": [4, 4.75, 4.25, 7.75], "texture": "#texture"},
				"east": {"uv": [7.25, 4.75, 8.5, 7.75], "texture": "#texture"},
				"south": {"uv": [11.75, 4.75, 12, 7.75], "texture": "#texture"},
				"up": {"uv": [11.75, 7.5, 12, 8.75], "texture": "#texture"},
				"down": {"uv": [4.25, 8.75, 4, 7.5], "texture": "#texture"}
			}
		},
		{
			"from": [11.5, 10, 7.5],
			"to": [11.75, 12, 8.75],
			"rotation": {"angle": 0, "axis": "y", "origin": [0, 1.25, 0]},
			"faces": {
				"north": {"uv": [4, 4.75, 4.25, 7.75], "texture": "#texture"},
				"east": {"uv": [7.25, 4.75, 8.5, 7.75], "texture": "#texture"},
				"south": {"uv": [11.75, 4.75, 12, 7.75], "texture": "#texture"},
				"up": {"uv": [11.75, 7.5, 12, 8.75], "texture": "#texture"},
				"down": {"uv": [4.25, 8.75, 4, 7.5], "texture": "#texture"}
			}
		},
		{
			"from": [9.75, 9.25, 7.5],
			"to": [12.5, 9.5, 8.75],
			"rotation": {"angle": 0, "axis": "y", "origin": [0, 1.25, 0]},
			"faces": {
				"north": {"uv": [4.75, 7.25, 7.25, 7.75], "texture": "#texture"},
				"east": {"uv": [8, 7, 9, 8], "texture": "#texture"},
				"south": {"uv": [8.75, 7.25, 11.25, 7.75], "texture": "#texture"},
				"west": {"uv": [8, 7, 9, 8], "texture": "#texture"},
				"down": {"uv": [7.25, 8.75, 4.75, 7.5], "texture": "#texture"}
			}
		},
		{
			"from": [10.75, 9, 7.5],
			"to": [12.5, 9.25, 8.75],
			"rotation": {"angle": 0, "axis": "y", "origin": [0, 1.25, 0]},
			"faces": {
				"north": {"uv": [4.75, 7.25, 7.25, 7.75], "texture": "#texture"},
				"east": {"uv": [8, 7, 9, 8], "texture": "#texture"},
				"south": {"uv": [8.75, 7.25, 11.25, 7.75], "texture": "#texture"},
				"west": {"uv": [8, 7, 9, 8], "texture": "#texture"},
				"down": {"uv": [7.25, 8.75, 4.75, 7.5], "texture": "#texture"}
			}
		},
		{
			"from": [11.5, 8.75, 7.5],
			"to": [12.5, 9, 8.75],
			"rotation": {"angle": 0, "axis": "y", "origin": [0, 1.25, 0]},
			"faces": {
				"north": {"uv": [4.75, 7.25, 7.25, 7.75], "texture": "#texture"},
				"east": {"uv": [8, 7, 9, 8], "texture": "#texture"},
				"south": {"uv": [8.75, 7.25, 11.25, 7.75], "texture": "#texture"},
				"west": {"uv": [8, 7, 9, 8], "texture": "#texture"},
				"down": {"uv": [7.25, 8.75, 4.75, 7.5], "texture": "#texture"}
			}
		},
		{
			"from": [12, 10.35, 7.5],
			"to": [12.15, 10.525, 8.75],
			"rotation": {"angle": 0, "axis": "y", "origin": [0, 1.25, 0]},
			"faces": {
				"north": {"uv": [4, 7.5, 4.25, 7.75], "texture": "#texture"},
				"east": {"uv": [7.25, 4.75, 8.5, 7.75], "texture": "#texture"},
				"south": {"uv": [11.75, 7.25, 12, 7.75], "texture": "#texture"},
				"up": {"uv": [11.75, 7.5, 12, 8.75], "texture": "#texture"},
				"down": {"uv": [4.25, 8.75, 4, 7.5], "texture": "#texture"}
			}
		},
		{
			"from": [12, 10.15, 7.5],
			"to": [12.375, 10.35, 8.75],
			"rotation": {"angle": 0, "axis": "y", "origin": [0, 1.25, 0]},
			"faces": {
				"north": {"uv": [4, 7.5, 4.25, 7.75], "texture": "#texture"},
				"east": {"uv": [7.25, 4.75, 8.5, 7.75], "texture": "#texture"},
				"south": {"uv": [11.75, 7.25, 12, 7.75], "texture": "#texture"},
				"up": {"uv": [11.75, 7.5, 12, 8.75], "texture": "#texture"},
				"down": {"uv": [4.25, 8.75, 4, 7.5], "texture": "#texture"}
			}
		},
		{
			"from": [8.25, 10, 7.625],
			"to": [9.25, 10.925, 8.625],
			"rotation": {"angle": 0, "axis": "y", "origin": [0, 1.25, 0]},
			"faces": {
				"north": {"uv": [7.25, 6.25, 8, 7.75], "texture": "#texture"},
				"east": {"uv": [7.25, 6.25, 8.5, 7.75], "texture": "#texture"},
				"south": {"uv": [8, 6.25, 8.75, 7.75], "texture": "#texture"},
				"west": {"uv": [7.5, 6.25, 8.75, 7.75], "texture": "#texture"},
				"down": {"uv": [8, 8.75, 7.25, 7.5], "texture": "#texture"}
			}
		},
		{
			"from": [11.75, 10, 7.5],
			"to": [12, 11.5, 8.75],
			"rotation": {"angle": 0, "axis": "y", "origin": [0, 1.25, 0]},
			"faces": {
				"north": {"uv": [4, 4.75, 4.25, 7.75], "texture": "#texture"},
				"east": {"uv": [7.25, 4.75, 8.5, 7.75], "texture": "#texture"},
				"south": {"uv": [11.75, 4.75, 12, 7.75], "texture": "#texture"},
				"up": {"uv": [11.75, 7.5, 12, 8.75], "texture": "#texture"},
				"down": {"uv": [4.25, 8.75, 4, 7.5], "texture": "#texture"}
			}
		},
		{
			"from": [12, 10.75, 7.85],
			"to": [12.15, 11, 8.35],
			"rotation": {"angle": 0, "axis": "y", "origin": [0.075, 1.5, 0]},
			"faces": {
				"north": {"uv": [4, 4.75, 4.25, 7.75], "texture": "#texture"},
				"east": {"uv": [7.25, 4.75, 8.5, 7.75], "texture": "#texture"},
				"south": {"uv": [11.75, 4.75, 12, 7.75], "texture": "#texture"},
				"up": {"uv": [11.75, 7.5, 12, 8.75], "texture": "#texture"},
				"down": {"uv": [4.25, 8.75, 4, 7.5], "texture": "#texture"}
			}
		},
		{
			"from": [11.425, 11.4, 7.85],
			"to": [11.875, 12.225, 8.35],
			"rotation": {"angle": 0, "axis": "y", "origin": [0, 1.25, 0]},
			"faces": {
				"north": {"uv": [4, 4.75, 4.25, 7.75], "texture": "#texture"},
				"east": {"uv": [7.25, 4.75, 8.5, 7.75], "texture": "#texture"},
				"south": {"uv": [11.75, 4.75, 12, 7.75], "texture": "#texture"},
				"up": {"uv": [11.75, 7.5, 12, 8.75], "texture": "#texture"},
				"down": {"uv": [4.25, 8.75, 4, 7.5], "texture": "#texture"}
			}
		},
		{
			"from": [14.25, 8.5, 7.45],
			"to": [14.5, 9, 8.8],
			"rotation": {"angle": 0, "axis": "y", "origin": [0, -5.75, 0]},
			"faces": {
				"north": {"uv": [1.25, 8.25, 3.25, 8.75], "texture": "#dark wood blade"},
				"east": {"uv": [7, 8.25, 8.75, 8.75], "texture": "#dark wood blade"},
				"south": {"uv": [12.75, 8.25, 14.75, 8.75], "texture": "#dark wood blade"},
				"west": {"uv": [7.25, 8.25, 9, 8.75], "texture": "#dark wood blade"},
				"up": {"uv": [12.75, 7.25, 14.75, 9], "texture": "#dark wood blade"},
				"down": {"uv": [3.25, 9, 1.25, 7.25], "texture": "#dark wood blade"}
			}
		},
		{
			"from": [14.9, 5.25, 7.45],
			"to": [15.15, 7.25, 8.8],
			"rotation": {"angle": 0, "axis": "y", "origin": [0, -5.75, 0]},
			"faces": {
				"north": {"uv": [0.75, 9.5, 1, 11.5], "texture": "#dark wood blade"},
				"east": {"uv": [7, 9.5, 8.75, 11.5], "texture": "#dark wood blade"},
				"south": {"uv": [15, 9.5, 15.25, 11.5], "texture": "#dark wood blade"},
				"west": {"uv": [1, 8, 2, 9], "texture": "#dark wood blade"},
				"up": {"uv": [15, 7.25, 15.25, 9], "texture": "#dark wood blade"},
				"down": {"uv": [1, 8, 2, 9], "texture": "#dark wood blade"}
			}
		},
		{
			"from": [8.9, 9.5, 7.5],
			"to": [12.8, 9.925, 8.75],
			"rotation": {"angle": 0, "axis": "y", "origin": [0, 1.25, 0]},
			"faces": {
				"north": {"uv": [4.75, 7.25, 7.25, 7.75], "texture": "#texture"},
				"east": {"uv": [8, 7, 9, 8], "texture": "#texture"},
				"south": {"uv": [8.75, 7.25, 11.25, 7.75], "texture": "#texture"},
				"west": {"uv": [8, 7, 9, 8], "texture": "#texture"},
				"up": {"uv": [8, 7, 9, 8], "texture": "#texture"},
				"down": {"uv": [7.25, 8.75, 4.75, 7.5], "texture": "#texture"}
			}
		},
		{
			"from": [12, 9.925, 7.5],
			"to": [12.625, 10.15, 8.75],
			"rotation": {"angle": 0, "axis": "y", "origin": [0, 1.25, 0]},
			"faces": {
				"north": {"uv": [4, 7.5, 4.25, 7.75], "texture": "#texture"},
				"east": {"uv": [7.25, 4.75, 8.5, 7.75], "texture": "#texture"},
				"south": {"uv": [11.75, 7.25, 12, 7.75], "texture": "#texture"},
				"up": {"uv": [11.75, 7.5, 12, 8.75], "texture": "#texture"},
				"down": {"uv": [4.25, 8.75, 4, 7.5], "texture": "#texture"}
			}
		},
		{
			"from": [1, 11.975, 7.775],
			"to": [9.5, 12.25, 8.475],
			"rotation": {"angle": 0, "axis": "y", "origin": [5, 0, 0]},
			"faces": {
				"north": {"uv": [8, 5, 16, 5.25], "texture": "#texture", "cullface": "west"},
				"south": {"uv": [0, 5, 8, 5.25], "texture": "#texture", "cullface": "west"},
				"west": {"uv": [7.75, 5, 8.5, 5.25], "texture": "#texture", "cullface": "west"},
				"up": {"uv": [0, 7.75, 8, 8.5], "texture": "#texture", "cullface": "west"},
				"down": {"uv": [16, 8.5, 8, 7.75], "texture": "#texture", "cullface": "west"}
			}
		},
		{
			"from": [1, 11.325, 7.55],
			"to": [9.5, 12.025, 7.825],
			"rotation": {"angle": 0, "axis": "y", "origin": [5, 0, 0]},
			"faces": {
				"north": {"uv": [8, 5.25, 16, 6], "texture": "#texture", "cullface": "west"},
				"south": {"uv": [0, 5.25, 8, 6], "texture": "#texture", "cullface": "west"},
				"west": {"uv": [7.5, 5.25, 7.75, 6], "texture": "#texture", "cullface": "west"},
				"up": {"uv": [0, 7.5, 8, 7.75], "texture": "#texture", "cullface": "west"},
				"down": {"uv": [16, 7.75, 8, 7.5], "texture": "#texture", "cullface": "west"}
			}
		},
		{
			"from": [1, 11.1, 7.775],
			"to": [9.5, 11.375, 8.475],
			"rotation": {"angle": 0, "axis": "y", "origin": [5, 0, 0]},
			"faces": {
				"north": {"uv": [8, 6, 16, 6.25], "texture": "#texture", "cullface": "west"},
				"south": {"uv": [0, 6, 8, 6.25], "texture": "#texture", "cullface": "west"},
				"west": {"uv": [7.75, 6, 8.5, 6.25], "texture": "#texture", "cullface": "west"},
				"up": {"uv": [0, 7.75, 8, 8.5], "texture": "#texture", "cullface": "west"},
				"down": {"uv": [16, 8.5, 8, 7.75], "texture": "#texture", "cullface": "west"}
			}
		},
		{
			"from": [1, 11.325, 8.425],
			"to": [9.5, 12.025, 8.7],
			"rotation": {"angle": 0, "axis": "y", "origin": [5, 0, 0]},
			"faces": {
				"north": {"uv": [8, 5.25, 16, 6], "texture": "#texture", "cullface": "west"},
				"south": {"uv": [0, 5.25, 8, 6], "texture": "#texture", "cullface": "west"},
				"west": {"uv": [8.5, 5.25, 8.75, 6], "texture": "#texture", "cullface": "west"},
				"up": {"uv": [0, 8.5, 8, 8.75], "texture": "#texture", "cullface": "west"},
				"down": {"uv": [16, 8.75, 8, 8.5], "texture": "#texture", "cullface": "west"}
			}
		}
	],
	"gui_light": "front",
	"display": {
		"thirdperson_righthand": {
			"rotation": [0, -90, 0],
			"translation": [0, -0.75, -2.75],
			"scale": [0.82, 0.81, 0.79]
		},
		"thirdperson_lefthand": {
			"rotation": [0, 90, 0],
			"translation": [0, -0.75, -2.5],
			"scale": [0.82, 0.81, 0.79]
		},
		"firstperson_righthand": {
			"rotation": [0, -90, 0],
			"translation": [0, 1.5, -1.75],
			"scale": [0.88, 0.87, 0.85]
		},
		"firstperson_lefthand": {
			"rotation": [0, 90, 0],
			"translation": [0, 1.5, -1.75],
			"scale": [0.88, 0.87, 0.85]
		},
		"ground": {
			"translation": [-0.25, 0, 0],
			"scale": [0.94, 0.93, 0.91]
		},
		"gui": {
			"rotation": [0, 0, -45],
			"translation": [-1.25, -0.25, 0],
			"scale": [0.83, 0.82, 0.9]
		},
		"fixed": {
			"rotation": [0, 180, -45],
			"translation": [1.85, -0.45, -1.1],
			"scale": [1.15, 1.14, 1.12]
		}
	}
}