{
	"credit": "Made by SrDarmith - YouTube: Mainclay",
	"textures": {
		"2": "itemm/hardened_clay_stained_white",
		"particle": "itemm/anvil_1",
		"texture": "itemm/anvil_1",
		"dark wood blade": "itemm/darkwood"
	},
	"elements": [
		{
			"from": [1.95, 10.75, 8],
			"to": [2.275, 11.1, 8.25],
			"rotation": {"angle": 0, "axis": "y", "origin": [0, 1.15, 0]},
			"faces": {
				"north": {"uv": [15.75, 4.25, 16, 4.5], "texture": "#texture", "cullface": "west"},
				"east": {"uv": [7.75, 4.25, 8, 4.5], "texture": "#texture", "cullface": "west"},
				"south": {"uv": [0, 4.25, 0.25, 4.5], "texture": "#texture", "cullface": "west"},
				"west": {"uv": [8, 4.25, 8.25, 4.5], "texture": "#texture", "cullface": "west"},
				"up": {"uv": [0, 8, 0.25, 8.25], "texture": "#texture", "cullface": "west"}
			}
		},
		{
			"from": [10.775, 10.725, 8],
			"to": [11.025, 11.075, 8.25],
			"rotation": {"angle": 0, "axis": "y", "origin": [0, 1.15, 0]},
			"faces": {
				"north": {"uv": [15.75, 4.25, 16, 4.5], "texture": "#texture", "cullface": "west"},
				"east": {"uv": [7.75, 4.25, 8, 4.5], "texture": "#texture", "cullface": "west"},
				"south": {"uv": [0, 4.25, 0.25, 4.5], "texture": "#texture", "cullface": "west"},
				"west": {"uv": [8, 4.25, 8.25, 4.5], "texture": "#texture", "cullface": "west"},
				"up": {"uv": [0, 8, 0.25, 8.25], "texture": "#texture", "cullface": "west"}
			}
		},
		{
			"from": [8.65, 9.575, 7.65],
			"to": [9, 9.9, 8.6],
			"rotation": {"angle": 0, "axis": "y", "origin": [0, 1.15, 0]},
			"faces": {
				"north": {"uv": [7.25, 7, 8, 7.75], "texture": "#texture"},
				"east": {"uv": [7.25, 7, 8.5, 7.75], "texture": "#texture"},
				"south": {"uv": [8, 7, 8.75, 7.75], "texture": "#texture"},
				"west": {"uv": [7.5, 7, 8.75, 7.75], "texture": "#texture"},
				"down": {"uv": [8, 8.75, 7.25, 7.5], "texture": "#texture"}
			}
		},
		{
			"from": [9.75, 7.4, 7.75],
			"to": [10, 7.65, 8.5],
			"rotation": {"angle": 0, "axis": "z", "origin": [-0.5, 0.4, 0]},
			"faces": {
				"north": {"uv": [6, 8.75, 6.25, 9], "texture": "#texture"},
				"east": {"uv": [7.5, 8.75, 8.25, 9], "texture": "#texture"},
				"south": {"uv": [9.75, 8.75, 10, 9], "texture": "#texture"},
				"up": {"uv": [9.75, 7.75, 10, 8.5], "texture": "#texture"}
			}
		},
		{
			"from": [11.25, 6.15, 7.75],
			"to": [12.5, 6.4, 8.5],
			"rotation": {"angle": 0, "axis": "y", "origin": [-0.5, 0.4, 0]},
			"faces": {
				"north": {"uv": [4.5, 9, 6.25, 9.25], "texture": "#texture"},
				"east": {"uv": [7.5, 9, 8.25, 9.25], "texture": "#texture"},
				"south": {"uv": [9.75, 9, 11.5, 9.25], "texture": "#texture"},
				"west": {"uv": [7.75, 9, 8.5, 9.25], "texture": "#texture"},
				"up": {"uv": [9.75, 7.75, 11.5, 8.5], "texture": "#texture"},
				"down": {"uv": [6.25, 8.5, 4.5, 7.75], "texture": "#texture"}
			}
		},
		{
			"from": [11.25, 7.65, 7.75],
			"to": [12.5, 7.9, 8.5],
			"rotation": {"angle": 0, "axis": "y", "origin": [-0.5, 0.4, 0]},
			"faces": {
				"north": {"uv": [4.5, 9, 6.25, 9.25], "texture": "#texture"},
				"east": {"uv": [7.5, 9, 8.25, 9.25], "texture": "#texture"},
				"south": {"uv": [9.75, 9, 11.5, 9.25], "texture": "#texture"},
				"west": {"uv": [7.75, 9, 8.5, 9.25], "texture": "#texture"},
				"up": {"uv": [9.75, 7.75, 11.5, 8.5], "texture": "#texture"},
				"down": {"uv": [6.25, 8.5, 4.5, 7.75], "texture": "#texture"}
			}
		},
		{
			"from": [11, 6.4, 7.75],
			"to": [11.25, 7.65, 8.5],
			"rotation": {"angle": 0, "axis": "y", "origin": [-0.5, 0.4, 0]},
			"faces": {
				"north": {"uv": [6.25, 8, 6.5, 9], "texture": "#texture"},
				"east": {"uv": [7.5, 8, 8.25, 9], "texture": "#texture"},
				"south": {"uv": [9.5, 8, 9.75, 9], "texture": "#texture"},
				"west": {"uv": [7.75, 8, 8.5, 9], "texture": "#texture"},
				"up": {"uv": [7, 7, 8, 8], "texture": "#texture"},
				"down": {"uv": [6.5, 8.5, 6.25, 7.75], "texture": "#texture"}
			}
		},
		{
			"from": [12.5, 6.4, 7.75],
			"to": [12.75, 7.65, 8.5],
			"rotation": {"angle": 0, "axis": "y", "origin": [-0.5, 0.4, 0]},
			"faces": {
				"north": {"uv": [6.25, 8, 6.5, 9], "texture": "#texture"},
				"east": {"uv": [7.5, 8, 8.25, 9], "texture": "#texture"},
				"south": {"uv": [9.5, 8, 9.75, 9], "texture": "#texture"},
				"west": {"uv": [7.75, 8, 8.5, 9], "texture": "#texture"},
				"up": {"uv": [8, 7, 9, 8], "texture": "#texture"},
				"down": {"uv": [6.5, 8.5, 6.25, 7.75], "texture": "#texture"}
			}
		},
		{
			"from": [11.25, 6.4, 7.75],
			"to": [11.5, 6.65, 8.5],
			"rotation": {"angle": 0, "axis": "y", "origin": [-0.5, 0.4, 0]},
			"faces": {
				"north": {"uv": [6, 8.75, 6.25, 9], "texture": "#texture"},
				"east": {"uv": [7.5, 8.75, 8.25, 9], "texture": "#texture"},
				"south": {"uv": [9.75, 8.75, 10, 9], "texture": "#texture"},
				"up": {"uv": [9.75, 7.75, 10, 8.5], "texture": "#texture"}
			}
		},
		{
			"from": [11.25, 7.4, 7.75],
			"to": [11.5, 7.65, 8.5],
			"rotation": {"angle": 0, "axis": "y", "origin": [-0.5, 0.4, 0]},
			"faces": {
				"north": {"uv": [6, 8.75, 6.25, 9], "texture": "#texture"},
				"east": {"uv": [7.5, 8.75, 8.25, 9], "texture": "#texture"},
				"south": {"uv": [9.75, 8.75, 10, 9], "texture": "#texture"},
				"west": {"uv": [8, 7, 9, 8], "texture": "#texture"},
				"up": {"uv": [9.75, 7.75, 10, 8.5], "texture": "#texture"},
				"down": {"uv": [8, 7, 9, 8], "texture": "#texture"}
			}
		},
		{
			"from": [12.25, 7.4, 7.75],
			"to": [12.5, 7.65, 8.5],
			"rotation": {"angle": 0, "axis": "y", "origin": [-0.5, 0.4, 0]},
			"faces": {
				"north": {"uv": [6, 8.75, 6.25, 9], "texture": "#texture"},
				"east": {"uv": [7.5, 8.75, 8.25, 9], "texture": "#texture"},
				"south": {"uv": [9.75, 8.75, 10, 9], "texture": "#texture"},
				"west": {"uv": [8, 7, 9, 8], "texture": "#texture"},
				"up": {"uv": [9.75, 7.75, 10, 8.5], "texture": "#texture"},
				"down": {"uv": [8, 7, 9, 8], "texture": "#texture"}
			}
		},
		{
			"from": [12.25, 6.4, 7.75],
			"to": [12.5, 6.65, 8.5],
			"rotation": {"angle": 0, "axis": "y", "origin": [-0.5, 0.4, 0]},
			"faces": {
				"north": {"uv": [6, 8.75, 6.25, 9], "texture": "#texture"},
				"east": {"uv": [7.5, 8.75, 8.25, 9], "texture": "#texture"},
				"south": {"uv": [9.75, 8.75, 10, 9], "texture": "#texture"},
				"west": {"uv": [8, 7, 9, 8], "texture": "#texture"},
				"up": {"uv": [9.75, 7.75, 10, 8.5], "texture": "#texture"}
			}
		},
		{
			"from": [9.375, 8.15, 7.75],
			"to": [9.5, 8.9, 8.5],
			"rotation": {"angle": 0, "axis": "z", "origin": [-0.5, 0.4, 0]},
			"faces": {
				"north": {"uv": [6.25, 8, 6.5, 9], "texture": "#texture"},
				"east": {"uv": [7.5, 8, 8.25, 9], "texture": "#texture"},
				"south": {"uv": [9.5, 8, 9.75, 9], "texture": "#texture"},
				"west": {"uv": [7.75, 8, 8.5, 9], "texture": "#texture"},
				"down": {"uv": [6.5, 8.5, 6.25, 7.75], "texture": "#texture"}
			}
		},
		{
			"from": [9.5, 7.4, 7.75],
			"to": [9.75, 8.9, 8.5],
			"rotation": {"angle": 0, "axis": "y", "origin": [-0.5, 0.4, 0]},
			"faces": {
				"north": {"uv": [6.25, 8, 6.5, 9], "texture": "#texture"},
				"east": {"uv": [7.5, 8, 8.25, 9], "texture": "#texture"},
				"south": {"uv": [9.5, 8, 9.75, 9], "texture": "#texture"},
				"west": {"uv": [7.75, 8, 8.5, 9], "texture": "#texture"},
				"down": {"uv": [6.5, 8.5, 6.25, 7.75], "texture": "#texture"}
			}
		},
		{
			"from": [9.75, 7.15, 7.75],
			"to": [11, 7.4, 8.5],
			"rotation": {"angle": 0, "axis": "z", "origin": [-0.5, 0.4, 0]},
			"faces": {
				"north": {"uv": [4.5, 9, 6.25, 9.25], "texture": "#texture"},
				"east": {"uv": [7.5, 9, 8.25, 9.25], "texture": "#texture"},
				"south": {"uv": [9.75, 9, 11.5, 9.25], "texture": "#texture"},
				"west": {"uv": [7.75, 9, 8.5, 9.25], "texture": "#texture"},
				"up": {"uv": [9.75, 7.75, 11.5, 8.5], "texture": "#texture"},
				"down": {"uv": [6.25, 8.5, 4.5, 7.75], "texture": "#texture"}
			}
		},
		{
			"from": [11.2, 7.925, 7.925],
			"to": [11.45, 9.425, 8.3],
			"rotation": {"angle": -22.5, "axis": "z", "origin": [10.5, 9.15, 8]},
			"faces": {
				"north": {"uv": [2.5, 2.25, 3, 3.5], "texture": "#texture"},
				"east": {"uv": [7.75, 2.25, 8, 3.5], "texture": "#texture"},
				"south": {"uv": [13, 2.25, 13.5, 3.5], "texture": "#texture"},
				"west": {"uv": [8, 2.25, 8.25, 3.5], "texture": "#texture"},
				"up": {"uv": [7, 2, 8, 3], "texture": "#texture"},
				"down": {"uv": [7, 2, 8, 3], "texture": "#texture"}
			}
		},
		{
			"from": [12.975, 5.25, 7.45],
			"to": [14.7, 8, 8.8],
			"rotation": {"angle": 0, "axis": "y", "origin": [0, -5.75, 0]},
			"faces": {
				"north": {"uv": [1, 8.75, 3, 11.5], "texture": "#dark wood blade"},
				"east": {"uv": [7, 8.75, 8.75, 11.5], "texture": "#dark wood blade"},
				"south": {"uv": [13, 8.75, 15, 11.5], "texture": "#dark wood blade"},
				"west": {"uv": [7.25, 8.75, 9, 11.5], "texture": "#dark wood blade"},
				"up": {"uv": [13, 7.25, 15, 9], "texture": "#dark wood blade"},
				"down": {"uv": [3, 9, 1, 7.25], "texture": "#dark wood blade"}
			}
		},
		{
			"from": [15.075, 5.25, 7.45],
			"to": [15.175, 5.55, 8.8],
			"rotation": {"angle": 0, "axis": "y", "origin": [0, -5.75, 0]},
			"faces": {
				"north": {"uv": [1.25, 8.25, 3.25, 8.75], "texture": "#dark wood blade"},
				"east": {"uv": [7, 8.25, 8.75, 8.75], "texture": "#dark wood blade"},
				"south": {"uv": [12.75, 8.25, 14.75, 8.75], "texture": "#dark wood blade"},
				"west": {"uv": [7.25, 8.25, 9, 8.75], "texture": "#dark wood blade"},
				"up": {"uv": [12.75, 7.25, 14.75, 9], "texture": "#dark wood blade"},
				"down": {"uv": [3.25, 9, 1.25, 7.25], "texture": "#dark wood blade"}
			}
		},
		{
			"from": [14.9, 5.25, 7.45],
			"to": [15.075, 6.325, 8.8],
			"rotation": {"angle": 0, "axis": "y", "origin": [0, -5.75, 0]},
			"faces": {
				"north": {"uv": [0.75, 9.5, 1, 11.5], "texture": "#dark wood blade"},
				"east": {"uv": [7, 9.5, 8.75, 11.5], "texture": "#dark wood blade"},
				"south": {"uv": [15, 9.5, 15.25, 11.5], "texture": "#dark wood blade"},
				"west": {"uv": [9, 10, 10, 11], "texture": "#dark wood blade"},
				"up": {"uv": [15, 7.25, 15.25, 9], "texture": "#dark wood blade"},
				"down": {"uv": [9, 10, 10, 11], "texture": "#dark wood blade"}
			}
		},
		{
			"from": [12.625, 8.5, 7.45],
			"to": [13.95, 9.225, 8.8],
			"rotation": {"angle": 0, "axis": "y", "origin": [0, -5.75, 0]},
			"faces": {
				"north": {"uv": [1.5, 7.5, 3.75, 8.25], "texture": "#dark wood blade"},
				"east": {"uv": [7, 7.5, 8.75, 8.25], "texture": "#dark wood blade"},
				"south": {"uv": [12.25, 7.5, 14.5, 8.25], "texture": "#dark wood blade"},
				"west": {"uv": [7.25, 7.5, 9, 8.25], "texture": "#dark wood blade"},
				"up": {"uv": [4, 7, 5, 8], "texture": "#dark wood blade"},
				"down": {"uv": [3.75, 9, 1.5, 7.25], "texture": "#dark wood blade"}
			}
		},
		{
			"from": [13.05, 9.225, 7.45],
			"to": [13.575, 9.55, 8.8],
			"rotation": {"angle": 0, "axis": "y", "origin": [0, -1.75, 0]},
			"faces": {
				"north": {"uv": [1.5, 7.25, 3.75, 7.5], "texture": "#dark wood blade"},
				"east": {"uv": [7, 7.25, 8.75, 7.5], "texture": "#dark wood blade"},
				"south": {"uv": [12.25, 7.25, 14.5, 7.5], "texture": "#dark wood blade"},
				"west": {"uv": [7.25, 7.25, 9, 7.5], "texture": "#dark wood blade"},
				"up": {"uv": [12.25, 7.25, 14.5, 9], "texture": "#dark wood blade"}
			}
		},
		{
			"from": [10.175, 10.4, 7.8555],
			"to": [10.65, 11.7, 8.3555],
			"rotation": {"angle": 45, "axis": "z", "origin": [12.95, 12.975, 8]},
			"faces": {
				"north": {"uv": [3, 2.75, 3.5, 4], "rotation": 270, "texture": "#texture"},
				"east": {"uv": [12.5, 8, 13, 8.5], "rotation": 90, "texture": "#texture"},
				"south": {"uv": [12.5, 3.25, 13, 4], "rotation": 90, "texture": "#texture"},
				"up": {"uv": [8, 2.75, 8.5, 4], "rotation": 90, "texture": "#texture"},
				"down": {"uv": [7.5, 2.75, 8, 4], "rotation": 90, "texture": "#texture"}
			}
		},
		{
			"from": [12.375, 9.8, 7.8555],
			"to": [13.25, 10.35, 8.3555],
			"rotation": {"angle": -22.5, "axis": "z", "origin": [12.95, 12.975, 8]},
			"faces": {
				"north": {"uv": [3, 2.75, 3.5, 4], "texture": "#texture"},
				"east": {"uv": [7.5, 2.75, 8, 4], "texture": "#texture"},
				"south": {"uv": [12.5, 3.25, 13, 4], "texture": "#texture"},
				"west": {"uv": [8, 2.75, 8.5, 4], "texture": "#texture"},
				"up": {"uv": [12.5, 8, 13, 8.5], "texture": "#texture"}
			}
		},
		{
			"from": [9.9, 11.95, 7.8555],
			"to": [11.125, 12.175, 8.3555],
			"rotation": {"angle": 45, "axis": "z", "origin": [12.95, 12.975, 8]},
			"faces": {
				"north": {"uv": [3, 2.75, 3.5, 4], "rotation": 270, "texture": "#texture"},
				"east": {"uv": [12.5, 8, 13, 8.5], "rotation": 90, "texture": "#texture"},
				"south": {"uv": [12.5, 2.75, 13, 4], "rotation": 90, "texture": "#texture"},
				"up": {"uv": [8, 2.75, 8.5, 4], "rotation": 90, "texture": "#texture"},
				"down": {"uv": [7.5, 2.75, 8, 4], "rotation": 90, "texture": "#texture"}
			}
		},
		{
			"from": [12.4, 8.15, 7.45],
			"to": [12.7, 8.725, 8.8],
			"rotation": {"angle": 0, "axis": "y", "origin": [0, -5.75, 0]},
			"faces": {
				"north": {"uv": [1.25, 8.25, 3.25, 8.75], "texture": "#dark wood blade"},
				"east": {"uv": [7, 8.25, 8.75, 8.75], "texture": "#dark wood blade"},
				"south": {"uv": [12.75, 8.25, 14.75, 8.75], "texture": "#dark wood blade"},
				"west": {"uv": [7.25, 8.25, 9, 8.75], "texture": "#dark wood blade"},
				"up": {"uv": [12.75, 7.25, 14.75, 9], "texture": "#dark wood blade"},
				"down": {"uv": [3.25, 9, 1.25, 7.25], "texture": "#dark wood blade"}
			}
		},
		{
			"from": [12.875, 5.25, 7.45],
			"to": [12.975, 5.5, 8.8],
			"rotation": {"angle": 0, "axis": "y", "origin": [0, -5.75, 0]},
			"faces": {
				"north": {"uv": [1.25, 8.25, 3.25, 8.75], "texture": "#dark wood blade"},
				"east": {"uv": [7, 8.25, 8.75, 8.75], "texture": "#dark wood blade"},
				"south": {"uv": [12.75, 8.25, 14.75, 8.75], "texture": "#dark wood blade"},
				"west": {"uv": [7.25, 8.25, 9, 8.75], "texture": "#dark wood blade"},
				"up": {"uv": [12.75, 7.25, 14.75, 9], "texture": "#dark wood blade"},
				"down": {"uv": [3.25, 9, 1.25, 7.25], "texture": "#dark wood blade"}
			}
		},
		{
			"from": [12.675, 7.75, 7.45],
			"to": [14.45, 8.5, 8.8],
			"rotation": {"angle": 0, "axis": "y", "origin": [0, -5.75, 0]},
			"faces": {
				"north": {"uv": [1.25, 8.25, 3.25, 8.75], "texture": "#dark wood blade"},
				"east": {"uv": [7, 8.25, 8.75, 8.75], "texture": "#dark wood blade"},
				"south": {"uv": [12.75, 8.25, 14.75, 8.75], "texture": "#dark wood blade"},
				"west": {"uv": [7.25, 8.25, 9, 8.75], "texture": "#dark wood blade"},
				"up": {"uv": [12.75, 7.25, 14.75, 9], "texture": "#dark wood blade"},
				"down": {"uv": [3.25, 9, 1.25, 7.25], "texture": "#dark wood blade"}
			}
		},
		{
			"from": [13.95, 8.5, 7.45],
			"to": [14.225, 9, 8.8],
			"rotation": {"angle": 0, "axis": "y", "origin": [0, -5.75, 0]},
			"faces": {
				"north": {"uv": [1.25, 8.25, 3.25, 8.75], "texture": "#dark wood blade"},
				"east": {"uv": [7, 8.25, 8.75, 8.75], "texture": "#dark wood blade"},
				"south": {"uv": [12.75, 8.25, 14.75, 8.75], "texture": "#dark wood blade"},
				"west": {"uv": [7.25, 8.25, 9, 8.75], "texture": "#dark wood blade"},
				"up": {"uv": [12.75, 7.25, 14.75, 9], "texture": "#dark wood blade"},
				"down": {"uv": [3.25, 9, 1.25, 7.25], "texture": "#dark wood blade"}
			}
		},
		{
			"from": [14.7, 5.25, 7.45],
			"to": [14.9, 7.25, 8.8],
			"rotation": {"angle": 0, "axis": "y", "origin": [0, -5.75, 0]},
			"faces": {
				"north": {"uv": [0.75, 9.5, 1, 11.5], "texture": "#dark wood blade"},
				"east": {"uv": [7, 9.5, 8.75, 11.5], "texture": "#dark wood blade"},
				"south": {"uv": [15, 9.5, 15.25, 11.5], "texture": "#dark wood blade"},
				"west": {"uv": [8, 10, 9, 11], "texture": "#dark wood blade"},
				"up": {"uv": [15, 7.25, 15.25, 9], "texture": "#dark wood blade"},
				"down": {"uv": [8, 10, 9, 11], "texture": "#dark wood blade"}
			}
		},
		{
			"name": "Element",
			"from": [11.5, 8.925, 7.475],
			"to": [13.75, 10.475, 8.775],
			"rotation": {"angle": -22.5, "axis": "z", "origin": [11.25, 10.725, 7.375]},
			"faces": {
				"north": {"uv": [7.7, 5, 9.7, 3], "texture": "#2"},
				"east": {"uv": [9.7, 5, 7.7, 3], "texture": "#2", "cullface": "east"},
				"south": {"uv": [9.7, 5, 7.7, 3], "texture": "#2"},
				"west": {"uv": [9.7, 5, 7.7, 3], "texture": "#2"},
				"up": {"uv": [9.7, 5, 7.7, 3], "texture": "#2"},
				"down": {"uv": [9.7, 5, 7.7, 3], "texture": "#2"}
			}
		},
		{
			"from": [9.25, 8.475, 7.475],
			"to": [9.9, 8.675, 8.775],
			"rotation": {"angle": 0, "axis": "y", "origin": [-4.5, 1.425, 0.125]},
			"faces": {
				"north": {"uv": [5.75, 8.5, 6.5, 8.75], "texture": "#2"},
				"east": {"uv": [6, 7, 7, 8], "texture": "#2"},
				"south": {"uv": [8.5, 8.5, 9.25, 8.75], "texture": "#2"},
				"west": {"uv": [7.25, 8.5, 8.75, 8.75], "texture": "#2"},
				"down": {"uv": [7.5, 8.75, 6.75, 7.25], "texture": "#2"}
			}
		},
		{
			"from": [6.75, 10.7, 7.6],
			"to": [7.65, 10.95, 8.65],
			"rotation": {"angle": 0, "axis": "y", "origin": [-4.5, 1.425, 0.125]},
			"faces": {
				"north": {"uv": [5.75, 8.5, 6.5, 8.75], "texture": "#2"},
				"east": {"uv": [6, 7, 7, 8], "texture": "#2"},
				"south": {"uv": [8.5, 8.5, 9.25, 8.75], "texture": "#2"},
				"west": {"uv": [7.25, 8.5, 8.75, 8.75], "texture": "#2"},
				"up": {"uv": [7, 7, 8, 8], "texture": "#2"},
				"down": {"uv": [7.5, 8.75, 6.75, 7.25], "texture": "#2"}
			}
		},
		{
			"from": [6.75, 10.55, 7.475],
			"to": [7.65, 10.7, 8.775],
			"rotation": {"angle": 0, "axis": "y", "origin": [-4.5, 1.425, 0.125]},
			"faces": {
				"north": {"uv": [5.75, 8.5, 6.5, 8.75], "texture": "#2"},
				"east": {"uv": [6, 7, 7, 8], "texture": "#2"},
				"south": {"uv": [8.5, 8.5, 9.25, 8.75], "texture": "#2"},
				"west": {"uv": [7.25, 8.5, 8.75, 8.75], "texture": "#2"},
				"up": {"uv": [7, 7, 8, 8], "texture": "#2"},
				"down": {"uv": [7.5, 8.75, 6.75, 7.25], "texture": "#2"}
			}
		},
		{
			"from": [13.675, 6.625, 7.425],
			"to": [14.175, 7.125, 8.825],
			"rotation": {"angle": 0, "axis": "y", "origin": [-4.25, 1.4, 0.125]},
			"faces": {
				"north": {"uv": [8, 3, 10, 5], "texture": "#2"},
				"east": {"uv": [8, 3, 10, 5], "texture": "#2"},
				"south": {"uv": [8, 3, 10, 5], "texture": "#2"},
				"west": {"uv": [8, 3, 10, 5], "texture": "#2"},
				"up": {"uv": [8, 3, 10, 5], "texture": "#2"},
				"down": {"uv": [8, 3, 10, 5], "texture": "#2"}
			}
		},
		{
			"from": [7.025, 8.925, 7.475],
			"to": [11.5, 9.275, 8.775],
			"rotation": {"angle": 0, "axis": "y", "origin": [-4.25, 1.3, 0.125]},
			"faces": {
				"north": {"uv": [10, 3, 7, 5], "texture": "#2"},
				"east": {"uv": [7, 3, 10, 5], "texture": "#2"},
				"south": {"uv": [7, 3, 10, 5], "texture": "#2"},
				"west": {"uv": [7, 3, 10, 5], "texture": "#2"},
				"up": {"uv": [7, 3, 10, 5], "texture": "#2"},
				"down": {"uv": [7, 3, 10, 5], "texture": "#2"}
			}
		},
		{
			"from": [6.75, 9.275, 7.475],
			"to": [11.5, 10.3, 8.775],
			"rotation": {"angle": 0, "axis": "y", "origin": [-4.25, 1.3, 0.125]},
			"faces": {
				"north": {"uv": [10, 3, 7, 5], "texture": "#2"},
				"east": {"uv": [7, 3, 10, 5], "texture": "#2"},
				"south": {"uv": [7, 3, 10, 5], "texture": "#2"},
				"west": {"uv": [7, 3, 10, 5], "texture": "#2"},
				"up": {"uv": [7, 3, 10, 5], "texture": "#2"},
				"down": {"uv": [7, 3, 10, 5], "texture": "#2"}
			}
		},
		{
			"from": [7.25, 8.675, 7.475],
			"to": [11.5, 8.925, 8.775],
			"rotation": {"angle": 0, "axis": "y", "origin": [-4.25, 1.425, 0.125]},
			"faces": {
				"north": {"uv": [10, 3, 7, 5], "texture": "#2"},
				"east": {"uv": [1, 0, 2, 1], "texture": "#2"},
				"south": {"uv": [7, 3, 10, 5], "texture": "#2"},
				"west": {"uv": [7, 3, 10, 5], "texture": "#2"},
				"down": {"uv": [7, 3, 10, 5], "texture": "#2"}
			}
		},
		{
			"from": [6.75, 10.55, 7.725],
			"to": [11.325, 10.8, 8.525],
			"rotation": {"angle": 0, "axis": "y", "origin": [-4.25, 1.3, 0.125]},
			"faces": {
				"north": {"uv": [10, 3, 8.5, 4], "texture": "#2"},
				"east": {"uv": [8.5, 3, 10, 4], "texture": "#2"},
				"south": {"uv": [8.5, 3, 10, 4], "texture": "#2"},
				"west": {"uv": [8.5, 3, 10, 4], "texture": "#2"},
				"up": {"uv": [8.5, 3, 10, 4], "texture": "#2"}
			}
		},
		{
			"from": [6.75, 10.3, 7.475],
			"to": [11.5, 10.55, 8.775],
			"rotation": {"angle": 0, "axis": "y", "origin": [-4.25, 1.3, 0.125]},
			"faces": {
				"north": {"uv": [10, 3, 8, 4], "texture": "#2"},
				"east": {"uv": [8, 3, 10, 4], "texture": "#2"},
				"south": {"uv": [8, 3, 10, 4], "texture": "#2"},
				"west": {"uv": [8, 3, 10, 4], "texture": "#2"},
				"up": {"uv": [8, 3, 10, 4], "texture": "#2"}
			}
		},
		{
			"from": [1.75, 9.925, 7.8],
			"to": [7.5, 10.2, 8.45],
			"rotation": {"angle": 0, "axis": "y", "origin": [0, -13.7, -0.375]},
			"faces": {
				"north": {"uv": [5, 16, 4, 15], "texture": "#texture"},
				"east": {"uv": [5, 8, 2, 6], "texture": "#texture"},
				"south": {"uv": [5, 16, 4, 15], "texture": "#texture"},
				"west": {"uv": [9, 4, 6, 2], "texture": "#texture"},
				"up": {"uv": [5, 8, 2, 6], "texture": "#texture"},
				"down": {"uv": [5, 8, 2, 6], "texture": "#texture"}
			}
		},
		{
			"from": [1.75, 10.675, 7.8],
			"to": [7.25, 10.9, 8.45],
			"rotation": {"angle": 0, "axis": "y", "origin": [0, -13.7, -0.375]},
			"faces": {
				"north": {"uv": [5, 8, 2, 6], "texture": "#texture", "cullface": "west"},
				"east": {"uv": [5, 8, 2, 6], "texture": "#texture"},
				"south": {"uv": [5, 8, 2, 6], "texture": "#texture", "cullface": "west"},
				"west": {"uv": [9, 4, 6, 2], "texture": "#texture", "cullface": "west"},
				"up": {"uv": [5, 8, 2, 6], "texture": "#texture", "cullface": "west"},
				"down": {"uv": [5, 8, 2, 6], "texture": "#texture", "cullface": "west"}
			}
		},
		{
			"from": [1.75, 10.075, 8.375],
			"to": [7.25, 10.75, 8.625],
			"rotation": {"angle": 0, "axis": "y", "origin": [0, -13.7, -0.375]},
			"faces": {
				"north": {"uv": [5, 8, 2, 6], "texture": "#texture", "cullface": "west"},
				"east": {"uv": [5, 8, 2, 6], "texture": "#texture", "cullface": "west"},
				"south": {"uv": [5, 8, 2, 6], "texture": "#texture", "cullface": "west"},
				"west": {"uv": [9, 4, 6, 2], "texture": "#texture", "cullface": "west"},
				"up": {"uv": [5, 8, 2, 6], "texture": "#texture", "cullface": "west"},
				"down": {"uv": [5, 8, 2, 6], "texture": "#texture", "cullface": "west"}
			}
		},
		{
			"from": [1.75, 9.45, 7.725],
			"to": [7.25, 9.925, 8.525],
			"rotation": {"angle": 0, "axis": "y", "origin": [0, -13.7, -0.375]},
			"faces": {
				"north": {"uv": [5, 8, 2, 6], "texture": "#texture", "cullface": "west"},
				"east": {"uv": [5, 8, 2, 6], "texture": "#texture", "cullface": "west"},
				"south": {"uv": [5, 8, 2, 6], "texture": "#texture", "cullface": "west"},
				"west": {"uv": [9, 4, 6, 2], "texture": "#texture", "cullface": "west"},
				"up": {"uv": [5, 8, 2, 6], "texture": "#texture", "cullface": "west"},
				"down": {"uv": [5, 8, 2, 6], "texture": "#texture", "cullface": "west"}
			}
		},
		{
			"from": [1.75, 9.3, 7.875],
			"to": [7.25, 9.925, 8.375],
			"rotation": {"angle": 0, "axis": "y", "origin": [0, -13.7, -0.375]},
			"faces": {
				"north": {"uv": [5, 8, 2, 6], "texture": "#texture"},
				"east": {"uv": [5, 8, 2, 6], "texture": "#texture"},
				"south": {"uv": [5, 8, 2, 6], "texture": "#texture"},
				"west": {"uv": [9, 4, 6, 2], "texture": "#texture"},
				"up": {"uv": [5, 8, 2, 6], "texture": "#texture"},
				"down": {"uv": [5, 8, 2, 6], "texture": "#texture"}
			}
		},
		{
			"from": [1.75, 10.075, 7.625],
			"to": [7.25, 10.75, 7.875],
			"rotation": {"angle": 0, "axis": "y", "origin": [0, -13.7, -0.375]},
			"faces": {
				"north": {"uv": [5, 8, 2, 6], "texture": "#texture", "cullface": "west"},
				"east": {"uv": [5, 8, 2, 6], "texture": "#texture", "cullface": "west"},
				"south": {"uv": [5, 8, 2, 6], "texture": "#texture", "cullface": "west"},
				"west": {"uv": [9, 4, 6, 2], "texture": "#texture", "cullface": "west"},
				"up": {"uv": [5, 8, 2, 6], "texture": "#texture", "cullface": "west"},
				"down": {"uv": [5, 8, 2, 6], "texture": "#texture", "cullface": "west"}
			}
		}
	],
	"gui_light": "front",
	"display": {
		"thirdperson_righthand": {
			"rotation": [0, -90, 0],
			"translation": [0, -0.5, -3],
			"scale": [0.87, 0.88, 0.87]
		},
		"thirdperson_lefthand": {
			"rotation": [0, 90, 0],
			"translation": [-0.25, -0.5, -3],
			"scale": [0.87, 0.88, 0.87]
		},
		"firstperson_righthand": {
			"rotation": [0, -90, 0],
			"translation": [0, 2.5, -2],
			"scale": [0.92, 0.93, 0.92]
		},
		"firstperson_lefthand": {
			"rotation": [0, 90, 0],
			"translation": [-0.25, 2.5, -2],
			"scale": [0.92, 0.93, 0.92]
		},
		"ground": {
			"translation": [-0.5, 0, 0],
			"scale": [0.97, 0.98, 0.97]
		},
		"gui": {
			"rotation": [0, 0, -45],
			"translation": [-1.25, 0.25, 0],
			"scale": [1, 1.01, 0.9]
		},
		"fixed": {
			"rotation": [0, 180, -45],
			"translation": [1.85, 0.3, -1.1],
			"scale": [1.23, 1.24, 1.23]
		}
	}
}