{
	"credit": "Made By Ubalube",
	"textures": {
		"texture": "guns/gray1",
		"texture1": "guns/gray7",
		"texture2": "guns/scope2",
		"texture3": "guns/gray5",
		"texture4": "guns/gray8",
		"particle": "blocks/e_particle"
	},
	"elements": [
		{
			"name": "Box1",
			"from": [-12.5, 10.5, 7.5],
			"to": [-10.5, 11, 8],
			"faces": {
				"north": {"uv": [10.5, 5, 12.5, 5.5], "texture": "#texture4"},
				"east": {"uv": [8, 5, 8.5, 5.5], "texture": "#texture4"},
				"south": {"uv": [3.5, 5, 5.5, 5.5], "texture": "#texture4"},
				"west": {"uv": [7.5, 5, 8, 5.5], "texture": "#texture4"},
				"up": {"uv": [3.5, 7.5, 5.5, 8], "texture": "#texture4"},
				"down": {"uv": [3.5, 8, 5.5, 8.5], "texture": "#texture4"}
			}
		},
		{
			"name": "Box2",
			"from": [-12.5, 9.5, 7.5],
			"to": [-10.5, 10, 8],
			"faces": {
				"north": {"uv": [10.5, 6, 12.5, 6.5], "texture": "#texture4"},
				"east": {"uv": [8, 6, 8.5, 6.5], "texture": "#texture4"},
				"south": {"uv": [3.5, 6, 5.5, 6.5], "texture": "#texture4"},
				"west": {"uv": [7.5, 6, 8, 6.5], "texture": "#texture4"},
				"up": {"uv": [3.5, 7.5, 5.5, 8], "texture": "#texture4"},
				"down": {"uv": [3.5, 8, 5.5, 8.5], "texture": "#texture4"}
			}
		},
		{
			"name": "Box3",
			"from": [-12.5, 10, 7.5],
			"to": [-12, 10.5, 8],
			"faces": {
				"north": {"uv": [12, 5.5, 12.5, 6], "texture": "#texture4"},
				"east": {"uv": [8, 5.5, 8.5, 6], "texture": "#texture4"},
				"south": {"uv": [3.5, 5.5, 4, 6], "texture": "#texture4"},
				"west": {"uv": [7.5, 5.5, 8, 6], "texture": "#texture4"},
				"up": {"uv": [3.5, 7.5, 4, 8], "texture": "#texture4"},
				"down": {"uv": [3.5, 8, 4, 8.5], "texture": "#texture4"}
			}
		},
		{
			"name": "Box3",
			"from": [-11, 10, 7.5],
			"to": [-10.5, 10.5, 8],
			"faces": {
				"north": {"uv": [10.5, 5.5, 11, 6], "texture": "#texture4"},
				"east": {"uv": [8, 5.5, 8.5, 6], "texture": "#texture4"},
				"south": {"uv": [5, 5.5, 5.5, 6], "texture": "#texture4"},
				"west": {"uv": [7.5, 5.5, 8, 6], "texture": "#texture4"},
				"up": {"uv": [5, 7.5, 5.5, 8], "texture": "#texture4"},
				"down": {"uv": [5, 8, 5.5, 8.5], "texture": "#texture4"}
			}
		},
		{
			"name": "Box1",
			"from": [-12.5, 10.5, 8.5],
			"to": [-10.5, 11, 9],
			"faces": {
				"north": {"uv": [10.5, 5, 12.5, 5.5], "texture": "#texture4"},
				"east": {"uv": [7, 5, 7.5, 5.5], "texture": "#texture4"},
				"south": {"uv": [3.5, 5, 5.5, 5.5], "texture": "#texture4"},
				"west": {"uv": [8.5, 5, 9, 5.5], "texture": "#texture4"},
				"up": {"uv": [3.5, 8.5, 5.5, 9], "texture": "#texture4"},
				"down": {"uv": [3.5, 7, 5.5, 7.5], "texture": "#texture4"}
			}
		},
		{
			"name": "Box3",
			"from": [-12.5, 10, 8.5],
			"to": [-12, 10.5, 9],
			"faces": {
				"north": {"uv": [12, 5.5, 12.5, 6], "texture": "#texture4"},
				"east": {"uv": [7, 5.5, 7.5, 6], "texture": "#texture4"},
				"south": {"uv": [3.5, 5.5, 4, 6], "texture": "#texture4"},
				"west": {"uv": [8.5, 5.5, 9, 6], "texture": "#texture4"},
				"up": {"uv": [3.5, 8.5, 4, 9], "texture": "#texture4"},
				"down": {"uv": [3.5, 7, 4, 7.5], "texture": "#texture4"}
			}
		},
		{
			"name": "Box3",
			"from": [-11, 10, 8.5],
			"to": [-10.5, 10.5, 9],
			"faces": {
				"north": {"uv": [10.5, 5.5, 11, 6], "texture": "#texture4"},
				"east": {"uv": [7, 5.5, 7.5, 6], "texture": "#texture4"},
				"south": {"uv": [5, 5.5, 5.5, 6], "texture": "#texture4"},
				"west": {"uv": [8.5, 5.5, 9, 6], "texture": "#texture4"},
				"up": {"uv": [5, 8.5, 5.5, 9], "texture": "#texture4"},
				"down": {"uv": [5, 7, 5.5, 7.5], "texture": "#texture4"}
			}
		},
		{
			"name": "Box2",
			"from": [-12.5, 9.5, 8.5],
			"to": [-10.5, 10, 9],
			"faces": {
				"north": {"uv": [10.5, 6, 12.5, 6.5], "texture": "#texture4"},
				"east": {"uv": [7, 6, 7.5, 6.5], "texture": "#texture4"},
				"south": {"uv": [3.5, 6, 5.5, 6.5], "texture": "#texture4"},
				"west": {"uv": [8.5, 6, 9, 6.5], "texture": "#texture4"},
				"up": {"uv": [3.5, 8.5, 5.5, 9], "texture": "#texture4"},
				"down": {"uv": [3.5, 7, 5.5, 7.5], "texture": "#texture4"}
			}
		},
		{
			"name": "Box3",
			"from": [-12.5, 9.5, 8],
			"to": [-12, 10, 8.5],
			"faces": {
				"north": {"uv": [12, 6, 12.5, 6.5], "texture": "#texture"},
				"east": {"uv": [7.5, 6, 8, 6.5], "texture": "#texture"},
				"south": {"uv": [3.5, 6, 4, 6.5], "texture": "#texture"},
				"west": {"uv": [8, 6, 8.5, 6.5], "texture": "#texture"},
				"up": {"uv": [3.5, 8, 4, 8.5], "texture": "#texture"},
				"down": {"uv": [3.5, 7.5, 4, 8], "texture": "#texture"}
			}
		},
		{
			"name": "Box3",
			"from": [-11, 9.5, 8],
			"to": [-10.5, 10, 8.5],
			"faces": {
				"north": {"uv": [10.5, 6, 11, 6.5], "texture": "#texture4"},
				"east": {"uv": [7.5, 6, 8, 6.5], "texture": "#texture4"},
				"south": {"uv": [5, 6, 5.5, 6.5], "texture": "#texture4"},
				"west": {"uv": [8, 6, 8.5, 6.5], "texture": "#texture4"},
				"up": {"uv": [5, 8, 5.5, 8.5], "texture": "#texture4"},
				"down": {"uv": [5, 7.5, 5.5, 8], "texture": "#texture4"}
			}
		},
		{
			"name": "Box3",
			"from": [-11, 10.5, 8],
			"to": [-10.5, 11, 8.5],
			"faces": {
				"north": {"uv": [10.5, 5, 11, 5.5], "texture": "#texture4"},
				"east": {"uv": [7.5, 5, 8, 5.5], "texture": "#texture4"},
				"south": {"uv": [5, 5, 5.5, 5.5], "texture": "#texture4"},
				"west": {"uv": [8, 5, 8.5, 5.5], "texture": "#texture4"},
				"up": {"uv": [5, 8, 5.5, 8.5], "texture": "#texture4"},
				"down": {"uv": [5, 7.5, 5.5, 8], "texture": "#texture4"}
			}
		},
		{
			"name": "Box3",
			"from": [-12.5, 10.5, 8],
			"to": [-12, 11, 8.5],
			"faces": {
				"north": {"uv": [12, 5, 12.5, 5.5], "texture": "#texture4"},
				"east": {"uv": [7.5, 5, 8, 5.5], "texture": "#texture4"},
				"south": {"uv": [3.5, 5, 4, 5.5], "texture": "#texture4"},
				"west": {"uv": [8, 5, 8.5, 5.5], "texture": "#texture4"},
				"up": {"uv": [3.5, 8, 4, 8.5], "texture": "#texture4"},
				"down": {"uv": [3.5, 7.5, 4, 8], "texture": "#texture4"}
			}
		},
		{
			"name": "Box13",
			"from": [-11, 10, 8],
			"to": [-8, 10.5, 8.5],
			"faces": {
				"north": {"uv": [8, 5.5, 11, 6], "texture": "#texture4"},
				"east": {"uv": [7.5, 5.5, 8, 6], "texture": "#texture4"},
				"south": {"uv": [5, 5.5, 8, 6], "texture": "#texture4"},
				"west": {"uv": [8, 5.5, 8.5, 6], "texture": "#texture4"},
				"up": {"uv": [5, 8, 8, 8.5], "texture": "#texture4"},
				"down": {"uv": [5, 7.5, 8, 8], "texture": "#texture4"}
			}
		},
		{
			"name": "Box14",
			"from": [-9, 9, 7.75],
			"to": [-8, 11.5, 8.75],
			"faces": {
				"north": {"uv": [8, 4.5, 9, 7], "texture": "#texture"},
				"east": {"uv": [7.25, 4.5, 8.25, 7], "texture": "#texture"},
				"south": {"uv": [7, 4.5, 8, 7], "texture": "#texture"},
				"west": {"uv": [7.75, 4.5, 8.75, 7], "texture": "#texture"},
				"up": {"uv": [7, 7.75, 8, 8.75], "texture": "#texture"},
				"down": {"uv": [7, 7.25, 8, 8.25], "texture": "#texture"}
			}
		},
		{
			"name": "Box15",
			"from": [-9.375, 11, 8.25],
			"to": [-8.375, 11.5, 8.75],
			"rotation": {"angle": 45, "axis": "x", "origin": [-9.375, 11.5, 8.25]},
			"faces": {
				"north": {"uv": [7.5, 2, 6.5, 1.5], "texture": "#texture4"},
				"east": {"uv": [1.5, 2.5, 2, 3], "rotation": 270, "texture": "#texture4"},
				"south": {"uv": [6.5, 14, 7.5, 14.5], "texture": "#texture4"},
				"west": {"uv": [14, 2.5, 14.5, 3], "rotation": 90, "texture": "#texture4"},
				"up": {"uv": [9.5, 3, 8.5, 2.5], "texture": "#texture4"},
				"down": {"uv": [6.5, 2.5, 7.5, 3], "texture": "#texture4"}
			}
		},
		{
			"name": "Box16",
			"from": [-8, 9, 7.5],
			"to": [-7, 12, 9],
			"faces": {
				"north": {"uv": [7, 4, 8, 7], "texture": "#texture"},
				"east": {"uv": [7, 4, 8.5, 7], "texture": "#texture"},
				"south": {"uv": [8, 4, 9, 7], "texture": "#texture"},
				"west": {"uv": [7.5, 4, 9, 7], "texture": "#texture"},
				"up": {"uv": [8, 7.5, 9, 9], "texture": "#texture"},
				"down": {"uv": [8, 7, 9, 8.5], "texture": "#texture"}
			}
		},
		{
			"name": "Box17",
			"from": [-7.5, 9, 7],
			"to": [3, 10, 9.5],
			"faces": {
				"north": {"uv": [13, 6, 16, 7], "texture": "#texture"},
				"east": {"uv": [6.5, 6, 9, 7], "texture": "#texture"},
				"south": {"uv": [0, 6, 3, 7], "texture": "#texture"},
				"west": {"uv": [7, 6, 9.5, 7], "texture": "#texture"},
				"up": {"uv": [0, 7, 3, 9.5], "texture": "#texture"},
				"down": {"uv": [0, 6.5, 3, 9], "texture": "#texture"}
			}
		},
		{
			"name": "Box18",
			"from": [-7, 10.5, 7],
			"to": [3, 11, 9.5],
			"faces": {
				"north": {"uv": [13, 5, 16, 5.5], "texture": "#texture"},
				"east": {"uv": [6.5, 5, 9, 5.5], "texture": "#texture"},
				"south": {"uv": [0, 5, 3, 5.5], "texture": "#texture"},
				"west": {"uv": [7, 5, 9.5, 5.5], "texture": "#texture"},
				"up": {"uv": [0, 7, 3, 9.5], "texture": "#texture"},
				"down": {"uv": [0, 6.5, 3, 9], "texture": "#texture"}
			}
		},
		{
			"name": "Box19",
			"from": [-7, 10, 7],
			"to": [-6.5, 10.5, 9.5],
			"faces": {
				"north": {"uv": [6.5, 5.5, 7, 6], "texture": "#texture"},
				"east": {"uv": [6.5, 5.5, 9, 6], "texture": "#texture"},
				"south": {"uv": [9, 5.5, 9.5, 6], "texture": "#texture"},
				"west": {"uv": [7, 5.5, 9.5, 6], "texture": "#texture"},
				"up": {"uv": [9, 7, 9.5, 9.5], "texture": "#texture"},
				"down": {"uv": [9, 6.5, 9.5, 9], "texture": "#texture"}
			}
		},
		{
			"name": "Box19",
			"from": [-5, 10, 7],
			"to": [-4.5, 10.5, 9.5],
			"faces": {
				"north": {"uv": [4.5, 5.5, 5, 6], "texture": "#texture"},
				"east": {"uv": [6.5, 5.5, 9, 6], "texture": "#texture"},
				"south": {"uv": [11, 5.5, 11.5, 6], "texture": "#texture"},
				"west": {"uv": [7, 5.5, 9.5, 6], "texture": "#texture"},
				"up": {"uv": [11, 7, 11.5, 9.5], "texture": "#texture"},
				"down": {"uv": [11, 6.5, 11.5, 9], "texture": "#texture"}
			}
		},
		{
			"name": "Box19",
			"from": [-3, 10, 7],
			"to": [-2.5, 10.5, 9.5],
			"faces": {
				"north": {"uv": [2.5, 5.5, 3, 6], "texture": "#texture"},
				"east": {"uv": [6.5, 5.5, 9, 6], "texture": "#texture"},
				"south": {"uv": [13, 5.5, 13.5, 6], "texture": "#texture"},
				"west": {"uv": [7, 5.5, 9.5, 6], "texture": "#texture"},
				"up": {"uv": [13, 7, 13.5, 9.5], "texture": "#texture"},
				"down": {"uv": [13, 6.5, 13.5, 9], "texture": "#texture"}
			}
		},
		{
			"name": "Box19",
			"from": [-1, 10, 7],
			"to": [-0.5, 10.5, 9.5],
			"faces": {
				"north": {"uv": [0.5, 5.5, 1, 6], "texture": "#texture"},
				"east": {"uv": [6.5, 5.5, 9, 6], "texture": "#texture"},
				"south": {"uv": [15, 5.5, 15.5, 6], "texture": "#texture"},
				"west": {"uv": [7, 5.5, 9.5, 6], "texture": "#texture"},
				"up": {"uv": [15, 7, 15.5, 9.5], "texture": "#texture"},
				"down": {"uv": [15, 6.5, 15.5, 9], "texture": "#texture"}
			}
		},
		{
			"name": "Box19",
			"from": [1, 10, 7],
			"to": [3, 10.5, 9.5],
			"faces": {
				"north": {"uv": [13, 5.5, 15, 6], "texture": "#texture"},
				"east": {"uv": [6.5, 5.5, 9, 6], "texture": "#texture"},
				"south": {"uv": [1, 5.5, 3, 6], "texture": "#texture"},
				"west": {"uv": [7, 5.5, 9.5, 6], "texture": "#texture"},
				"up": {"uv": [1, 7, 3, 9.5], "texture": "#texture"},
				"down": {"uv": [1, 6.5, 3, 9], "texture": "#texture"}
			}
		},
		{
			"name": "Box25",
			"from": [-7, 11, 7],
			"to": [3, 12, 8],
			"rotation": {"angle": 22.5, "axis": "x", "origin": [-7, 11, 7]},
			"faces": {
				"north": {"uv": [13, 4, 16, 5], "texture": "#texture"},
				"east": {"uv": [8, 4, 9, 5], "texture": "#texture"},
				"south": {"uv": [0, 4, 3, 5], "texture": "#texture"},
				"west": {"uv": [7, 4, 8, 5], "texture": "#texture"},
				"up": {"uv": [0, 7, 3, 8], "texture": "#texture"},
				"down": {"uv": [0, 8, 3, 9], "texture": "#texture"}
			}
		},
		{
			"name": "Box25",
			"from": [-7, 11, 8.5],
			"to": [3, 12, 9.5],
			"rotation": {"angle": -22.5, "axis": "x", "origin": [3, 11, 9.5]},
			"faces": {
				"north": {"uv": [0, 4, 3, 5], "texture": "#texture"},
				"east": {"uv": [7, 4, 8, 5], "texture": "#texture"},
				"south": {"uv": [13, 4, 16, 5], "texture": "#texture"},
				"west": {"uv": [8, 4, 9, 5], "texture": "#texture"},
				"up": {"uv": [0, 7, 3, 8], "rotation": 180, "texture": "#texture"},
				"down": {"uv": [0, 8, 3, 9], "rotation": 180, "texture": "#texture"}
			}
		},
		{
			"name": "Box27",
			"from": [-7, 11.5, 7.25],
			"to": [3, 12, 9.25],
			"faces": {
				"north": {"uv": [13, 4, 16, 4.5], "texture": "#texture"},
				"east": {"uv": [6.75, 4, 8.75, 4.5], "texture": "#texture"},
				"south": {"uv": [0, 4, 3, 4.5], "texture": "#texture"},
				"west": {"uv": [7.25, 4, 9.25, 4.5], "texture": "#texture"},
				"up": {"uv": [0, 7.25, 3, 9.25], "texture": "#texture"},
				"down": {"uv": [0, 6.75, 3, 8.75], "texture": "#texture"}
			}
		},
		{
			"name": "Box27",
			"from": [-8.5, 11.5, 7.75],
			"to": [-8, 12.5, 8.75],
			"rotation": {"angle": -22.5, "axis": "z", "origin": [-8.5, 11.5, 7.75]},
			"faces": {
				"north": {"uv": [8, 3.5, 8.5, 4.5], "texture": "#texture"},
				"east": {"uv": [1, 3.5, 2, 4.5], "texture": "#texture"},
				"south": {"uv": [7.5, 3.5, 8, 4.5], "texture": "#texture"},
				"west": {"uv": [14, 3.5, 15, 4.5], "texture": "#texture"},
				"up": {"uv": [7.5, 14, 8, 15], "texture": "#texture"},
				"down": {"uv": [7.5, 1, 8, 2], "texture": "#texture"}
			}
		},
		{
			"name": "Box28",
			"from": [-8, 12, 7.75],
			"to": [11, 12.5, 8.75],
			"faces": {
				"north": {"uv": [5, 3.5, 16, 4], "texture": "#texture"},
				"east": {"uv": [7.25, 3.5, 8.25, 4], "texture": "#texture"},
				"south": {"uv": [0, 3.5, 11, 4], "texture": "#texture"},
				"west": {"uv": [7.75, 3.5, 8.75, 4], "texture": "#texture"},
				"up": {"uv": [0, 7.75, 11, 8.75], "texture": "#texture"},
				"down": {"uv": [0, 7.25, 11, 8.25], "texture": "#texture"}
			}
		},
		{
			"name": "Box29",
			"from": [3, 9.5, 7],
			"to": [13, 12, 9.5],
			"faces": {
				"north": {"uv": [3, 4, 13, 6.5], "texture": "#texture"},
				"east": {"uv": [6.5, 4, 9, 6.5], "texture": "#texture"},
				"south": {"uv": [3, 4, 13, 6.5], "texture": "#texture"},
				"west": {"uv": [7, 4, 9.5, 6.5], "texture": "#texture"},
				"up": {"uv": [3, 7, 13, 9.5], "texture": "#texture"},
				"down": {"uv": [3, 6.5, 13, 9], "texture": "#texture"}
			}
		},
		{
			"name": "Box30",
			"from": [3, 7.5, 7.5],
			"to": [4, 9.5, 9],
			"faces": {
				"north": {"uv": [12, 6.5, 13, 8.5], "texture": "#texture1"},
				"east": {"uv": [7, 6.5, 8.5, 8.5], "texture": "#texture1"},
				"south": {"uv": [3, 6.5, 4, 8.5], "texture": "#texture1"},
				"west": {"uv": [7.5, 6.5, 9, 8.5], "texture": "#texture1"},
				"up": {"uv": [3, 7.5, 4, 9], "texture": "#texture1"},
				"down": {"uv": [3, 7, 4, 8.5], "texture": "#texture1"}
			}
		},
		{
			"name": "Box31",
			"from": [3, 6, 7.5],
			"to": [4, 7.5, 9],
			"rotation": {"angle": -22.5, "axis": "z", "origin": [4, 7.5, 7.5]},
			"faces": {
				"north": {"uv": [13, 11, 12, 9.5], "texture": "#texture1"},
				"east": {"uv": [14, 9.5, 15, 11], "rotation": 180, "texture": "#texture1"},
				"south": {"uv": [4, 11, 3, 9.5], "texture": "#texture1"},
				"west": {"uv": [1, 9.5, 2, 11], "rotation": 180, "texture": "#texture1"},
				"up": {"uv": [3, 1, 4, 2], "rotation": 180, "texture": "#texture1"},
				"down": {"uv": [3, 14, 4, 15], "rotation": 180, "texture": "#texture1"}
			}
		},
		{
			"name": "Box32",
			"from": [2.5, 6, 7.5],
			"to": [5, 7, 9],
			"faces": {
				"north": {"uv": [11, 9, 13.5, 10], "texture": "#texture1"},
				"east": {"uv": [7, 9, 8.5, 10], "texture": "#texture1"},
				"south": {"uv": [2.5, 9, 5, 10], "texture": "#texture1"},
				"west": {"uv": [7.5, 9, 9, 10], "texture": "#texture1"},
				"up": {"uv": [2.5, 7.5, 5, 9], "texture": "#texture1"},
				"down": {"uv": [2.5, 7, 5, 8.5], "texture": "#texture1"}
			}
		},
		{
			"name": "Box33",
			"from": [5, 6, 7.675],
			"to": [6.5, 7, 8.875],
			"rotation": {"angle": -22.5, "axis": "z", "origin": [5, 7, 8.875]},
			"faces": {
				"north": {"uv": [15, 16, 14, 15], "texture": "#texture1"},
				"east": {"uv": [1, 15, 2, 16], "rotation": 180, "texture": "#texture1"},
				"south": {"uv": [2, 16, 1, 15], "texture": "#texture1"},
				"west": {"uv": [14, 15, 15, 16], "rotation": 180, "texture": "#texture1"},
				"up": {"uv": [14, 1, 15, 2], "texture": "#texture1"},
				"down": {"uv": [14, 14, 15, 15], "texture": "#texture1"}
			}
		},
		{
			"name": "Box34",
			"from": [6, 5, 7.5],
			"to": [8.5, 6.5, 9],
			"faces": {
				"north": {"uv": [7.5, 9.5, 10, 11], "texture": "#texture1"},
				"east": {"uv": [7, 9.5, 8.5, 11], "texture": "#texture1"},
				"south": {"uv": [6, 9.5, 8.5, 11], "texture": "#texture1"},
				"west": {"uv": [7.5, 9.5, 9, 11], "texture": "#texture1"},
				"up": {"uv": [6, 7.5, 8.5, 9], "texture": "#texture1"},
				"down": {"uv": [6, 7, 8.5, 8.5], "texture": "#texture1"}
			}
		},
		{
			"name": "Box35",
			"from": [8.5, 5, 7.75],
			"to": [9.5, 10, 8.75],
			"rotation": {"angle": 22.5, "axis": "z", "origin": [8.5, 5, 7.75]},
			"faces": {
				"north": {"uv": [6.5, 6, 7.5, 11], "texture": "#texture"},
				"east": {"uv": [1, 6, 2, 11], "texture": "#texture"},
				"south": {"uv": [8.5, 6, 9.5, 11], "texture": "#texture"},
				"west": {"uv": [14, 6, 15, 11], "texture": "#texture"},
				"up": {"uv": [8.5, 14, 9.5, 15], "texture": "#texture"},
				"down": {"uv": [8.5, 1, 9.5, 2], "texture": "#texture"}
			}
		},
		{
			"name": "Box36",
			"from": [3.5, 6.5, 7.5],
			"to": [8, 10, 9],
			"faces": {
				"north": {"uv": [8, 6, 12.5, 9.5], "texture": "#texture1"},
				"east": {"uv": [7, 6, 8.5, 9.5], "texture": "#texture1"},
				"south": {"uv": [3.5, 6, 8, 9.5], "texture": "#texture1"},
				"west": {"uv": [7.5, 6, 9, 9.5], "texture": "#texture1"},
				"up": {"uv": [3.5, 7.5, 8, 9], "texture": "#texture1"},
				"down": {"uv": [3.5, 7, 8, 8.5], "texture": "#texture1"}
			}
		},
		{
			"name": "Box37",
			"from": [12, 8, 7.75],
			"to": [12.5, 9, 8.75],
			"rotation": {"angle": -45, "axis": "z", "origin": [12.5, 8, 7.75]},
			"faces": {
				"north": {"uv": [3.5, 8, 2.5, 7.5], "rotation": 270, "texture": "#texture"},
				"east": {"uv": [12.5, 1, 13.5, 2], "rotation": 270, "texture": "#texture"},
				"south": {"uv": [13.5, 8, 12.5, 7.5], "rotation": 90, "texture": "#texture"},
				"west": {"uv": [13.5, 15, 12.5, 14], "rotation": 90, "texture": "#texture"},
				"up": {"uv": [1, 7.5, 2, 8], "rotation": 270, "texture": "#texture"},
				"down": {"uv": [15, 8, 14, 7.5], "rotation": 90, "texture": "#texture"}
			}
		},
		{
			"name": "Box38",
			"from": [10.5, 8.5, 7.5],
			"to": [13, 9.5, 9],
			"faces": {
				"north": {"uv": [3, 6.5, 5.5, 7.5], "texture": "#texture"},
				"east": {"uv": [7, 6.5, 8.5, 7.5], "texture": "#texture"},
				"south": {"uv": [10.5, 6.5, 13, 7.5], "texture": "#texture"},
				"west": {"uv": [7.5, 6.5, 9, 7.5], "texture": "#texture"},
				"up": {"uv": [10.5, 7.5, 13, 9], "texture": "#texture"},
				"down": {"uv": [10.5, 7, 13, 8.5], "texture": "#texture"}
			}
		},
		{
			"name": "Box39",
			"from": [10.5, 4.5, 7.5],
			"to": [12.5, 8.5, 9],
			"rotation": {"angle": 22.5, "axis": "z", "origin": [10.5, 8.5, 9]},
			"faces": {
				"north": {"uv": [12.5, 11.5, 10.5, 7.5], "texture": "#texture"},
				"east": {"uv": [1, 7.5, 2, 11.5], "rotation": 180, "texture": "#texture"},
				"south": {"uv": [5.5, 11.5, 3.5, 7.5], "texture": "#texture"},
				"west": {"uv": [14, 7.5, 15, 11.5], "rotation": 180, "texture": "#texture"},
				"up": {"uv": [10.5, 1, 12.5, 2], "texture": "#texture"},
				"down": {"uv": [10.5, 14, 12.5, 15], "texture": "#texture"}
			}
		},
		{
			"name": "Box40",
			"from": [9, 8, 8],
			"to": [10.5, 8.5, 8.5],
			"rotation": {"angle": 22.5, "axis": "z", "origin": [10.5, 8.5, 8]},
			"faces": {
				"north": {"uv": [6.5, 8, 5, 7.5], "texture": "#texture"},
				"east": {"uv": [8, 7.5, 8.5, 8], "rotation": 180, "texture": "#texture"},
				"south": {"uv": [11, 8, 9.5, 7.5], "texture": "#texture"},
				"west": {"uv": [7.5, 7.5, 8, 8], "rotation": 180, "texture": "#texture"},
				"up": {"uv": [9.5, 7.5, 11, 8], "rotation": 180, "texture": "#texture"},
				"down": {"uv": [9.5, 8, 11, 8.5], "rotation": 180, "texture": "#texture"}
			}
		},
		{
			"name": "Box41",
			"from": [8, 7.5, 8],
			"to": [9.5, 8, 8.5],
			"faces": {
				"north": {"uv": [6.5, 8, 8, 8.5], "texture": "#texture"},
				"east": {"uv": [7.5, 8, 8, 8.5], "texture": "#texture"},
				"south": {"uv": [8, 8, 9.5, 8.5], "texture": "#texture"},
				"west": {"uv": [8, 8, 8.5, 8.5], "texture": "#texture"},
				"up": {"uv": [8, 8, 9.5, 8.5], "texture": "#texture"},
				"down": {"uv": [8, 7.5, 9.5, 8], "texture": "#texture"}
			}
		},
		{
			"name": "Box42",
			"from": [11.875, 4.625, 7.5],
			"to": [13.875, 5.625, 9],
			"faces": {
				"north": {"uv": [2.125, 10.375, 4.125, 11.375], "texture": "#texture"},
				"east": {"uv": [7, 10.375, 8.5, 11.375], "texture": "#texture"},
				"south": {"uv": [11.875, 10.375, 13.875, 11.375], "texture": "#texture"},
				"west": {"uv": [7.5, 10.375, 9, 11.375], "texture": "#texture"},
				"up": {"uv": [11.875, 7.5, 13.875, 9], "texture": "#texture"},
				"down": {"uv": [11.875, 7, 13.875, 8.5], "texture": "#texture"}
			}
		},
		{
			"name": "Box43",
			"from": [8.5, 3.5, 7.75],
			"to": [9.5, 5.5, 8.75],
			"faces": {
				"north": {"uv": [6.5, 10.5, 7.5, 12.5], "texture": "#texture"},
				"east": {"uv": [7.25, 10.5, 8.25, 12.5], "texture": "#texture"},
				"south": {"uv": [8.5, 10.5, 9.5, 12.5], "texture": "#texture"},
				"west": {"uv": [7.75, 10.5, 8.75, 12.5], "texture": "#texture"},
				"up": {"uv": [8.5, 7.75, 9.5, 8.75], "texture": "#texture"},
				"down": {"uv": [8.5, 7.25, 9.5, 8.25], "texture": "#texture"}
			}
		},
		{
			"name": "Box44",
			"from": [9.375, 3.5, 7.75],
			"to": [12.875, 4.5, 8.75],
			"rotation": {"angle": 22.5, "axis": "z", "origin": [9.375, 3.5, 7.75]},
			"faces": {
				"north": {"uv": [4, 11, 7, 12], "texture": "#texture"},
				"east": {"uv": [1, 11, 2, 12], "texture": "#texture"},
				"south": {"uv": [9, 11, 12, 12], "texture": "#texture"},
				"west": {"uv": [14, 11, 15, 12], "texture": "#texture"},
				"up": {"uv": [9, 14, 12, 15], "texture": "#texture"},
				"down": {"uv": [9, 1, 12, 2], "texture": "#texture"}
			}
		},
		{
			"name": "Box45",
			"from": [9.5, 8.5, 8],
			"to": [10, 10, 8.5],
			"rotation": {"angle": 22.5, "axis": "z", "origin": [9.5, 8.5, 8]},
			"faces": {
				"north": {"uv": [6, 6, 6.5, 7.5], "texture": "#texture4"},
				"east": {"uv": [1, 6, 2, 7.5], "texture": "#texture4"},
				"south": {"uv": [9.5, 6, 10, 7.5], "texture": "#texture4"},
				"west": {"uv": [14, 6, 15, 7.5], "texture": "#texture4"},
				"up": {"uv": [9.5, 14, 10, 15], "texture": "#texture4"},
				"down": {"uv": [9.5, 1, 10, 2], "texture": "#texture4"}
			}
		},
		{
			"name": "Box46",
			"from": [3, 2, 7.75],
			"to": [4, 7, 8.75],
			"faces": {
				"north": {"uv": [12, 9, 13, 14], "texture": "#texture"},
				"east": {"uv": [7.25, 9, 8.25, 14], "texture": "#texture"},
				"south": {"uv": [3, 9, 4, 14], "texture": "#texture"},
				"west": {"uv": [7.75, 9, 8.75, 14], "texture": "#texture"},
				"up": {"uv": [3, 7.75, 4, 8.75], "texture": "#texture"},
				"down": {"uv": [3, 7.25, 4, 8.25], "texture": "#texture"}
			}
		},
		{
			"name": "Box47",
			"from": [4, 2.5, 8],
			"to": [4.5, 7, 8.5],
			"faces": {
				"north": {"uv": [11.5, 9, 12, 13.5], "texture": "#texture4"},
				"east": {"uv": [7.5, 9, 8, 13.5], "texture": "#texture4"},
				"south": {"uv": [4, 9, 4.5, 13.5], "texture": "#texture4"},
				"west": {"uv": [8, 9, 8.5, 13.5], "texture": "#texture4"},
				"up": {"uv": [4, 8, 4.5, 8.5], "texture": "#texture4"},
				"down": {"uv": [4, 7.5, 4.5, 8], "texture": "#texture4"}
			}
		},
		{
			"name": "Box48",
			"from": [4.5, 2.5, 7.75],
			"to": [6, 7, 8.75],
			"faces": {
				"north": {"uv": [10, 9, 11.5, 13.5], "texture": "#texture"},
				"east": {"uv": [7.25, 9, 8.25, 13.5], "texture": "#texture"},
				"south": {"uv": [4.5, 9, 6, 13.5], "texture": "#texture"},
				"west": {"uv": [7.75, 9, 8.75, 13.5], "texture": "#texture"},
				"up": {"uv": [4.5, 7.75, 6, 8.75], "texture": "#texture"},
				"down": {"uv": [4.5, 7.25, 6, 8.25], "texture": "#texture"}
			}
		},
		{
			"name": "Box49",
			"from": [4, 2, 7.75],
			"to": [6, 2.5, 8.75],
			"faces": {
				"north": {"uv": [10, 13.5, 12, 14], "texture": "#texture"},
				"east": {"uv": [7.25, 13.5, 8.25, 14], "texture": "#texture"},
				"south": {"uv": [4, 13.5, 6, 14], "texture": "#texture"},
				"west": {"uv": [7.75, 13.5, 8.75, 14], "texture": "#texture"},
				"up": {"uv": [4, 7.75, 6, 8.75], "texture": "#texture"},
				"down": {"uv": [4, 7.25, 6, 8.25], "texture": "#texture"}
			}
		},
		{
			"name": "Box51",
			"from": [-7.5, 8.5, 7.5],
			"to": [2.5, 9, 9],
			"faces": {
				"north": {"uv": [13.5, 7, 16, 7.5], "texture": "#texture"},
				"east": {"uv": [7, 7, 8.5, 7.5], "texture": "#texture"},
				"south": {"uv": [0, 7, 2.5, 7.5], "texture": "#texture"},
				"west": {"uv": [7.5, 7, 9, 7.5], "texture": "#texture"},
				"up": {"uv": [0, 7.5, 2.5, 9], "texture": "#texture"},
				"down": {"uv": [0, 7, 2.5, 8.5], "texture": "#texture"}
			}
		},
		{
			"name": "Box52",
			"from": [13, 9.5, 7.5],
			"to": [16.5, 12, 9],
			"faces": {
				"north": {"uv": [0, 4, 3, 6.5], "texture": "#texture"},
				"east": {"uv": [7, 4, 8.5, 6.5], "texture": "#texture"},
				"south": {"uv": [13, 4, 16, 6.5], "texture": "#texture"},
				"west": {"uv": [7.5, 4, 9, 6.5], "texture": "#texture"},
				"up": {"uv": [13, 7.5, 16, 9], "texture": "#texture"},
				"down": {"uv": [13, 7, 16, 8.5], "texture": "#texture"}
			}
		},
		{
			"name": "Box53",
			"from": [12.5, 12, 7.5],
			"to": [14.5, 13, 9],
			"faces": {
				"north": {"uv": [1.5, 3, 3.5, 4], "texture": "#texture"},
				"east": {"uv": [7, 3, 8.5, 4], "texture": "#texture"},
				"south": {"uv": [12.5, 3, 14.5, 4], "texture": "#texture"},
				"west": {"uv": [7.5, 3, 9, 4], "texture": "#texture"},
				"up": {"uv": [12.5, 7.5, 14.5, 9], "texture": "#texture"},
				"down": {"uv": [12.5, 7, 14.5, 8.5], "texture": "#texture"}
			}
		},
		{
			"name": "Box54",
			"from": [14.4116, 11.9634, 7.5],
			"to": [16.9116, 12.9634, 9],
			"rotation": {"angle": -22.5, "axis": "z", "origin": [14.5, 13, 9]},
			"faces": {
				"north": {"uv": [16, 4, 14.5, 3], "texture": "#texture"},
				"east": {"uv": [1, 3, 2, 4], "rotation": 180, "texture": "#texture"},
				"south": {"uv": [1.5, 4, 0, 3], "texture": "#texture"},
				"west": {"uv": [14, 3, 15, 4], "rotation": 180, "texture": "#texture"},
				"up": {"uv": [14.5, 1, 16, 2], "texture": "#texture"},
				"down": {"uv": [14.5, 14, 16, 15], "texture": "#texture"}
			}
		},
		{
			"name": "Box55",
			"from": [13, 10.5, 7],
			"to": [16.5, 12, 7.5],
			"faces": {
				"north": {"uv": [0, 4, 3, 5.5], "texture": "#texture"},
				"east": {"uv": [8.5, 4, 9, 5.5], "texture": "#texture"},
				"south": {"uv": [13, 4, 16, 5.5], "texture": "#texture"},
				"west": {"uv": [7, 4, 7.5, 5.5], "texture": "#texture"},
				"up": {"uv": [13, 7, 16, 7.5], "texture": "#texture"},
				"down": {"uv": [13, 8.5, 16, 9], "texture": "#texture"}
			}
		},
		{
			"name": "Box55",
			"from": [13, 10.5, 9],
			"to": [16.5, 12, 9.5],
			"faces": {
				"north": {"uv": [0, 4, 3, 5.5], "texture": "#texture"},
				"east": {"uv": [6.5, 4, 7, 5.5], "texture": "#texture"},
				"south": {"uv": [13, 4, 16, 5.5], "texture": "#texture"},
				"west": {"uv": [9, 4, 9.5, 5.5], "texture": "#texture"},
				"up": {"uv": [13, 9, 16, 9.5], "texture": "#texture"},
				"down": {"uv": [13, 6.5, 16, 7], "texture": "#texture"}
			}
		},
		{
			"name": "Box57",
			"from": [12.75, 8.75, 7.75],
			"to": [13.25, 9.75, 8.75],
			"faces": {
				"north": {"uv": [2.75, 6.25, 3.25, 7.25], "texture": "#texture"},
				"east": {"uv": [7.25, 6.25, 8.25, 7.25], "texture": "#texture"},
				"south": {"uv": [12.75, 6.25, 13.25, 7.25], "texture": "#texture"},
				"west": {"uv": [7.75, 6.25, 8.75, 7.25], "texture": "#texture"},
				"up": {"uv": [12.75, 7.75, 13.25, 8.75], "texture": "#texture"},
				"down": {"uv": [12.75, 7.25, 13.25, 8.25], "texture": "#texture"}
			}
		},
		{
			"name": "Box58",
			"from": [13, 9, 7.75],
			"to": [16, 9.5, 8.75],
			"faces": {
				"north": {"uv": [0, 6.5, 3, 7], "texture": "#texture"},
				"east": {"uv": [7.25, 6.5, 8.25, 7], "texture": "#texture"},
				"south": {"uv": [13, 6.5, 16, 7], "texture": "#texture"},
				"west": {"uv": [7.75, 6.5, 8.75, 7], "texture": "#texture"},
				"up": {"uv": [13, 7.75, 16, 8.75], "texture": "#texture"},
				"down": {"uv": [13, 7.25, 16, 8.25], "texture": "#texture"}
			}
		},
		{
			"name": "Box59",
			"from": [15.5, 9.5, 7.75],
			"to": [19.5, 10.5, 8.75],
			"rotation": {"angle": -45, "axis": "z", "origin": [15.5, 9.5, 7.75]},
			"faces": {
				"north": {"uv": [12, 6, 16, 7], "texture": "#texture"},
				"east": {"uv": [1, 6, 2, 7], "texture": "#texture"},
				"south": {"uv": [0, 6, 4, 7], "texture": "#texture"},
				"west": {"uv": [14, 6, 15, 7], "texture": "#texture"},
				"up": {"uv": [0, 14, 4, 15], "texture": "#texture"},
				"down": {"uv": [0, 1, 4, 2], "texture": "#texture"}
			}
		},
		{
			"name": "Box60",
			"from": [18.25, 6.75, 7.75],
			"to": [21.75, 7.75, 8.75],
			"faces": {
				"north": {"uv": [10.25, 8.25, 13.75, 9.25], "texture": "#texture"},
				"east": {"uv": [7.25, 8.25, 8.25, 9.25], "texture": "#texture"},
				"south": {"uv": [2.25, 8.25, 5.75, 9.25], "texture": "#texture"},
				"west": {"uv": [7.75, 8.25, 8.75, 9.25], "texture": "#texture"},
				"up": {"uv": [2.25, 7.75, 5.75, 8.75], "texture": "#texture"},
				"down": {"uv": [2.25, 7.25, 5.75, 8.25], "texture": "#texture"}
			}
		},
		{
			"name": "Box61",
			"from": [21.75, 6.75, 7.75],
			"to": [22.75, 11.75, 8.75],
			"faces": {
				"north": {"uv": [9.25, 4.25, 10.25, 9.25], "texture": "#texture"},
				"east": {"uv": [7.25, 4.25, 8.25, 9.25], "texture": "#texture"},
				"south": {"uv": [5.75, 4.25, 6.75, 9.25], "texture": "#texture"},
				"west": {"uv": [7.75, 4.25, 8.75, 9.25], "texture": "#texture"},
				"up": {"uv": [5.75, 7.75, 6.75, 8.75], "texture": "#texture"},
				"down": {"uv": [5.75, 7.25, 6.75, 8.25], "texture": "#texture"}
			}
		},
		{
			"name": "Box62",
			"from": [15.75, 10.5, 7.5],
			"to": [21.75, 11.5, 9],
			"faces": {
				"north": {"uv": [0, 4.5, 0.25, 5.5], "texture": "#texture"},
				"east": {"uv": [7, 4.5, 8.5, 5.5], "texture": "#texture"},
				"south": {"uv": [15.75, 4.5, 16, 5.5], "texture": "#texture"},
				"west": {"uv": [7.5, 4.5, 9, 5.5], "texture": "#texture"},
				"up": {"uv": [15.75, 7.5, 16, 9], "texture": "#texture"},
				"down": {"uv": [15.75, 7, 16, 8.5], "texture": "#texture"}
			}
		},
		{
			"name": "Box63",
			"from": [15.75, 11.5, 7.5],
			"to": [21.75, 12, 8.5],
			"rotation": {"angle": 22.5, "axis": "x", "origin": [15.75, 11.5, 7.5]},
			"faces": {
				"north": {"uv": [12, 4, 15.5, 4.5], "texture": "#texture"},
				"east": {"uv": [7.5, 4, 8.5, 4.5], "texture": "#texture"},
				"south": {"uv": [0.5, 4, 4, 4.5], "texture": "#texture"},
				"west": {"uv": [7.5, 4, 8.5, 4.5], "texture": "#texture"},
				"up": {"uv": [0.5, 7.5, 4, 8.5], "texture": "#texture"},
				"down": {"uv": [0.5, 7.5, 4, 8.5], "texture": "#texture"}
			}
		},
		{
			"name": "Box63",
			"from": [16.75, 11.5, 8],
			"to": [21.75, 12, 9],
			"rotation": {"angle": -22.5, "axis": "x", "origin": [21.75, 11.5, 9]},
			"faces": {
				"north": {"uv": [0.5, 4, 4, 4.5], "texture": "#texture"},
				"east": {"uv": [7.5, 4, 8.5, 4.5], "texture": "#texture"},
				"south": {"uv": [12, 4, 15.5, 4.5], "texture": "#texture"},
				"west": {"uv": [7.5, 4, 8.5, 4.5], "texture": "#texture"},
				"up": {"uv": [0.5, 7.5, 4, 8.5], "rotation": 180, "texture": "#texture"},
				"down": {"uv": [0.5, 7.5, 4, 8.5], "rotation": 180, "texture": "#texture"}
			}
		},
		{
			"name": "Box65",
			"from": [15.75, 11.5, 7.75],
			"to": [21.75, 12, 8.75],
			"faces": {
				"north": {"uv": [0, 4, 0.25, 4.5], "texture": "#texture"},
				"east": {"uv": [7.25, 4, 8.25, 4.5], "texture": "#texture"},
				"south": {"uv": [15.75, 4, 16, 4.5], "texture": "#texture"},
				"west": {"uv": [7.75, 4, 8.75, 4.5], "texture": "#texture"},
				"up": {"uv": [15.75, 7.75, 16, 8.75], "texture": "#texture"},
				"down": {"uv": [15.75, 7.25, 16, 8.25], "texture": "#texture"}
			}
		},
		{
			"name": "Box66",
			"from": [16.5, 10, 8],
			"to": [20, 10.5, 8.5],
			"faces": {
				"north": {"uv": [12, 5.5, 15.5, 6], "texture": "#texture"},
				"east": {"uv": [7.5, 5.5, 8, 6], "texture": "#texture"},
				"south": {"uv": [0.5, 5.5, 4, 6], "texture": "#texture"},
				"west": {"uv": [8, 5.5, 8.5, 6], "texture": "#texture"},
				"up": {"uv": [0.5, 8, 4, 8.5], "texture": "#texture"},
				"down": {"uv": [0.5, 7.5, 4, 8], "texture": "#texture"}
			}
		},
		{
			"name": "Box67",
			"from": [21, 7.5, 8],
			"to": [22, 8.5, 8.5],
			"faces": {
				"north": {"uv": [10, 7.5, 11, 8.5], "texture": "#texture"},
				"east": {"uv": [7.5, 7.5, 8, 8.5], "texture": "#texture"},
				"south": {"uv": [5, 7.5, 6, 8.5], "texture": "#texture"},
				"west": {"uv": [8, 7.5, 8.5, 8.5], "texture": "#texture"},
				"up": {"uv": [5, 8, 6, 8.5], "texture": "#texture"},
				"down": {"uv": [5, 7.5, 6, 8], "texture": "#texture"}
			}
		},
		{
			"name": "Box68",
			"from": [21, 8.5, 8],
			"to": [22, 9.5, 8.5],
			"rotation": {"angle": -45, "axis": "z", "origin": [21, 8.5, 8]},
			"faces": {
				"north": {"uv": [10, 6.5, 11, 7.5], "texture": "#texture"},
				"east": {"uv": [1, 6.5, 2, 7.5], "texture": "#texture"},
				"south": {"uv": [5, 6.5, 6, 7.5], "texture": "#texture"},
				"west": {"uv": [14, 6.5, 15, 7.5], "texture": "#texture"},
				"up": {"uv": [5, 14, 6, 15], "texture": "#texture"},
				"down": {"uv": [5, 1, 6, 2], "texture": "#texture"}
			}
		},
		{
			"name": "Box69",
			"from": [18.5, 7.5, 8],
			"to": [19, 11, 8.5],
			"rotation": {"angle": -22.5, "axis": "z", "origin": [18.5, 7.5, 8]},
			"faces": {
				"north": {"uv": [13, 5, 13.5, 8.5], "texture": "#texture"},
				"east": {"uv": [1, 5, 2, 8.5], "texture": "#texture"},
				"south": {"uv": [2.5, 5, 3, 8.5], "texture": "#texture"},
				"west": {"uv": [14, 5, 15, 8.5], "texture": "#texture"},
				"up": {"uv": [2.5, 14, 3, 15], "texture": "#texture"},
				"down": {"uv": [2.5, 1, 3, 2], "texture": "#texture"}
			}
		},
		{
			"name": "Box70",
			"from": [20, 7, 7.5],
			"to": [22, 8.5, 9],
			"rotation": {"angle": -45, "axis": "z", "origin": [20, 7, 7.5]},
			"faces": {
				"north": {"uv": [10, 8.5, 12, 9.5], "texture": "#texture"},
				"east": {"uv": [1, 8.5, 2, 9.5], "texture": "#texture"},
				"south": {"uv": [4, 8.5, 6, 9.5], "texture": "#texture"},
				"west": {"uv": [14, 8.5, 15, 9.5], "texture": "#texture"},
				"up": {"uv": [4, 14, 6, 15], "texture": "#texture"},
				"down": {"uv": [4, 1, 6, 2], "texture": "#texture"}
			}
		},
		{
			"name": "Box71",
			"from": [21.5, 5.5, 7.5],
			"to": [23, 7, 9],
			"faces": {
				"north": {"uv": [9, 9, 10.5, 10.5], "texture": "#texture"},
				"east": {"uv": [7, 9, 8.5, 10.5], "texture": "#texture"},
				"south": {"uv": [5.5, 9, 7, 10.5], "texture": "#texture"},
				"west": {"uv": [7.5, 9, 9, 10.5], "texture": "#texture"},
				"up": {"uv": [5.5, 7.5, 7, 9], "texture": "#texture"},
				"down": {"uv": [5.5, 7, 7, 8.5], "texture": "#texture"}
			}
		},
		{
			"name": "Box72",
			"from": [22.5, 5.5, 7.5],
			"to": [23, 11.5, 9],
			"faces": {
				"north": {"uv": [9, 4.5, 9.5, 10.5], "texture": "#texture"},
				"east": {"uv": [7, 4.5, 8.5, 10.5], "texture": "#texture"},
				"south": {"uv": [6.5, 4.5, 7, 10.5], "texture": "#texture"},
				"west": {"uv": [7.5, 4.5, 9, 10.5], "texture": "#texture"},
				"up": {"uv": [6.5, 7.5, 7, 9], "texture": "#texture"},
				"down": {"uv": [6.5, 7, 7, 8.5], "texture": "#texture"}
			}
		},
		{
			"name": "Box73",
			"from": [22.75, 10, 7.75],
			"to": [23.25, 11.5, 8.75],
			"faces": {
				"north": {"uv": [8.75, 4.5, 9.25, 6], "texture": "#texture"},
				"east": {"uv": [7.25, 4.5, 8.25, 6], "texture": "#texture"},
				"south": {"uv": [6.75, 4.5, 7.25, 6], "texture": "#texture"},
				"west": {"uv": [7.75, 4.5, 8.75, 6], "texture": "#texture"},
				"up": {"uv": [6.75, 7.75, 7.25, 8.75], "texture": "#texture"},
				"down": {"uv": [6.75, 7.25, 7.25, 8.25], "texture": "#texture"}
			}
		},
		{
			"name": "Box74",
			"from": [22.75, 9.25, 7.75],
			"to": [23.25, 9.75, 8.75],
			"faces": {
				"north": {"uv": [8.75, 6.25, 9.25, 6.75], "texture": "#texture"},
				"east": {"uv": [7.25, 6.25, 8.25, 6.75], "texture": "#texture"},
				"south": {"uv": [6.75, 6.25, 7.25, 6.75], "texture": "#texture"},
				"west": {"uv": [7.75, 6.25, 8.75, 6.75], "texture": "#texture"},
				"up": {"uv": [6.75, 7.75, 7.25, 8.75], "texture": "#texture"},
				"down": {"uv": [6.75, 7.25, 7.25, 8.25], "texture": "#texture"}
			}
		},
		{
			"name": "Box74",
			"from": [22.75, 8.25, 7.75],
			"to": [23.25, 8.75, 8.75],
			"faces": {
				"north": {"uv": [8.75, 7.25, 9.25, 7.75], "texture": "#texture"},
				"east": {"uv": [7.25, 7.25, 8.25, 7.75], "texture": "#texture"},
				"south": {"uv": [6.75, 7.25, 7.25, 7.75], "texture": "#texture"},
				"west": {"uv": [7.75, 7.25, 8.75, 7.75], "texture": "#texture"},
				"up": {"uv": [6.75, 7.75, 7.25, 8.75], "texture": "#texture"},
				"down": {"uv": [6.75, 7.25, 7.25, 8.25], "texture": "#texture"}
			}
		},
		{
			"name": "Box74",
			"from": [22.75, 7.25, 7.75],
			"to": [23.25, 7.75, 8.75],
			"faces": {
				"north": {"uv": [8.75, 8.25, 9.25, 8.75], "texture": "#texture"},
				"east": {"uv": [7.25, 8.25, 8.25, 8.75], "texture": "#texture"},
				"south": {"uv": [6.75, 8.25, 7.25, 8.75], "texture": "#texture"},
				"west": {"uv": [7.75, 8.25, 8.75, 8.75], "texture": "#texture"},
				"up": {"uv": [6.75, 7.75, 7.25, 8.75], "texture": "#texture"},
				"down": {"uv": [6.75, 7.25, 7.25, 8.25], "texture": "#texture"}
			}
		},
		{
			"name": "Box74",
			"from": [22.75, 6.25, 7.75],
			"to": [23.25, 6.75, 8.75],
			"faces": {
				"north": {"uv": [8.75, 9.25, 9.25, 9.75], "texture": "#texture"},
				"east": {"uv": [7.25, 9.25, 8.25, 9.75], "texture": "#texture"},
				"south": {"uv": [6.75, 9.25, 7.25, 9.75], "texture": "#texture"},
				"west": {"uv": [7.75, 9.25, 8.75, 9.75], "texture": "#texture"},
				"up": {"uv": [6.75, 7.75, 7.25, 8.75], "texture": "#texture"},
				"down": {"uv": [6.75, 7.25, 7.25, 8.25], "texture": "#texture"}
			}
		},
		{
			"name": "Box78",
			"from": [6, 4, 7.75],
			"to": [8.5, 5, 8.75],
			"faces": {
				"north": {"uv": [7.5, 11, 10, 12], "texture": "#texture1"},
				"east": {"uv": [7.25, 11, 8.25, 12], "texture": "#texture1"},
				"south": {"uv": [6, 11, 8.5, 12], "texture": "#texture1"},
				"west": {"uv": [7.75, 11, 8.75, 12], "texture": "#texture1"},
				"up": {"uv": [6, 7.75, 8.5, 8.75], "texture": "#texture1"},
				"down": {"uv": [6, 7.25, 8.5, 8.25], "texture": "#texture1"}
			}
		},
		{
			"name": "Box79",
			"from": [7, 3.5, 7.75],
			"to": [8.5, 4, 8.75],
			"faces": {
				"north": {"uv": [7.5, 12, 9, 12.5], "texture": "#texture1"},
				"east": {"uv": [7.25, 12, 8.25, 12.5], "texture": "#texture1"},
				"south": {"uv": [7, 12, 8.5, 12.5], "texture": "#texture1"},
				"west": {"uv": [7.75, 12, 8.75, 12.5], "texture": "#texture1"},
				"up": {"uv": [7, 7.75, 8.5, 8.75], "texture": "#texture1"},
				"down": {"uv": [7, 7.25, 8.5, 8.25], "texture": "#texture1"}
			}
		},
		{
			"name": "Box80",
			"from": [4, 12.5, 7.5],
			"to": [8, 13, 9],
			"faces": {
				"north": {"uv": [8, 3, 12, 3.5], "texture": "#texture3"},
				"east": {"uv": [7, 3, 8.5, 3.5], "texture": "#texture3"},
				"south": {"uv": [4, 3, 8, 3.5], "texture": "#texture3"},
				"west": {"uv": [7.5, 3, 9, 3.5], "texture": "#texture3"},
				"up": {"uv": [4, 7.5, 8, 9], "texture": "#texture3"},
				"down": {"uv": [4, 7, 8, 8.5], "texture": "#texture3"}
			}
		},
		{
			"name": "Box81",
			"from": [4, 12.5, 6.5],
			"to": [8, 13, 7.5],
			"rotation": {"angle": -45, "axis": "x", "origin": [4, 13, 7.5]},
			"faces": {
				"north": {"uv": [11.5, 7, 8, 6.5], "texture": "#texture3"},
				"east": {"uv": [1, 6.5, 2, 7], "rotation": 180, "texture": "#texture3"},
				"south": {"uv": [8, 7, 4.5, 6.5], "texture": "#texture3"},
				"west": {"uv": [14, 6.5, 15, 7], "rotation": 180, "texture": "#texture3"},
				"up": {"uv": [8, 1, 11.5, 2], "texture": "#texture3"},
				"down": {"uv": [8, 14, 11.5, 15], "texture": "#texture3"}
			}
		},
		{
			"name": "Box81",
			"from": [4, 12.5, 9],
			"to": [8, 13, 10],
			"rotation": {"angle": 45, "axis": "x", "origin": [8, 13, 9]},
			"faces": {
				"north": {"uv": [8, 7, 4.5, 6.5], "texture": "#texture3"},
				"east": {"uv": [14, 6.5, 15, 7], "rotation": 180, "texture": "#texture3"},
				"south": {"uv": [11.5, 7, 8, 6.5], "texture": "#texture3"},
				"west": {"uv": [1, 6.5, 2, 7], "rotation": 180, "texture": "#texture3"},
				"up": {"uv": [8, 1, 11.5, 2], "rotation": 180, "texture": "#texture3"},
				"down": {"uv": [8, 14, 11.5, 15], "rotation": 180, "texture": "#texture3"}
			}
		},
		{
			"name": "Box83",
			"from": [5, 13, 7.5],
			"to": [8, 13.5, 9],
			"faces": {
				"north": {"uv": [8, 2.5, 11, 3], "texture": "#texture3"},
				"east": {"uv": [7, 2.5, 8.5, 3], "texture": "#texture3"},
				"south": {"uv": [5, 2.5, 8, 3], "texture": "#texture3"},
				"west": {"uv": [7.5, 2.5, 9, 3], "texture": "#texture3"},
				"up": {"uv": [5, 7.5, 8, 9], "texture": "#texture3"},
				"down": {"uv": [5, 7, 8, 8.5], "texture": "#texture3"}
			}
		},
		{
			"name": "Box84",
			"from": [4, 13, 7.75],
			"to": [7.5, 14, 8.75],
			"faces": {
				"north": {"uv": [8.5, 2, 12, 3], "texture": "#texture3"},
				"east": {"uv": [7.25, 2, 8.25, 3], "texture": "#texture3"},
				"south": {"uv": [4, 2, 7.5, 3], "texture": "#texture3"},
				"west": {"uv": [7.75, 2, 8.75, 3], "texture": "#texture3"},
				"up": {"uv": [4, 7.75, 7.5, 8.75], "texture": "#texture3"},
				"down": {"uv": [4, 7.25, 7.5, 8.25], "texture": "#texture3"}
			}
		},
		{
			"name": "Box85",
			"from": [7.75, 13.125, 7.5],
			"to": [8.25, 13.625, 9],
			"rotation": {"angle": -45, "axis": "z", "origin": [8.25, 13.625, 7.5]},
			"faces": {
				"north": {"uv": [4.5, 6, 4, 5.5], "texture": "#texture3"},
				"east": {"uv": [14, 5.5, 15.5, 6], "rotation": 180, "texture": "#texture3"},
				"south": {"uv": [12, 6, 11.5, 5.5], "texture": "#texture3"},
				"west": {"uv": [0.5, 5.5, 2, 6], "rotation": 180, "texture": "#texture3"},
				"up": {"uv": [11.5, 0.5, 12, 2], "rotation": 180, "texture": "#texture3"},
				"down": {"uv": [11.5, 14, 12, 15.5], "rotation": 180, "texture": "#texture3"}
			}
		},
		{
			"name": "Box86",
			"from": [3, 14, 7.05],
			"to": [4, 16, 7.5],
			"rotation": {"angle": 22.5, "axis": "z", "origin": [3, 14, 7.05]},
			"faces": {
				"north": {"uv": [8.5, 3, 9.5, 5.5], "texture": "#texture3"},
				"east": {"uv": [1, 3, 2, 5.5], "texture": "#texture3"},
				"south": {"uv": [6.5, 3, 7.5, 5.5], "texture": "#texture3"},
				"west": {"uv": [14, 3, 15, 5.5], "texture": "#texture3"},
				"up": {"uv": [6.5, 14, 7.5, 15], "texture": "#texture3"},
				"down": {"uv": [6.5, 1, 7.5, 2], "texture": "#texture3"}
			}
		},
		{
			"name": "Box86",
			"from": [3, 14, 9],
			"to": [4, 16, 9.45],
			"rotation": {"angle": 22.5, "axis": "z", "origin": [3, 14, 9]},
			"faces": {
				"north": {"uv": [8.5, 3, 9.5, 5.5], "texture": "#texture3"},
				"east": {"uv": [1, 3, 2, 5.5], "texture": "#texture3"},
				"south": {"uv": [6.5, 3, 7.5, 5.5], "texture": "#texture3"},
				"west": {"uv": [14, 3, 15, 5.5], "texture": "#texture3"},
				"up": {"uv": [6.5, 14, 7.5, 15], "texture": "#texture3"},
				"down": {"uv": [6.5, 1, 7.5, 2], "texture": "#texture3"}
			}
		},
		{
			"name": "Box88",
			"from": [3, 13.875, 7],
			"to": [7.5, 14.375, 9.5],
			"faces": {
				"north": {"uv": [8.5, 1.625, 13, 2.125], "texture": "#texture3"},
				"east": {"uv": [6.5, 1.625, 9, 2.125], "texture": "#texture3"},
				"south": {"uv": [3, 1.625, 7.5, 2.125], "texture": "#texture3"},
				"west": {"uv": [7, 1.625, 9.5, 2.125], "texture": "#texture3"},
				"up": {"uv": [3, 7, 7.5, 9.5], "texture": "#texture3"},
				"down": {"uv": [3, 6.5, 7.5, 9], "texture": "#texture3"}
			}
		},
		{
			"name": "Box89",
			"from": [2.25, 15.875, 7],
			"to": [4.75, 16.375, 9.5],
			"faces": {
				"north": {"uv": [11.25, 0, 13.75, 0.125], "texture": "#texture3"},
				"east": {"uv": [6.5, 0, 9, 0.125], "texture": "#texture3"},
				"south": {"uv": [2.25, 0, 4.75, 0.125], "texture": "#texture3"},
				"west": {"uv": [7, 0, 9.5, 0.125], "texture": "#texture3"},
				"up": {"uv": [2.25, 7, 4.75, 9.5], "texture": "#texture3"},
				"down": {"uv": [2.25, 6.5, 4.75, 9], "texture": "#texture3"}
			}
		},
		{
			"name": "Box90",
			"from": [4.75, 15.875, 7.2],
			"to": [5.25, 16.375, 9.45],
			"rotation": {"angle": -22.5, "axis": "z", "origin": [4.75, 16.375, 9.45]},
			"faces": {
				"north": {"uv": [9.5, 3.5, 8.5, 3], "texture": "#texture3"},
				"east": {"uv": [1, 3, 2, 3.5], "rotation": 180, "texture": "#texture3"},
				"south": {"uv": [7.5, 3.5, 6.5, 3], "texture": "#texture3"},
				"west": {"uv": [14, 3, 15, 3.5], "rotation": 180, "texture": "#texture3"},
				"up": {"uv": [8.5, 1, 9.5, 2], "texture": "#texture3"},
				"down": {"uv": [8.5, 14, 9.5, 15], "texture": "#texture3"}
			}
		},
		{
			"name": "Box90",
			"from": [5, 15.625, 7],
			"to": [6.5, 16.125, 9.5],
			"faces": {
				"north": {"uv": [9.5, 0, 11, 0.375], "texture": "#texture3"},
				"east": {"uv": [6.5, 0, 9, 0.375], "texture": "#texture3"},
				"south": {"uv": [5, 0, 6.5, 0.375], "texture": "#texture3"},
				"west": {"uv": [7, 0, 9.5, 0.375], "texture": "#texture3"},
				"up": {"uv": [5, 7, 6.5, 9.5], "texture": "#texture3"},
				"down": {"uv": [5, 6.5, 6.5, 9], "texture": "#texture3"}
			}
		},
		{
			"name": "Box91",
			"from": [6.5, 15.625, 7.5],
			"to": [7, 16.125, 8.5],
			"rotation": {"angle": 45, "axis": "z", "origin": [6.5, 15.625, 7.5]},
			"faces": {
				"north": {"uv": [4.5, 3.5, 5.5, 4], "texture": "#texture3"},
				"east": {"uv": [1, 3.5, 2, 4], "texture": "#texture3"},
				"south": {"uv": [10.5, 3.5, 11.5, 4], "texture": "#texture3"},
				"west": {"uv": [14, 3.5, 15, 4], "texture": "#texture3"},
				"up": {"uv": [10.5, 14, 11.5, 15], "texture": "#texture3"},
				"down": {"uv": [10.5, 1, 11.5, 2], "texture": "#texture3"}
			}
		},
		{
			"name": "Box92",
			"from": [6.5, 16, 7.5],
			"to": [7, 16.5, 9],
			"faces": {
				"north": {"uv": [9, 15.5, 9.5, 16], "texture": "#texture3"},
				"east": {"uv": [7, 15.5, 8.5, 16], "texture": "#texture3"},
				"south": {"uv": [6.5, 15.5, 7, 16], "texture": "#texture3"},
				"west": {"uv": [7.5, 15.5, 9, 16], "texture": "#texture3"},
				"up": {"uv": [6.5, 7.5, 7, 9], "texture": "#texture3"},
				"down": {"uv": [6.5, 7, 7, 8.5], "texture": "#texture3"}
			}
		},
		{
			"name": "Box92",
			"from": [7, 16, 7.6],
			"to": [8, 16.5, 8.95],
			"rotation": {"angle": -22.5, "axis": "z", "origin": [7, 16.5, 8.95]},
			"faces": {
				"north": {"uv": [11.5, 3.5, 11, 3], "texture": "#texture3"},
				"east": {"uv": [0.5, 3, 2, 3.5], "rotation": 180, "texture": "#texture3"},
				"south": {"uv": [5, 3.5, 4.5, 3], "texture": "#texture3"},
				"west": {"uv": [14, 3, 15.5, 3.5], "rotation": 180, "texture": "#texture3"},
				"up": {"uv": [11, 0.5, 11.5, 2], "texture": "#texture3"},
				"down": {"uv": [11, 14, 11.5, 15.5], "texture": "#texture3"}
			}
		},
		{
			"name": "Box94",
			"from": [7.5, 15.875, 7.5],
			"to": [11, 16.375, 9],
			"faces": {
				"north": {"uv": [5, 0, 8.5, 0.125], "texture": "#texture3"},
				"east": {"uv": [7, 0, 8.5, 0.125], "texture": "#texture3"},
				"south": {"uv": [7.5, 0, 11, 0.125], "texture": "#texture3"},
				"west": {"uv": [7.5, 0, 9, 0.125], "texture": "#texture3"},
				"up": {"uv": [7.5, 7.5, 11, 9], "texture": "#texture3"},
				"down": {"uv": [7.5, 7, 11, 8.5], "texture": "#texture3"}
			}
		},
		{
			"name": "Box95",
			"from": [6.5, 13.5, 7.5],
			"to": [8, 14.5, 8.5],
			"faces": {
				"north": {"uv": [8, 1.5, 9.5, 2.5], "texture": "#texture3"},
				"east": {"uv": [7.5, 1.5, 8.5, 2.5], "texture": "#texture3"},
				"south": {"uv": [6.5, 1.5, 8, 2.5], "texture": "#texture3"},
				"west": {"uv": [7.5, 1.5, 8.5, 2.5], "texture": "#texture3"},
				"up": {"uv": [6.5, 7.5, 8, 8.5], "texture": "#texture3"},
				"down": {"uv": [6.5, 7.5, 8, 8.5], "texture": "#texture3"}
			}
		},
		{
			"name": "Box96",
			"from": [8, 14, 7.5],
			"to": [11, 14.5, 9],
			"faces": {
				"north": {"uv": [5, 1.5, 8, 2], "texture": "#texture3"},
				"east": {"uv": [7, 1.5, 8.5, 2], "texture": "#texture3"},
				"south": {"uv": [8, 1.5, 11, 2], "texture": "#texture3"},
				"west": {"uv": [7.5, 1.5, 9, 2], "texture": "#texture3"},
				"up": {"uv": [8, 7.5, 11, 9], "texture": "#texture3"},
				"down": {"uv": [8, 7, 11, 8.5], "texture": "#texture3"}
			}
		},
		{
			"name": "Box97",
			"from": [3, 14.25, 6.75],
			"to": [8, 15.75, 7.25],
			"faces": {
				"north": {"uv": [8, 0.25, 13, 1.75], "texture": "#texture3"},
				"east": {"uv": [8.75, 0.25, 9.25, 1.75], "texture": "#texture3"},
				"south": {"uv": [3, 0.25, 8, 1.75], "texture": "#texture3"},
				"west": {"uv": [6.75, 0.25, 7.25, 1.75], "texture": "#texture3"},
				"up": {"uv": [3, 6.75, 8, 7.25], "texture": "#texture3"},
				"down": {"uv": [3, 8.75, 8, 9.25], "texture": "#texture3"}
			}
		},
		{
			"name": "Box97",
			"from": [3, 14.25, 9.25],
			"to": [8, 15.75, 9.75],
			"faces": {
				"north": {"uv": [8, 0.25, 13, 1.75], "texture": "#texture3"},
				"east": {"uv": [6.25, 0.25, 6.75, 1.75], "texture": "#texture3"},
				"south": {"uv": [3, 0.25, 8, 1.75], "texture": "#texture3"},
				"west": {"uv": [9.25, 0.25, 9.75, 1.75], "texture": "#texture3"},
				"up": {"uv": [3, 9.25, 8, 9.75], "texture": "#texture3"},
				"down": {"uv": [3, 6.25, 8, 6.75], "texture": "#texture3"}
			}
		},
		{
			"name": "Box99",
			"from": [8, 14.5, 9],
			"to": [11, 16, 9.5],
			"faces": {
				"north": {"uv": [5, 0, 8, 1.5], "texture": "#texture3"},
				"east": {"uv": [6.5, 0, 7, 1.5], "texture": "#texture3"},
				"south": {"uv": [8, 0, 11, 1.5], "texture": "#texture3"},
				"west": {"uv": [9, 0, 9.5, 1.5], "texture": "#texture3"},
				"up": {"uv": [8, 9, 11, 9.5], "texture": "#texture3"},
				"down": {"uv": [8, 6.5, 11, 7], "texture": "#texture3"}
			}
		},
		{
			"name": "Box99",
			"from": [8, 14.5, 7],
			"to": [11, 16, 7.5],
			"faces": {
				"north": {"uv": [5, 0, 8, 1.5], "texture": "#texture3"},
				"east": {"uv": [8.5, 0, 9, 1.5], "texture": "#texture3"},
				"south": {"uv": [8, 0, 11, 1.5], "texture": "#texture3"},
				"west": {"uv": [7, 0, 7.5, 1.5], "texture": "#texture3"},
				"up": {"uv": [8, 7, 11, 7.5], "texture": "#texture3"},
				"down": {"uv": [8, 8.5, 11, 9], "texture": "#texture3"}
			}
		},
		{
			"name": "Box101",
			"from": [3, 15.5, 7.125],
			"to": [8.5, 16, 7.625],
			"faces": {
				"north": {"uv": [7.5, 0, 13, 0.5], "texture": "#texture3"},
				"east": {"uv": [8.375, 0, 8.875, 0.5], "texture": "#texture3"},
				"south": {"uv": [3, 0, 8.5, 0.5], "texture": "#texture3"},
				"west": {"uv": [7.125, 0, 7.625, 0.5], "texture": "#texture3"},
				"up": {"uv": [3, 7.125, 8.5, 7.625], "texture": "#texture3"},
				"down": {"uv": [3, 8.375, 8.5, 8.875], "texture": "#texture3"}
			}
		},
		{
			"name": "Box102",
			"from": [7.5, 13.5, 7.25],
			"to": [8.5, 14.5, 9.25],
			"faces": {
				"north": {"uv": [7.5, 1.5, 8.5, 2.5], "texture": "#texture3"},
				"east": {"uv": [6.75, 1.5, 8.75, 2.5], "texture": "#texture3"},
				"south": {"uv": [7.5, 1.5, 8.5, 2.5], "texture": "#texture3"},
				"west": {"uv": [7.25, 1.5, 9.25, 2.5], "texture": "#texture3"},
				"up": {"uv": [7.5, 7.25, 8.5, 9.25], "texture": "#texture3"},
				"down": {"uv": [7.5, 6.75, 8.5, 8.75], "texture": "#texture3"}
			}
		},
		{
			"name": "Box101",
			"from": [3, 15.5, 8.875],
			"to": [8.5, 16, 9.375],
			"faces": {
				"north": {"uv": [7.5, 0, 13, 0.5], "texture": "#texture3"},
				"east": {"uv": [6.625, 0, 7.125, 0.5], "texture": "#texture3"},
				"south": {"uv": [3, 0, 8.5, 0.5], "texture": "#texture3"},
				"west": {"uv": [8.875, 0, 9.375, 0.5], "texture": "#texture3"},
				"up": {"uv": [3, 8.875, 8.5, 9.375], "texture": "#texture3"},
				"down": {"uv": [3, 6.625, 8.5, 7.125], "texture": "#texture3"}
			}
		},
		{
			"name": "Box104",
			"from": [9, 14.375, 9.5],
			"to": [10, 15.375, 10],
			"rotation": {"angle": 45, "axis": "z", "origin": [9, 14.375, 9.5]},
			"faces": {
				"north": {"uv": [3, 4, 4, 5], "texture": "#texture3"},
				"east": {"uv": [15.5, 4, 16, 5], "texture": "#texture3"},
				"south": {"uv": [12, 4, 13, 5], "texture": "#texture3"},
				"west": {"uv": [0, 4, 0.5, 5], "texture": "#texture3"},
				"up": {"uv": [12, 0, 13, 0.5], "texture": "#texture3"},
				"down": {"uv": [12, 15.5, 13, 16], "texture": "#texture3"}
			}
		},
		{
			"name": "Box105",
			"from": [4, 12, 7],
			"to": [8, 12.5, 9.5],
			"faces": {
				"north": {"uv": [8, 3.5, 12, 4], "texture": "#texture3"},
				"east": {"uv": [6.5, 3.5, 9, 4], "texture": "#texture3"},
				"south": {"uv": [4, 3.5, 8, 4], "texture": "#texture3"},
				"west": {"uv": [7, 3.5, 9.5, 4], "texture": "#texture3"},
				"up": {"uv": [4, 7, 8, 9.5], "texture": "#texture3"},
				"down": {"uv": [4, 6.5, 8, 9], "texture": "#texture3"}
			}
		},
		{
			"name": "Box106",
			"from": [6.5, 12, 7.5],
			"to": [8, 13.5, 9],
			"rotation": {"angle": -22.5, "axis": "z", "origin": [8, 12, 7.5]},
			"faces": {
				"north": {"uv": [4, 7.5, 3, 6.5], "rotation": 270, "texture": "#texture3"},
				"east": {"uv": [12, 1, 13, 2], "rotation": 270, "texture": "#texture3"},
				"south": {"uv": [13, 7.5, 12, 6.5], "rotation": 90, "texture": "#texture3"},
				"west": {"uv": [13, 15, 12, 14], "rotation": 90, "texture": "#texture3"},
				"up": {"uv": [1, 6.5, 2, 7.5], "rotation": 270, "texture": "#texture3"},
				"down": {"uv": [15, 7.5, 14, 6.5], "rotation": 90, "texture": "#texture3"}
			}
		},
		{
			"name": "Box107",
			"from": [8.25, 16, 7.125],
			"to": [8.75, 17, 9.325],
			"faces": {
				"north": {"uv": [7.25, 15, 7.75, 16], "texture": "#texture3"},
				"east": {"uv": [6.675, 15, 8.875, 16], "texture": "#texture3"},
				"south": {"uv": [8.25, 15, 8.75, 16], "texture": "#texture3"},
				"west": {"uv": [7.125, 15, 9.325, 16], "texture": "#texture3"},
				"up": {"uv": [8.25, 7.125, 8.75, 9.325], "texture": "#texture3"},
				"down": {"uv": [8.25, 6.675, 8.75, 8.875], "texture": "#texture3"}
			}
		},
		{
			"name": "Box107",
			"from": [9.5, 16, 7.25],
			"to": [10, 17, 9.25],
			"faces": {
				"north": {"uv": [6, 15, 6.5, 16], "texture": "#texture3"},
				"east": {"uv": [6.75, 15, 8.75, 16], "texture": "#texture3"},
				"south": {"uv": [9.5, 15, 10, 16], "texture": "#texture3"},
				"west": {"uv": [7.25, 15, 9.25, 16], "texture": "#texture3"},
				"up": {"uv": [9.5, 7.25, 10, 9.25], "texture": "#texture3"},
				"down": {"uv": [9.5, 6.75, 10, 8.75], "texture": "#texture3"}
			}
		},
		{
			"name": "Box109",
			"from": [8, 16, 7.5],
			"to": [10.5, 17, 9],
			"faces": {
				"north": {"uv": [5.5, 15, 8, 16], "texture": "#texture3"},
				"east": {"uv": [7, 15, 8.5, 16], "texture": "#texture3"},
				"south": {"uv": [8, 15, 10.5, 16], "texture": "#texture3"},
				"west": {"uv": [7.5, 15, 9, 16], "texture": "#texture3"},
				"up": {"uv": [8, 7.5, 10.5, 9], "texture": "#texture3"},
				"down": {"uv": [8, 7, 10.5, 8.5], "texture": "#texture3"}
			}
		},
		{
			"name": "Box110",
			"from": [8.025, 16.875, 7.375],
			"to": [9.025, 17.375, 7.875],
			"faces": {
				"north": {"uv": [6.975, 14.625, 7.975, 15.125], "texture": "#texture3"},
				"east": {"uv": [8.125, 14.625, 8.625, 15.125], "texture": "#texture3"},
				"south": {"uv": [8.025, 14.625, 9.025, 15.125], "texture": "#texture3"},
				"west": {"uv": [7.375, 14.625, 7.875, 15.125], "texture": "#texture3"},
				"up": {"uv": [8.025, 7.375, 9.025, 7.875], "texture": "#texture3"},
				"down": {"uv": [8.025, 8.125, 9.025, 8.625], "texture": "#texture3"}
			}
		},
		{
			"name": "Box110",
			"from": [8.025, 16.75, 8.75],
			"to": [9.025, 17.25, 9.25],
			"faces": {
				"north": {"uv": [6.975, 14.75, 7.975, 15.25], "texture": "#texture3"},
				"east": {"uv": [6.75, 14.75, 7.25, 15.25], "texture": "#texture3"},
				"south": {"uv": [8.025, 14.75, 9.025, 15.25], "texture": "#texture3"},
				"west": {"uv": [8.75, 14.75, 9.25, 15.25], "texture": "#texture3"},
				"up": {"uv": [8.025, 8.75, 9.025, 9.25], "texture": "#texture3"},
				"down": {"uv": [8.025, 6.75, 9.025, 7.25], "texture": "#texture3"}
			}
		},
		{
			"name": "Box112",
			"from": [8, 17.25, 7.375],
			"to": [8.5, 18.25, 7.875],
			"rotation": {"angle": -22.5, "axis": "z", "origin": [8, 17.25, 7.375]},
			"faces": {
				"north": {"uv": [7.5, 12.5, 8, 13.5], "texture": "#texture3"},
				"east": {"uv": [1, 12.5, 2, 13.5], "texture": "#texture3"},
				"south": {"uv": [8, 12.5, 8.5, 13.5], "texture": "#texture3"},
				"west": {"uv": [14, 12.5, 15, 13.5], "texture": "#texture3"},
				"up": {"uv": [8, 14, 8.5, 15], "texture": "#texture3"},
				"down": {"uv": [8, 1, 8.5, 2], "texture": "#texture3"}
			}
		},
		{
			"name": "Box112",
			"from": [8, 17.25, 8.625],
			"to": [8.5, 18.25, 9.125],
			"rotation": {"angle": -22.5, "axis": "z", "origin": [8, 17.25, 8.625]},
			"faces": {
				"north": {"uv": [7.5, 12.5, 8, 13.5], "texture": "#texture3"},
				"east": {"uv": [1, 12.5, 2, 13.5], "texture": "#texture3"},
				"south": {"uv": [8, 12.5, 8.5, 13.5], "texture": "#texture3"},
				"west": {"uv": [14, 12.5, 15, 13.5], "texture": "#texture3"},
				"up": {"uv": [8, 14, 8.5, 15], "texture": "#texture3"},
				"down": {"uv": [8, 1, 8.5, 2], "texture": "#texture3"}
			}
		},
		{
			"name": "Box114",
			"from": [8.5, 17, 7.375],
			"to": [9, 18, 7.875],
			"faces": {
				"north": {"uv": [7, 14, 7.5, 15], "texture": "#texture3"},
				"east": {"uv": [8.125, 14, 8.625, 15], "texture": "#texture3"},
				"south": {"uv": [8.5, 14, 9, 15], "texture": "#texture3"},
				"west": {"uv": [7.375, 14, 7.875, 15], "texture": "#texture3"},
				"up": {"uv": [8.5, 7.375, 9, 7.875], "texture": "#texture3"},
				"down": {"uv": [8.5, 8.125, 9, 8.625], "texture": "#texture3"}
			}
		},
		{
			"name": "Box114",
			"from": [8.5, 17, 8.625],
			"to": [9, 18, 9.125],
			"faces": {
				"north": {"uv": [7, 14, 7.5, 15], "texture": "#texture3"},
				"east": {"uv": [6.875, 14, 7.375, 15], "texture": "#texture3"},
				"south": {"uv": [8.5, 14, 9, 15], "texture": "#texture3"},
				"west": {"uv": [8.625, 14, 9.125, 15], "texture": "#texture3"},
				"up": {"uv": [8.5, 8.625, 9, 9.125], "texture": "#texture3"},
				"down": {"uv": [8.5, 6.875, 9, 7.375], "texture": "#texture3"}
			}
		},
		{
			"name": "Box116",
			"from": [9, 16.625, 7.25],
			"to": [9.5, 17.125, 7.75],
			"faces": {
				"north": {"uv": [6.5, 14.875, 7, 15.375], "texture": "#texture3"},
				"east": {"uv": [8.25, 14.875, 8.75, 15.375], "texture": "#texture3"},
				"south": {"uv": [9, 14.875, 9.5, 15.375], "texture": "#texture3"},
				"west": {"uv": [7.25, 14.875, 7.75, 15.375], "texture": "#texture3"},
				"up": {"uv": [9, 7.25, 9.5, 7.75], "texture": "#texture3"},
				"down": {"uv": [9, 8.25, 9.5, 8.75], "texture": "#texture3"}
			}
		},
		{
			"name": "Box116",
			"from": [9, 16.625, 8.75],
			"to": [9.5, 17.125, 9.25],
			"faces": {
				"north": {"uv": [6.5, 14.875, 7, 15.375], "texture": "#texture3"},
				"east": {"uv": [6.75, 14.875, 7.25, 15.375], "texture": "#texture3"},
				"south": {"uv": [9, 14.875, 9.5, 15.375], "texture": "#texture3"},
				"west": {"uv": [8.75, 14.875, 9.25, 15.375], "texture": "#texture3"},
				"up": {"uv": [9, 8.75, 9.5, 9.25], "texture": "#texture3"},
				"down": {"uv": [9, 6.75, 9.5, 7.25], "texture": "#texture3"}
			}
		},
		{
			"name": "Box118",
			"from": [9, 17.125, 8.75],
			"to": [9.5, 18.125, 9.25],
			"rotation": {"angle": 22.5, "axis": "z", "origin": [9.5, 17.125, 9.25]},
			"faces": {
				"north": {"uv": [9, 13.5, 9.5, 14.5], "texture": "#texture3"},
				"east": {"uv": [14, 13.5, 14.5, 14.5], "texture": "#texture3"},
				"south": {"uv": [6.5, 13.5, 7, 14.5], "texture": "#texture3"},
				"west": {"uv": [1.5, 13.5, 2, 14.5], "texture": "#texture3"},
				"up": {"uv": [9, 14, 9.5, 14.5], "rotation": 180, "texture": "#texture3"},
				"down": {"uv": [9, 1.5, 9.5, 2], "rotation": 180, "texture": "#texture3"}
			}
		},
		{
			"name": "Box118",
			"from": [9, 17.125, 7.25],
			"to": [9.5, 18.125, 7.75],
			"rotation": {"angle": 22.5, "axis": "z", "origin": [9.5, 17.125, 7.75]},
			"faces": {
				"north": {"uv": [9, 13.5, 9.5, 14.5], "texture": "#texture3"},
				"east": {"uv": [14, 13.5, 14.5, 14.5], "texture": "#texture3"},
				"south": {"uv": [6.5, 13.5, 7, 14.5], "texture": "#texture3"},
				"west": {"uv": [1.5, 13.5, 2, 14.5], "texture": "#texture3"},
				"up": {"uv": [9, 14, 9.5, 14.5], "rotation": 180, "texture": "#texture3"},
				"down": {"uv": [9, 1.5, 9.5, 2], "rotation": 180, "texture": "#texture3"}
			}
		},
		{
			"name": "Box120",
			"from": [8.5, 18, 7.25],
			"to": [9, 18.5, 9.25],
			"faces": {
				"north": {"uv": [7, 13.5, 7.5, 14], "texture": "#texture3"},
				"east": {"uv": [6.75, 13.5, 8.75, 14], "texture": "#texture3"},
				"south": {"uv": [8.5, 13.5, 9, 14], "texture": "#texture3"},
				"west": {"uv": [7.25, 13.5, 9.25, 14], "texture": "#texture3"},
				"up": {"uv": [8.5, 7.25, 9, 9.25], "texture": "#texture3"},
				"down": {"uv": [8.5, 6.75, 9, 8.75], "texture": "#texture3"}
			}
		},
		{
			"name": "Box121",
			"from": [8.5, 17.625, 7.25],
			"to": [9, 18.125, 7.75],
			"faces": {
				"north": {"uv": [7, 13.875, 7.5, 14.375], "texture": "#texture3"},
				"east": {"uv": [8.25, 13.875, 8.75, 14.375], "texture": "#texture3"},
				"south": {"uv": [8.5, 13.875, 9, 14.375], "texture": "#texture3"},
				"west": {"uv": [7.25, 13.875, 7.75, 14.375], "texture": "#texture3"},
				"up": {"uv": [8.5, 7.25, 9, 7.75], "texture": "#texture3"},
				"down": {"uv": [8.5, 8.25, 9, 8.75], "texture": "#texture3"}
			}
		},
		{
			"name": "Box121",
			"from": [8.5, 17.625, 8.75],
			"to": [9, 18.125, 9.25],
			"faces": {
				"north": {"uv": [7, 13.875, 7.5, 14.375], "texture": "#texture3"},
				"east": {"uv": [6.75, 13.875, 7.25, 14.375], "texture": "#texture3"},
				"south": {"uv": [8.5, 13.875, 9, 14.375], "texture": "#texture3"},
				"west": {"uv": [8.75, 13.875, 9.25, 14.375], "texture": "#texture3"},
				"up": {"uv": [8.5, 8.75, 9, 9.25], "texture": "#texture3"},
				"down": {"uv": [8.5, 6.75, 9, 7.25], "texture": "#texture3"}
			}
		},
		{
			"name": "Box123",
			"from": [6.375, 16, 7.25],
			"to": [7.875, 16.5, 8.75],
			"rotation": {"angle": -45, "axis": "y", "origin": [6.375, 16, 7.25]},
			"faces": {
				"north": {"uv": [8.5, 15, 9.5, 15.5], "texture": "#texture3"},
				"east": {"uv": [1, 15, 2, 15.5], "texture": "#texture3"},
				"south": {"uv": [6.5, 15, 7.5, 15.5], "texture": "#texture3"},
				"west": {"uv": [14, 15, 15, 15.5], "texture": "#texture3"},
				"up": {"uv": [6.5, 14, 7.5, 15], "texture": "#texture3"},
				"down": {"uv": [6.5, 1, 7.5, 2], "texture": "#texture3"}
			}
		},
		{
			"name": "Box124",
			"from": [-6.5, 12, 7.25],
			"to": [-6, 13, 7.75],
			"rotation": {"angle": 22.5, "axis": "x", "origin": [-6.5, 12, 7.25]},
			"faces": {
				"north": {"uv": [6, 3, 6.5, 4], "texture": "#texture"},
				"east": {"uv": [8, 3, 8.5, 4], "texture": "#texture"},
				"south": {"uv": [9.5, 3, 10, 4], "texture": "#texture"},
				"west": {"uv": [7.5, 3, 8, 4], "texture": "#texture"},
				"up": {"uv": [9.5, 7.5, 10, 8], "texture": "#texture"},
				"down": {"uv": [9.5, 8, 10, 8.5], "texture": "#texture"}
			}
		},
		{
			"name": "Box124",
			"from": [-6.5, 12, 8.75],
			"to": [-6, 13, 9.25],
			"rotation": {"angle": -22.5, "axis": "x", "origin": [-6, 12, 9.25]},
			"faces": {
				"north": {"uv": [9.5, 3, 10, 4], "texture": "#texture"},
				"east": {"uv": [7.5, 3, 8, 4], "texture": "#texture"},
				"south": {"uv": [6, 3, 6.5, 4], "texture": "#texture"},
				"west": {"uv": [8, 3, 8.5, 4], "texture": "#texture"},
				"up": {"uv": [9.5, 7.5, 10, 8], "rotation": 180, "texture": "#texture"},
				"down": {"uv": [9.5, 8, 10, 8.5], "rotation": 180, "texture": "#texture"}
			}
		},
		{
			"name": "Box126",
			"from": [-6.5, 12.5, 7.5],
			"to": [-6, 13, 9],
			"faces": {
				"north": {"uv": [6, 3, 6.5, 3.5], "texture": "#texture"},
				"east": {"uv": [7, 3, 8.5, 3.5], "texture": "#texture"},
				"south": {"uv": [9.5, 3, 10, 3.5], "texture": "#texture"},
				"west": {"uv": [7.5, 3, 9, 3.5], "texture": "#texture"},
				"up": {"uv": [9.5, 7.5, 10, 9], "texture": "#texture"},
				"down": {"uv": [9.5, 7, 10, 8.5], "texture": "#texture"}
			}
		},
		{
			"name": "Box126",
			"from": [-4.5, 12.5, 7.5],
			"to": [-4, 13, 9],
			"faces": {
				"north": {"uv": [4, 3, 4.5, 3.5], "texture": "#texture"},
				"east": {"uv": [7, 3, 8.5, 3.5], "texture": "#texture"},
				"south": {"uv": [11.5, 3, 12, 3.5], "texture": "#texture"},
				"west": {"uv": [7.5, 3, 9, 3.5], "texture": "#texture"},
				"up": {"uv": [11.5, 7.5, 12, 9], "texture": "#texture"},
				"down": {"uv": [11.5, 7, 12, 8.5], "texture": "#texture"}
			}
		},
		{
			"name": "Box124",
			"from": [-4.5, 12, 8.75],
			"to": [-4, 13, 9.25],
			"rotation": {"angle": -22.5, "axis": "x", "origin": [-4, 12, 9.25]},
			"faces": {
				"north": {"uv": [9.5, 3, 10, 4], "texture": "#texture"},
				"east": {"uv": [7.5, 3, 8, 4], "texture": "#texture"},
				"south": {"uv": [6, 3, 6.5, 4], "texture": "#texture"},
				"west": {"uv": [8, 3, 8.5, 4], "texture": "#texture"},
				"up": {"uv": [9.5, 7.5, 10, 8], "rotation": 180, "texture": "#texture"},
				"down": {"uv": [9.5, 8, 10, 8.5], "rotation": 180, "texture": "#texture"}
			}
		},
		{
			"name": "Box124",
			"from": [-4.5, 12, 7.25],
			"to": [-4, 13, 7.75],
			"rotation": {"angle": 22.5, "axis": "x", "origin": [-4.5, 12, 7.25]},
			"faces": {
				"north": {"uv": [6, 3, 6.5, 4], "texture": "#texture"},
				"east": {"uv": [8, 3, 8.5, 4], "texture": "#texture"},
				"south": {"uv": [9.5, 3, 10, 4], "texture": "#texture"},
				"west": {"uv": [7.5, 3, 8, 4], "texture": "#texture"},
				"up": {"uv": [9.5, 7.5, 10, 8], "texture": "#texture"},
				"down": {"uv": [9.5, 8, 10, 8.5], "texture": "#texture"}
			}
		},
		{
			"name": "Box126",
			"from": [-2.5, 12.5, 7.5],
			"to": [-2, 13, 9],
			"faces": {
				"north": {"uv": [2, 3, 2.5, 3.5], "texture": "#texture"},
				"east": {"uv": [7, 3, 8.5, 3.5], "texture": "#texture"},
				"south": {"uv": [13.5, 3, 14, 3.5], "texture": "#texture"},
				"west": {"uv": [7.5, 3, 9, 3.5], "texture": "#texture"},
				"up": {"uv": [13.5, 7.5, 14, 9], "texture": "#texture"},
				"down": {"uv": [13.5, 7, 14, 8.5], "texture": "#texture"}
			}
		},
		{
			"name": "Box124",
			"from": [-2.5, 12, 8.75],
			"to": [-2, 13, 9.25],
			"rotation": {"angle": -22.5, "axis": "x", "origin": [-2, 12, 9.25]},
			"faces": {
				"north": {"uv": [9.5, 3, 10, 4], "texture": "#texture"},
				"east": {"uv": [7.5, 3, 8, 4], "texture": "#texture"},
				"south": {"uv": [6, 3, 6.5, 4], "texture": "#texture"},
				"west": {"uv": [8, 3, 8.5, 4], "texture": "#texture"},
				"up": {"uv": [9.5, 7.5, 10, 8], "rotation": 180, "texture": "#texture"},
				"down": {"uv": [9.5, 8, 10, 8.5], "rotation": 180, "texture": "#texture"}
			}
		},
		{
			"name": "Box124",
			"from": [-2.5, 12, 7.25],
			"to": [-2, 13, 7.75],
			"rotation": {"angle": 22.5, "axis": "x", "origin": [-2.5, 12, 7.25]},
			"faces": {
				"north": {"uv": [6, 3, 6.5, 4], "texture": "#texture"},
				"east": {"uv": [8, 3, 8.5, 4], "texture": "#texture"},
				"south": {"uv": [9.5, 3, 10, 4], "texture": "#texture"},
				"west": {"uv": [7.5, 3, 8, 4], "texture": "#texture"},
				"up": {"uv": [9.5, 7.5, 10, 8], "texture": "#texture"},
				"down": {"uv": [9.5, 8, 10, 8.5], "texture": "#texture"}
			}
		},
		{
			"name": "Box126",
			"from": [-0.5, 12.5, 7.5],
			"to": [0, 13, 9],
			"faces": {
				"north": {"uv": [0, 3, 0.5, 3.5], "texture": "#texture"},
				"east": {"uv": [7, 3, 8.5, 3.5], "texture": "#texture"},
				"south": {"uv": [15.5, 3, 16, 3.5], "texture": "#texture"},
				"west": {"uv": [7.5, 3, 9, 3.5], "texture": "#texture"},
				"up": {"uv": [15.5, 7.5, 16, 9], "texture": "#texture"},
				"down": {"uv": [15.5, 7, 16, 8.5], "texture": "#texture"}
			}
		},
		{
			"name": "Box124",
			"from": [-0.5, 12, 8.75],
			"to": [0, 13, 9.25],
			"rotation": {"angle": -22.5, "axis": "x", "origin": [0, 12, 9.25]},
			"faces": {
				"north": {"uv": [9.5, 3, 10, 4], "texture": "#texture"},
				"east": {"uv": [7.5, 3, 8, 4], "texture": "#texture"},
				"south": {"uv": [6, 3, 6.5, 4], "texture": "#texture"},
				"west": {"uv": [8, 3, 8.5, 4], "texture": "#texture"},
				"up": {"uv": [9.5, 7.5, 10, 8], "rotation": 180, "texture": "#texture"},
				"down": {"uv": [9.5, 8, 10, 8.5], "rotation": 180, "texture": "#texture"}
			}
		},
		{
			"name": "Box124",
			"from": [-0.5, 12, 7.25],
			"to": [0, 13, 7.75],
			"rotation": {"angle": 22.5, "axis": "x", "origin": [-0.5, 12, 7.25]},
			"faces": {
				"north": {"uv": [6, 3, 6.5, 4], "texture": "#texture"},
				"east": {"uv": [8, 3, 8.5, 4], "texture": "#texture"},
				"south": {"uv": [9.5, 3, 10, 4], "texture": "#texture"},
				"west": {"uv": [7.5, 3, 8, 4], "texture": "#texture"},
				"up": {"uv": [9.5, 7.5, 10, 8], "texture": "#texture"},
				"down": {"uv": [9.5, 8, 10, 8.5], "texture": "#texture"}
			}
		},
		{
			"name": "Box126",
			"from": [1.5, 12.5, 7.5],
			"to": [2, 13, 9],
			"faces": {
				"north": {"uv": [14, 3, 14.5, 3.5], "texture": "#texture"},
				"east": {"uv": [7, 3, 8.5, 3.5], "texture": "#texture"},
				"south": {"uv": [1.5, 3, 2, 3.5], "texture": "#texture"},
				"west": {"uv": [7.5, 3, 9, 3.5], "texture": "#texture"},
				"up": {"uv": [1.5, 7.5, 2, 9], "texture": "#texture"},
				"down": {"uv": [1.5, 7, 2, 8.5], "texture": "#texture"}
			}
		},
		{
			"name": "Box124",
			"from": [1.5, 12, 8.75],
			"to": [2, 13, 9.25],
			"rotation": {"angle": -22.5, "axis": "x", "origin": [2, 12, 9.25]},
			"faces": {
				"north": {"uv": [9.5, 3, 10, 4], "texture": "#texture"},
				"east": {"uv": [7.5, 3, 8, 4], "texture": "#texture"},
				"south": {"uv": [6, 3, 6.5, 4], "texture": "#texture"},
				"west": {"uv": [8, 3, 8.5, 4], "texture": "#texture"},
				"up": {"uv": [9.5, 7.5, 10, 8], "rotation": 180, "texture": "#texture"},
				"down": {"uv": [9.5, 8, 10, 8.5], "rotation": 180, "texture": "#texture"}
			}
		},
		{
			"name": "Box124",
			"from": [1.5, 12, 7.25],
			"to": [2, 13, 7.75],
			"rotation": {"angle": 22.5, "axis": "x", "origin": [1.5, 12, 7.25]},
			"faces": {
				"north": {"uv": [6, 3, 6.5, 4], "texture": "#texture"},
				"east": {"uv": [8, 3, 8.5, 4], "texture": "#texture"},
				"south": {"uv": [9.5, 3, 10, 4], "texture": "#texture"},
				"west": {"uv": [7.5, 3, 8, 4], "texture": "#texture"},
				"up": {"uv": [9.5, 7.5, 10, 8], "texture": "#texture"},
				"down": {"uv": [9.5, 8, 10, 8.5], "texture": "#texture"}
			}
		},
		{
			"name": "Box126",
			"from": [3.5, 12.5, 7.5],
			"to": [4, 13, 9],
			"faces": {
				"north": {"uv": [12, 3, 12.5, 3.5], "texture": "#texture"},
				"east": {"uv": [7, 3, 8.5, 3.5], "texture": "#texture"},
				"south": {"uv": [3.5, 3, 4, 3.5], "texture": "#texture"},
				"west": {"uv": [7.5, 3, 9, 3.5], "texture": "#texture"},
				"up": {"uv": [3.5, 7.5, 4, 9], "texture": "#texture"},
				"down": {"uv": [3.5, 7, 4, 8.5], "texture": "#texture"}
			}
		},
		{
			"name": "Box124",
			"from": [3.5, 12, 8.75],
			"to": [4, 13, 9.25],
			"rotation": {"angle": -22.5, "axis": "x", "origin": [4, 12, 9.25]},
			"faces": {
				"north": {"uv": [9.5, 3, 10, 4], "texture": "#texture"},
				"east": {"uv": [7.5, 3, 8, 4], "texture": "#texture"},
				"south": {"uv": [6, 3, 6.5, 4], "texture": "#texture"},
				"west": {"uv": [8, 3, 8.5, 4], "texture": "#texture"},
				"up": {"uv": [9.5, 7.5, 10, 8], "rotation": 180, "texture": "#texture"},
				"down": {"uv": [9.5, 8, 10, 8.5], "rotation": 180, "texture": "#texture"}
			}
		},
		{
			"name": "Box124",
			"from": [3.5, 12, 7.25],
			"to": [4, 13, 7.75],
			"rotation": {"angle": 22.5, "axis": "x", "origin": [3.5, 12, 7.25]},
			"faces": {
				"north": {"uv": [6, 3, 6.5, 4], "texture": "#texture"},
				"east": {"uv": [8, 3, 8.5, 4], "texture": "#texture"},
				"south": {"uv": [9.5, 3, 10, 4], "texture": "#texture"},
				"west": {"uv": [7.5, 3, 8, 4], "texture": "#texture"},
				"up": {"uv": [9.5, 7.5, 10, 8], "texture": "#texture"},
				"down": {"uv": [9.5, 8, 10, 8.5], "texture": "#texture"}
			}
		},
		{
			"name": "Box126",
			"from": [9, 12.5, 7.5],
			"to": [9.5, 13, 9],
			"faces": {
				"north": {"uv": [6.5, 3, 7, 3.5], "texture": "#texture"},
				"east": {"uv": [7, 3, 8.5, 3.5], "texture": "#texture"},
				"south": {"uv": [9, 3, 9.5, 3.5], "texture": "#texture"},
				"west": {"uv": [7.5, 3, 9, 3.5], "texture": "#texture"},
				"up": {"uv": [9, 7.5, 9.5, 9], "texture": "#texture"},
				"down": {"uv": [9, 7, 9.5, 8.5], "texture": "#texture"}
			}
		},
		{
			"name": "Box124",
			"from": [9, 12, 8.75],
			"to": [9.5, 13, 9.25],
			"rotation": {"angle": -22.5, "axis": "x", "origin": [9.5, 12, 9.25]},
			"faces": {
				"north": {"uv": [9.5, 3, 10, 4], "texture": "#texture"},
				"east": {"uv": [7.5, 3, 8, 4], "texture": "#texture"},
				"south": {"uv": [6, 3, 6.5, 4], "texture": "#texture"},
				"west": {"uv": [8, 3, 8.5, 4], "texture": "#texture"},
				"up": {"uv": [9.5, 7.5, 10, 8], "rotation": 180, "texture": "#texture"},
				"down": {"uv": [9.5, 8, 10, 8.5], "rotation": 180, "texture": "#texture"}
			}
		},
		{
			"name": "Box124",
			"from": [9, 12, 7.25],
			"to": [9.5, 13, 7.75],
			"rotation": {"angle": 22.5, "axis": "x", "origin": [9, 12, 7.25]},
			"faces": {
				"north": {"uv": [6, 3, 6.5, 4], "texture": "#texture"},
				"east": {"uv": [8, 3, 8.5, 4], "texture": "#texture"},
				"south": {"uv": [9.5, 3, 10, 4], "texture": "#texture"},
				"west": {"uv": [7.5, 3, 8, 4], "texture": "#texture"},
				"up": {"uv": [9.5, 7.5, 10, 8], "texture": "#texture"},
				"down": {"uv": [9.5, 8, 10, 8.5], "texture": "#texture"}
			}
		},
		{
			"name": "Box126",
			"from": [11, 12.5, 7.5],
			"to": [11.5, 13, 9],
			"faces": {
				"north": {"uv": [4.5, 3, 5, 3.5], "texture": "#texture"},
				"east": {"uv": [7, 3, 8.5, 3.5], "texture": "#texture"},
				"south": {"uv": [11, 3, 11.5, 3.5], "texture": "#texture"},
				"west": {"uv": [7.5, 3, 9, 3.5], "texture": "#texture"},
				"up": {"uv": [11, 7.5, 11.5, 9], "texture": "#texture"},
				"down": {"uv": [11, 7, 11.5, 8.5], "texture": "#texture"}
			}
		},
		{
			"name": "Box124",
			"from": [11, 12, 8.75],
			"to": [11.5, 13, 9.25],
			"rotation": {"angle": -22.5, "axis": "x", "origin": [11.5, 12, 9.25]},
			"faces": {
				"north": {"uv": [9.5, 3, 10, 4], "texture": "#texture"},
				"east": {"uv": [7.5, 3, 8, 4], "texture": "#texture"},
				"south": {"uv": [6, 3, 6.5, 4], "texture": "#texture"},
				"west": {"uv": [8, 3, 8.5, 4], "texture": "#texture"},
				"up": {"uv": [9.5, 7.5, 10, 8], "rotation": 180, "texture": "#texture"},
				"down": {"uv": [9.5, 8, 10, 8.5], "rotation": 180, "texture": "#texture"}
			}
		},
		{
			"name": "Box124",
			"from": [11, 12, 7.25],
			"to": [11.5, 13, 7.75],
			"rotation": {"angle": 22.5, "axis": "x", "origin": [11, 12, 7.25]},
			"faces": {
				"north": {"uv": [6, 3, 6.5, 4], "texture": "#texture"},
				"east": {"uv": [8, 3, 8.5, 4], "texture": "#texture"},
				"south": {"uv": [9.5, 3, 10, 4], "texture": "#texture"},
				"west": {"uv": [7.5, 3, 8, 4], "texture": "#texture"},
				"up": {"uv": [9.5, 7.5, 10, 8], "texture": "#texture"},
				"down": {"uv": [9.5, 8, 10, 8.5], "texture": "#texture"}
			}
		},
		{
			"name": "Box148",
			"from": [-7, 8.25, 7.75],
			"to": [-6.5, 8.75, 8.75],
			"faces": {
				"north": {"uv": [6.5, 7.25, 7, 7.75], "texture": "#texture"},
				"east": {"uv": [7.25, 7.25, 8.25, 7.75], "texture": "#texture"},
				"south": {"uv": [9, 7.25, 9.5, 7.75], "texture": "#texture"},
				"west": {"uv": [7.75, 7.25, 8.75, 7.75], "texture": "#texture"},
				"up": {"uv": [9, 7.75, 9.5, 8.75], "texture": "#texture"},
				"down": {"uv": [9, 7.25, 9.5, 8.25], "texture": "#texture"}
			}
		},
		{
			"name": "Box148",
			"from": [-5.5, 8.25, 7.75],
			"to": [-5, 8.75, 8.75],
			"faces": {
				"north": {"uv": [5, 7.25, 5.5, 7.75], "texture": "#texture"},
				"east": {"uv": [7.25, 7.25, 8.25, 7.75], "texture": "#texture"},
				"south": {"uv": [10.5, 7.25, 11, 7.75], "texture": "#texture"},
				"west": {"uv": [7.75, 7.25, 8.75, 7.75], "texture": "#texture"},
				"up": {"uv": [10.5, 7.75, 11, 8.75], "texture": "#texture"},
				"down": {"uv": [10.5, 7.25, 11, 8.25], "texture": "#texture"}
			}
		},
		{
			"name": "Box148",
			"from": [-4, 8.25, 7.75],
			"to": [-3.5, 8.75, 8.75],
			"faces": {
				"north": {"uv": [3.5, 7.25, 4, 7.75], "texture": "#texture"},
				"east": {"uv": [7.25, 7.25, 8.25, 7.75], "texture": "#texture"},
				"south": {"uv": [12, 7.25, 12.5, 7.75], "texture": "#texture"},
				"west": {"uv": [7.75, 7.25, 8.75, 7.75], "texture": "#texture"},
				"up": {"uv": [12, 7.75, 12.5, 8.75], "texture": "#texture"},
				"down": {"uv": [12, 7.25, 12.5, 8.25], "texture": "#texture"}
			}
		},
		{
			"name": "Box148",
			"from": [-2.5, 8.25, 7.75],
			"to": [-2, 8.75, 8.75],
			"faces": {
				"north": {"uv": [2, 7.25, 2.5, 7.75], "texture": "#texture"},
				"east": {"uv": [7.25, 7.25, 8.25, 7.75], "texture": "#texture"},
				"south": {"uv": [13.5, 7.25, 14, 7.75], "texture": "#texture"},
				"west": {"uv": [7.75, 7.25, 8.75, 7.75], "texture": "#texture"},
				"up": {"uv": [13.5, 7.75, 14, 8.75], "texture": "#texture"},
				"down": {"uv": [13.5, 7.25, 14, 8.25], "texture": "#texture"}
			}
		},
		{
			"name": "Box148",
			"from": [-1, 8.25, 7.75],
			"to": [-0.5, 8.75, 8.75],
			"faces": {
				"north": {"uv": [0.5, 7.25, 1, 7.75], "texture": "#texture"},
				"east": {"uv": [7.25, 7.25, 8.25, 7.75], "texture": "#texture"},
				"south": {"uv": [15, 7.25, 15.5, 7.75], "texture": "#texture"},
				"west": {"uv": [7.75, 7.25, 8.75, 7.75], "texture": "#texture"},
				"up": {"uv": [15, 7.75, 15.5, 8.75], "texture": "#texture"},
				"down": {"uv": [15, 7.25, 15.5, 8.25], "texture": "#texture"}
			}
		},
		{
			"name": "Box148",
			"from": [0.5, 8.25, 7.75],
			"to": [1, 8.75, 8.75],
			"faces": {
				"north": {"uv": [15, 7.25, 15.5, 7.75], "texture": "#texture"},
				"east": {"uv": [7.25, 7.25, 8.25, 7.75], "texture": "#texture"},
				"south": {"uv": [0.5, 7.25, 1, 7.75], "texture": "#texture"},
				"west": {"uv": [7.75, 7.25, 8.75, 7.75], "texture": "#texture"},
				"up": {"uv": [0.5, 7.75, 1, 8.75], "texture": "#texture"},
				"down": {"uv": [0.5, 7.25, 1, 8.25], "texture": "#texture"}
			}
		},
		{
			"name": "Box148",
			"from": [2, 8.25, 7.75],
			"to": [2.5, 8.75, 8.75],
			"faces": {
				"north": {"uv": [13.5, 7.25, 14, 7.75], "texture": "#texture"},
				"east": {"uv": [7.25, 7.25, 8.25, 7.75], "texture": "#texture"},
				"south": {"uv": [2, 7.25, 2.5, 7.75], "texture": "#texture"},
				"west": {"uv": [7.75, 7.25, 8.75, 7.75], "texture": "#texture"},
				"up": {"uv": [2, 7.75, 2.5, 8.75], "texture": "#texture"},
				"down": {"uv": [2, 7.25, 2.5, 8.25], "texture": "#texture"}
			}
		},
		{
			"name": "Box155",
			"from": [9.125, 14.75, 8.25],
			"to": [9.25, 15.125, 8.375],
			"rotation": {"angle": 45, "axis": "x", "origin": [9.125, 15.125, 8.25]},
			"faces": {
				"north": {"uv": [14, 7, 15, 8.5], "rotation": 180, "texture": "#texture2"},
				"east": {"uv": [13, 8.5, 12.5, 7], "texture": "#texture2"},
				"south": {"uv": [1, 7, 2, 8.5], "rotation": 180, "texture": "#texture2"},
				"west": {"uv": [3.5, 8.5, 3, 7], "texture": "#texture2"},
				"up": {"uv": [12.5, 1, 13, 2], "rotation": 90, "texture": "#texture2"},
				"down": {"uv": [12.5, 14, 13, 15], "rotation": 270, "texture": "#texture2"}
			}
		},
		{
			"name": "Box155",
			"from": [9.125, 14.75, 8.125],
			"to": [9.25, 15.125, 8.25],
			"rotation": {"angle": -45, "axis": "x", "origin": [9.25, 15.125, 8.25]},
			"faces": {
				"north": {"uv": [1, 7, 2, 8.5], "rotation": 180, "texture": "#texture2"},
				"east": {"uv": [3.5, 8.5, 3, 7], "texture": "#texture2"},
				"south": {"uv": [14, 7, 15, 8.5], "rotation": 180, "texture": "#texture2"},
				"west": {"uv": [13, 8.5, 12.5, 7], "texture": "#texture2"},
				"up": {"uv": [12.5, 1, 13, 2], "rotation": 270, "texture": "#texture2"},
				"down": {"uv": [12.5, 14, 13, 15], "rotation": 90, "texture": "#texture2"}
			}
		},
		{
			"name": "Box158",
			"from": [8.625, 17.375, 8.125],
			"to": [8.875, 17.625, 8.375],
			"faces": {
				"north": {"uv": [7.125, 14.375, 7.375, 14.625], "texture": "#texture2"},
				"east": {"uv": [7.625, 14.375, 7.875, 14.625], "texture": "#texture2"},
				"south": {"uv": [8.625, 14.375, 8.875, 14.625], "texture": "#texture2"},
				"west": {"uv": [8.125, 14.375, 8.375, 14.625], "texture": "#texture2"},
				"up": {"uv": [8.625, 8.125, 8.875, 8.375], "texture": "#texture2"},
				"down": {"uv": [8.625, 7.625, 8.875, 7.875], "texture": "#texture2"}
			}
		},
		{
			"name": "Box159",
			"from": [5, 10.5, 9.5],
			"to": [6, 11.5, 10.5],
			"faces": {
				"north": {"uv": [10, 4.5, 11, 5.5], "texture": "#texture"},
				"east": {"uv": [5.5, 4.5, 6.5, 5.5], "texture": "#texture"},
				"south": {"uv": [5, 4.5, 6, 5.5], "texture": "#texture"},
				"west": {"uv": [9.5, 4.5, 10.5, 5.5], "texture": "#texture"},
				"up": {"uv": [5, 9.5, 6, 10.5], "texture": "#texture"},
				"down": {"uv": [5, 5.5, 6, 6.5], "texture": "#texture"}
			}
		},
		{
			"name": "Box159",
			"from": [6, 10.5, 9.5],
			"to": [7, 11.5, 10.5],
			"rotation": {"angle": -22.5, "axis": "z", "origin": [6, 11.5, 10.5]},
			"faces": {
				"north": {"uv": [7.5, 5.5, 6.5, 4.5], "texture": "#texture"},
				"east": {"uv": [5.5, 4.5, 6.5, 5.5], "rotation": 180, "texture": "#texture"},
				"south": {"uv": [9.5, 5.5, 8.5, 4.5], "texture": "#texture"},
				"west": {"uv": [9.5, 4.5, 10.5, 5.5], "rotation": 180, "texture": "#texture"},
				"up": {"uv": [6.5, 5.5, 7.5, 6.5], "texture": "#texture"},
				"down": {"uv": [6.5, 9.5, 7.5, 10.5], "texture": "#texture"}
			}
		},
		{
			"name": "Box161",
			"from": [4.5, 10.125, 10.5],
			"to": [7.5, 11.625, 12],
			"faces": {
				"north": {"uv": [8.5, 4.375, 11.5, 5.875], "texture": "#texture"},
				"east": {"uv": [4, 4.375, 5.5, 5.875], "texture": "#texture2"},
				"south": {"uv": [4.5, 4.375, 7.5, 5.875], "texture": "#texture"},
				"west": {"uv": [10.5, 4.375, 12, 5.875], "texture": "#texture"},
				"up": {"uv": [4.5, 10.5, 7.5, 12], "texture": "#texture"},
				"down": {"uv": [4.5, 4, 7.5, 5.5], "texture": "#texture"}
			}
		},
		{
			"name": "Box162",
			"from": [7.5, 10.125, 10.5],
			"to": [8, 10.625, 12],
			"faces": {
				"north": {"uv": [8, 5.375, 8.5, 5.875], "texture": "#texture"},
				"east": {"uv": [4, 5.375, 5.5, 5.875], "texture": "#texture"},
				"south": {"uv": [7.5, 5.375, 8, 5.875], "texture": "#texture"},
				"west": {"uv": [10.5, 5.375, 12, 5.875], "texture": "#texture"},
				"up": {"uv": [7.5, 10.5, 8, 12], "texture": "#texture"},
				"down": {"uv": [7.5, 4, 8, 5.5], "texture": "#texture"}
			}
		},
		{
			"name": "Box163",
			"from": [7.5, 10.625, 10.5],
			"to": [8, 11.125, 11],
			"faces": {
				"north": {"uv": [8, 4.875, 8.5, 5.375], "texture": "#texture"},
				"east": {"uv": [5, 4.875, 5.5, 5.375], "texture": "#texture"},
				"south": {"uv": [7.5, 4.875, 8, 5.375], "texture": "#texture"},
				"west": {"uv": [10.5, 4.875, 11, 5.375], "texture": "#texture"},
				"up": {"uv": [7.5, 10.5, 8, 11], "texture": "#texture"},
				"down": {"uv": [7.5, 5, 8, 5.5], "texture": "#texture"}
			}
		},
		{
			"name": "Box163",
			"from": [7.5, 10.625, 11.5],
			"to": [8, 11.125, 12],
			"faces": {
				"north": {"uv": [8, 4.875, 8.5, 5.375], "texture": "#texture"},
				"east": {"uv": [4, 4.875, 4.5, 5.375], "texture": "#texture"},
				"south": {"uv": [7.5, 4.875, 8, 5.375], "texture": "#texture"},
				"west": {"uv": [11.5, 4.875, 12, 5.375], "texture": "#texture"},
				"up": {"uv": [7.5, 11.5, 8, 12], "texture": "#texture"},
				"down": {"uv": [7.5, 4, 8, 4.5], "texture": "#texture"}
			}
		},
		{
			"name": "Box162",
			"from": [7.5, 11.125, 10.5],
			"to": [8, 11.625, 12],
			"faces": {
				"north": {"uv": [8, 4.375, 8.5, 4.875], "texture": "#texture"},
				"east": {"uv": [4, 4.375, 5.5, 4.875], "texture": "#texture"},
				"south": {"uv": [7.5, 4.375, 8, 4.875], "texture": "#texture"},
				"west": {"uv": [10.5, 4.375, 12, 4.875], "texture": "#texture"},
				"up": {"uv": [7.5, 10.5, 8, 12], "texture": "#texture"},
				"down": {"uv": [7.5, 4, 8, 5.5], "texture": "#texture"}
			}
		}
	],
	"overrides": [
		{"predicate": {"damaged": 0, "damage": 0}, "model": "item/wooden_shovel"},
		{"_cmd_": "give @p minecraft:wooden_shovel 1 1 {Unbreakable:1}", "predicate": {"damaged": 0, "damage": 0.01667}, "model": "item/falcon_aim"},
		{"predicate": {"damaged": 1, "damage": 0}, "model": "item/wooden_shovel"}
	],
	"display": {
		"thirdperson_righthand": {
			"rotation": [0, -90, 0],
			"translation": [0, -0.695, 0],
			"scale": [0.6, 0.6, 0.6]
		},
		"thirdperson_lefthand": {
			"rotation": [0, 90, 0],
			"translation": [0, -0.695, 0],
			"scale": [0.6, 0.6, 0.6]
		},
		"firstperson_righthand": {
			"rotation": [0, -90, 0],
			"translation": [-1.39, -0.695, -3.478]
		},
		"firstperson_lefthand": {
			"rotation": [0, 90, 0],
			"translation": [-1.39, -0.695, -3.478]
		},
		"ground": {
			"rotation": [-90, 0, 0],
			"scale": [0.6, 0.6, 0.6]
		},
		"gui": {
			"rotation": [19, 35, -17],
			"translation": [0.6956, 0, 0],
			"scale": [0.5, 0.5, 0.5]
		},
		"head": {
			"translation": [1.75, 0.25, 0],
			"scale": [0.8, 0.8, 0.8]
		},
		"fixed": {
			"rotation": [0, 180, 0],
			"translation": [-3.478, 0, 0]
		}
	}
}