{
	"credit": "Made by SrDarmith - YouTube: Mainclay",
	"textures": {
		"1": "itemm/darkwood1",
		"particle": "itemm/darkwood1",
		"texture": "itemm/anvil_1"
	},
	"elements": [
		{
			"name": "Element",
			"from": [4, 8.45, 7.375],
			"to": [11.5, 10.1, 8.625],
			"rotation": {"angle": 0, "axis": "y", "origin": [8, -6.525, -0.375]},
			"faces": {
				"north": {"uv": [9, 5, 15, 6.75], "texture": "#1"},
				"east": {"uv": [0, 0, 0, 0], "texture": "#1"},
				"south": {"uv": [1, 0, 7, 1.75], "texture": "#1"},
				"west": {"uv": [1, 0, 2.5, 1.75], "texture": "#1"},
				"up": {"uv": [1, 0, 7, 1.5], "texture": "#1"},
				"down": {"uv": [1, 0, 7, 1.5], "texture": "#1"}
			}
		},
		{
			"name": "Element",
			"from": [3.75, 8.7, 7.275],
			"to": [11.5, 9.85, 8.725],
			"rotation": {"angle": 0, "axis": "y", "origin": [8, -6.525, -0.375]},
			"faces": {
				"north": {"uv": [9, 5, 15, 6.75], "texture": "#1"},
				"east": {"uv": [0, 0, 0, 0], "texture": "#1"},
				"south": {"uv": [1, 0, 7, 1.75], "texture": "#1"},
				"west": {"uv": [1, 0, 2.5, 1.75], "texture": "#1"},
				"up": {"uv": [1, 0, 7, 1.5], "texture": "#1"},
				"down": {"uv": [1, 0, 7, 1.5], "texture": "#1"}
			}
		},
		{
			"name": "Element",
			"from": [-2.975, 10.15, 7.725],
			"to": [12.225, 10.35, 8.275],
			"rotation": {"angle": 0, "axis": "y", "origin": [8, -6, 0]},
			"faces": {
				"north": {"uv": [16, 5.75, 15, 6], "texture": "#texture"},
				"east": {"uv": [7.75, 5.75, 8.25, 6], "texture": "#texture"},
				"south": {"uv": [0, 5.75, 1, 6], "texture": "#texture"},
				"west": {"uv": [7.75, 5.75, 8.25, 6], "texture": "#texture", "cullface": "west"},
				"up": {"uv": [0, 7.75, 1, 8.25], "texture": "#texture"},
				"down": {"uv": [16, 8.25, 15, 7.75], "texture": "#texture"}
			}
		},
		{
			"name": "Element",
			"from": [-2.975, 9.55, 7.475],
			"to": [12.225, 10.15, 7.725],
			"rotation": {"angle": 0, "axis": "y", "origin": [8, -6, 0]},
			"faces": {
				"north": {"uv": [0, 7.75, 1, 8.25], "rotation": 180, "texture": "#texture"},
				"east": {"uv": [7.75, 5.75, 8.25, 6], "rotation": 90, "texture": "#texture"},
				"south": {"uv": [16, 8.25, 15, 7.75], "texture": "#texture"},
				"west": {"uv": [7.75, 5.75, 8.25, 6], "rotation": 270, "texture": "#texture", "cullface": "west"},
				"up": {"uv": [0, 5.75, 1, 6], "texture": "#texture"},
				"down": {"uv": [16, 5.75, 15, 6], "rotation": 180, "texture": "#texture"}
			}
		},
		{
			"name": "Element",
			"from": [-2.975, 9.55, 8.275],
			"to": [12.225, 10.15, 8.525],
			"rotation": {"angle": 0, "axis": "y", "origin": [8, -6, 0]},
			"faces": {
				"north": {"uv": [0, 7.75, 1, 8.25], "rotation": 180, "texture": "#texture"},
				"east": {"uv": [7.75, 5.75, 8.25, 6], "rotation": 90, "texture": "#texture"},
				"south": {"uv": [16, 8.25, 15, 7.75], "texture": "#texture"},
				"west": {"uv": [7.75, 5.75, 8.25, 6], "rotation": 270, "texture": "#texture", "cullface": "west"},
				"up": {"uv": [0, 5.75, 1, 6], "texture": "#texture"},
				"down": {"uv": [16, 5.75, 15, 6], "rotation": 180, "texture": "#texture"}
			}
		},
		{
			"name": "Element",
			"from": [-2.975, 9.3, 7.725],
			"to": [12.225, 9.55, 8.275],
			"rotation": {"angle": 0, "axis": "y", "origin": [8, -6, 0]},
			"faces": {
				"north": {"uv": [16, 5.75, 15, 6], "texture": "#texture"},
				"east": {"uv": [7.75, 5.75, 8.25, 6], "texture": "#texture"},
				"south": {"uv": [0, 5.75, 1, 6], "texture": "#texture"},
				"west": {"uv": [7.75, 5.75, 8.25, 6], "texture": "#texture", "cullface": "west"},
				"up": {"uv": [0, 7.75, 1, 8.25], "texture": "#texture"},
				"down": {"uv": [16, 8.25, 15, 7.75], "texture": "#texture"}
			}
		},
		{
			"name": "Element",
			"from": [0.525, 8.2, 7.725],
			"to": [11.975, 9.2, 8.275],
			"rotation": {"angle": 0, "axis": "y", "origin": [8, -6, 0]},
			"faces": {
				"north": {"uv": [16, 5.75, 15, 6], "texture": "#texture"},
				"east": {"uv": [7.75, 5.75, 8.25, 6], "texture": "#texture"},
				"south": {"uv": [0, 5.75, 1, 6], "texture": "#texture"},
				"west": {"uv": [7.75, 5.75, 8.25, 6], "texture": "#texture", "cullface": "west"},
				"up": {"uv": [0, 7.75, 1, 8.25], "texture": "#texture"},
				"down": {"uv": [16, 8.25, 15, 7.75], "texture": "#texture"}
			}
		},
		{
			"name": "Element",
			"from": [0.525, 8.4, 7.475],
			"to": [11.975, 9, 8.525],
			"rotation": {"angle": 0, "axis": "y", "origin": [8, -6, 0]},
			"faces": {
				"north": {"uv": [0, 7.75, 1, 8.25], "rotation": 180, "texture": "#texture"},
				"east": {"uv": [7.75, 5.75, 8.25, 6], "rotation": 90, "texture": "#texture"},
				"south": {"uv": [16, 8.25, 15, 7.75], "texture": "#texture"},
				"west": {"uv": [7.75, 5.75, 8.25, 6], "rotation": 270, "texture": "#texture", "cullface": "west"},
				"up": {"uv": [0, 5.75, 1, 6], "texture": "#texture"},
				"down": {"uv": [16, 5.75, 15, 6], "rotation": 180, "texture": "#texture"}
			}
		},
		{
			"from": [0.275, 8.525, 7.575],
			"to": [0.775, 10.45, 8.425],
			"rotation": {"angle": 0, "axis": "y", "origin": [8, -19.6, -0.375]},
			"faces": {
				"north": {"uv": [14, 14, 16, 12], "texture": "#texture"},
				"east": {"uv": [14, 14, 16, 12], "texture": "#texture"},
				"south": {"uv": [14, 14, 16, 12], "texture": "#texture"},
				"west": {"uv": [14, 14, 16, 12], "texture": "#texture"},
				"up": {"uv": [14, 14, 16, 12], "texture": "#texture"},
				"down": {"uv": [14, 14, 16, 12], "texture": "#texture"}
			}
		},
		{
			"from": [0.275, 9.425, 7.3],
			"to": [0.775, 10.25, 8.675],
			"rotation": {"angle": 0, "axis": "y", "origin": [8, -19.6, -0.375]},
			"faces": {
				"north": {"uv": [14, 14, 16, 12], "texture": "#texture", "cullface": "west"},
				"east": {"uv": [14, 14, 16, 12], "texture": "#texture", "cullface": "west"},
				"south": {"uv": [14, 14, 16, 12], "texture": "#texture", "cullface": "west"},
				"west": {"uv": [14, 14, 16, 12], "texture": "#texture", "cullface": "west"},
				"up": {"uv": [14, 14, 16, 12], "texture": "#texture", "cullface": "west"},
				"down": {"uv": [14, 14, 16, 12], "texture": "#texture", "cullface": "west"}
			}
		},
		{
			"from": [11.5, 8.125, 7.525],
			"to": [12.325, 10.425, 8.475],
			"rotation": {"angle": 0, "axis": "y", "origin": [8, -6.6, -0.375]},
			"faces": {
				"north": {"uv": [13, 16, 16, 13], "texture": "#texture"},
				"east": {"uv": [16, 16, 13, 13], "texture": "#texture"},
				"south": {"uv": [16, 16, 13, 13], "texture": "#texture"},
				"west": {"uv": [16, 16, 13, 13], "texture": "#texture"},
				"up": {"uv": [16, 16, 13, 13], "texture": "#texture"},
				"down": {"uv": [16, 16, 13, 13], "texture": "#texture"}
			}
		},
		{
			"from": [11.5, 8.325, 7.275],
			"to": [14.25, 10.2, 8.725],
			"rotation": {"angle": 0, "axis": "y", "origin": [8, -6.6, -0.375]},
			"faces": {
				"north": {"uv": [13, 16, 16, 13], "texture": "#texture"},
				"east": {"uv": [16, 16, 13, 13], "texture": "#texture"},
				"south": {"uv": [16, 16, 13, 13], "texture": "#texture"},
				"west": {"uv": [16, 16, 13, 13], "texture": "#texture"},
				"up": {"uv": [16, 16, 13, 13], "texture": "#texture"},
				"down": {"uv": [16, 16, 13, 13], "texture": "#texture"}
			}
		},
		{
			"name": "Element",
			"from": [11.25, 8.7, 7.4],
			"to": [11.75, 9.85, 8.6],
			"rotation": {"angle": 0, "axis": "y", "origin": [8, -6.525, -0.375]},
			"faces": {
				"north": {"uv": [7, 4, 10, 6], "texture": "#texture"},
				"east": {"uv": [10, 4, 7, 6], "texture": "#texture"},
				"south": {"uv": [10, 4, 7, 6], "texture": "#texture"},
				"west": {"uv": [10, 4, 7, 6], "texture": "#texture"},
				"up": {"uv": [10, 4, 7, 6], "texture": "#texture"},
				"down": {"uv": [10, 4, 7, 6], "texture": "#texture"}
			}
		},
		{
			"from": [12.125, 7.8, 7.275],
			"to": [14.25, 8.325, 8.725],
			"rotation": {"angle": 0, "axis": "y", "origin": [8, -6.6, -0.375]},
			"faces": {
				"north": {"uv": [13, 16, 16, 13], "texture": "#texture"},
				"east": {"uv": [16, 16, 13, 13], "texture": "#texture"},
				"south": {"uv": [16, 16, 13, 13], "texture": "#texture"},
				"west": {"uv": [16, 16, 13, 13], "texture": "#texture"},
				"up": {"uv": [16, 16, 13, 13], "texture": "#texture"},
				"down": {"uv": [16, 16, 13, 13], "texture": "#texture"}
			}
		},
		{
			"from": [12.875, 7.425, 7.275],
			"to": [14.25, 7.8, 8.725],
			"rotation": {"angle": 0, "axis": "y", "origin": [8, -6.6, -0.375]},
			"faces": {
				"north": {"uv": [13, 16, 16, 13], "texture": "#texture"},
				"east": {"uv": [16, 16, 13, 13], "texture": "#texture"},
				"south": {"uv": [16, 16, 13, 13], "texture": "#texture"},
				"west": {"uv": [16, 16, 13, 13], "texture": "#texture"},
				"up": {"uv": [16, 16, 13, 13], "texture": "#texture"},
				"down": {"uv": [16, 16, 13, 13], "texture": "#texture"}
			}
		},
		{
			"from": [14.25, 7.425, 7.275],
			"to": [14.75, 9.95, 8.725],
			"rotation": {"angle": 0, "axis": "y", "origin": [8, -6.6, -0.375]},
			"faces": {
				"north": {"uv": [15, 15, 16, 12], "texture": "#texture"},
				"east": {"uv": [16, 15, 15, 12], "texture": "#texture"},
				"south": {"uv": [16, 15, 15, 12], "texture": "#texture"},
				"west": {"uv": [16, 15, 15, 12], "texture": "#texture"},
				"up": {"uv": [16, 15, 15, 12], "texture": "#texture"},
				"down": {"uv": [16, 15, 15, 12], "texture": "#texture"}
			}
		},
		{
			"from": [14.75, 7.425, 7.275],
			"to": [15, 9.95, 8.725],
			"rotation": {"angle": 0, "axis": "y", "origin": [8, -6.6, -0.375]},
			"faces": {
				"north": {"uv": [15, 15, 16, 12], "texture": "#texture"},
				"east": {"uv": [16, 15, 15, 12], "texture": "#texture"},
				"south": {"uv": [16, 15, 15, 12], "texture": "#texture"},
				"west": {"uv": [16, 15, 15, 12], "texture": "#texture"},
				"up": {"uv": [16, 15, 15, 12], "texture": "#texture"},
				"down": {"uv": [16, 15, 15, 12], "texture": "#texture"}
			}
		},
		{
			"from": [15, 7.425, 7.275],
			"to": [15.25, 9.8, 8.725],
			"rotation": {"angle": 0, "axis": "y", "origin": [8, -6.6, -0.375]},
			"faces": {
				"north": {"uv": [15, 15, 16, 12], "texture": "#texture"},
				"east": {"uv": [16, 15, 15, 12], "texture": "#texture"},
				"south": {"uv": [16, 15, 15, 12], "texture": "#texture"},
				"west": {"uv": [16, 15, 15, 12], "texture": "#texture"},
				"up": {"uv": [16, 15, 15, 12], "texture": "#texture"},
				"down": {"uv": [16, 15, 15, 12], "texture": "#texture"}
			}
		},
		{
			"from": [15.25, 7.425, 7.275],
			"to": [15.5, 9.55, 8.725],
			"rotation": {"angle": 0, "axis": "y", "origin": [8, -6.6, -0.375]},
			"faces": {
				"north": {"uv": [15, 15, 16, 12], "texture": "#texture"},
				"east": {"uv": [16, 15, 15, 12], "texture": "#texture"},
				"south": {"uv": [16, 15, 15, 12], "texture": "#texture"},
				"west": {"uv": [16, 15, 15, 12], "texture": "#texture"},
				"up": {"uv": [16, 15, 15, 12], "texture": "#texture"},
				"down": {"uv": [16, 15, 15, 12], "texture": "#texture"}
			}
		},
		{
			"from": [15.75, 7.425, 7.275],
			"to": [16.25, 8.95, 8.725],
			"rotation": {"angle": 0, "axis": "y", "origin": [8, -6.6, -0.375]},
			"faces": {
				"north": {"uv": [13, 16, 16, 13], "texture": "#texture"},
				"east": {"uv": [16, 16, 13, 13], "texture": "#texture"},
				"south": {"uv": [16, 16, 13, 13], "texture": "#texture"},
				"west": {"uv": [16, 16, 13, 13], "texture": "#texture"},
				"up": {"uv": [16, 16, 13, 13], "texture": "#texture"},
				"down": {"uv": [16, 16, 13, 13], "texture": "#texture"}
			}
		},
		{
			"from": [15.5, 7.425, 7.275],
			"to": [15.75, 9.15, 8.725],
			"rotation": {"angle": 0, "axis": "y", "origin": [8, -6.6, -0.375]},
			"faces": {
				"north": {"uv": [15, 15, 16, 12], "texture": "#texture"},
				"east": {"uv": [16, 15, 15, 12], "texture": "#texture"},
				"south": {"uv": [16, 15, 15, 12], "texture": "#texture"},
				"west": {"uv": [16, 15, 15, 12], "texture": "#texture"},
				"up": {"uv": [16, 15, 15, 12], "texture": "#texture"},
				"down": {"uv": [16, 15, 15, 12], "texture": "#texture"}
			}
		},
		{
			"from": [14.4822, 4.175, 7.425],
			"to": [16.9322, 5.775, 8.575],
			"rotation": {"angle": -22.5, "axis": "z", "origin": [23.2822, 2.975, 6.9]},
			"faces": {
				"north": {"uv": [11.75, 5, 15, 6.75], "texture": "#1", "cullface": "east"},
				"east": {"uv": [7.25, 6.75, 8.75, 8.5], "texture": "#1", "cullface": "east"},
				"south": {"uv": [15, 5, 11.75, 6.75], "texture": "#1", "cullface": "east"},
				"west": {"uv": [7.25, 6.75, 8.75, 8.5], "texture": "#1", "cullface": "east"},
				"up": {"uv": [11.75, 0, 15, 1.5], "texture": "#1", "cullface": "east"},
				"down": {"uv": [11.75, 0, 15, 1.5], "texture": "#1", "cullface": "east"}
			}
		},
		{
			"from": [17.3572, 3.15, 7.425],
			"to": [18.9572, 3.3, 8.575],
			"rotation": {"angle": -45, "axis": "z", "origin": [23.2822, 2.975, 6.9]},
			"faces": {
				"north": {"uv": [11.75, 5, 15, 6.75], "texture": "#1", "cullface": "east"},
				"east": {"uv": [7.25, 6.75, 8.75, 8.5], "texture": "#1", "cullface": "east"},
				"south": {"uv": [15, 5, 11.75, 6.75], "texture": "#1", "cullface": "east"},
				"west": {"uv": [7.25, 6.75, 8.75, 8.5], "texture": "#1", "cullface": "east"},
				"up": {"uv": [11.75, 0, 15, 1.5], "texture": "#1", "cullface": "east"},
				"down": {"uv": [11.75, 0, 15, 1.5], "texture": "#1", "cullface": "east"}
			}
		},
		{
			"from": [13.575, 6.325, 7.675],
			"to": [13.825, 7.575, 8.325],
			"rotation": {"angle": 0, "axis": "y", "origin": [-2.175, -0.675, 0.375]},
			"faces": {
				"north": {"uv": [0, 8, 0.25, 9], "texture": "#texture"},
				"east": {"uv": [7.5, 8, 8.5, 9], "texture": "#texture", "cullface": "east"},
				"south": {"uv": [15.75, 8, 16, 9], "texture": "#texture"},
				"west": {"uv": [7.5, 8, 8.5, 9], "texture": "#texture"},
				"down": {"uv": [0.25, 8.5, 0, 7.5], "texture": "#texture"}
			}
		},
		{
			"from": [13.825, 6.325, 7.675],
			"to": [14.075, 6.575, 8.325],
			"rotation": {"angle": 0, "axis": "y", "origin": [-2.175, -0.675, 0.375]},
			"faces": {
				"north": {"uv": [0, 8.75, 1, 9], "texture": "#texture", "cullface": "east"},
				"east": {"uv": [7.5, 8.75, 8.5, 9], "texture": "#texture", "cullface": "east"},
				"south": {"uv": [16, 8.75, 15, 9], "texture": "#texture", "cullface": "east"},
				"up": {"uv": [16, 7.5, 15, 8.5], "texture": "#texture", "cullface": "east"}
			}
		},
		{
			"from": [13.825, 6.075, 7.675],
			"to": [15.325, 6.325, 8.325],
			"rotation": {"angle": 0, "axis": "y", "origin": [-2.175, -0.675, 0.375]},
			"faces": {
				"north": {"uv": [0, 9, 1, 9.25], "texture": "#texture", "cullface": "east"},
				"east": {"uv": [7.5, 9, 8.5, 9.25], "texture": "#texture", "cullface": "east"},
				"south": {"uv": [16, 9, 15, 9.25], "texture": "#texture", "cullface": "east"},
				"west": {"uv": [7.5, 9, 8.5, 9.25], "texture": "#texture", "cullface": "east"},
				"up": {"uv": [16, 7.5, 15, 8.5], "texture": "#texture", "cullface": "east"},
				"down": {"uv": [0, 8.5, 1, 7.5], "texture": "#texture", "cullface": "east"}
			}
		},
		{
			"from": [15.15, 6.65, 7.8],
			"to": [15.4, 7.9, 8.2],
			"rotation": {"angle": -22.5, "axis": "z", "origin": [15.075, 7.825, 8.25]},
			"faces": {
				"north": {"uv": [0, 12, 1, 13.25], "texture": "#texture", "cullface": "east"},
				"east": {"uv": [7.5, 12, 8.5, 13.25], "texture": "#texture", "cullface": "east"},
				"south": {"uv": [16, 12, 15, 13.25], "texture": "#texture", "cullface": "east"},
				"west": {"uv": [7.5, 12, 8.5, 13.25], "texture": "#texture", "cullface": "east"},
				"up": {"uv": [16, 7.5, 15, 8.5], "texture": "#texture", "cullface": "east"},
				"down": {"uv": [0, 12, 1, 13], "texture": "#texture"}
			}
		},
		{
			"from": [15.325, 6.575, 7.675],
			"to": [15.575, 7.575, 8.325],
			"rotation": {"angle": 0, "axis": "y", "origin": [-2.175, -0.675, 0.375]},
			"faces": {
				"north": {"uv": [0, 8.5, 1, 8.75], "texture": "#texture", "cullface": "east"},
				"east": {"uv": [0, 8, 1, 9], "texture": "#texture"},
				"south": {"uv": [16, 8.5, 15, 8.75], "texture": "#texture", "cullface": "east"},
				"west": {"uv": [7.5, 8.5, 8.5, 8.75], "texture": "#texture", "cullface": "east"},
				"up": {"uv": [16, 7.5, 15, 8.5], "texture": "#texture", "cullface": "east"}
			}
		},
		{
			"from": [15.075, 6.325, 7.675],
			"to": [15.575, 6.575, 8.325],
			"rotation": {"angle": 0, "axis": "y", "origin": [-2.175, -0.675, 0.375]},
			"faces": {
				"north": {"uv": [0, 8.75, 1, 9], "texture": "#texture", "cullface": "east"},
				"east": {"uv": [0, 8, 1, 9], "texture": "#texture"},
				"south": {"uv": [16, 8.75, 15, 9], "texture": "#texture", "cullface": "east"},
				"west": {"uv": [7.5, 8.75, 8.5, 9], "texture": "#texture", "cullface": "east"},
				"up": {"uv": [16, 7.5, 15, 8.5], "texture": "#texture", "cullface": "east"},
				"down": {"uv": [0, 8.5, 1, 7.5], "texture": "#texture", "cullface": "east"}
			}
		},
		{
			"from": [11.325, 12.325, 7.675],
			"to": [13.9, 12.575, 8.325],
			"rotation": {"angle": -22.5, "axis": "z", "origin": [-2.175, -0.675, 0.375]},
			"faces": {
				"north": {"uv": [0, 9, 1, 9.25], "texture": "#texture", "cullface": "east"},
				"east": {"uv": [7.5, 9, 8.5, 9.25], "texture": "#texture", "cullface": "east"},
				"south": {"uv": [16, 9, 15, 9.25], "texture": "#texture", "cullface": "east"},
				"west": {"uv": [7.5, 9, 8.5, 9.25], "texture": "#texture", "cullface": "east"},
				"up": {"uv": [16, 7.5, 15, 8.5], "texture": "#texture", "cullface": "east"},
				"down": {"uv": [0, 8.5, 1, 7.5], "texture": "#texture", "cullface": "east"}
			}
		},
		{
			"from": [13.9, 12.575, 7.675],
			"to": [14.15, 13.4, 8.325],
			"rotation": {"angle": -22.5, "axis": "z", "origin": [-2.175, -0.675, 0.375]},
			"faces": {
				"north": {"uv": [0, 9, 1, 9.25], "texture": "#texture", "cullface": "east"},
				"east": {"uv": [7.5, 9, 8.5, 9.25], "texture": "#texture", "cullface": "east"},
				"south": {"uv": [16, 9, 15, 9.25], "texture": "#texture", "cullface": "east"},
				"west": {"uv": [7.5, 9, 8.5, 9.25], "texture": "#texture", "cullface": "east"},
				"up": {"uv": [16, 7.5, 15, 8.5], "texture": "#texture", "cullface": "east"},
				"down": {"uv": [0, 8.5, 1, 7.5], "texture": "#texture", "cullface": "east"}
			}
		},
		{
			"from": [11.075, 13.4, 7.675],
			"to": [13.9, 13.5, 8.325],
			"rotation": {"angle": -22.5, "axis": "z", "origin": [-2.175, -0.675, 0.375]},
			"faces": {
				"north": {"uv": [0, 9, 1, 9.25], "texture": "#texture", "cullface": "east"},
				"east": {"uv": [7.5, 9, 8.5, 9.25], "texture": "#texture", "cullface": "east"},
				"south": {"uv": [16, 9, 15, 9.25], "texture": "#texture", "cullface": "east"},
				"west": {"uv": [7.5, 9, 8.5, 9.25], "texture": "#texture", "cullface": "east"},
				"up": {"uv": [16, 7.5, 15, 8.5], "texture": "#texture", "cullface": "east"},
				"down": {"uv": [0, 8.5, 1, 7.5], "texture": "#texture", "cullface": "east"}
			}
		},
		{
			"from": [16.3572, 1.675, 7.425],
			"to": [18.9572, 3.15, 8.575],
			"rotation": {"angle": -45, "axis": "z", "origin": [23.2822, 2.975, 6.9]},
			"faces": {
				"north": {"uv": [11.75, 5, 15, 6.75], "texture": "#1", "cullface": "east"},
				"east": {"uv": [7.25, 6.75, 8.75, 8.5], "texture": "#1", "cullface": "east"},
				"south": {"uv": [15, 5, 11.75, 6.75], "texture": "#1", "cullface": "east"},
				"west": {"uv": [7.25, 6.75, 8.75, 8.5], "texture": "#1", "cullface": "east"},
				"up": {"uv": [11.75, 0, 15, 1.5], "texture": "#1", "cullface": "east"},
				"down": {"uv": [11.75, 0, 15, 1.5], "texture": "#1", "cullface": "east"}
			}
		},
		{
			"name": "Element",
			"from": [5.1, 9.05, 7.25],
			"to": [5.5, 9.45, 8.75],
			"rotation": {"angle": 0, "axis": "y", "origin": [8, -6.525, -0.375]},
			"faces": {
				"north": {"uv": [9, 5, 15, 6.75], "texture": "#texture"},
				"east": {"uv": [1, 0, 2, 1], "texture": "#texture"},
				"south": {"uv": [1, 0, 7, 1.75], "texture": "#texture"},
				"west": {"uv": [1, 0, 2.5, 1.75], "texture": "#texture"},
				"up": {"uv": [1, 0, 7, 1.5], "texture": "#texture"},
				"down": {"uv": [1, 0, 7, 1.5], "texture": "#texture"}
			}
		},
		{
			"name": "Element",
			"from": [9.6, 9.05, 7.25],
			"to": [10, 9.45, 8.75],
			"rotation": {"angle": 0, "axis": "y", "origin": [8, -6.525, -0.375]},
			"faces": {
				"north": {"uv": [9, 5, 15, 6.75], "texture": "#texture"},
				"east": {"uv": [1, 0, 2, 1], "texture": "#texture"},
				"south": {"uv": [1, 0, 7, 1.75], "texture": "#texture"},
				"west": {"uv": [1, 0, 2.5, 1.75], "texture": "#texture"},
				"up": {"uv": [1, 0, 7, 1.5], "texture": "#texture"},
				"down": {"uv": [1, 0, 7, 1.5], "texture": "#texture"}
			}
		},
		{
			"from": [6.475, -1.9, 7.825],
			"to": [6.725, -0.65, 8.225],
			"rotation": {"angle": -45, "axis": "z", "origin": [23.8, -4.1, 7.875]},
			"faces": {
				"north": {"uv": [0, 12, 1, 13.25], "texture": "#texture", "cullface": "east"},
				"east": {"uv": [7.5, 12, 8.5, 13.25], "texture": "#texture", "cullface": "east"},
				"south": {"uv": [16, 12, 15, 13.25], "texture": "#texture", "cullface": "east"},
				"west": {"uv": [7.5, 12, 8.5, 13.25], "texture": "#texture", "cullface": "east"},
				"up": {"uv": [16, 7.5, 15, 8.5], "texture": "#texture", "cullface": "east"}
			}
		}
	],
	"gui_light": "front",
	"display": {
		"thirdperson_righthand": {
			"rotation": [0, -90, 0],
			"translation": [0, 0.5, -6],
			"scale": [0.93, 0.93, 0.93]
		},
		"thirdperson_lefthand": {
			"rotation": [0, 90, 0],
			"translation": [0, 0.5, -6],
			"scale": [0.93, 0.93, 0.93]
		},
		"firstperson_righthand": {
			"rotation": [0, -90, 0],
			"translation": [0, 3, -6],
			"scale": [1.06, 1.08, 1.06]
		},
		"firstperson_lefthand": {
			"rotation": [0, 90, 0],
			"translation": [0, 3, -6],
			"scale": [1.06, 1.08, 1.06]
		},
		"ground": {
			"translation": [-0.5, 0.25, 0],
			"scale": [0.99, 0.99, 0.99]
		},
		"gui": {
			"rotation": [0, 0, -45],
			"translation": [-0.75, 0.25, 0],
			"scale": [0.8, 0.8, 0.9]
		},
		"fixed": {
			"rotation": [0, 180, -45],
			"translation": [1, 0.5, 0],
			"scale": [1.18, 1.18, 1.18]
		}
	}
}