{
	"credit": "Made by SrDarmith - YouTube: Mainclay",
	"textures": {
		"1": "itemm/door_wood_lower",
		"particle": "itemm/anvil_1",
		"texture": "itemm/anvil_1"
	},
	"elements": [
		{
			"from": [0.075, 10.8, 7.75],
			"to": [1.825, 11, 8.25],
			"rotation": {"angle": 0, "axis": "y", "origin": [0.325, 0.25, 0]},
			"faces": {
				"north": {"uv": [12.5, 5, 14, 5.25], "texture": "#texture"},
				"south": {"uv": [2, 5, 3.5, 5.25], "texture": "#texture"},
				"west": {"uv": [7.75, 5, 8.25, 5.25], "texture": "#texture"},
				"up": {"uv": [2, 7.75, 3.5, 8.25], "texture": "#texture"},
				"down": {"uv": [14, 8.25, 12.5, 7.75], "texture": "#texture"}
			}
		},
		{
			"from": [1.825, 10.4, 7.6],
			"to": [2.575, 10.9, 7.8],
			"rotation": {"angle": 0, "axis": "y", "origin": [0.325, 0.25, 0]},
			"faces": {
				"north": {"uv": [12.5, 5.25, 14, 5.75], "texture": "#texture"},
				"south": {"uv": [2, 5.25, 3.5, 5.75], "texture": "#texture"},
				"west": {"uv": [7.5, 5.25, 7.75, 5.75], "texture": "#texture"},
				"up": {"uv": [2, 7.5, 3.5, 7.75], "texture": "#texture"},
				"down": {"uv": [14, 7.75, 12.5, 7.5], "texture": "#texture"}
			}
		},
		{
			"from": [1.825, 10.4, 8.2],
			"to": [2.575, 10.9, 8.4],
			"rotation": {"angle": 0, "axis": "y", "origin": [0.325, 0.25, 0]},
			"faces": {
				"north": {"uv": [12.5, 5.25, 14, 5.75], "texture": "#texture"},
				"south": {"uv": [2, 5.25, 3.5, 5.75], "texture": "#texture"},
				"west": {"uv": [8.25, 5.25, 8.5, 5.75], "texture": "#texture"},
				"up": {"uv": [2, 8.25, 3.5, 8.5], "texture": "#texture"},
				"down": {"uv": [14, 8.5, 12.5, 8.25], "texture": "#texture"}
			}
		},
		{
			"from": [1.825, 10.25, 7.75],
			"to": [2.575, 10.45, 8.25],
			"rotation": {"angle": 0, "axis": "y", "origin": [0.325, 0.25, 0]},
			"faces": {
				"north": {"uv": [12.5, 5.75, 14, 6], "texture": "#texture"},
				"south": {"uv": [2, 5.75, 3.5, 6], "texture": "#texture"},
				"west": {"uv": [7.75, 5.75, 8.25, 6], "texture": "#texture"},
				"up": {"uv": [2, 7.75, 3.5, 8.25], "texture": "#texture"},
				"down": {"uv": [14, 8.25, 12.5, 7.75], "texture": "#texture"}
			}
		},
		{
			"from": [1.825, 10.85, 7.75],
			"to": [2.575, 11.05, 8.25],
			"rotation": {"angle": 0, "axis": "y", "origin": [0.325, 0.25, 0]},
			"faces": {
				"north": {"uv": [12.5, 5, 14, 5.25], "texture": "#texture"},
				"south": {"uv": [2, 5, 3.5, 5.25], "texture": "#texture"},
				"west": {"uv": [7.75, 5, 8.25, 5.25], "texture": "#texture"},
				"up": {"uv": [2, 7.75, 3.5, 8.25], "texture": "#texture"},
				"down": {"uv": [14, 8.25, 12.5, 7.75], "texture": "#texture"}
			}
		},
		{
			"from": [0.075, 10.3, 7.75],
			"to": [1.825, 10.5, 8.25],
			"rotation": {"angle": 0, "axis": "y", "origin": [0.325, 0.25, 0]},
			"faces": {
				"north": {"uv": [12.5, 5.75, 14, 6], "texture": "#texture"},
				"south": {"uv": [2, 5.75, 3.5, 6], "texture": "#texture"},
				"west": {"uv": [7.75, 5.75, 8.25, 6], "texture": "#texture"},
				"up": {"uv": [2, 7.75, 3.5, 8.25], "texture": "#texture"},
				"down": {"uv": [14, 8.25, 12.5, 7.75], "texture": "#texture"}
			}
		},
		{
			"from": [0.075, 10.4, 8.15],
			"to": [1.825, 10.9, 8.35],
			"rotation": {"angle": 0, "axis": "y", "origin": [0.325, 0.25, 0]},
			"faces": {
				"north": {"uv": [12.5, 5.25, 14, 5.75], "texture": "#texture"},
				"south": {"uv": [2, 5.25, 3.5, 5.75], "texture": "#texture"},
				"west": {"uv": [8.25, 5.25, 8.5, 5.75], "texture": "#texture"},
				"up": {"uv": [2, 8.25, 3.5, 8.5], "texture": "#texture"},
				"down": {"uv": [14, 8.5, 12.5, 8.25], "texture": "#texture"}
			}
		},
		{
			"from": [0.075, 10.4, 7.65],
			"to": [1.825, 10.9, 7.85],
			"rotation": {"angle": 0, "axis": "y", "origin": [0.325, 0.25, 0]},
			"faces": {
				"north": {"uv": [12.5, 5.25, 14, 5.75], "texture": "#texture"},
				"south": {"uv": [2, 5.25, 3.5, 5.75], "texture": "#texture"},
				"west": {"uv": [7.5, 5.25, 7.75, 5.75], "texture": "#texture"},
				"up": {"uv": [2, 7.5, 3.5, 7.75], "texture": "#texture"},
				"down": {"uv": [14, 7.75, 12.5, 7.5], "texture": "#texture"}
			}
		},
		{
			"from": [8, 6, 7.4],
			"to": [9.45, 7.75, 8.6],
			"faces": {
				"north": {"uv": [6.75, 8.25, 8.25, 10.5], "texture": "#1"},
				"east": {"uv": [7.5, 8.25, 8.5, 10.5], "texture": "#1"},
				"south": {"uv": [7.75, 8.25, 9.25, 10.5], "texture": "#1"},
				"west": {"uv": [7.5, 8.25, 8.5, 10.5], "texture": "#1"},
				"up": {"uv": [7.75, 7.5, 9.25, 8.5], "texture": "#1"},
				"down": {"uv": [8.25, 8.5, 6.75, 7.5], "texture": "#1"}
			}
		},
		{
			"from": [7.75, 7.75, 7.4],
			"to": [9.45, 9.5, 8.6],
			"faces": {
				"north": {"uv": [6.75, 8.25, 8.25, 10.5], "texture": "#1"},
				"east": {"uv": [7.5, 8.25, 8.5, 10.5], "texture": "#1"},
				"south": {"uv": [7.75, 8.25, 9.25, 10.5], "texture": "#1"},
				"west": {"uv": [7.5, 8.25, 8.5, 10.5], "texture": "#1"},
				"up": {"uv": [7.75, 7.5, 9.25, 8.5], "texture": "#1"},
				"down": {"uv": [8.25, 8.5, 6.75, 7.5], "texture": "#1"}
			}
		},
		{
			"from": [5.95, 8.525, 7.75],
			"to": [6.2, 9.325, 8.25],
			"rotation": {"angle": 0, "axis": "y", "origin": [5.5, 9, 7.5]},
			"faces": {
				"north": {"uv": [9.5, 7.25, 10.75, 7.5], "rotation": 270, "texture": "#texture"},
				"east": {"uv": [5.25, 7.5, 6.5, 8.5], "rotation": 90, "texture": "#texture"},
				"south": {"uv": [5.25, 7.25, 6.5, 7.5], "rotation": 90, "texture": "#texture"},
				"west": {"uv": [10.75, 8.5, 9.5, 7.5], "rotation": 90, "texture": "#texture"},
				"up": {"uv": [7.5, 7.25, 8.5, 7.5], "rotation": 90, "texture": "#texture"},
				"down": {"uv": [7.5, 7.25, 8.5, 7.5], "rotation": 90, "texture": "#texture"}
			}
		},
		{
			"from": [6.15, 9.275, 7.75],
			"to": [6.4, 9.675, 8.25],
			"rotation": {"angle": 0, "axis": "y", "origin": [5.5, 9, 7.5]},
			"faces": {
				"north": {"uv": [9.5, 7.25, 10.75, 7.5], "rotation": 270, "texture": "#texture"},
				"east": {"uv": [5.25, 7.5, 6.5, 8.5], "rotation": 90, "texture": "#texture"},
				"south": {"uv": [5.25, 7.25, 6.5, 7.5], "rotation": 90, "texture": "#texture"},
				"west": {"uv": [10.75, 8.5, 9.5, 7.5], "rotation": 90, "texture": "#texture"},
				"up": {"uv": [7.5, 7.25, 8.5, 7.5], "rotation": 90, "texture": "#texture"},
				"down": {"uv": [7.5, 7.25, 8.5, 7.5], "rotation": 90, "texture": "#texture"}
			}
		},
		{
			"from": [6.15, 8.325, 7.75],
			"to": [6.4, 8.575, 8.25],
			"rotation": {"angle": 0, "axis": "y", "origin": [5.5, 9, 7.5]},
			"faces": {
				"north": {"uv": [9.5, 7.25, 10.75, 7.5], "rotation": 270, "texture": "#texture"},
				"east": {"uv": [5.25, 7.5, 6.5, 8.5], "rotation": 90, "texture": "#texture"},
				"south": {"uv": [5.25, 7.25, 6.5, 7.5], "rotation": 90, "texture": "#texture"},
				"west": {"uv": [10.75, 8.5, 9.5, 7.5], "rotation": 90, "texture": "#texture"},
				"up": {"uv": [7.5, 7.25, 8.5, 7.5], "rotation": 90, "texture": "#texture"},
				"down": {"uv": [7.5, 7.25, 8.5, 7.5], "rotation": 90, "texture": "#texture"}
			}
		},
		{
			"from": [6.35, 8.125, 7.75],
			"to": [7.65, 8.375, 8.25],
			"faces": {
				"north": {"uv": [8.5, 7.75, 9.75, 8], "texture": "#texture"},
				"south": {"uv": [6.25, 7.75, 7.5, 8], "texture": "#texture"},
				"west": {"uv": [7.5, 7.75, 8.5, 8], "texture": "#texture"},
				"up": {"uv": [6.25, 7.5, 7.5, 8.5], "texture": "#texture"},
				"down": {"uv": [9.75, 8.5, 8.5, 7.5], "texture": "#texture"}
			}
		},
		{
			"from": [7.225, 8.8, 7.875],
			"to": [7.475, 10.05, 8.125],
			"rotation": {"angle": -22.5, "axis": "z", "origin": [6.75, 9.75, 7.75]},
			"faces": {
				"north": {"uv": [8.25, 0, 8.5, 1], "texture": "#texture"},
				"east": {"uv": [7.5, 0, 8.5, 1], "texture": "#texture"},
				"south": {"uv": [7.5, 0, 7.75, 1], "texture": "#texture"},
				"west": {"uv": [7.5, 0, 8.5, 1], "texture": "#texture"},
				"up": {"uv": [7.5, 7.5, 7.75, 8.5], "texture": "#texture"},
				"down": {"uv": [8.5, 8.5, 8.25, 7.5], "texture": "#texture"}
			}
		},
		{
			"from": [2.8, 10.925, 7.95],
			"to": [2.95, 11.65, 8.05],
			"rotation": {"angle": 0, "axis": "y", "origin": [0.325, 3.25, 0]},
			"faces": {
				"north": {"uv": [11.25, 4, 11.75, 4.25], "texture": "#texture"},
				"east": {"uv": [7.875, 4, 8.125, 4.25], "texture": "#texture"},
				"south": {"uv": [4.25, 4, 4.75, 4.25], "texture": "#texture"},
				"west": {"uv": [7.875, 4, 8.125, 4.25], "texture": "#texture"},
				"up": {"uv": [4.25, 7.875, 4.75, 8.125], "texture": "#texture"},
				"down": {"uv": [8, 4, 9, 5], "texture": "#texture"}
			}
		},
		{
			"from": [9.45, 6, 7.5],
			"to": [9.6, 9.5, 8.5],
			"faces": {
				"north": {"uv": [12.05, 7.95, 13.55, 8.8], "texture": "#1"},
				"east": {"uv": [12.8, 7.95, 13.8, 8.8], "texture": "#1"},
				"south": {"uv": [12.45, 7.55, 13.95, 8.8], "texture": "#1"},
				"west": {"uv": [12.8, 7.95, 13.8, 8.8], "texture": "#1"},
				"up": {"uv": [13.05, 7.2, 14.55, 6.8], "texture": "#1"},
				"down": {"uv": [13.95, 8.6, 12.45, 7.6], "texture": "#1"}
			}
		},
		{
			"from": [9.6, 9.225, 7.5],
			"to": [9.75, 9.5, 8.5],
			"faces": {
				"north": {"uv": [12.05, 7.95, 13.55, 8.8], "texture": "#1"},
				"east": {"uv": [12.8, 7.95, 13.8, 8.8], "texture": "#1"},
				"south": {"uv": [12.45, 7.55, 13.95, 8.8], "texture": "#1"},
				"west": {"uv": [12.8, 7.95, 13.8, 8.8], "texture": "#1"},
				"up": {"uv": [13.05, 7.2, 14.55, 6.8], "texture": "#1"},
				"down": {"uv": [13.95, 8.6, 12.45, 7.6], "texture": "#1"}
			}
		},
		{
			"from": [9.6, 6, 7.5],
			"to": [9.725, 8, 8.5],
			"faces": {
				"north": {"uv": [12.25, 8.55, 13.75, 8.8], "texture": "#1"},
				"east": {"uv": [12.8, 7.95, 13.8, 8.8], "texture": "#1"},
				"south": {"uv": [12.45, 7.55, 13.95, 8.8], "texture": "#1"},
				"west": {"uv": [12.8, 7.95, 13.8, 8.8], "texture": "#1"},
				"up": {"uv": [12.85, 7.4, 14.35, 7.6], "texture": "#1"},
				"down": {"uv": [13.95, 8.6, 12.45, 7.6], "texture": "#1"}
			}
		},
		{
			"from": [2.675, 10.8, 7.55],
			"to": [2.975, 11.8, 7.7],
			"rotation": {"angle": 0, "axis": "y", "origin": [4.4, 14.875, 7.5]},
			"faces": {
				"north": {"uv": [11.25, 4, 12, 4.75], "texture": "#texture"},
				"east": {"uv": [8.25, 4, 8.5, 4.75], "texture": "#texture"},
				"south": {"uv": [4, 4, 4.75, 4.75], "texture": "#texture"},
				"west": {"uv": [11, 4, 12, 5], "texture": "#texture"},
				"up": {"uv": [4, 7.5, 4.75, 7.75], "texture": "#texture"},
				"down": {"uv": [11, 4, 12, 5], "texture": "#texture"}
			}
		},
		{
			"from": [2.675, 10.8, 8.3],
			"to": [2.975, 11.8, 8.45],
			"rotation": {"angle": 0, "axis": "y", "origin": [4.4, 14.875, 8.25]},
			"faces": {
				"north": {"uv": [11.25, 4, 12, 4.75], "texture": "#texture"},
				"east": {"uv": [7.5, 4, 7.75, 4.75], "texture": "#texture"},
				"south": {"uv": [4, 4, 4.75, 4.75], "texture": "#texture"},
				"west": {"uv": [11, 4, 12, 5], "texture": "#texture"},
				"up": {"uv": [4, 8.25, 4.75, 8.5], "texture": "#texture"},
				"down": {"uv": [11, 4, 12, 5], "texture": "#texture"}
			}
		},
		{
			"from": [7.85, 10.725, 8.15],
			"to": [8.15, 11.725, 8.45],
			"rotation": {"angle": 0, "axis": "y", "origin": [4.4, 14.875, 8.25]},
			"faces": {
				"north": {"uv": [11.25, 4, 12, 4.75], "texture": "#texture"},
				"east": {"uv": [7.5, 4, 7.75, 4.75], "texture": "#texture"},
				"south": {"uv": [4, 4, 4.75, 4.75], "texture": "#texture"},
				"west": {"uv": [11, 4, 12, 5], "texture": "#texture"},
				"up": {"uv": [4, 8.25, 4.75, 8.5], "texture": "#texture"},
				"down": {"uv": [11, 4, 12, 5], "texture": "#texture"}
			}
		},
		{
			"from": [7.85, 10.725, 7.55],
			"to": [8.15, 11.725, 7.85],
			"rotation": {"angle": 0, "axis": "y", "origin": [4.4, 14.875, 8.25]},
			"faces": {
				"north": {"uv": [11.25, 4, 12, 4.75], "texture": "#texture"},
				"east": {"uv": [7.5, 4, 7.75, 4.75], "texture": "#texture"},
				"south": {"uv": [4, 4, 4.75, 4.75], "texture": "#texture"},
				"west": {"uv": [11, 4, 12, 5], "texture": "#texture"},
				"up": {"uv": [4, 8.25, 4.75, 8.5], "texture": "#texture"},
				"down": {"uv": [11, 4, 12, 5], "texture": "#texture"}
			}
		},
		{
			"from": [9.725, 6, 7.5],
			"to": [9.825, 7.75, 8.5],
			"faces": {
				"north": {"uv": [12.25, 8.55, 13.75, 8.8], "texture": "#1"},
				"east": {"uv": [12.8, 7.95, 13.8, 8.8], "texture": "#1"},
				"south": {"uv": [12.45, 7.55, 13.95, 8.8], "texture": "#1"},
				"west": {"uv": [12.8, 7.95, 13.8, 8.8], "texture": "#1"},
				"up": {"uv": [12.85, 7.4, 14.35, 7.6], "texture": "#1"},
				"down": {"uv": [13.95, 8.6, 12.45, 7.6], "texture": "#1"}
			}
		},
		{
			"from": [9.6, 9.375, 7.5],
			"to": [9.9, 9.5, 8.5],
			"faces": {
				"north": {"uv": [12.05, 7.95, 13.55, 8.8], "texture": "#1"},
				"east": {"uv": [12.8, 7.95, 13.8, 8.8], "texture": "#1"},
				"south": {"uv": [12.45, 7.55, 13.95, 8.8], "texture": "#1"},
				"west": {"uv": [12.8, 7.95, 13.8, 8.8], "texture": "#1"},
				"up": {"uv": [13.05, 7.2, 14.55, 6.8], "texture": "#1"},
				"down": {"uv": [13.95, 8.6, 12.45, 7.6], "texture": "#1"}
			}
		},
		{
			"from": [4.3, 9.5, 7.4],
			"to": [9.575, 10.375, 8.6],
			"rotation": {"angle": 0, "axis": "y", "origin": [0.325, 0.25, 0]},
			"faces": {
				"north": {"uv": [13.1, 8.2, 16, 8.7], "texture": "#texture"},
				"east": {"uv": [16, 8.2, 11.4, 8.7], "texture": "#texture"},
				"south": {"uv": [13.1, 8.2, 16, 8.7], "texture": "#texture"},
				"west": {"uv": [16, 8.2, 11.4, 8.7], "texture": "#texture"},
				"up": {"uv": [10.8, 8.2, 15.9, 8.65], "texture": "#texture"},
				"down": {"uv": [15, 8, 16, 9], "texture": "#texture"}
			}
		},
		{
			"from": [2.575, 10.075, 7.4],
			"to": [4.3, 10.375, 8.6],
			"rotation": {"angle": 0, "axis": "y", "origin": [0.325, 0.25, 0]},
			"faces": {
				"north": {"uv": [13.1, 8.2, 16, 8.7], "texture": "#texture"},
				"east": {"uv": [16, 8.2, 11.4, 8.7], "texture": "#texture"},
				"south": {"uv": [13.1, 8.2, 16, 8.7], "texture": "#texture"},
				"west": {"uv": [16, 8.2, 11.4, 8.7], "texture": "#texture"},
				"up": {"uv": [10.8, 8.2, 15.9, 8.65], "texture": "#texture"},
				"down": {"uv": [15, 8, 16, 9], "texture": "#texture"}
			}
		},
		{
			"from": [3.575, 9.825, 7.4],
			"to": [4.3, 10.125, 8.6],
			"rotation": {"angle": 0, "axis": "y", "origin": [0.325, 0.25, 0]},
			"faces": {
				"north": {"uv": [13.1, 8.2, 16, 8.7], "texture": "#texture"},
				"east": {"uv": [16, 8.2, 11.4, 8.7], "texture": "#texture"},
				"south": {"uv": [13.1, 8.2, 16, 8.7], "texture": "#texture"},
				"west": {"uv": [16, 8.2, 11.4, 8.7], "texture": "#texture"},
				"up": {"uv": [10.8, 8.2, 15.9, 8.65], "texture": "#texture"},
				"down": {"uv": [15, 8, 16, 9], "texture": "#texture"}
			}
		},
		{
			"from": [2.575, 10.25, 7.275],
			"to": [9.525, 11.5, 8.725],
			"rotation": {"angle": 0, "axis": "y", "origin": [0.325, 0.25, 0]},
			"faces": {
				"north": {"uv": [9.85, 5.4, 12.85, 4.1], "texture": "#texture"},
				"east": {"uv": [12.35, 5.4, 9.85, 4.1], "texture": "#texture"},
				"south": {"uv": [9.35, 5.4, 12.35, 4.1], "texture": "#texture"},
				"west": {"uv": [12.35, 5.4, 9.85, 4.1], "texture": "#texture"},
				"up": {"uv": [10.15, 5.6, 13.15, 4.25], "texture": "#texture"},
				"down": {"uv": [12, 4, 13, 5], "texture": "#texture"}
			}
		},
		{
			"from": [7.65, 8.375, 7.75],
			"to": [7.9, 9.775, 8.25],
			"rotation": {"angle": 0, "axis": "y", "origin": [5.5, 9, 7.5]},
			"faces": {
				"north": {"uv": [9.5, 7.25, 10.75, 7.5], "rotation": 270, "texture": "#texture"},
				"east": {"uv": [5.25, 7.5, 6.5, 8.5], "rotation": 90, "texture": "#texture"},
				"south": {"uv": [5.25, 7.25, 6.5, 7.5], "rotation": 90, "texture": "#texture"},
				"west": {"uv": [10.75, 8.5, 9.5, 7.5], "rotation": 90, "texture": "#texture"},
				"up": {"uv": [7.5, 7.25, 8.5, 7.5], "rotation": 90, "texture": "#texture"},
				"down": {"uv": [7.5, 7.25, 8.5, 7.5], "rotation": 90, "texture": "#texture"}
			}
		},
		{
			"from": [9.525, 10.25, 7.2],
			"to": [10, 10.8, 8.8],
			"rotation": {"angle": 0, "axis": "y", "origin": [0.325, 8.25, 0]},
			"faces": {
				"north": {"uv": [13.1, 8.2, 16, 8.7], "texture": "#texture"},
				"east": {"uv": [16, 8.2, 11.4, 8.7], "texture": "#texture"},
				"south": {"uv": [13.1, 8.2, 16, 8.7], "texture": "#texture"},
				"west": {"uv": [16, 8.2, 11.4, 8.7], "texture": "#texture"},
				"up": {"uv": [10.8, 8.2, 15.9, 8.65], "texture": "#texture"},
				"down": {"uv": [15, 8, 16, 9], "texture": "#texture"}
			}
		},
		{
			"from": [9.45, 9.5, 7.4],
			"to": [9.9, 9.65, 8.6],
			"rotation": {"angle": 0, "axis": "y", "origin": [0.25, 8.25, 0]},
			"faces": {
				"north": {"uv": [13.1, 8.2, 16, 8.7], "texture": "#texture"},
				"east": {"uv": [16, 8.2, 11.4, 8.7], "texture": "#texture"},
				"south": {"uv": [13.1, 8.2, 16, 8.7], "texture": "#texture"},
				"west": {"uv": [16, 8.2, 11.4, 8.7], "texture": "#texture"},
				"up": {"uv": [10.8, 8.2, 15.9, 8.65], "texture": "#texture"},
				"down": {"uv": [15, 8, 16, 9], "texture": "#texture"}
			}
		},
		{
			"from": [9.45, 9.625, 7.4],
			"to": [9.7, 9.8, 8.6],
			"rotation": {"angle": 0, "axis": "y", "origin": [0.25, 8.25, 0]},
			"faces": {
				"north": {"uv": [13.1, 8.2, 16, 8.7], "texture": "#texture"},
				"east": {"uv": [16, 8.2, 11.4, 8.7], "texture": "#texture"},
				"south": {"uv": [13.1, 8.2, 16, 8.7], "texture": "#texture"},
				"west": {"uv": [16, 8.2, 11.4, 8.7], "texture": "#texture"},
				"up": {"uv": [10.8, 8.2, 15.9, 8.65], "texture": "#texture"},
				"down": {"uv": [15, 8, 16, 9], "texture": "#texture"}
			}
		},
		{
			"from": [9.725, 10.75, 8.55],
			"to": [9.925, 11.3, 8.75],
			"rotation": {"angle": 0, "axis": "y", "origin": [-1.675, -0.45, 0]},
			"faces": {
				"north": {"uv": [13.1, 8.2, 16, 8.7], "texture": "#texture"},
				"east": {"uv": [16, 8.2, 11.4, 8.7], "texture": "#texture"},
				"south": {"uv": [13.1, 8.2, 16, 8.7], "texture": "#texture"},
				"west": {"uv": [16, 8.2, 11.4, 8.7], "texture": "#texture"},
				"up": {"uv": [10.8, 8.2, 15.9, 8.65], "texture": "#texture"},
				"down": {"uv": [0, 0, 1, 1], "texture": "#texture"}
			}
		},
		{
			"from": [1.775, 9.5, 8.55],
			"to": [1.975, 11.3, 8.75],
			"rotation": {"angle": 0, "axis": "y", "origin": [-1.675, -0.45, 0]},
			"faces": {
				"north": {"uv": [13.1, 8.2, 16, 8.7], "texture": "#texture"},
				"east": {"uv": [16, 8.2, 11.4, 8.7], "texture": "#texture"},
				"south": {"uv": [13.1, 8.2, 16, 8.7], "texture": "#texture"},
				"west": {"uv": [16, 8.2, 11.4, 8.7], "texture": "#texture"},
				"up": {"uv": [10.8, 8.2, 15.9, 8.65], "texture": "#texture"},
				"down": {"uv": [0, 0, 1, 1], "texture": "#texture"}
			}
		},
		{
			"from": [0.7, 9.525, 7.25],
			"to": [0.9, 11.075, 7.45],
			"rotation": {"angle": 0, "axis": "y", "origin": [-1.675, -0.45, 0]},
			"faces": {
				"north": {"uv": [13.1, 8.2, 16, 8.7], "texture": "#texture"},
				"east": {"uv": [16, 8.2, 11.4, 8.7], "texture": "#texture"},
				"south": {"uv": [13.1, 8.2, 16, 8.7], "texture": "#texture"},
				"west": {"uv": [16, 8.2, 11.4, 8.7], "texture": "#texture"},
				"up": {"uv": [10.8, 8.2, 15.9, 8.65], "texture": "#texture"},
				"down": {"uv": [0, 0, 1, 1], "texture": "#texture"}
			}
		},
		{
			"from": [0.7, 9.525, 8.55],
			"to": [0.9, 11.075, 8.75],
			"rotation": {"angle": 0, "axis": "y", "origin": [-1.675, -0.45, 0]},
			"faces": {
				"north": {"uv": [13.1, 8.2, 16, 8.7], "texture": "#texture"},
				"east": {"uv": [16, 8.2, 11.4, 8.7], "texture": "#texture"},
				"south": {"uv": [13.1, 8.2, 16, 8.7], "texture": "#texture"},
				"west": {"uv": [16, 8.2, 11.4, 8.7], "texture": "#texture"},
				"up": {"uv": [10.8, 8.2, 15.9, 8.65], "texture": "#texture"},
				"down": {"uv": [0, 0, 1, 1], "texture": "#texture"}
			}
		},
		{
			"from": [0.7, 11.525, 7.85],
			"to": [0.9, 11.725, 8.15],
			"rotation": {"angle": -22.5, "axis": "x", "origin": [2.325, 10.925, 8.125]},
			"faces": {
				"north": {"uv": [10.8, 8.2, 15.9, 8.65], "rotation": 180, "texture": "#texture"},
				"east": {"uv": [16, 8.2, 11.4, 8.7], "rotation": 90, "texture": "#texture"},
				"south": {"uv": [0, 0, 1, 1], "texture": "#texture"},
				"west": {"uv": [16, 8.2, 11.4, 8.7], "rotation": 270, "texture": "#texture"},
				"up": {"uv": [13.1, 8.2, 16, 8.7], "texture": "#texture"},
				"down": {"uv": [13.1, 8.2, 16, 8.7], "rotation": 180, "texture": "#texture"}
			}
		},
		{
			"from": [0.7, 11.475, 7.85],
			"to": [0.9, 11.675, 8.15],
			"rotation": {"angle": 0, "axis": "x", "origin": [2.325, 10.925, 8.125]},
			"faces": {
				"north": {"uv": [10.8, 8.2, 15.9, 8.65], "rotation": 180, "texture": "#texture"},
				"east": {"uv": [16, 8.2, 11.4, 8.7], "rotation": 90, "texture": "#texture"},
				"south": {"uv": [15, 8, 16, 9], "texture": "#texture"},
				"west": {"uv": [16, 8.2, 11.4, 8.7], "rotation": 270, "texture": "#texture"},
				"up": {"uv": [13.1, 8.2, 16, 8.7], "texture": "#texture"},
				"down": {"uv": [13.1, 8.2, 16, 8.7], "rotation": 180, "texture": "#texture"}
			}
		},
		{
			"from": [0.7, 11.475, 7.8],
			"to": [0.9, 11.675, 8.1],
			"rotation": {"angle": 22.5, "axis": "x", "origin": [2.325, 10.8, 8]},
			"faces": {
				"north": {"uv": [10.8, 8.2, 15.9, 8.65], "rotation": 180, "texture": "#texture"},
				"east": {"uv": [16, 8.2, 11.4, 8.7], "rotation": 90, "texture": "#texture"},
				"south": {"uv": [0, 0, 1, 1], "texture": "#texture"},
				"west": {"uv": [16, 8.2, 11.4, 8.7], "rotation": 270, "texture": "#texture"},
				"up": {"uv": [13.1, 8.2, 16, 8.7], "texture": "#texture"},
				"down": {"uv": [13.1, 8.2, 16, 8.7], "rotation": 180, "texture": "#texture"}
			}
		},
		{
			"from": [0.7, 10.75, 8.65],
			"to": [0.9, 11.05, 8.85],
			"rotation": {"angle": -45, "axis": "x", "origin": [2.325, 10.8, 8]},
			"faces": {
				"north": {"uv": [13.1, 8.2, 16, 8.7], "texture": "#texture"},
				"east": {"uv": [16, 8.2, 11.4, 8.7], "texture": "#texture"},
				"south": {"uv": [13.1, 8.2, 16, 8.7], "texture": "#texture"},
				"west": {"uv": [16, 8.2, 11.4, 8.7], "texture": "#texture"},
				"up": {"uv": [10.8, 8.2, 15.9, 8.65], "texture": "#texture"},
				"down": {"uv": [0, 0, 1, 1], "texture": "#texture"}
			}
		},
		{
			"from": [0.7, 10.775, 8.6],
			"to": [0.9, 11.075, 8.8],
			"rotation": {"angle": -22.5, "axis": "x", "origin": [2.325, 10.8, 8]},
			"faces": {
				"north": {"uv": [13.1, 8.2, 16, 8.7], "texture": "#texture"},
				"east": {"uv": [16, 8.2, 11.4, 8.7], "texture": "#texture"},
				"south": {"uv": [13.1, 8.2, 16, 8.7], "texture": "#texture"},
				"west": {"uv": [16, 8.2, 11.4, 8.7], "texture": "#texture"},
				"up": {"uv": [10.8, 8.2, 15.9, 8.65], "texture": "#texture"},
				"down": {"uv": [0, 0, 1, 1], "texture": "#texture"}
			}
		},
		{
			"from": [0.7, 11.575, 7.875],
			"to": [0.9, 11.775, 8.175],
			"rotation": {"angle": -45, "axis": "x", "origin": [2.325, 10.925, 8.125]},
			"faces": {
				"north": {"uv": [10.8, 8.2, 15.9, 8.65], "rotation": 180, "texture": "#texture"},
				"east": {"uv": [16, 8.2, 11.4, 8.7], "rotation": 90, "texture": "#texture"},
				"south": {"uv": [0, 0, 1, 1], "texture": "#texture"},
				"west": {"uv": [16, 8.2, 11.4, 8.7], "rotation": 270, "texture": "#texture"},
				"up": {"uv": [13.1, 8.2, 16, 8.7], "texture": "#texture"},
				"down": {"uv": [13.1, 8.2, 16, 8.7], "rotation": 180, "texture": "#texture"}
			}
		},
		{
			"from": [0.7, 10.725, 7.25],
			"to": [0.9, 11.025, 7.45],
			"rotation": {"angle": 22.5, "axis": "x", "origin": [2.325, 10.925, 8.125]},
			"faces": {
				"north": {"uv": [13.1, 8.2, 16, 8.7], "rotation": 180, "texture": "#texture"},
				"east": {"uv": [16, 8.2, 11.4, 8.7], "rotation": 180, "texture": "#texture"},
				"south": {"uv": [13.1, 8.2, 16, 8.7], "rotation": 180, "texture": "#texture"},
				"west": {"uv": [16, 8.2, 11.4, 8.7], "rotation": 180, "texture": "#texture"},
				"up": {"uv": [0, 0, 1, 1], "texture": "#texture"},
				"down": {"uv": [10.8, 8.2, 15.9, 8.65], "texture": "#texture"}
			}
		},
		{
			"from": [1.775, 9.5, 7.25],
			"to": [1.975, 11.3, 7.45],
			"rotation": {"angle": 0, "axis": "y", "origin": [-1.675, -0.45, 0]},
			"faces": {
				"north": {"uv": [13.1, 8.2, 16, 8.7], "texture": "#texture"},
				"east": {"uv": [16, 8.2, 11.4, 8.7], "texture": "#texture"},
				"south": {"uv": [13.1, 8.2, 16, 8.7], "texture": "#texture"},
				"west": {"uv": [16, 8.2, 11.4, 8.7], "texture": "#texture"},
				"up": {"uv": [10.8, 8.2, 15.9, 8.65], "texture": "#texture"},
				"down": {"uv": [0, 0, 1, 1], "texture": "#texture"}
			}
		},
		{
			"from": [9.725, 10.75, 7.25],
			"to": [9.925, 11.3, 7.45],
			"rotation": {"angle": 0, "axis": "y", "origin": [-1.675, -0.45, 0]},
			"faces": {
				"north": {"uv": [13.1, 8.2, 16, 8.7], "texture": "#texture"},
				"east": {"uv": [16, 8.2, 11.4, 8.7], "texture": "#texture"},
				"south": {"uv": [13.1, 8.2, 16, 8.7], "texture": "#texture"},
				"west": {"uv": [16, 8.2, 11.4, 8.7], "texture": "#texture"},
				"up": {"uv": [10.8, 8.2, 15.9, 8.65], "texture": "#texture"},
				"down": {"uv": [0, 0, 1, 1], "texture": "#texture"}
			}
		},
		{
			"from": [9.59512, 11.07296, 8.55],
			"to": [9.79512, 11.37296, 8.75],
			"rotation": {"angle": 22.5, "axis": "z", "origin": [9.325, 11.55, 9]},
			"faces": {
				"north": {"uv": [13.1, 8.2, 16, 8.7], "texture": "#texture"},
				"east": {"uv": [16, 8.2, 11.4, 8.7], "texture": "#texture"},
				"south": {"uv": [13.1, 8.2, 16, 8.7], "texture": "#texture"},
				"west": {"uv": [16, 8.2, 11.4, 8.7], "texture": "#texture"},
				"up": {"uv": [10.8, 8.2, 15.9, 8.65], "texture": "#texture"},
				"down": {"uv": [0, 0, 1, 1], "texture": "#texture"}
			}
		},
		{
			"from": [9.48654, 11.14289, 8.55],
			"to": [9.68654, 11.44289, 8.75],
			"rotation": {"angle": 45, "axis": "z", "origin": [9.325, 11.55, 9]},
			"faces": {
				"north": {"uv": [13.1, 8.2, 16, 8.7], "texture": "#texture"},
				"east": {"uv": [16, 8.2, 11.4, 8.7], "texture": "#texture"},
				"south": {"uv": [13.1, 8.2, 16, 8.7], "texture": "#texture"},
				"west": {"uv": [16, 8.2, 11.4, 8.7], "texture": "#texture"},
				"up": {"uv": [10.8, 8.2, 15.9, 8.65], "texture": "#texture"},
				"down": {"uv": [0, 0, 1, 1], "texture": "#texture"}
			}
		},
		{
			"from": [9.30453, 11.65393, 8.55],
			"to": [9.55453, 11.85393, 8.75],
			"rotation": {"angle": -22.5, "axis": "z", "origin": [9.325, 11.55, 9]},
			"faces": {
				"north": {"uv": [13.1, 8.2, 16, 8.7], "rotation": 90, "texture": "#texture"},
				"east": {"uv": [0, 0, 1, 1], "rotation": 270, "texture": "#texture"},
				"south": {"uv": [13.1, 8.2, 16, 8.7], "rotation": 270, "texture": "#texture"},
				"west": {"uv": [10.8, 8.2, 15.9, 8.65], "rotation": 270, "texture": "#texture"},
				"up": {"uv": [16, 8.2, 11.4, 8.7], "rotation": 270, "texture": "#texture"},
				"down": {"uv": [16, 8.2, 11.4, 8.7], "rotation": 270, "texture": "#texture"}
			}
		},
		{
			"from": [2.22704, 11.47012, 8.55],
			"to": [2.52704, 11.67012, 8.75],
			"rotation": {"angle": 22.5, "axis": "z", "origin": [2.05, 11.2, 9]},
			"faces": {
				"north": {"uv": [13.1, 8.2, 16, 8.7], "rotation": 180, "texture": "#texture"},
				"east": {"uv": [0, 0, 1, 1], "rotation": 180, "texture": "#texture"},
				"south": {"uv": [13.1, 8.2, 16, 8.7], "rotation": 180, "texture": "#texture"},
				"west": {"uv": [10.8, 8.2, 15.9, 8.65], "rotation": 180, "texture": "#texture"},
				"up": {"uv": [16, 8.2, 11.4, 8.7], "rotation": 180, "texture": "#texture"},
				"down": {"uv": [16, 8.2, 11.4, 8.7], "rotation": 180, "texture": "#texture"}
			}
		},
		{
			"from": [1.77893, 9.37047, 8.55],
			"to": [1.97893, 9.62047, 8.75],
			"rotation": {"angle": -22.5, "axis": "z", "origin": [1.675, 9.6, 9]},
			"faces": {
				"north": {"uv": [13.1, 8.2, 16, 8.7], "rotation": 270, "texture": "#texture"},
				"east": {"uv": [16, 8.2, 11.4, 8.7], "rotation": 90, "texture": "#texture"},
				"south": {"uv": [13.1, 8.2, 16, 8.7], "rotation": 90, "texture": "#texture"},
				"west": {"uv": [16, 8.2, 11.4, 8.7], "rotation": 90, "texture": "#texture"},
				"up": {"uv": [10.8, 8.2, 15.9, 8.65], "rotation": 90, "texture": "#texture"},
				"down": {"uv": [0, 0, 1, 1], "rotation": 90, "texture": "#texture"}
			}
		},
		{
			"from": [1.26789, 9.23846, 8.55],
			"to": [1.56789, 9.43846, 8.75],
			"rotation": {"angle": 45, "axis": "z", "origin": [1.675, 9.6, 9]},
			"faces": {
				"north": {"uv": [13.1, 8.2, 16, 8.7], "rotation": 180, "texture": "#texture"},
				"east": {"uv": [10.8, 8.2, 15.9, 8.65], "rotation": 180, "texture": "#texture"},
				"south": {"uv": [13.1, 8.2, 16, 8.7], "rotation": 180, "texture": "#texture"},
				"west": {"uv": [0, 0, 1, 1], "rotation": 180, "texture": "#texture"},
				"up": {"uv": [16, 8.2, 11.4, 8.7], "rotation": 180, "texture": "#texture"},
				"down": {"uv": [16, 8.2, 11.4, 8.7], "rotation": 180, "texture": "#texture"}
			}
		},
		{
			"from": [1.19796, 9.12988, 8.55],
			"to": [1.49796, 9.32988, 8.75],
			"rotation": {"angle": 22.5, "axis": "z", "origin": [1.675, 9.6, 9]},
			"faces": {
				"north": {"uv": [13.1, 8.2, 16, 8.7], "rotation": 180, "texture": "#texture"},
				"east": {"uv": [10.8, 8.2, 15.9, 8.65], "rotation": 180, "texture": "#texture"},
				"south": {"uv": [13.1, 8.2, 16, 8.7], "rotation": 180, "texture": "#texture"},
				"west": {"uv": [0, 0, 1, 1], "rotation": 180, "texture": "#texture"},
				"up": {"uv": [16, 8.2, 11.4, 8.7], "rotation": 180, "texture": "#texture"},
				"down": {"uv": [16, 8.2, 11.4, 8.7], "rotation": 180, "texture": "#texture"}
			}
		},
		{
			"from": [1.77893, 9.37047, 7.25],
			"to": [1.97893, 9.62047, 7.45],
			"rotation": {"angle": -22.5, "axis": "z", "origin": [1.675, 9.6, 7.7]},
			"faces": {
				"north": {"uv": [13.1, 8.2, 16, 8.7], "rotation": 270, "texture": "#texture"},
				"east": {"uv": [16, 8.2, 11.4, 8.7], "rotation": 90, "texture": "#texture"},
				"south": {"uv": [13.1, 8.2, 16, 8.7], "rotation": 90, "texture": "#texture"},
				"west": {"uv": [16, 8.2, 11.4, 8.7], "rotation": 90, "texture": "#texture"},
				"up": {"uv": [10.8, 8.2, 15.9, 8.65], "rotation": 90, "texture": "#texture"},
				"down": {"uv": [0, 0, 1, 1], "rotation": 90, "texture": "#texture"}
			}
		},
		{
			"from": [1.26789, 9.23846, 7.25],
			"to": [1.56789, 9.43846, 7.45],
			"rotation": {"angle": 45, "axis": "z", "origin": [1.675, 9.6, 7.7]},
			"faces": {
				"north": {"uv": [13.1, 8.2, 16, 8.7], "rotation": 180, "texture": "#texture"},
				"east": {"uv": [10.8, 8.2, 15.9, 8.65], "rotation": 180, "texture": "#texture"},
				"south": {"uv": [13.1, 8.2, 16, 8.7], "rotation": 180, "texture": "#texture"},
				"west": {"uv": [0, 0, 1, 1], "rotation": 180, "texture": "#texture"},
				"up": {"uv": [16, 8.2, 11.4, 8.7], "rotation": 180, "texture": "#texture"},
				"down": {"uv": [16, 8.2, 11.4, 8.7], "rotation": 180, "texture": "#texture"}
			}
		},
		{
			"from": [1.19796, 9.12988, 7.25],
			"to": [1.49796, 9.32988, 7.45],
			"rotation": {"angle": 22.5, "axis": "z", "origin": [1.675, 9.6, 7.7]},
			"faces": {
				"north": {"uv": [13.1, 8.2, 16, 8.7], "rotation": 180, "texture": "#texture"},
				"east": {"uv": [10.8, 8.2, 15.9, 8.65], "rotation": 180, "texture": "#texture"},
				"south": {"uv": [13.1, 8.2, 16, 8.7], "rotation": 180, "texture": "#texture"},
				"west": {"uv": [0, 0, 1, 1], "rotation": 180, "texture": "#texture"},
				"up": {"uv": [16, 8.2, 11.4, 8.7], "rotation": 180, "texture": "#texture"},
				"down": {"uv": [16, 8.2, 11.4, 8.7], "rotation": 180, "texture": "#texture"}
			}
		},
		{
			"from": [1.09547, 8.97107, 8.55],
			"to": [1.34547, 9.17107, 8.75],
			"rotation": {"angle": -22.5, "axis": "z", "origin": [1.325, 9.275, 9]},
			"faces": {
				"north": {"uv": [13.1, 8.2, 16, 8.7], "rotation": 180, "texture": "#texture"},
				"east": {"uv": [10.8, 8.2, 15.9, 8.65], "rotation": 180, "texture": "#texture"},
				"south": {"uv": [13.1, 8.2, 16, 8.7], "rotation": 180, "texture": "#texture"},
				"west": {"uv": [0, 0, 1, 1], "rotation": 180, "texture": "#texture"},
				"up": {"uv": [16, 8.2, 11.4, 8.7], "rotation": 180, "texture": "#texture"},
				"down": {"uv": [16, 8.2, 11.4, 8.7], "rotation": 180, "texture": "#texture"}
			}
		},
		{
			"from": [0.91789, 8.91346, 8.55],
			"to": [1.21789, 9.11346, 8.75],
			"rotation": {"angle": -45, "axis": "z", "origin": [1.325, 9.275, 9]},
			"faces": {
				"north": {"uv": [13.1, 8.2, 16, 8.7], "rotation": 180, "texture": "#texture"},
				"east": {"uv": [10.8, 8.2, 15.9, 8.65], "rotation": 180, "texture": "#texture"},
				"south": {"uv": [13.1, 8.2, 16, 8.7], "rotation": 180, "texture": "#texture"},
				"west": {"uv": [0, 0, 1, 1], "rotation": 180, "texture": "#texture"},
				"up": {"uv": [16, 8.2, 11.4, 8.7], "rotation": 180, "texture": "#texture"},
				"down": {"uv": [16, 8.2, 11.4, 8.7], "rotation": 180, "texture": "#texture"}
			}
		},
		{
			"from": [0.85488, 9.45204, 8.55],
			"to": [1.05488, 9.75204, 8.75],
			"rotation": {"angle": 22.5, "axis": "z", "origin": [1.325, 9.275, 9]},
			"faces": {
				"north": {"uv": [13.1, 8.2, 16, 8.7], "rotation": 90, "texture": "#texture"},
				"east": {"uv": [16, 8.2, 11.4, 8.7], "rotation": 270, "texture": "#texture"},
				"south": {"uv": [13.1, 8.2, 16, 8.7], "rotation": 270, "texture": "#texture"},
				"west": {"uv": [16, 8.2, 11.4, 8.7], "rotation": 270, "texture": "#texture"},
				"up": {"uv": [0, 0, 1, 1], "rotation": 270, "texture": "#texture"},
				"down": {"uv": [10.8, 8.2, 15.9, 8.65], "rotation": 270, "texture": "#texture"}
			}
		},
		{
			"from": [1.225, 8.975, 7.25],
			"to": [1.425, 9.175, 7.45],
			"rotation": {"angle": 0, "axis": "y", "origin": [-1.675, -0.45, -1.3]},
			"faces": {
				"north": {"uv": [13.1, 8.2, 16, 8.7], "rotation": 90, "texture": "#texture"},
				"east": {"uv": [0, 0, 1, 1], "rotation": 270, "texture": "#texture"},
				"south": {"uv": [13.1, 8.2, 16, 8.7], "rotation": 270, "texture": "#texture"},
				"west": {"uv": [10.8, 8.2, 15.9, 8.65], "rotation": 270, "texture": "#texture"},
				"up": {"uv": [16, 8.2, 11.4, 8.7], "rotation": 270, "texture": "#texture"},
				"down": {"uv": [16, 8.2, 11.4, 8.7], "rotation": 270, "texture": "#texture"}
			}
		},
		{
			"from": [1.09547, 8.97107, 7.25],
			"to": [1.34547, 9.17107, 7.45],
			"rotation": {"angle": -22.5, "axis": "z", "origin": [1.325, 9.275, 7.7]},
			"faces": {
				"north": {"uv": [13.1, 8.2, 16, 8.7], "rotation": 180, "texture": "#texture"},
				"east": {"uv": [10.8, 8.2, 15.9, 8.65], "rotation": 180, "texture": "#texture"},
				"south": {"uv": [13.1, 8.2, 16, 8.7], "rotation": 180, "texture": "#texture"},
				"west": {"uv": [0, 0, 1, 1], "rotation": 180, "texture": "#texture"},
				"up": {"uv": [16, 8.2, 11.4, 8.7], "rotation": 180, "texture": "#texture"},
				"down": {"uv": [16, 8.2, 11.4, 8.7], "rotation": 180, "texture": "#texture"}
			}
		},
		{
			"from": [0.91789, 8.91346, 7.25],
			"to": [1.21789, 9.11346, 7.45],
			"rotation": {"angle": -45, "axis": "z", "origin": [1.325, 9.275, 7.7]},
			"faces": {
				"north": {"uv": [13.1, 8.2, 16, 8.7], "rotation": 180, "texture": "#texture"},
				"east": {"uv": [10.8, 8.2, 15.9, 8.65], "rotation": 180, "texture": "#texture"},
				"south": {"uv": [13.1, 8.2, 16, 8.7], "rotation": 180, "texture": "#texture"},
				"west": {"uv": [0, 0, 1, 1], "rotation": 180, "texture": "#texture"},
				"up": {"uv": [16, 8.2, 11.4, 8.7], "rotation": 180, "texture": "#texture"},
				"down": {"uv": [16, 8.2, 11.4, 8.7], "rotation": 180, "texture": "#texture"}
			}
		},
		{
			"from": [0.85488, 9.45204, 7.25],
			"to": [1.05488, 9.75204, 7.45],
			"rotation": {"angle": 22.5, "axis": "z", "origin": [1.325, 9.275, 7.7]},
			"faces": {
				"north": {"uv": [13.1, 8.2, 16, 8.7], "rotation": 90, "texture": "#texture"},
				"east": {"uv": [16, 8.2, 11.4, 8.7], "rotation": 270, "texture": "#texture"},
				"south": {"uv": [13.1, 8.2, 16, 8.7], "rotation": 270, "texture": "#texture"},
				"west": {"uv": [16, 8.2, 11.4, 8.7], "rotation": 270, "texture": "#texture"},
				"up": {"uv": [0, 0, 1, 1], "rotation": 270, "texture": "#texture"},
				"down": {"uv": [10.8, 8.2, 15.9, 8.65], "rotation": 270, "texture": "#texture"}
			}
		},
		{
			"from": [2.15711, 11.36154, 8.55],
			"to": [2.45711, 11.56154, 8.75],
			"rotation": {"angle": 45, "axis": "z", "origin": [2.05, 11.2, 9]},
			"faces": {
				"north": {"uv": [13.1, 8.2, 16, 8.7], "rotation": 180, "texture": "#texture"},
				"east": {"uv": [0, 0, 1, 1], "rotation": 180, "texture": "#texture"},
				"south": {"uv": [13.1, 8.2, 16, 8.7], "rotation": 180, "texture": "#texture"},
				"west": {"uv": [10.8, 8.2, 15.9, 8.65], "rotation": 180, "texture": "#texture"},
				"up": {"uv": [16, 8.2, 11.4, 8.7], "rotation": 180, "texture": "#texture"},
				"down": {"uv": [16, 8.2, 11.4, 8.7], "rotation": 180, "texture": "#texture"}
			}
		},
		{
			"from": [1.74607, 11.17953, 8.55],
			"to": [1.94607, 11.42953, 8.75],
			"rotation": {"angle": -22.5, "axis": "z", "origin": [2.05, 11.2, 9]},
			"faces": {
				"north": {"uv": [13.1, 8.2, 16, 8.7], "rotation": 270, "texture": "#texture"},
				"east": {"uv": [16, 8.2, 11.4, 8.7], "rotation": 90, "texture": "#texture"},
				"south": {"uv": [13.1, 8.2, 16, 8.7], "rotation": 90, "texture": "#texture"},
				"west": {"uv": [16, 8.2, 11.4, 8.7], "rotation": 90, "texture": "#texture"},
				"up": {"uv": [0, 0, 1, 1], "rotation": 90, "texture": "#texture"},
				"down": {"uv": [10.8, 8.2, 15.9, 8.65], "rotation": 90, "texture": "#texture"}
			}
		},
		{
			"from": [2.22704, 11.47012, 7.25],
			"to": [2.52704, 11.67012, 7.45],
			"rotation": {"angle": 22.5, "axis": "z", "origin": [2.05, 11.2, 7.7]},
			"faces": {
				"north": {"uv": [13.1, 8.2, 16, 8.7], "rotation": 180, "texture": "#texture"},
				"east": {"uv": [0, 0, 1, 1], "rotation": 180, "texture": "#texture"},
				"south": {"uv": [13.1, 8.2, 16, 8.7], "rotation": 180, "texture": "#texture"},
				"west": {"uv": [10.8, 8.2, 15.9, 8.65], "rotation": 180, "texture": "#texture"},
				"up": {"uv": [16, 8.2, 11.4, 8.7], "rotation": 180, "texture": "#texture"},
				"down": {"uv": [16, 8.2, 11.4, 8.7], "rotation": 180, "texture": "#texture"}
			}
		},
		{
			"from": [2.15711, 11.36154, 7.25],
			"to": [2.45711, 11.56154, 7.45],
			"rotation": {"angle": 45, "axis": "z", "origin": [2.05, 11.2, 7.7]},
			"faces": {
				"north": {"uv": [13.1, 8.2, 16, 8.7], "rotation": 180, "texture": "#texture"},
				"east": {"uv": [0, 0, 1, 1], "rotation": 180, "texture": "#texture"},
				"south": {"uv": [13.1, 8.2, 16, 8.7], "rotation": 180, "texture": "#texture"},
				"west": {"uv": [10.8, 8.2, 15.9, 8.65], "rotation": 180, "texture": "#texture"},
				"up": {"uv": [16, 8.2, 11.4, 8.7], "rotation": 180, "texture": "#texture"},
				"down": {"uv": [16, 8.2, 11.4, 8.7], "rotation": 180, "texture": "#texture"}
			}
		},
		{
			"from": [1.74607, 11.17953, 7.25],
			"to": [1.94607, 11.42953, 7.45],
			"rotation": {"angle": -22.5, "axis": "z", "origin": [2.05, 11.2, 7.7]},
			"faces": {
				"north": {"uv": [13.1, 8.2, 16, 8.7], "rotation": 270, "texture": "#texture"},
				"east": {"uv": [16, 8.2, 11.4, 8.7], "rotation": 90, "texture": "#texture"},
				"south": {"uv": [13.1, 8.2, 16, 8.7], "rotation": 90, "texture": "#texture"},
				"west": {"uv": [16, 8.2, 11.4, 8.7], "rotation": 90, "texture": "#texture"},
				"up": {"uv": [0, 0, 1, 1], "rotation": 90, "texture": "#texture"},
				"down": {"uv": [10.8, 8.2, 15.9, 8.65], "rotation": 90, "texture": "#texture"}
			}
		},
		{
			"from": [2.3, 11.625, 8.55],
			"to": [9.425, 11.825, 8.75],
			"rotation": {"angle": 0, "axis": "y", "origin": [-1.675, -0.45, 0]},
			"faces": {
				"north": {"uv": [13.1, 8.2, 16, 8.7], "rotation": 90, "texture": "#texture"},
				"east": {"uv": [0, 0, 1, 1], "rotation": 270, "texture": "#texture"},
				"south": {"uv": [13.1, 8.2, 16, 8.7], "rotation": 270, "texture": "#texture"},
				"west": {"uv": [10.8, 8.2, 15.9, 8.65], "rotation": 270, "texture": "#texture"},
				"up": {"uv": [16, 8.2, 11.4, 8.7], "rotation": 270, "texture": "#texture"},
				"down": {"uv": [16, 8.2, 11.4, 8.7], "rotation": 270, "texture": "#texture"}
			}
		},
		{
			"from": [1.225, 8.975, 8.55],
			"to": [1.425, 9.175, 8.75],
			"rotation": {"angle": 0, "axis": "y", "origin": [-1.675, -0.45, 0]},
			"faces": {
				"north": {"uv": [13.1, 8.2, 16, 8.7], "rotation": 90, "texture": "#texture"},
				"east": {"uv": [0, 0, 1, 1], "rotation": 270, "texture": "#texture"},
				"south": {"uv": [13.1, 8.2, 16, 8.7], "rotation": 270, "texture": "#texture"},
				"west": {"uv": [10.8, 8.2, 15.9, 8.65], "rotation": 270, "texture": "#texture"},
				"up": {"uv": [16, 8.2, 11.4, 8.7], "rotation": 270, "texture": "#texture"},
				"down": {"uv": [16, 8.2, 11.4, 8.7], "rotation": 270, "texture": "#texture"}
			}
		},
		{
			"from": [14.75, -0.15, 7.25],
			"to": [14.95, 0.15, 7.45],
			"rotation": {"angle": 45, "axis": "z", "origin": [-1.675, -0.45, -1.3]},
			"faces": {
				"north": {"uv": [13.1, 8.2, 16, 8.7], "texture": "#texture"},
				"east": {"uv": [16, 8.2, 11.4, 8.7], "texture": "#texture"},
				"south": {"uv": [13.1, 8.2, 16, 8.7], "texture": "#texture"},
				"west": {"uv": [16, 8.2, 11.4, 8.7], "texture": "#texture"},
				"up": {"uv": [10.8, 8.2, 15.9, 8.65], "texture": "#texture"},
				"down": {"uv": [0, 0, 1, 1], "texture": "#texture"}
			}
		},
		{
			"from": [3.875, 14.95, 7.25],
			"to": [4.125, 15.15, 7.45],
			"rotation": {"angle": -22.5, "axis": "z", "origin": [-1.675, -0.45, -1.3]},
			"faces": {
				"north": {"uv": [13.1, 8.2, 16, 8.7], "rotation": 90, "texture": "#texture"},
				"east": {"uv": [0, 0, 1, 1], "rotation": 270, "texture": "#texture"},
				"south": {"uv": [13.1, 8.2, 16, 8.7], "rotation": 270, "texture": "#texture"},
				"west": {"uv": [10.8, 8.2, 15.9, 8.65], "rotation": 270, "texture": "#texture"},
				"up": {"uv": [16, 8.2, 11.4, 8.7], "rotation": 270, "texture": "#texture"},
				"down": {"uv": [16, 8.2, 11.4, 8.7], "rotation": 270, "texture": "#texture"}
			}
		},
		{
			"from": [2.3, 11.625, 7.25],
			"to": [9.425, 11.825, 7.45],
			"rotation": {"angle": 0, "axis": "y", "origin": [-1.675, -0.45, -1.3]},
			"faces": {
				"north": {"uv": [13.1, 8.2, 16, 8.7], "rotation": 90, "texture": "#texture"},
				"east": {"uv": [0, 0, 1, 1], "rotation": 270, "texture": "#texture"},
				"south": {"uv": [13.1, 8.2, 16, 8.7], "rotation": 270, "texture": "#texture"},
				"west": {"uv": [10.8, 8.2, 15.9, 8.65], "rotation": 270, "texture": "#texture"},
				"up": {"uv": [16, 8.2, 11.4, 8.7], "rotation": 270, "texture": "#texture"},
				"down": {"uv": [16, 8.2, 11.4, 8.7], "rotation": 270, "texture": "#texture"}
			}
		},
		{
			"from": [13.35, 5.95, 7.25],
			"to": [13.55, 6.25, 7.45],
			"rotation": {"angle": 22.5, "axis": "z", "origin": [-1.675, -0.45, -1.3]},
			"faces": {
				"north": {"uv": [13.1, 8.2, 16, 8.7], "texture": "#texture"},
				"east": {"uv": [16, 8.2, 11.4, 8.7], "texture": "#texture"},
				"south": {"uv": [13.1, 8.2, 16, 8.7], "texture": "#texture"},
				"west": {"uv": [16, 8.2, 11.4, 8.7], "texture": "#texture"},
				"up": {"uv": [10.8, 8.2, 15.9, 8.65], "texture": "#texture"},
				"down": {"uv": [0, 0, 1, 1], "texture": "#texture"}
			}
		},
		{
			"from": [5.825, 10.075, 7.75],
			"to": [7.5, 11.275, 8.225],
			"rotation": {"angle": 0, "axis": "y", "origin": [6.325, 0.25, 0]},
			"faces": {
				"north": {"uv": [15.5, 11.5, 16, 11.75], "texture": "#texture"},
				"east": {"uv": [0, 0, 0, 0], "texture": "#texture"},
				"south": {"uv": [15.4, 11.3, 15.9, 11.75], "texture": "#texture"},
				"west": {"uv": [15.45, 11.5, 15.95, 11.75], "texture": "#texture"},
				"up": {"uv": [15.4, 11.25, 16, 11.75], "texture": "#texture"},
				"down": {"uv": [16, 11.75, 15.4, 11.25], "texture": "#texture"}
			}
		},
		{
			"from": [4.3, 8.325, 7.475],
			"to": [5.6, 9.575, 8.525],
			"rotation": {"angle": 0, "axis": "y", "origin": [2.75, -1, 0]},
			"faces": {
				"north": {"uv": [6.1, 10.125, 9.95, 10.8], "texture": "#texture", "cullface": "east"},
				"east": {"uv": [6.1, 8.1, 6.7, 8.8], "texture": "#texture", "cullface": "east"},
				"south": {"uv": [9.925, 10.1, 6.1, 10.8], "texture": "#texture", "cullface": "east"},
				"west": {"uv": [9, 10, 10, 11], "texture": "#texture"},
				"down": {"uv": [6.1, 8.9, 6.8, 8.1], "texture": "#texture", "cullface": "east"}
			}
		},
		{
			"from": [3.925, 7.15, 7.475],
			"to": [5.225, 8.325, 8.525],
			"rotation": {"angle": 0, "axis": "y", "origin": [2.75, -1, 0]},
			"faces": {
				"north": {"uv": [6.1, 10.125, 9.85, 10.8], "texture": "#texture", "cullface": "east"},
				"east": {"uv": [6.2, 8.1, 6.7, 8.8], "texture": "#texture", "cullface": "east"},
				"south": {"uv": [9.925, 10.1, 6.1, 10.8], "texture": "#texture", "cullface": "east"},
				"west": {"uv": [9, 10, 10, 11], "texture": "#texture"},
				"up": {"uv": [9, 10, 10, 11], "texture": "#texture"},
				"down": {"uv": [6.1, 8.9, 6.8, 8.1], "texture": "#texture", "cullface": "east"}
			}
		},
		{
			"from": [3.925, 8.325, 7.475],
			"to": [4.3, 8.575, 8.525],
			"rotation": {"angle": 0, "axis": "y", "origin": [2.75, -1, 0]},
			"faces": {
				"north": {"uv": [9, 10.2, 9.5, 10.7], "texture": "#texture", "cullface": "east"},
				"east": {"uv": [9.2, 10.1, 9.7, 10.8], "texture": "#texture", "cullface": "east"},
				"south": {"uv": [9.8, 10.1, 9.1, 10.8], "texture": "#texture", "cullface": "east"},
				"west": {"uv": [9, 10, 10, 11], "texture": "#texture"},
				"up": {"uv": [9, 10, 10, 11], "texture": "#texture"},
				"down": {"uv": [9.1, 10.9, 9.8, 10.1], "texture": "#texture", "cullface": "east"}
			}
		},
		{
			"from": [3.525, 7.15, 7.475],
			"to": [3.925, 7.4, 8.525],
			"rotation": {"angle": 0, "axis": "y", "origin": [2.75, -1, 0]},
			"faces": {
				"north": {"uv": [9.5, 10.2, 9, 10.7], "texture": "#texture", "cullface": "east"},
				"east": {"uv": [9.2, 10.1, 9.7, 10.8], "texture": "#texture", "cullface": "east"},
				"south": {"uv": [9.8, 10.1, 9.1, 10.8], "texture": "#texture", "cullface": "east"},
				"west": {"uv": [9, 10, 10, 11], "texture": "#texture"},
				"up": {"uv": [9, 10, 10, 11], "texture": "#texture"},
				"down": {"uv": [9.1, 10.9, 9.8, 10.1], "texture": "#texture", "cullface": "east"}
			}
		},
		{
			"from": [3.525, 6.15, 7.475],
			"to": [4.825, 7.15, 8.525],
			"rotation": {"angle": 0, "axis": "y", "origin": [2.75, -1, 0]},
			"faces": {
				"north": {"uv": [6.1, 10.125, 9.85, 10.8], "texture": "#texture", "cullface": "east"},
				"east": {"uv": [6.2, 8.1, 6.7, 8.8], "texture": "#texture", "cullface": "east"},
				"south": {"uv": [9.925, 10.1, 6.1, 10.8], "texture": "#texture", "cullface": "east"},
				"west": {"uv": [9, 10, 10, 11], "texture": "#texture"},
				"up": {"uv": [9, 10, 10, 11], "texture": "#texture"},
				"down": {"uv": [6.1, 8.9, 6.8, 8.1], "texture": "#texture", "cullface": "east"}
			}
		},
		{
			"from": [3.825, 5.4, 7.475],
			"to": [4.4, 5.65, 8.525],
			"rotation": {"angle": 0, "axis": "y", "origin": [2.75, -1, 0]},
			"faces": {
				"north": {"uv": [5.75, 10.2, 7.95, 10.7], "texture": "#texture", "cullface": "east"},
				"east": {"uv": [6.2, 8.1, 6.7, 8.8], "texture": "#texture", "cullface": "east"},
				"south": {"uv": [7.95, 10.1, 5.825, 10.8], "texture": "#texture", "cullface": "east"},
				"west": {"uv": [9, 10, 10, 11], "texture": "#texture"},
				"up": {"uv": [9, 10, 10, 11], "texture": "#texture"},
				"down": {"uv": [6.1, 8.9, 6.8, 8.1], "texture": "#texture", "cullface": "east"}
			}
		},
		{
			"from": [3.1, 5.65, 7.475],
			"to": [4.4, 6.15, 8.525],
			"rotation": {"angle": 0, "axis": "y", "origin": [2.75, -1, 0]},
			"faces": {
				"north": {"uv": [6.1, 10.125, 9.85, 10.8], "texture": "#texture", "cullface": "east"},
				"east": {"uv": [6.2, 8.1, 6.7, 8.8], "texture": "#texture", "cullface": "east"},
				"south": {"uv": [9.925, 10.1, 6.1, 10.8], "texture": "#texture", "cullface": "east"},
				"west": {"uv": [9, 10, 10, 11], "texture": "#texture"},
				"up": {"uv": [9, 10, 10, 11], "texture": "#texture"},
				"down": {"uv": [6.1, 8.9, 6.8, 8.1], "texture": "#texture", "cullface": "east"}
			}
		},
		{
			"from": [3.1, 6.15, 7.475],
			"to": [3.525, 6.4, 8.525],
			"rotation": {"angle": 0, "axis": "y", "origin": [2.75, -1, 0]},
			"faces": {
				"north": {"uv": [9, 10.2, 9.5, 10.7], "texture": "#texture", "cullface": "east"},
				"east": {"uv": [9.2, 10.1, 9.7, 10.8], "texture": "#texture", "cullface": "east"},
				"south": {"uv": [9.8, 10.1, 9.1, 10.8], "texture": "#texture", "cullface": "east"},
				"west": {"uv": [9, 10, 10, 11], "texture": "#texture"},
				"up": {"uv": [9, 10, 10, 11], "texture": "#texture"},
				"down": {"uv": [9.1, 10.9, 9.8, 10.1], "texture": "#texture", "cullface": "east"}
			}
		}
	],
	"gui_light": "front",
	"display": {
		"thirdperson_righthand": {
			"rotation": [0, -90, 0],
			"translation": [0, -1.5, 1.25]
		},
		"thirdperson_lefthand": {
			"rotation": [0, 90, 0],
			"translation": [0, -1.5, 1.25]
		},
		"firstperson_righthand": {
			"rotation": [0, -90, 0],
			"translation": [0, 0.75, 0.5],
			"scale": [1.03, 1.03, 1.03]
		},
		"firstperson_lefthand": {
			"rotation": [0, 90, 0],
			"translation": [0.25, 0.75, 0.5],
			"scale": [1.03, 1.03, 1.03]
		},
		"ground": {
			"translation": [3, 2.75, 0],
			"scale": [1.18, 1.18, 1.18]
		},
		"gui": {
			"rotation": [0, 0, -45],
			"translation": [1, -2.75, 0],
			"scale": [1.09, 1.09, 1]
		},
		"head": {
			"translation": [2, 0, 0]
		},
		"fixed": {
			"rotation": [0, 180, -45],
			"translation": [-0.95, -3.65, -1.1],
			"scale": [1.47, 1.47, 1.47]
		}
	}
}