{
	"credit": "Made by SrDarmith - YouTube: Mainclay",
	"textures": {
		"1": "itemm/door_wood_lower",
		"particle": "itemm/anvil_1",
		"texture": "itemm/anvil_1"
	},
	"elements": [
		{
			"from": [-4.5, 10.85, 7.75],
			"to": [4, 11.05, 8.25],
			"rotation": {"angle": 0, "axis": "y", "origin": [-0.25, 0.5, 0]},
			"faces": {
				"north": {"uv": [12.5, 5, 14, 5.25], "texture": "#texture"},
				"south": {"uv": [2, 5, 2.5, 5.25], "texture": "#texture"},
				"west": {"uv": [7.75, 5, 8.25, 5.25], "texture": "#texture"},
				"up": {"uv": [2, 7.75, 3.5, 8.25], "texture": "#texture"},
				"down": {"uv": [14, 8.25, 12.5, 7.75], "texture": "#texture"}
			}
		},
		{
			"from": [-7, 10.325, 7.5],
			"to": [-4.5, 10.925, 7.75],
			"rotation": {"angle": 0, "axis": "y", "origin": [-0.25, 0.5, 0]},
			"faces": {
				"north": {"uv": [12.5, 5.25, 14, 5.75], "texture": "#texture"},
				"east": {"uv": [5, 5, 6, 6], "texture": "#texture"},
				"south": {"uv": [2, 5.25, 3.5, 5.75], "texture": "#texture"},
				"west": {"uv": [7.5, 5.25, 7.75, 5.75], "texture": "#texture"},
				"up": {"uv": [2, 7.5, 3.5, 7.75], "texture": "#texture"},
				"down": {"uv": [14, 7.75, 12.5, 7.5], "texture": "#texture"}
			}
		},
		{
			"from": [-7, 10.325, 8.25],
			"to": [-4.5, 10.925, 8.5],
			"rotation": {"angle": 0, "axis": "y", "origin": [-0.25, 0.5, 0]},
			"faces": {
				"north": {"uv": [12.5, 5.25, 14, 5.75], "texture": "#texture"},
				"east": {"uv": [5, 5, 6, 6], "texture": "#texture"},
				"south": {"uv": [2, 5.25, 3.5, 5.75], "texture": "#texture"},
				"west": {"uv": [8.25, 5.25, 8.5, 5.75], "texture": "#texture"},
				"up": {"uv": [2, 8.25, 3.5, 8.5], "texture": "#texture"},
				"down": {"uv": [14, 8.5, 12.5, 8.25], "texture": "#texture"}
			}
		},
		{
			"from": [-7, 10.125, 7.7],
			"to": [-4.5, 10.375, 8.3],
			"rotation": {"angle": 0, "axis": "y", "origin": [-0.25, 0.5, 0]},
			"faces": {
				"north": {"uv": [12.5, 5.75, 14, 6], "texture": "#texture"},
				"east": {"uv": [5, 5, 6, 6], "texture": "#texture"},
				"south": {"uv": [2, 5.75, 3.5, 6], "texture": "#texture"},
				"west": {"uv": [7.75, 5.75, 8.25, 6], "texture": "#texture"},
				"up": {"uv": [2, 7.75, 3.5, 8.25], "texture": "#texture"},
				"down": {"uv": [14, 8.25, 12.5, 7.75], "texture": "#texture"}
			}
		},
		{
			"from": [-7, 10.875, 7.7],
			"to": [-4.5, 11.125, 8.3],
			"rotation": {"angle": 0, "axis": "y", "origin": [-0.25, 0.5, 0]},
			"faces": {
				"north": {"uv": [12.5, 5, 14, 5.25], "texture": "#texture"},
				"east": {"uv": [5, 5, 6, 6], "texture": "#texture"},
				"south": {"uv": [2, 5, 3.5, 5.25], "texture": "#texture"},
				"west": {"uv": [7.75, 5, 8.25, 5.25], "texture": "#texture"},
				"up": {"uv": [2, 7.75, 3.5, 8.25], "texture": "#texture"},
				"down": {"uv": [14, 8.25, 12.5, 7.75], "texture": "#texture"}
			}
		},
		{
			"from": [-5.25, 10.275, 7.425],
			"to": [-4.5, 10.975, 7.8],
			"rotation": {"angle": 0, "axis": "y", "origin": [-0.25, 0.5, 0]},
			"faces": {
				"north": {"uv": [12.5, 5.25, 14, 5.75], "texture": "#texture"},
				"east": {"uv": [5, 5, 6, 6], "texture": "#texture"},
				"south": {"uv": [2, 5.25, 3.5, 5.75], "texture": "#texture"},
				"west": {"uv": [7.5, 5.25, 7.75, 5.75], "texture": "#texture"},
				"up": {"uv": [2, 7.5, 3.5, 7.75], "texture": "#texture"},
				"down": {"uv": [14, 7.75, 12.5, 7.5], "texture": "#texture"}
			}
		},
		{
			"from": [-5.25, 10.275, 8.2],
			"to": [-4.5, 10.975, 8.575],
			"rotation": {"angle": 0, "axis": "y", "origin": [-0.25, 0.5, 0]},
			"faces": {
				"north": {"uv": [12.5, 5.25, 14, 5.75], "texture": "#texture"},
				"east": {"uv": [5, 5, 6, 6], "texture": "#texture"},
				"south": {"uv": [2, 5.25, 3.5, 5.75], "texture": "#texture"},
				"west": {"uv": [8.25, 5.25, 8.5, 5.75], "texture": "#texture"},
				"up": {"uv": [2, 8.25, 3.5, 8.5], "texture": "#texture"},
				"down": {"uv": [14, 8.5, 12.5, 8.25], "texture": "#texture"}
			}
		},
		{
			"from": [-5.25, 10.05, 7.65],
			"to": [-4.5, 10.425, 8.35],
			"rotation": {"angle": 0, "axis": "y", "origin": [-0.25, 0.5, 0]},
			"faces": {
				"north": {"uv": [12.5, 5.75, 14, 6], "texture": "#texture"},
				"east": {"uv": [5, 5, 6, 6], "texture": "#texture"},
				"south": {"uv": [2, 5.75, 3.5, 6], "texture": "#texture"},
				"west": {"uv": [7.75, 5.75, 8.25, 6], "texture": "#texture"},
				"up": {"uv": [2, 7.75, 3.5, 8.25], "texture": "#texture"},
				"down": {"uv": [14, 8.25, 12.5, 7.75], "texture": "#texture"}
			}
		},
		{
			"from": [-5.25, 10.825, 7.65],
			"to": [-4.5, 11.2, 8.35],
			"rotation": {"angle": 0, "axis": "y", "origin": [-0.25, 0.5, 0]},
			"faces": {
				"north": {"uv": [12.5, 5, 14, 5.25], "texture": "#texture"},
				"east": {"uv": [5, 5, 6, 6], "texture": "#texture"},
				"south": {"uv": [2, 5, 3.5, 5.25], "texture": "#texture"},
				"west": {"uv": [7.75, 5, 8.25, 5.25], "texture": "#texture"},
				"up": {"uv": [2, 7.75, 3.5, 8.25], "texture": "#texture"},
				"down": {"uv": [14, 8.25, 12.5, 7.75], "texture": "#texture"}
			}
		},
		{
			"from": [2.25, 10.325, 7.475],
			"to": [4.5, 10.925, 7.75],
			"rotation": {"angle": 0, "axis": "y", "origin": [-0.25, 0.5, 0]},
			"faces": {
				"north": {"uv": [12.5, 5.25, 14, 5.75], "texture": "#texture"},
				"east": {"uv": [5, 5, 6, 6], "texture": "#texture"},
				"south": {"uv": [2, 5.25, 3.5, 5.75], "texture": "#texture"},
				"west": {"uv": [7.5, 5.25, 7.75, 5.75], "texture": "#texture"},
				"up": {"uv": [2, 7.5, 3.5, 7.75], "texture": "#texture"},
				"down": {"uv": [14, 7.75, 12.5, 7.5], "texture": "#texture"}
			}
		},
		{
			"from": [2.25, 10.325, 8.25],
			"to": [4.5, 10.925, 8.525],
			"rotation": {"angle": 0, "axis": "y", "origin": [-0.25, 0.5, 0]},
			"faces": {
				"north": {"uv": [12.5, 5.25, 14, 5.75], "texture": "#texture"},
				"east": {"uv": [5, 5, 6, 6], "texture": "#texture"},
				"south": {"uv": [2, 5.25, 3.5, 5.75], "texture": "#texture"},
				"west": {"uv": [8.25, 5.25, 8.5, 5.75], "texture": "#texture"},
				"up": {"uv": [2, 8.25, 3.5, 8.5], "texture": "#texture"},
				"down": {"uv": [14, 8.5, 12.5, 8.25], "texture": "#texture"}
			}
		},
		{
			"from": [2.25, 10.1, 7.7],
			"to": [4.5, 10.375, 8.3],
			"rotation": {"angle": 0, "axis": "y", "origin": [-0.25, 0.5, 0]},
			"faces": {
				"north": {"uv": [12.5, 5.75, 14, 6], "texture": "#texture"},
				"east": {"uv": [5, 5, 6, 6], "texture": "#texture"},
				"south": {"uv": [2, 5.75, 3.5, 6], "texture": "#texture"},
				"west": {"uv": [7.75, 5.75, 8.25, 6], "texture": "#texture"},
				"up": {"uv": [2, 7.75, 3.5, 8.25], "texture": "#texture"},
				"down": {"uv": [14, 8.25, 12.5, 7.75], "texture": "#texture"}
			}
		},
		{
			"from": [-0.525, 9.6, 7.825],
			"to": [-0.35, 10.375, 8.175],
			"rotation": {"angle": 0, "axis": "y", "origin": [-0.25, 0.55, 0]},
			"faces": {
				"north": {"uv": [12.5, 5.75, 14, 6], "texture": "#texture"},
				"east": {"uv": [0, 0, 1, 1], "texture": "#texture"},
				"south": {"uv": [2, 5.75, 3.5, 6], "texture": "#texture"},
				"west": {"uv": [7.75, 5.75, 8.25, 6], "texture": "#texture"},
				"up": {"uv": [2, 7.75, 3.5, 8.25], "texture": "#texture"},
				"down": {"uv": [14, 8.25, 12.5, 7.75], "texture": "#texture"}
			}
		},
		{
			"from": [2.25, 10.875, 7.7],
			"to": [4.5, 11.15, 8.3],
			"rotation": {"angle": 0, "axis": "y", "origin": [-0.25, 0.5, 0]},
			"faces": {
				"north": {"uv": [12.5, 5, 14, 5.25], "texture": "#texture"},
				"east": {"uv": [5, 5, 6, 6], "texture": "#texture"},
				"south": {"uv": [2, 5, 3.5, 5.25], "texture": "#texture"},
				"west": {"uv": [7.75, 5, 8.25, 5.25], "texture": "#texture"},
				"up": {"uv": [2, 7.75, 3.5, 8.25], "texture": "#texture"},
				"down": {"uv": [14, 8.25, 12.5, 7.75], "texture": "#texture"}
			}
		},
		{
			"from": [5.875, 11.125, 7.775],
			"to": [9.5, 11.275, 8.125],
			"rotation": {"angle": 0, "axis": "y", "origin": [-0.5, 0.5, 0]},
			"faces": {
				"north": {"uv": [16, 12, 15, 11], "texture": "#texture"},
				"east": {"uv": [16, 12, 15, 11], "texture": "#texture"},
				"south": {"uv": [16, 12, 15, 11], "texture": "#texture"},
				"west": {"uv": [16, 12, 15, 11], "texture": "#texture"},
				"up": {"uv": [16, 12, 15, 11], "texture": "#texture"},
				"down": {"uv": [16, 12, 15, 11], "texture": "#texture"}
			}
		},
		{
			"from": [6, 11.125, 7.775],
			"to": [6.5, 11.65, 8.125],
			"rotation": {"angle": 0, "axis": "y", "origin": [-0.5, 0.5, 0]},
			"faces": {
				"north": {"uv": [12.5, 5, 14, 5.25], "texture": "#texture"},
				"east": {"uv": [3, 7, 4, 8], "texture": "#texture"},
				"south": {"uv": [2, 5, 3.5, 5.25], "texture": "#texture"},
				"west": {"uv": [7.75, 5, 8.25, 5.25], "texture": "#texture"},
				"up": {"uv": [2, 7.75, 3.5, 8.25], "texture": "#texture"},
				"down": {"uv": [14, 8.25, 12.5, 7.75], "texture": "#texture"}
			}
		},
		{
			"from": [6.075, 11.125, 7.7],
			"to": [6.425, 11.65, 8.2],
			"rotation": {"angle": 0, "axis": "y", "origin": [-0.5, 0.5, 0]},
			"faces": {
				"north": {"uv": [12.5, 5, 14, 5.25], "texture": "#texture"},
				"east": {"uv": [3, 7, 4, 8], "texture": "#texture"},
				"south": {"uv": [2, 5, 3.5, 5.25], "texture": "#texture"},
				"west": {"uv": [7.75, 5, 8.25, 5.25], "texture": "#texture"},
				"up": {"uv": [2, 7.75, 3.5, 8.25], "texture": "#texture"},
				"down": {"uv": [14, 8.25, 12.5, 7.75], "texture": "#texture"}
			}
		},
		{
			"from": [-4.5, 10.2, 7.75],
			"to": [4, 10.4, 8.25],
			"rotation": {"angle": 0, "axis": "y", "origin": [-0.25, 0.5, 0]},
			"faces": {
				"north": {"uv": [12.5, 5.75, 14, 6], "texture": "#texture"},
				"south": {"uv": [2, 5.75, 3.5, 6], "texture": "#texture"},
				"west": {"uv": [7.75, 5.75, 8.25, 6], "texture": "#texture"},
				"up": {"uv": [2, 7.75, 3.5, 8.25], "texture": "#texture"},
				"down": {"uv": [14, 8.25, 12.5, 7.75], "texture": "#texture"}
			}
		},
		{
			"from": [-4.5, 10.375, 8.225],
			"to": [4, 10.875, 8.425],
			"rotation": {"angle": 0, "axis": "y", "origin": [-0.25, 0.5, 0]},
			"faces": {
				"north": {"uv": [12.5, 5.25, 14, 5.75], "texture": "#texture"},
				"south": {"uv": [2, 5.25, 2.5, 5.75], "texture": "#texture"},
				"west": {"uv": [8.25, 5.25, 8.5, 5.75], "texture": "#texture"},
				"up": {"uv": [2, 8.25, 3.5, 8.5], "texture": "#texture"},
				"down": {"uv": [14, 8.5, 12.5, 8.25], "texture": "#texture"}
			}
		},
		{
			"from": [-4.5, 10.375, 7.575],
			"to": [4, 10.875, 7.775],
			"rotation": {"angle": 0, "axis": "y", "origin": [-0.25, 0.5, 0]},
			"faces": {
				"north": {"uv": [12.5, 5.25, 14, 5.75], "texture": "#texture"},
				"south": {"uv": [2, 5.25, 2.5, 5.75], "texture": "#texture"},
				"west": {"uv": [7.5, 5.25, 7.75, 5.75], "texture": "#texture"},
				"up": {"uv": [2, 7.5, 3.5, 7.75], "texture": "#texture"},
				"down": {"uv": [14, 7.75, 12.5, 7.5], "texture": "#texture"}
			}
		},
		{
			"from": [0.15, 5.675, 7.5],
			"to": [0.3, 5.925, 8.5],
			"rotation": {"angle": 0, "axis": "y", "origin": [-9.1, -4.325, 0]},
			"faces": {
				"north": {"uv": [7.75, 5.25, 10.25, 11.5], "texture": "#1"},
				"east": {"uv": [8.5, 5.25, 10.5, 11.5], "texture": "#1"},
				"south": {"uv": [8.75, 5.25, 11.25, 11.5], "texture": "#1"},
				"west": {"uv": [8.5, 5.25, 10.5, 11.5], "texture": "#1"},
				"up": {"uv": [8.75, 4.5, 11.25, 9.5], "texture": "#1"},
				"down": {"uv": [10.25, 9.5, 7.75, 4.5], "texture": "#1"}
			}
		},
		{
			"from": [-1.1, 8.5, 7.5],
			"to": [-0.675, 8.975, 8.5],
			"rotation": {"angle": 0, "axis": "y", "origin": [-9.1, -4.325, 0]},
			"faces": {
				"north": {"uv": [7.75, 5.25, 10.25, 11.5], "texture": "#1"},
				"east": {"uv": [8.5, 5.25, 10.5, 11.5], "texture": "#1"},
				"south": {"uv": [8.75, 5.25, 11.25, 11.5], "texture": "#1"},
				"west": {"uv": [8.5, 5.25, 10.5, 11.5], "texture": "#1"},
				"up": {"uv": [8.75, 4.5, 11.25, 9.5], "texture": "#1"},
				"down": {"uv": [10.25, 9.5, 7.75, 4.5], "texture": "#1"}
			}
		},
		{
			"from": [-0.7, 7.7, 7.5],
			"to": [-0.5, 7.95, 8.5],
			"rotation": {"angle": 0, "axis": "y", "origin": [-9.1, -4.325, 0]},
			"faces": {
				"north": {"uv": [7.75, 5.25, 10.25, 11.5], "texture": "#1"},
				"east": {"uv": [8.5, 5.25, 10.5, 11.5], "texture": "#1"},
				"south": {"uv": [8.75, 5.25, 11.25, 11.5], "texture": "#1"},
				"west": {"uv": [8.5, 5.25, 10.5, 11.5], "texture": "#1"},
				"up": {"uv": [8.75, 4.5, 11.25, 9.5], "texture": "#1"},
				"down": {"uv": [10.25, 9.5, 7.75, 4.5], "texture": "#1"}
			}
		},
		{
			"from": [-1.175, 9.175, 7.5],
			"to": [0.5, 9.725, 8.5],
			"rotation": {"angle": 0, "axis": "y", "origin": [-9.8, -3.25, 0]},
			"faces": {
				"north": {"uv": [7.75, 5.25, 10.25, 11.5], "texture": "#1"},
				"east": {"uv": [8.5, 5.25, 10.5, 11.5], "texture": "#1"},
				"south": {"uv": [8.75, 5.25, 11.25, 11.5], "texture": "#1"},
				"west": {"uv": [8.5, 5.25, 10.5, 11.5], "texture": "#1"},
				"up": {"uv": [8.75, 4.5, 11.25, 9.5], "texture": "#1"},
				"down": {"uv": [10.25, 9.5, 7.75, 4.5], "texture": "#1"}
			}
		},
		{
			"from": [-1.475, 9.725, 7.45],
			"to": [3, 9.875, 8.55],
			"rotation": {"angle": 0, "axis": "y", "origin": [-9.8, -3.25, 0]},
			"faces": {
				"north": {"uv": [5, 6, 4, 5], "texture": "#1"},
				"east": {"uv": [5, 6, 4, 5], "texture": "#1"},
				"south": {"uv": [5, 6, 4, 5], "texture": "#1"},
				"west": {"uv": [5, 6, 4, 5], "texture": "#1"},
				"up": {"uv": [5, 6, 4, 5], "texture": "#1"},
				"down": {"uv": [5, 6, 4, 5], "texture": "#1"}
			}
		},
		{
			"from": [0.5, 9.425, 7.5],
			"to": [2.35, 9.725, 8.5],
			"rotation": {"angle": 0, "axis": "y", "origin": [-10.05, -3.25, 0]},
			"faces": {
				"north": {"uv": [7.75, 6.25, 11.25, 8.5], "texture": "#1"},
				"east": {"uv": [8.5, 6.25, 11.5, 8.5], "texture": "#1"},
				"south": {"uv": [8.75, 6.25, 12.25, 8.5], "texture": "#1"},
				"west": {"uv": [8.5, 6.25, 11.5, 8.5], "texture": "#1"},
				"up": {"uv": [8.75, 5.5, 12.25, 6.5], "texture": "#1"},
				"down": {"uv": [11.25, 6.5, 7.75, 5.5], "texture": "#1"}
			}
		},
		{
			"from": [2.35, 9.3, 7.5],
			"to": [2.8, 9.725, 8.5],
			"rotation": {"angle": 0, "axis": "y", "origin": [-10.05, -3.25, 0]},
			"faces": {
				"north": {"uv": [7.75, 6.25, 9.25, 8.5], "texture": "#1"},
				"east": {"uv": [8.5, 6.25, 9.5, 8.5], "texture": "#1"},
				"south": {"uv": [8.75, 6.25, 10.25, 8.5], "texture": "#1"},
				"west": {"uv": [8.5, 6.25, 9.5, 8.5], "texture": "#1"},
				"up": {"uv": [8.75, 5.5, 10.25, 6.5], "texture": "#1"},
				"down": {"uv": [9.25, 6.5, 7.75, 5.5], "texture": "#1"}
			}
		},
		{
			"from": [2.8, 8.85, 7.5],
			"to": [3, 9.725, 8.5],
			"rotation": {"angle": 0, "axis": "y", "origin": [-10.05, -3.25, 0]},
			"faces": {
				"north": {"uv": [7.75, 6.25, 9.25, 8.5], "texture": "#1"},
				"east": {"uv": [8.5, 6.25, 9.5, 8.5], "texture": "#1"},
				"south": {"uv": [8.75, 6.25, 10.25, 8.5], "texture": "#1"},
				"west": {"uv": [8.5, 6.25, 9.5, 8.5], "texture": "#1"},
				"up": {"uv": [8.75, 5.5, 10.25, 6.5], "texture": "#1"},
				"down": {"uv": [9.25, 6.5, 7.75, 5.5], "texture": "#1"}
			}
		},
		{
			"from": [-4.3, 12.85, 7.5],
			"to": [-2.8, 13.275, 8.5],
			"rotation": {"angle": -22.5, "axis": "z", "origin": [-10.05, -3.25, 0]},
			"faces": {
				"north": {"uv": [7.75, 6.25, 11.25, 8.5], "texture": "#1"},
				"east": {"uv": [8.5, 6.25, 11.5, 8.5], "texture": "#1"},
				"south": {"uv": [8.75, 6.25, 12.25, 8.5], "texture": "#1"},
				"west": {"uv": [8.5, 6.25, 11.5, 8.5], "texture": "#1"},
				"up": {"uv": [8.75, 5.5, 12.25, 6.5], "texture": "#1"},
				"down": {"uv": [11.25, 6.5, 7.75, 5.5], "texture": "#1"}
			}
		},
		{
			"from": [4.525, 16.275, 7.5],
			"to": [12.325, 17.325, 8.5],
			"rotation": {"angle": -22.5, "axis": "z", "origin": [-10.45, -2.65, 0]},
			"faces": {
				"north": {"uv": [9, 12, 5, 9], "texture": "#1"},
				"east": {"uv": [9, 12, 5, 9], "texture": "#1"},
				"south": {"uv": [9, 12, 5, 9], "texture": "#1"},
				"west": {"uv": [9, 12, 5, 9], "texture": "#1"},
				"up": {"uv": [9, 12, 5, 9], "texture": "#1"},
				"down": {"uv": [9, 12, 5, 9], "texture": "#1"}
			}
		},
		{
			"from": [8.9, 5.625, 7.5],
			"to": [9.05, 5.875, 8.5],
			"rotation": {"angle": 0, "axis": "y", "origin": [-0.35, -4.375, 0]},
			"faces": {
				"north": {"uv": [2, 8.25, 4.5, 14.5], "texture": "#1"},
				"east": {"uv": [2.75, 8.25, 4.75, 14.5], "texture": "#1"},
				"south": {"uv": [3, 8.25, 5.5, 14.5], "texture": "#1"},
				"west": {"uv": [2.75, 8.25, 4.75, 14.5], "texture": "#1"},
				"up": {"uv": [3, 7.5, 5.5, 12.5], "texture": "#1"},
				"down": {"uv": [4.5, 12.5, 2, 7.5], "texture": "#1"}
			}
		},
		{
			"from": [8.475, 6.65, 7.5],
			"to": [8.675, 6.9, 8.5],
			"rotation": {"angle": 0, "axis": "y", "origin": [-0.35, -4.375, 0]},
			"faces": {
				"north": {"uv": [2, 8.25, 4.5, 14.5], "texture": "#1"},
				"east": {"uv": [2.75, 8.25, 4.75, 14.5], "texture": "#1"},
				"south": {"uv": [3, 8.25, 5.5, 14.5], "texture": "#1"},
				"west": {"uv": [2.75, 8.25, 4.75, 14.5], "texture": "#1"},
				"up": {"uv": [3, 7.5, 5.5, 12.5], "texture": "#1"},
				"down": {"uv": [4.5, 12.5, 2, 7.5], "texture": "#1"}
			}
		},
		{
			"from": [7.725, 8.1, 7.475],
			"to": [9.425, 9.275, 8.525],
			"rotation": {"angle": 0, "axis": "y", "origin": [-0.75, -4, 0]},
			"faces": {
				"north": {"uv": [0, 8.25, 6.5, 12.5], "texture": "#1"},
				"east": {"uv": [0.75, 8.25, 6.75, 12.5], "texture": "#1"},
				"south": {"uv": [1, 8.25, 7.5, 12.5], "texture": "#1"},
				"west": {"uv": [0.75, 8.25, 6.75, 12.5], "texture": "#1"},
				"up": {"uv": [1, 7.5, 7.5, 10.5], "texture": "#1"},
				"down": {"uv": [6.5, 10.5, 0, 7.5], "texture": "#1"}
			}
		},
		{
			"from": [10.575, 9.1, 7.475],
			"to": [12.575, 9.775, 8.525],
			"rotation": {"angle": 0, "axis": "y", "origin": [-0.75, -4, 0]},
			"faces": {
				"north": {"uv": [9, 12, 5, 9], "texture": "#1"},
				"east": {"uv": [9, 12, 5, 9], "texture": "#1"},
				"south": {"uv": [9, 12, 5, 9], "texture": "#1"},
				"west": {"uv": [9, 12, 5, 9], "texture": "#1"},
				"up": {"uv": [9, 12, 5, 9], "texture": "#1"},
				"down": {"uv": [9, 12, 5, 9], "texture": "#1"}
			}
		},
		{
			"from": [7.175, 13.575, 7.5],
			"to": [7.45, 14.175, 8.5],
			"rotation": {"angle": -22.5, "axis": "z", "origin": [-0.9, -3.925, 0]},
			"faces": {
				"north": {"uv": [9, 12, 5, 9], "texture": "#1"},
				"east": {"uv": [9, 12, 5, 9], "texture": "#1"},
				"south": {"uv": [9, 12, 5, 9], "texture": "#1"},
				"west": {"uv": [9, 12, 5, 9], "texture": "#1"},
				"up": {"uv": [9, 12, 5, 9], "texture": "#1"},
				"down": {"uv": [9, 12, 5, 9], "texture": "#1"}
			}
		},
		{
			"from": [13.475, 8.375, 7.5],
			"to": [15.1, 9.725, 8.5],
			"rotation": {"angle": 0, "axis": "z", "origin": [-0.9, -3.925, 0]},
			"faces": {
				"north": {"uv": [9, 12, 5, 9], "texture": "#1"},
				"east": {"uv": [9, 12, 5, 9], "texture": "#1"},
				"south": {"uv": [9, 12, 5, 9], "texture": "#1"},
				"west": {"uv": [9, 12, 5, 9], "texture": "#1"},
				"up": {"uv": [9, 12, 5, 9], "texture": "#1"},
				"down": {"uv": [9, 12, 5, 9], "texture": "#1"}
			}
		},
		{
			"from": [15.1, 7.675, 7.5],
			"to": [16.725, 9.475, 8.5],
			"rotation": {"angle": 0, "axis": "y", "origin": [-0.9, -3.925, 0]},
			"faces": {
				"north": {"uv": [9, 12, 5, 9], "texture": "#1"},
				"east": {"uv": [9, 12, 5, 9], "texture": "#1"},
				"south": {"uv": [9, 12, 5, 9], "texture": "#1"},
				"west": {"uv": [9, 12, 5, 9], "texture": "#1"},
				"up": {"uv": [9, 12, 5, 9], "texture": "#1"},
				"down": {"uv": [9, 12, 5, 9], "texture": "#1"}
			}
		},
		{
			"from": [16.725, 7.075, 7.5],
			"to": [18.35, 9.225, 8.5],
			"rotation": {"angle": 0, "axis": "y", "origin": [-0.9, -3.925, 0]},
			"faces": {
				"north": {"uv": [9, 12, 5, 9], "texture": "#1"},
				"east": {"uv": [9, 12, 5, 9], "texture": "#1"},
				"south": {"uv": [9, 12, 5, 9], "texture": "#1"},
				"west": {"uv": [9, 12, 5, 9], "texture": "#1"},
				"up": {"uv": [9, 12, 5, 9], "texture": "#1"},
				"down": {"uv": [9, 12, 5, 9], "texture": "#1"}
			}
		},
		{
			"from": [17.725, 5.675, 7.5],
			"to": [18.35, 7.075, 8.5],
			"rotation": {"angle": 0, "axis": "y", "origin": [-0.9, -3.925, 0]},
			"faces": {
				"north": {"uv": [9, 12, 5, 9], "texture": "#1"},
				"east": {"uv": [9, 12, 5, 9], "texture": "#1"},
				"south": {"uv": [9, 12, 5, 9], "texture": "#1"},
				"west": {"uv": [9, 12, 5, 9], "texture": "#1"},
				"up": {"uv": [9, 12, 5, 9], "texture": "#1"},
				"down": {"uv": [9, 12, 5, 9], "texture": "#1"}
			}
		},
		{
			"from": [18.35, 5.675, 7.5],
			"to": [18.525, 9.225, 8.5],
			"rotation": {"angle": 0, "axis": "y", "origin": [-0.9, -3.925, 0]},
			"faces": {
				"north": {"uv": [2.75, 6.25, 11.25, 10.5], "texture": "#texture"},
				"east": {"uv": [3.5, 6.25, 11.5, 10.5], "texture": "#texture"},
				"south": {"uv": [3.75, 6.25, 12.25, 10.5], "texture": "#texture"},
				"west": {"uv": [3.5, 6.25, 11.5, 10.5], "texture": "#texture"},
				"up": {"uv": [3.75, 5.5, 12.25, 8.5], "texture": "#texture"},
				"down": {"uv": [11.25, 8.5, 2.75, 5.5], "texture": "#texture"}
			}
		},
		{
			"from": [8, 12.3, 7.5],
			"to": [12.625, 12.525, 8.5],
			"rotation": {"angle": -22.5, "axis": "z", "origin": [-0.9, -3.925, 0]},
			"faces": {
				"north": {"uv": [9, 12, 5, 9], "texture": "#1"},
				"east": {"uv": [9, 12, 5, 9], "texture": "#1"},
				"south": {"uv": [9, 12, 5, 9], "texture": "#1"},
				"west": {"uv": [9, 12, 5, 9], "texture": "#1"},
				"up": {"uv": [9, 12, 5, 9], "texture": "#1"},
				"down": {"uv": [9, 12, 5, 9], "texture": "#1"}
			}
		},
		{
			"from": [10.25, 12.075, 7.5],
			"to": [12.625, 12.3, 8.5],
			"rotation": {"angle": -22.5, "axis": "z", "origin": [-0.9, -3.925, 0]},
			"faces": {
				"north": {"uv": [9, 12, 5, 9], "texture": "#1"},
				"east": {"uv": [9, 12, 5, 9], "texture": "#1"},
				"south": {"uv": [9, 12, 5, 9], "texture": "#1"},
				"west": {"uv": [9, 12, 5, 9], "texture": "#1"},
				"up": {"uv": [9, 12, 5, 9], "texture": "#1"},
				"down": {"uv": [9, 12, 5, 9], "texture": "#1"}
			}
		},
		{
			"from": [12.125, 1.275, 7.5],
			"to": [12.975, 4.075, 8.5],
			"rotation": {"angle": 22.5, "axis": "z", "origin": [-0.35, -4.375, 0]},
			"faces": {
				"north": {"uv": [3, 8.25, 5.5, 14.5], "texture": "#1"},
				"east": {"uv": [2.75, 8.25, 4.75, 14.5], "texture": "#1"},
				"south": {"uv": [3, 8.25, 5.5, 14.5], "texture": "#1"},
				"west": {"uv": [2.75, 8.25, 4.75, 14.5], "texture": "#1"},
				"up": {"uv": [3, 7.5, 5.5, 12.5], "texture": "#1"},
				"down": {"uv": [4.5, 12.5, 2, 7.5], "texture": "#1"}
			}
		},
		{
			"from": [4.725, 1.825, 7.5],
			"to": [4.975, 3.575, 8.5],
			"rotation": {"angle": 22.5, "axis": "z", "origin": [-9.1, -4.325, 0]},
			"faces": {
				"north": {"uv": [7.75, 5.25, 8.25, 11.5], "texture": "#1"},
				"east": {"uv": [8.5, 5.25, 8.5, 11.5], "texture": "#1"},
				"south": {"uv": [8.75, 5.25, 9.25, 11.5], "texture": "#1"},
				"west": {"uv": [8.5, 5.25, 8.5, 11.5], "texture": "#1"},
				"up": {"uv": [8.75, 4.5, 9.25, 9.5], "texture": "#1"},
				"down": {"uv": [8.25, 9.5, 7.75, 4.5], "texture": "#1"}
			}
		},
		{
			"from": [4.225, 1.575, 7.5],
			"to": [4.725, 4.775, 8.5],
			"rotation": {"angle": 22.5, "axis": "z", "origin": [-9.1, -4.325, 0]},
			"faces": {
				"north": {"uv": [7.75, 5.25, 9.25, 11.5], "texture": "#1"},
				"east": {"uv": [8.5, 5.25, 9.5, 11.5], "texture": "#1"},
				"south": {"uv": [8.75, 5.25, 10.25, 11.5], "texture": "#1"},
				"west": {"uv": [8.5, 5.25, 9.5, 11.5], "texture": "#1"},
				"up": {"uv": [8.75, 4.5, 10.25, 9.5], "texture": "#1"},
				"down": {"uv": [9.25, 9.5, 7.75, 4.5], "texture": "#1"}
			}
		},
		{
			"from": [-0.275, 6.7, 7.5],
			"to": [-0.075, 6.95, 8.5],
			"rotation": {"angle": 0, "axis": "y", "origin": [-9.1, -4.325, 0]},
			"faces": {
				"north": {"uv": [7.75, 5.25, 10.25, 11.5], "texture": "#1"},
				"east": {"uv": [8.5, 5.25, 10.5, 11.5], "texture": "#1"},
				"south": {"uv": [8.75, 5.25, 11.25, 11.5], "texture": "#1"},
				"west": {"uv": [8.5, 5.25, 10.5, 11.5], "texture": "#1"},
				"up": {"uv": [8.75, 4.5, 11.25, 9.5], "texture": "#1"},
				"down": {"uv": [10.25, 9.5, 7.75, 4.5], "texture": "#1"}
			}
		},
		{
			"from": [3.375, 5.1, 7.5],
			"to": [3.65, 5.725, 8.5],
			"rotation": {"angle": 22.5, "axis": "z", "origin": [-9.1, -4.325, 0]},
			"faces": {
				"north": {"uv": [9.75, 5.25, 10.25, 11.5], "texture": "#1"},
				"east": {"uv": [10.5, 5.25, 10.5, 11.5], "texture": "#1"},
				"south": {"uv": [10.75, 5.25, 11.25, 11.5], "texture": "#1"},
				"west": {"uv": [10.5, 5.25, 10.5, 11.5], "texture": "#1"},
				"up": {"uv": [10.75, 4.5, 11.25, 9.5], "texture": "#1"},
				"down": {"uv": [10.25, 9.5, 9.75, 4.5], "texture": "#1"}
			}
		},
		{
			"from": [3.375, 1.325, 7.5],
			"to": [4.225, 5.125, 8.5],
			"rotation": {"angle": 22.5, "axis": "z", "origin": [-9.1, -4.325, 0]},
			"faces": {
				"north": {"uv": [2.75, 9.75, 5.25, 16], "texture": "#1"},
				"east": {"uv": [3.5, 9.75, 5.5, 16], "texture": "#1"},
				"south": {"uv": [3.75, 9.75, 6.25, 16], "texture": "#1"},
				"west": {"uv": [3.5, 9.75, 5.5, 16], "texture": "#1"},
				"up": {"uv": [3.75, 9, 6.25, 14], "texture": "#1"},
				"down": {"uv": [5.25, 14, 2.75, 9], "texture": "#1"}
			}
		},
		{
			"from": [12.975, 1.525, 7.5],
			"to": [13.475, 4.075, 8.5],
			"rotation": {"angle": 22.5, "axis": "z", "origin": [-0.35, -4.375, 0]},
			"faces": {
				"north": {"uv": [2, 8.25, 3.5, 14.5], "texture": "#1"},
				"east": {"uv": [2.75, 8.25, 3.75, 14.5], "texture": "#1"},
				"south": {"uv": [3, 8.25, 4.5, 14.5], "texture": "#1"},
				"west": {"uv": [2.75, 8.25, 3.75, 14.5], "texture": "#1"},
				"up": {"uv": [3, 7.5, 4.5, 12.5], "texture": "#1"},
				"down": {"uv": [3.5, 12.5, 2, 7.5], "texture": "#1"}
			}
		},
		{
			"from": [13.475, 1.775, 7.5],
			"to": [13.725, 3.575, 8.5],
			"rotation": {"angle": 22.5, "axis": "z", "origin": [-0.35, -4.375, 0]},
			"faces": {
				"north": {"uv": [2, 8.25, 2.5, 14.5], "texture": "#1"},
				"east": {"uv": [2.75, 8.25, 2.75, 14.5], "texture": "#1"},
				"south": {"uv": [3, 8.25, 3.5, 14.5], "texture": "#1"},
				"west": {"uv": [2.75, 8.25, 2.75, 14.5], "texture": "#1"},
				"up": {"uv": [3, 7.5, 3.5, 12.5], "texture": "#1"},
				"down": {"uv": [2.5, 12.5, 2, 7.5], "texture": "#1"}
			}
		},
		{
			"from": [5.95, 8.375, 7.75],
			"to": [6.2, 9.775, 8.25],
			"rotation": {"angle": 0, "axis": "y", "origin": [4.75, 2.25, 7.5]},
			"faces": {
				"north": {"uv": [9.5, 7.25, 10.75, 7.5], "rotation": 270, "texture": "#texture"},
				"east": {"uv": [5.25, 7.5, 6.5, 8.5], "rotation": 90, "texture": "#texture"},
				"south": {"uv": [5.25, 7.25, 6.5, 7.5], "rotation": 90, "texture": "#texture"},
				"west": {"uv": [10.75, 8.5, 9.5, 7.5], "rotation": 90, "texture": "#texture"},
				"up": {"uv": [7.5, 7.25, 8.5, 7.5], "rotation": 90, "texture": "#texture"},
				"down": {"uv": [7.5, 7.25, 8.5, 7.5], "rotation": 90, "texture": "#texture"}
			}
		},
		{
			"from": [7.5, 8.375, 7.75],
			"to": [7.75, 9.775, 8.25],
			"rotation": {"angle": 0, "axis": "y", "origin": [4.75, 2.25, 7.5]},
			"faces": {
				"north": {"uv": [9.5, 7.25, 10.75, 7.5], "rotation": 270, "texture": "#texture"},
				"east": {"uv": [5.25, 7.5, 6.5, 8.5], "rotation": 90, "texture": "#texture"},
				"south": {"uv": [5.25, 7.25, 6.5, 7.5], "rotation": 90, "texture": "#texture"},
				"west": {"uv": [10.75, 8.5, 9.5, 7.5], "rotation": 90, "texture": "#texture"},
				"up": {"uv": [7.5, 7.25, 8.5, 7.5], "rotation": 90, "texture": "#texture"},
				"down": {"uv": [7.5, 7.25, 8.5, 7.5], "rotation": 90, "texture": "#texture"}
			}
		},
		{
			"from": [5.95, 8.125, 7.75],
			"to": [7.75, 8.375, 8.25],
			"rotation": {"angle": 0, "axis": "y", "origin": [-0.75, -6.75, 0]},
			"faces": {
				"north": {"uv": [8.5, 7.75, 9.75, 8], "texture": "#texture"},
				"south": {"uv": [6.25, 7.75, 7.5, 8], "texture": "#texture"},
				"west": {"uv": [7.5, 7.75, 8.5, 8], "texture": "#texture"},
				"up": {"uv": [6.25, 7.5, 7.5, 8.5], "texture": "#texture"},
				"down": {"uv": [9.75, 8.5, 8.5, 7.5], "texture": "#texture"}
			}
		},
		{
			"from": [7.225, 8.8, 7.875],
			"to": [7.475, 10.05, 8.125],
			"rotation": {"angle": -22.5, "axis": "z", "origin": [6.75, 9.75, 7.75]},
			"faces": {
				"north": {"uv": [8.25, 0, 8.5, 1], "texture": "#texture"},
				"east": {"uv": [7.5, 0, 8.5, 1], "texture": "#texture"},
				"south": {"uv": [7.5, 0, 7.75, 1], "texture": "#texture"},
				"west": {"uv": [7.5, 0, 8.5, 1], "texture": "#texture"},
				"up": {"uv": [7.5, 7.5, 7.75, 8.5], "texture": "#texture"},
				"down": {"uv": [8.5, 8.5, 8.25, 7.5], "texture": "#texture"}
			}
		},
		{
			"from": [-4.95, 11.075, 7.95],
			"to": [-4.8, 11.95, 8.05],
			"rotation": {"angle": 0, "axis": "y", "origin": [-0.25, 3.5, 0]},
			"faces": {
				"north": {"uv": [11.25, 4, 11.75, 4.25], "texture": "#texture"},
				"east": {"uv": [7.875, 4, 8.125, 4.25], "texture": "#texture"},
				"south": {"uv": [4.25, 4, 4.75, 4.25], "texture": "#texture"},
				"west": {"uv": [7.875, 4, 8.125, 4.25], "texture": "#texture"},
				"up": {"uv": [4.25, 7.875, 4.75, 8.125], "texture": "#texture"},
				"down": {"uv": [4, 4, 5, 5], "texture": "#texture"}
			}
		},
		{
			"from": [-4.8, 11.1, 7.95],
			"to": [-4.65, 11.7, 8.05],
			"rotation": {"angle": 0, "axis": "y", "origin": [-0.25, 3.5, 0]},
			"faces": {
				"north": {"uv": [11.25, 4, 11.75, 4.25], "texture": "#texture"},
				"east": {"uv": [7.875, 4, 8.125, 4.25], "texture": "#texture"},
				"south": {"uv": [4.25, 4, 4.75, 4.25], "texture": "#texture"},
				"west": {"uv": [7.875, 4, 8.125, 4.25], "texture": "#texture"},
				"up": {"uv": [4.25, 7.875, 4.75, 8.125], "texture": "#texture"},
				"down": {"uv": [4, 4, 5, 5], "texture": "#texture"}
			}
		},
		{
			"from": [11.525, 11.05, 8.1],
			"to": [11.675, 11.65, 8.3],
			"rotation": {"angle": 0, "axis": "y", "origin": [-0.25, 3.5, 0]},
			"faces": {
				"north": {"uv": [11.25, 4, 11.75, 4.25], "texture": "#texture"},
				"east": {"uv": [7.875, 4, 8.125, 4.25], "texture": "#texture"},
				"south": {"uv": [4.25, 4, 4.75, 4.25], "texture": "#texture"},
				"west": {"uv": [7.875, 4, 8.125, 4.25], "texture": "#texture"},
				"up": {"uv": [4.25, 7.875, 4.75, 8.125], "texture": "#texture"},
				"down": {"uv": [0, 0, 0, 0], "texture": "#texture"}
			}
		},
		{
			"from": [11.525, 10.85, 7.9],
			"to": [11.675, 11.45, 8.1],
			"rotation": {"angle": 0, "axis": "y", "origin": [-0.25, 3.5, 0]},
			"faces": {
				"north": {"uv": [11.25, 4, 11.75, 4.25], "texture": "#texture"},
				"east": {"uv": [7.875, 4, 8.125, 4.25], "texture": "#texture"},
				"south": {"uv": [4.25, 4, 4.75, 4.25], "texture": "#texture"},
				"west": {"uv": [7.875, 4, 8.125, 4.25], "texture": "#texture"},
				"up": {"uv": [4.25, 7.875, 4.75, 8.125], "texture": "#texture"},
				"down": {"uv": [0, 0, 0, 0], "texture": "#texture"}
			}
		},
		{
			"from": [11.525, 11.05, 7.7],
			"to": [11.675, 11.65, 7.9],
			"rotation": {"angle": 0, "axis": "y", "origin": [-0.25, 3.5, 0]},
			"faces": {
				"north": {"uv": [11.25, 4, 11.75, 4.25], "texture": "#texture"},
				"east": {"uv": [7.875, 4, 8.125, 4.25], "texture": "#texture"},
				"south": {"uv": [4.25, 4, 4.75, 4.25], "texture": "#texture"},
				"west": {"uv": [7.875, 4, 8.125, 4.25], "texture": "#texture"},
				"up": {"uv": [4.25, 7.875, 4.75, 8.125], "texture": "#texture"},
				"down": {"uv": [0, 0, 0, 0], "texture": "#texture"}
			}
		},
		{
			"from": [-5.1, 11.1, 7.95],
			"to": [-4.95, 11.7, 8.05],
			"rotation": {"angle": 0, "axis": "y", "origin": [-0.25, 3.5, 0]},
			"faces": {
				"north": {"uv": [11.25, 4, 11.75, 4.25], "texture": "#texture"},
				"east": {"uv": [7.875, 4, 8.125, 4.25], "texture": "#texture"},
				"south": {"uv": [4.25, 4, 4.75, 4.25], "texture": "#texture"},
				"west": {"uv": [7.875, 4, 8.125, 4.25], "texture": "#texture"},
				"up": {"uv": [4.25, 7.875, 4.75, 8.125], "texture": "#texture"},
				"down": {"uv": [4, 4, 5, 5], "texture": "#texture"}
			}
		},
		{
			"from": [8.6, 9.475, 7.6],
			"to": [8.75, 9.75, 8.4],
			"rotation": {"angle": 0, "axis": "y", "origin": [-0.75, -3.75, 0]},
			"faces": {
				"north": {"uv": [12.05, 7.95, 13.55, 8.8], "texture": "#texture"},
				"east": {"uv": [12.8, 7.95, 13.8, 8.8], "texture": "#texture"},
				"south": {"uv": [12.45, 7.55, 13.95, 8.8], "texture": "#texture"},
				"west": {"uv": [12.8, 7.95, 13.8, 8.8], "texture": "#texture"},
				"up": {"uv": [13.05, 7.2, 14.55, 6.8], "texture": "#texture"},
				"down": {"uv": [13.95, 8.6, 12.45, 7.6], "texture": "#texture"}
			}
		},
		{
			"from": [9.075, 12.125, 7.55],
			"to": [9.725, 13.125, 7.7],
			"rotation": {"angle": 45, "axis": "z", "origin": [12.075, 14.775, 7.5]},
			"faces": {
				"north": {"uv": [11.25, 4, 12, 4.75], "texture": "#texture"},
				"east": {"uv": [8.25, 4, 8.5, 4.75], "texture": "#texture"},
				"south": {"uv": [4, 4, 4.75, 4.75], "texture": "#texture"},
				"west": {"uv": [5, 4, 6, 5], "texture": "#texture"},
				"up": {"uv": [4, 7.5, 4.75, 7.75], "texture": "#texture"},
				"down": {"uv": [5, 4, 6, 5], "texture": "#texture"}
			}
		},
		{
			"from": [13.725, 11.425, 8.3],
			"to": [14.375, 12.425, 8.45],
			"rotation": {"angle": -45, "axis": "z", "origin": [12.075, 14.775, 8.25]},
			"faces": {
				"north": {"uv": [11.25, 4, 12, 4.75], "texture": "#texture"},
				"east": {"uv": [7.5, 4, 7.75, 4.75], "texture": "#texture"},
				"south": {"uv": [4, 4, 4.75, 4.75], "texture": "#texture"},
				"west": {"uv": [5, 4, 6, 5], "texture": "#texture"},
				"up": {"uv": [4, 8.25, 4.75, 8.5], "texture": "#texture"},
				"down": {"uv": [5, 4, 6, 5], "texture": "#texture"}
			}
		},
		{
			"from": [13.725, 11.425, 7.55],
			"to": [14.375, 12.425, 7.7],
			"rotation": {"angle": -45, "axis": "z", "origin": [12.075, 14.775, 7.5]},
			"faces": {
				"north": {"uv": [11.25, 4, 12, 4.75], "texture": "#texture"},
				"east": {"uv": [8.25, 4, 8.5, 4.75], "texture": "#texture"},
				"south": {"uv": [4, 4, 4.75, 4.75], "texture": "#texture"},
				"west": {"uv": [5, 4, 6, 5], "texture": "#texture"},
				"up": {"uv": [4, 7.5, 4.75, 7.75], "texture": "#texture"},
				"down": {"uv": [5, 4, 6, 5], "texture": "#texture"}
			}
		},
		{
			"from": [9.075, 12.125, 8.3],
			"to": [9.725, 13.125, 8.45],
			"rotation": {"angle": 45, "axis": "z", "origin": [12.075, 14.775, 8.25]},
			"faces": {
				"north": {"uv": [11.25, 4, 12, 4.75], "texture": "#texture"},
				"east": {"uv": [7.5, 4, 7.75, 4.75], "texture": "#texture"},
				"south": {"uv": [4, 4, 4.75, 4.75], "texture": "#texture"},
				"west": {"uv": [5, 4, 6, 5], "texture": "#texture"},
				"up": {"uv": [4, 8.25, 4.75, 8.5], "texture": "#texture"},
				"down": {"uv": [5, 4, 6, 5], "texture": "#texture"}
			}
		},
		{
			"from": [8.6, 9.625, 7.6],
			"to": [8.9, 9.75, 8.4],
			"rotation": {"angle": 0, "axis": "y", "origin": [-0.75, -3.75, 0]},
			"faces": {
				"north": {"uv": [12.05, 7.95, 13.55, 8.8], "texture": "#texture"},
				"east": {"uv": [12.8, 7.95, 13.8, 8.8], "texture": "#texture"},
				"south": {"uv": [12.45, 7.55, 13.95, 8.8], "texture": "#texture"},
				"west": {"uv": [12.8, 7.95, 13.8, 8.8], "texture": "#texture"},
				"up": {"uv": [13.05, 7.2, 14.55, 6.8], "texture": "#texture"},
				"down": {"uv": [13.95, 8.6, 12.45, 7.6], "texture": "#texture"}
			}
		},
		{
			"from": [5.95, 9.25, 7.45],
			"to": [9.65, 10.05, 8.55],
			"rotation": {"angle": 0, "axis": "y", "origin": [-0.5, 0.5, 0]},
			"faces": {
				"north": {"uv": [13.1, 8.2, 16, 8.7], "texture": "#texture"},
				"east": {"uv": [16, 8.2, 11.4, 8.7], "texture": "#texture"},
				"south": {"uv": [13.1, 8.2, 16, 8.7], "texture": "#texture"},
				"west": {"uv": [16, 8.2, 11.4, 8.7], "texture": "#texture"},
				"up": {"uv": [10.8, 8.2, 15.9, 8.65], "texture": "#texture"},
				"down": {"uv": [11, 4, 12, 5], "texture": "#texture"}
			}
		},
		{
			"from": [9.65, 9.5, 7.45],
			"to": [10.65, 10.05, 8.55],
			"rotation": {"angle": 0, "axis": "y", "origin": [-0.5, 0.5, 0]},
			"faces": {
				"north": {"uv": [13.1, 8.2, 16, 8.7], "texture": "#texture"},
				"east": {"uv": [16, 8.2, 11.4, 8.7], "texture": "#texture"},
				"south": {"uv": [13.1, 8.2, 16, 8.7], "texture": "#texture"},
				"west": {"uv": [16, 8.2, 11.4, 8.7], "texture": "#texture"},
				"up": {"uv": [10.8, 8.2, 15.9, 8.65], "texture": "#texture"},
				"down": {"uv": [11, 4, 12, 5], "texture": "#texture"}
			}
		},
		{
			"from": [3, 9.75, 7.2],
			"to": [12.95, 11.25, 8.8],
			"rotation": {"angle": 0, "axis": "y", "origin": [-0.5, 0.5, 0]},
			"faces": {
				"north": {"uv": [9.85, 5.4, 12.85, 4.1], "texture": "#texture"},
				"east": {"uv": [12.35, 5.4, 9.85, 4.1], "texture": "#texture"},
				"south": {"uv": [9.35, 5.4, 12.35, 4.1], "texture": "#texture"},
				"west": {"uv": [12.35, 5.4, 9.85, 4.1], "texture": "#texture"},
				"up": {"uv": [10.15, 5.6, 13.15, 4.25], "texture": "#texture"},
				"down": {"uv": [11, 4, 12, 5], "texture": "#texture"}
			}
		},
		{
			"from": [4.575, 8.75, 5.5],
			"to": [5.95, 10, 6.75],
			"rotation": {"angle": 0, "axis": "y", "origin": [-0.75, -7, 0]},
			"faces": {
				"north": {"uv": [1, 9, 4, 8], "texture": "#texture"},
				"east": {"uv": [7.5, 10, 8.5, 10.25], "texture": "#texture"},
				"south": {"uv": [1, 9, 4, 8], "texture": "#texture"},
				"west": {"uv": [7.5, 5, 8.5, 5.25], "texture": "#texture"},
				"up": {"uv": [1, 9, 4, 8], "texture": "#texture"},
				"down": {"uv": [1, 9, 4, 8], "texture": "#texture"}
			}
		},
		{
			"from": [4.575, 5, 5.5],
			"to": [5.95, 6.25, 6.75],
			"rotation": {"angle": 0, "axis": "y", "origin": [-0.75, -7, 0]},
			"faces": {
				"north": {"uv": [1, 9, 4, 8], "texture": "#texture"},
				"east": {"uv": [7.5, 10, 8.5, 10.25], "texture": "#texture"},
				"south": {"uv": [1, 9, 4, 8], "texture": "#texture"},
				"west": {"uv": [7.5, 5, 8.5, 5.25], "texture": "#texture"},
				"up": {"uv": [1, 9, 4, 8], "texture": "#texture"},
				"down": {"uv": [1, 9, 4, 8], "texture": "#texture"}
			}
		},
		{
			"from": [4.575, 5, 9.25],
			"to": [5.95, 6.25, 10.5],
			"rotation": {"angle": 0, "axis": "y", "origin": [-0.75, -7, 0]},
			"faces": {
				"north": {"uv": [1, 9, 4, 8], "texture": "#texture"},
				"east": {"uv": [7.5, 10, 8.5, 10.25], "texture": "#texture"},
				"south": {"uv": [1, 9, 4, 8], "texture": "#texture"},
				"west": {"uv": [7.5, 5, 8.5, 5.25], "texture": "#texture"},
				"up": {"uv": [1, 9, 4, 8], "texture": "#texture"},
				"down": {"uv": [1, 9, 4, 8], "texture": "#texture"}
			}
		},
		{
			"from": [4.575, 4.5, 6],
			"to": [5.95, 5, 6.75],
			"rotation": {"angle": 0, "axis": "y", "origin": [-0.75, -7, 0]},
			"faces": {
				"north": {"uv": [1, 9, 4, 8], "texture": "#texture"},
				"east": {"uv": [7.5, 10, 8.5, 10.25], "texture": "#texture"},
				"south": {"uv": [1, 9, 4, 8], "texture": "#texture"},
				"west": {"uv": [7.5, 5, 8.5, 5.25], "texture": "#texture"},
				"up": {"uv": [1, 9, 4, 8], "texture": "#texture"},
				"down": {"uv": [1, 9, 4, 8], "texture": "#texture"}
			}
		},
		{
			"from": [4.575, 4.5, 9.25],
			"to": [5.95, 5, 10],
			"rotation": {"angle": 0, "axis": "y", "origin": [-0.75, -7, 0]},
			"faces": {
				"north": {"uv": [1, 9, 4, 8], "texture": "#texture"},
				"east": {"uv": [7.5, 10, 8.5, 10.25], "texture": "#texture"},
				"south": {"uv": [1, 9, 4, 8], "texture": "#texture"},
				"west": {"uv": [7.5, 5, 8.5, 5.25], "texture": "#texture"},
				"up": {"uv": [1, 9, 4, 8], "texture": "#texture"},
				"down": {"uv": [1, 9, 4, 8], "texture": "#texture"}
			}
		},
		{
			"from": [4.575, 10, 6],
			"to": [5.95, 10.5, 6.75],
			"rotation": {"angle": 0, "axis": "y", "origin": [-0.75, -7, 0]},
			"faces": {
				"north": {"uv": [1, 9, 4, 8], "texture": "#texture"},
				"east": {"uv": [7.5, 10, 8.5, 10.25], "texture": "#texture"},
				"south": {"uv": [1, 9, 4, 8], "texture": "#texture"},
				"west": {"uv": [7.5, 5, 8.5, 5.25], "texture": "#texture"},
				"up": {"uv": [1, 9, 4, 8], "texture": "#texture"},
				"down": {"uv": [1, 9, 4, 8], "texture": "#texture"}
			}
		},
		{
			"from": [4.575, 5.5, 5],
			"to": [5.95, 6.25, 5.5],
			"rotation": {"angle": 0, "axis": "y", "origin": [-0.75, -7, 0]},
			"faces": {
				"north": {"uv": [1, 9, 4, 8], "texture": "#texture"},
				"east": {"uv": [7.5, 10, 8.5, 10.25], "texture": "#texture"},
				"south": {"uv": [1, 9, 4, 8], "texture": "#texture"},
				"west": {"uv": [7.5, 5, 8.5, 5.25], "texture": "#texture"},
				"up": {"uv": [1, 9, 4, 8], "texture": "#texture"},
				"down": {"uv": [1, 9, 4, 8], "texture": "#texture"}
			}
		},
		{
			"from": [4.575, 5.5, 10.5],
			"to": [5.95, 6.25, 11],
			"rotation": {"angle": 0, "axis": "y", "origin": [-0.75, -7, 0]},
			"faces": {
				"north": {"uv": [1, 9, 4, 8], "texture": "#texture"},
				"east": {"uv": [7.5, 10, 8.5, 10.25], "texture": "#texture"},
				"south": {"uv": [1, 9, 4, 8], "texture": "#texture"},
				"west": {"uv": [7.5, 5, 8.5, 5.25], "texture": "#texture"},
				"up": {"uv": [1, 9, 4, 8], "texture": "#texture"},
				"down": {"uv": [1, 9, 4, 8], "texture": "#texture"}
			}
		},
		{
			"from": [4.575, 8.75, 5],
			"to": [5.95, 9.5, 5.5],
			"rotation": {"angle": 0, "axis": "y", "origin": [-0.75, -7, 0]},
			"faces": {
				"north": {"uv": [1, 9, 4, 8], "texture": "#texture"},
				"east": {"uv": [7.5, 10, 8.5, 10.25], "texture": "#texture"},
				"south": {"uv": [1, 9, 4, 8], "texture": "#texture"},
				"west": {"uv": [7.5, 5, 8.5, 5.25], "texture": "#texture"},
				"up": {"uv": [1, 9, 4, 8], "texture": "#texture"},
				"down": {"uv": [1, 9, 4, 8], "texture": "#texture"}
			}
		},
		{
			"from": [4.575, 10, 9.25],
			"to": [5.95, 10.5, 10],
			"rotation": {"angle": 0, "axis": "y", "origin": [-0.75, -7, 0]},
			"faces": {
				"north": {"uv": [1, 9, 4, 8], "texture": "#texture"},
				"east": {"uv": [7.5, 10, 8.5, 10.25], "texture": "#texture"},
				"south": {"uv": [1, 9, 4, 8], "texture": "#texture"},
				"west": {"uv": [7.5, 5, 8.5, 5.25], "texture": "#texture"},
				"up": {"uv": [1, 9, 4, 8], "texture": "#texture"},
				"down": {"uv": [1, 9, 4, 8], "texture": "#texture"}
			}
		},
		{
			"from": [4.575, 8.75, 10.5],
			"to": [5.95, 9.5, 11],
			"rotation": {"angle": 0, "axis": "y", "origin": [-0.75, -7, 0]},
			"faces": {
				"north": {"uv": [1, 9, 4, 8], "texture": "#texture"},
				"east": {"uv": [7.5, 10, 8.5, 10.25], "texture": "#texture"},
				"south": {"uv": [1, 9, 4, 8], "texture": "#texture"},
				"west": {"uv": [7.5, 5, 8.5, 5.25], "texture": "#texture"},
				"up": {"uv": [1, 9, 4, 8], "texture": "#texture"},
				"down": {"uv": [1, 9, 4, 8], "texture": "#texture"}
			}
		},
		{
			"from": [4.575, 8.75, 9.25],
			"to": [5.95, 10, 10.5],
			"rotation": {"angle": 0, "axis": "y", "origin": [-0.75, -7, 0]},
			"faces": {
				"north": {"uv": [1, 9, 4, 8], "texture": "#texture"},
				"east": {"uv": [7.5, 10, 8.5, 10.25], "texture": "#texture"},
				"south": {"uv": [1, 9, 4, 8], "texture": "#texture"},
				"west": {"uv": [7.5, 5, 8.5, 5.25], "texture": "#texture"},
				"up": {"uv": [1, 9, 4, 8], "texture": "#texture"},
				"down": {"uv": [1, 9, 4, 8], "texture": "#texture"}
			}
		},
		{
			"from": [4.575, 8.75, 6.75],
			"to": [5.95, 10.75, 9.25],
			"rotation": {"angle": 0, "axis": "y", "origin": [-0.75, -7, 0]},
			"faces": {
				"north": {"uv": [1, 9, 4, 8], "texture": "#texture"},
				"east": {"uv": [7.5, 10, 8.5, 10.25], "texture": "#texture"},
				"south": {"uv": [1, 9, 4, 8], "texture": "#texture"},
				"west": {"uv": [7.5, 5, 8.5, 5.25], "texture": "#texture"},
				"up": {"uv": [1, 9, 4, 8], "texture": "#texture"},
				"down": {"uv": [1, 9, 4, 8], "texture": "#texture"}
			}
		},
		{
			"from": [4.575, 4.25, 6.75],
			"to": [5.95, 6.25, 9.25],
			"rotation": {"angle": 0, "axis": "y", "origin": [-0.75, -7, 0]},
			"faces": {
				"north": {"uv": [1, 9, 4, 8], "texture": "#texture"},
				"east": {"uv": [7.5, 10, 8.5, 10.25], "texture": "#texture"},
				"south": {"uv": [1, 9, 4, 8], "texture": "#texture"},
				"west": {"uv": [7.5, 5, 8.5, 5.25], "texture": "#texture"},
				"up": {"uv": [1, 9, 4, 8], "texture": "#texture"},
				"down": {"uv": [1, 9, 4, 8], "texture": "#texture"}
			}
		},
		{
			"from": [4.575, 6.25, 4.75],
			"to": [5.95, 8.75, 11.25],
			"rotation": {"angle": 0, "axis": "y", "origin": [-0.75, -7, 0]},
			"faces": {
				"north": {"uv": [1, 9, 4, 8], "texture": "#texture"},
				"east": {"uv": [7.5, 10, 8.5, 10.25], "texture": "#texture"},
				"south": {"uv": [1, 9, 4, 8], "texture": "#texture"},
				"west": {"uv": [7.5, 5, 8.5, 5.25], "texture": "#texture"},
				"up": {"uv": [1, 9, 4, 8], "texture": "#texture"},
				"down": {"uv": [1, 9, 4, 8], "texture": "#texture"}
			}
		}
	],
	"gui_light": "front",
	"display": {
		"thirdperson_righthand": {
			"rotation": [0, -90, 0],
			"translation": [0, -1, 1.25],
			"scale": [0.98, 0.98, 0.98]
		},
		"thirdperson_lefthand": {
			"rotation": [0, 90, 0],
			"translation": [0, -1, 1.25],
			"scale": [0.98, 0.98, 0.98]
		},
		"firstperson_righthand": {
			"rotation": [0, -90, 0],
			"translation": [0, 1.25, -0.5]
		},
		"firstperson_lefthand": {
			"rotation": [0, 90, 0],
			"translation": [0, 1.25, -0.5]
		},
		"ground": {
			"translation": [1.5, -0.25, 0],
			"scale": [1.05, 1.05, 1.05]
		},
		"gui": {
			"rotation": [0, 0, -45],
			"translation": [0.5, -1.5, 0],
			"scale": [0.72, 0.72, 1]
		},
		"head": {
			"translation": [2.25, 0, 0]
		},
		"fixed": {
			"rotation": [0, 180, -45],
			"translation": [-0.7, -2.15, -1.1],
			"scale": [1.15, 1.15, 1.15]
		}
	}
}