{
	"credit": "Made by SrDarmith - YouTube: Mainclay",
	"textures": {
		"particle": "itemm/anvil_1",
		"texture": "itemm/anvil_1",
		"wood door texture": "itemm/door_wood_lower"
	},
	"elements": [
		{
			"from": [-1.425, 9.2, 7.75],
			"to": [3.325, 9.45, 8.25],
			"faces": {
				"north": {"uv": [14.5, 6.75, 16, 7], "texture": "#texture", "cullface": "west"},
				"south": {"uv": [0, 6.75, 1.5, 7], "texture": "#texture", "cullface": "west"},
				"west": {"uv": [7.75, 6.75, 8.25, 7], "texture": "#texture", "cullface": "west"},
				"up": {"uv": [0, 7.75, 1.5, 8.25], "texture": "#texture", "cullface": "west"},
				"down": {"uv": [16, 8.25, 14.5, 7.75], "texture": "#texture", "cullface": "west"}
			}
		},
		{
			"from": [-0.425, 8.35, 7.7],
			"to": [1.575, 8.7, 8.3],
			"faces": {
				"north": {"uv": [14.5, 7.5, 16, 7.75], "texture": "#texture", "cullface": "west"},
				"east": {"uv": [2, 7, 3, 8], "texture": "#texture"},
				"south": {"uv": [0, 7.5, 1.5, 7.75], "texture": "#texture", "cullface": "west"},
				"west": {"uv": [7.75, 7.5, 8.25, 7.75], "texture": "#texture", "cullface": "west"},
				"up": {"uv": [0, 7.75, 1.5, 8.25], "texture": "#texture", "cullface": "west"},
				"down": {"uv": [16, 8.25, 14.5, 7.75], "texture": "#texture", "cullface": "west"}
			}
		},
		{
			"from": [-0.425, 8.65, 8.25],
			"to": [1.575, 9.25, 8.6],
			"faces": {
				"north": {"uv": [14.5, 7, 16, 7.5], "texture": "#texture", "cullface": "west"},
				"east": {"uv": [2, 7, 3, 8], "texture": "#texture"},
				"south": {"uv": [0, 7, 1.5, 7.5], "texture": "#texture", "cullface": "west"},
				"west": {"uv": [8.25, 7, 8.5, 7.5], "texture": "#texture", "cullface": "west"},
				"up": {"uv": [0, 8.25, 1.5, 8.5], "texture": "#texture", "cullface": "west"},
				"down": {"uv": [16, 8.5, 14.5, 8.25], "texture": "#texture", "cullface": "west"}
			}
		},
		{
			"from": [-0.425, 8.65, 7.4],
			"to": [1.575, 9.25, 7.75],
			"faces": {
				"north": {"uv": [14.5, 7, 16, 7.5], "texture": "#texture", "cullface": "west"},
				"east": {"uv": [2, 7, 3, 8], "texture": "#texture"},
				"south": {"uv": [0, 7, 1.5, 7.5], "texture": "#texture", "cullface": "west"},
				"west": {"uv": [7.5, 7, 7.75, 7.5], "texture": "#texture", "cullface": "west"},
				"up": {"uv": [0, 7.5, 1.5, 7.75], "texture": "#texture", "cullface": "west"},
				"down": {"uv": [16, 7.75, 14.5, 7.5], "texture": "#texture", "cullface": "west"}
			}
		},
		{
			"from": [-0.425, 9.2, 7.7],
			"to": [1.575, 9.55, 8.3],
			"faces": {
				"north": {"uv": [14.5, 6.75, 16, 7], "texture": "#texture", "cullface": "west"},
				"east": {"uv": [2, 7, 3, 8], "texture": "#texture"},
				"south": {"uv": [0, 6.75, 1.5, 7], "texture": "#texture", "cullface": "west"},
				"west": {"uv": [7.75, 6.75, 8.25, 7], "texture": "#texture", "cullface": "west"},
				"up": {"uv": [0, 7.75, 1.5, 8.25], "texture": "#texture", "cullface": "west"},
				"down": {"uv": [16, 8.25, 14.5, 7.75], "texture": "#texture", "cullface": "west"}
			}
		},
		{
			"from": [1.85, 8.45, 7.475],
			"to": [2.85, 9.45, 8.525],
			"faces": {
				"north": {"uv": [16, 6.75, 15, 7.75], "texture": "#texture", "cullface": "west"},
				"east": {"uv": [7.5, 6.75, 8.5, 7.75], "texture": "#texture", "cullface": "west"},
				"south": {"uv": [0, 6.75, 1, 7.75], "texture": "#texture", "cullface": "west"},
				"west": {"uv": [7.5, 6.75, 8.5, 7.75], "texture": "#texture", "cullface": "west"},
				"up": {"uv": [0, 7.5, 1, 8.5], "texture": "#texture", "cullface": "west"},
				"down": {"uv": [16, 8.5, 15, 7.5], "texture": "#texture", "cullface": "west"}
			}
		},
		{
			"from": [1.85, 8.45, 7.75],
			"to": [2.85, 10.05, 8.25],
			"faces": {
				"north": {"uv": [16, 6, 15, 6.75], "texture": "#texture", "cullface": "west"},
				"east": {"uv": [7.75, 6, 8.25, 6.75], "texture": "#texture", "cullface": "west"},
				"south": {"uv": [0, 6, 1, 6.75], "texture": "#texture", "cullface": "west"},
				"west": {"uv": [7.75, 6, 8.25, 6.75], "texture": "#texture", "cullface": "west"},
				"up": {"uv": [0, 7.75, 1, 8.25], "texture": "#texture", "cullface": "west"}
			}
		},
		{
			"from": [1.85, 10.05, 7.75],
			"to": [2.725, 10.65, 8.25],
			"faces": {
				"north": {"uv": [16, 5.5, 15, 6], "texture": "#texture", "cullface": "west"},
				"east": {"uv": [7.75, 5.5, 8.25, 6], "texture": "#texture", "cullface": "west"},
				"south": {"uv": [0, 5.5, 1, 6], "texture": "#texture", "cullface": "west"},
				"west": {"uv": [7.75, 5.5, 8.25, 6], "texture": "#texture", "cullface": "west"},
				"up": {"uv": [0, 7.75, 1, 8.25], "texture": "#texture", "cullface": "west"}
			}
		},
		{
			"from": [1.85, 10.9, 7.5],
			"to": [2.6, 11.4, 7.75],
			"faces": {
				"north": {"uv": [16, 5, 15, 5.5], "texture": "#texture", "cullface": "west"},
				"east": {"uv": [8.25, 5, 8.5, 5.5], "texture": "#texture", "cullface": "west"},
				"south": {"uv": [0, 5, 1, 5.5], "texture": "#texture", "cullface": "west"},
				"west": {"uv": [7.5, 5, 7.75, 5.5], "texture": "#texture", "cullface": "west"},
				"up": {"uv": [0, 7.5, 1, 7.75], "texture": "#texture", "cullface": "west"},
				"down": {"uv": [16, 7.75, 15, 7.5], "texture": "#texture", "cullface": "west"}
			}
		},
		{
			"from": [1.85, 10.9, 8.25],
			"to": [2.6, 11.4, 8.5],
			"faces": {
				"north": {"uv": [16, 5, 15, 5.5], "texture": "#texture", "cullface": "west"},
				"east": {"uv": [7.5, 5, 7.75, 5.5], "texture": "#texture", "cullface": "west"},
				"south": {"uv": [0, 5, 1, 5.5], "texture": "#texture", "cullface": "west"},
				"west": {"uv": [8.25, 5, 8.5, 5.5], "texture": "#texture", "cullface": "west"},
				"up": {"uv": [0, 8.25, 1, 8.5], "texture": "#texture", "cullface": "west"},
				"down": {"uv": [16, 8.5, 15, 8.25], "texture": "#texture", "cullface": "west"}
			}
		},
		{
			"from": [1.85, 10.65, 7.75],
			"to": [2.6, 10.9, 8.25],
			"faces": {
				"north": {"uv": [16, 4.75, 15, 5], "texture": "#texture", "cullface": "west"},
				"east": {"uv": [7.75, 4.75, 8.25, 5], "texture": "#texture", "cullface": "west"},
				"south": {"uv": [0, 4.75, 1, 5], "texture": "#texture", "cullface": "west"},
				"west": {"uv": [7.75, 4.75, 8.25, 5], "texture": "#texture", "cullface": "west"},
				"up": {"uv": [0, 7.75, 1, 8.25], "texture": "#texture", "cullface": "west"},
				"down": {"uv": [16, 8.25, 15, 7.75], "texture": "#texture", "cullface": "west"}
			}
		},
		{
			"from": [3, 8.325, 7.025],
			"to": [3.25, 9.5, 8.95],
			"faces": {
				"north": {"uv": [14.25, 6.75, 14.5, 7.75], "texture": "#texture"},
				"south": {"uv": [1.5, 6.75, 1.75, 7.75], "texture": "#texture"},
				"west": {"uv": [6.75, 6.75, 9.25, 7.75], "texture": "#texture"},
				"up": {"uv": [1.5, 6.75, 1.75, 9.25], "texture": "#texture"},
				"down": {"uv": [14.5, 9.25, 14.25, 6.75], "texture": "#texture"}
			}
		},
		{
			"from": [3.25, 8.25, 7.025],
			"to": [8.5, 9.25, 8.95],
			"faces": {
				"north": {"uv": [9.25, 13.5, 15.25, 14.5], "texture": "#wood door texture"},
				"east": {"uv": [7.75, 13.5, 10.25, 14.5], "texture": "#wood door texture"},
				"south": {"uv": [2.75, 14, 8.75, 15], "texture": "#wood door texture"},
				"west": {"uv": [6, 14, 8, 16], "texture": "#wood door texture"},
				"up": {"uv": [2.75, 13.5, 8.75, 16], "texture": "#wood door texture"},
				"down": {"uv": [15.25, 16, 9.25, 13.5], "texture": "#wood door texture"}
			}
		},
		{
			"from": [3.25, 7.75, 7.225],
			"to": [7.75, 8.25, 8.75],
			"faces": {
				"north": {"uv": [11.5, 14.5, 15.25, 15], "texture": "#wood door texture"},
				"south": {"uv": [2.75, 14.5, 6.5, 15], "texture": "#wood door texture"},
				"west": {"uv": [6, 14, 8, 16], "texture": "#wood door texture"},
				"down": {"uv": [15.25, 15.75, 11.5, 13.75], "texture": "#wood door texture"}
			}
		},
		{
			"from": [3, 7.85, 7.225],
			"to": [3.25, 8.325, 8.75],
			"faces": {
				"north": {"uv": [14.25, 7.75, 14.5, 8.25], "texture": "#texture"},
				"south": {"uv": [1.5, 7.75, 1.75, 8.25], "texture": "#texture"},
				"west": {"uv": [7, 7.75, 9, 8.25], "texture": "#texture"},
				"down": {"uv": [14.5, 9, 14.25, 7], "texture": "#texture"}
			}
		},
		{
			"from": [6.75, 7.325, 7.125],
			"to": [8.5, 8.25, 8.85],
			"faces": {
				"north": {"uv": [9.25, 14.5, 11.5, 15.5], "texture": "#wood door texture"},
				"east": {"uv": [7.75, 14.5, 10.25, 15.5], "texture": "#wood door texture"},
				"south": {"uv": [6.5, 14.5, 8.75, 15.5], "texture": "#wood door texture"},
				"west": {"uv": [7.75, 14.5, 10.25, 15.5], "texture": "#wood door texture"},
				"down": {"uv": [11.5, 16, 9.25, 13.5], "texture": "#wood door texture"}
			}
		},
		{
			"from": [5, 7.575, 7.375],
			"to": [6.75, 7.75, 8.6],
			"faces": {
				"north": {"uv": [11.5, 15, 14.25, 15.25], "texture": "#wood door texture"},
				"south": {"uv": [3.75, 15, 6.5, 15.25], "texture": "#wood door texture"},
				"west": {"uv": [8.25, 15, 9.75, 15.25], "texture": "#wood door texture"},
				"down": {"uv": [14.25, 15.5, 11.5, 14], "texture": "#wood door texture"}
			}
		},
		{
			"from": [-1.425, 8.7, 7.5],
			"to": [3.325, 9.2, 7.75],
			"faces": {
				"north": {"uv": [14.5, 7, 16, 7.5], "texture": "#texture", "cullface": "west"},
				"south": {"uv": [0, 7, 1.5, 7.5], "texture": "#texture", "cullface": "west"},
				"west": {"uv": [7.5, 7, 7.75, 7.5], "texture": "#texture", "cullface": "west"},
				"up": {"uv": [0, 7.5, 1.5, 7.75], "texture": "#texture", "cullface": "west"},
				"down": {"uv": [16, 7.75, 14.5, 7.5], "texture": "#texture", "cullface": "west"}
			}
		},
		{
			"from": [-1.425, 8.7, 8.25],
			"to": [3.325, 9.2, 8.5],
			"faces": {
				"north": {"uv": [14.5, 7, 16, 7.5], "texture": "#texture", "cullface": "west"},
				"south": {"uv": [0, 7, 1.5, 7.5], "texture": "#texture", "cullface": "west"},
				"west": {"uv": [8.25, 7, 8.5, 7.5], "texture": "#texture", "cullface": "west"},
				"up": {"uv": [0, 8.25, 1.5, 8.5], "texture": "#texture", "cullface": "west"},
				"down": {"uv": [16, 8.5, 14.5, 8.25], "texture": "#texture", "cullface": "west"}
			}
		},
		{
			"from": [-1.425, 8.45, 7.75],
			"to": [3.325, 8.7, 8.25],
			"faces": {
				"north": {"uv": [14.5, 7.5, 16, 7.75], "texture": "#texture", "cullface": "west"},
				"south": {"uv": [0, 7.5, 1.5, 7.75], "texture": "#texture", "cullface": "west"},
				"west": {"uv": [7.75, 7.5, 8.25, 7.75], "texture": "#texture", "cullface": "west"},
				"up": {"uv": [0, 7.75, 1.5, 8.25], "texture": "#texture", "cullface": "west"},
				"down": {"uv": [16, 8.25, 14.5, 7.75], "texture": "#texture", "cullface": "west"}
			}
		},
		{
			"from": [8.25, 10.4, 7.575],
			"to": [12.75, 10.6, 8.425],
			"faces": {
				"north": {"uv": [7.75, 5.25, 8, 6.25], "texture": "#texture"},
				"east": {"uv": [7, 5.25, 9, 6.25], "texture": "#texture"},
				"south": {"uv": [8, 5.25, 8.25, 6.25], "texture": "#texture"},
				"west": {"uv": [6, 8, 7, 9], "texture": "#texture"},
				"up": {"uv": [5.5, 7, 6.75, 9], "texture": "#texture"},
				"down": {"uv": [8, 9, 7.75, 7], "texture": "#texture"}
			}
		},
		{
			"from": [8.45, 10.5, 7.625],
			"to": [9.2, 10.75, 8.375],
			"faces": {
				"north": {"uv": [7.75, 5.25, 8, 6.25], "texture": "#texture"},
				"east": {"uv": [7, 5.25, 9, 6.25], "texture": "#texture"},
				"south": {"uv": [8, 5.25, 8.25, 6.25], "texture": "#texture"},
				"west": {"uv": [6, 8, 7, 9], "texture": "#texture"},
				"up": {"uv": [8, 7, 8.25, 9], "texture": "#texture"},
				"down": {"uv": [8, 9, 7.75, 7], "texture": "#texture"}
			}
		},
		{
			"from": [12.05, 10.75, 8.125],
			"to": [12.175, 11.1, 8.4],
			"rotation": {"angle": 0, "axis": "y", "origin": [15.25, 8, 7.75]},
			"faces": {
				"north": {"uv": [0, 2, 0.25, 3.5], "texture": "#texture"},
				"east": {"uv": [7.5, 2, 8.5, 3.5], "texture": "#texture"},
				"south": {"uv": [15.75, 2, 16, 3.5], "texture": "#texture"},
				"west": {"uv": [7.5, 2, 8.5, 3.5], "texture": "#texture"},
				"up": {"uv": [15.75, 7.5, 16, 8.5], "texture": "#texture"},
				"down": {"uv": [0.25, 8.5, 0, 7.5], "texture": "#texture"}
			}
		},
		{
			"from": [12.05, 10.75, 7.875],
			"to": [12.175, 10.925, 8.125],
			"rotation": {"angle": 0, "axis": "y", "origin": [15.25, 8, 7.75]},
			"faces": {
				"north": {"uv": [0, 2, 0.25, 3.5], "texture": "#texture"},
				"east": {"uv": [7.5, 2, 8.5, 3.5], "texture": "#texture"},
				"south": {"uv": [15.75, 2, 16, 3.5], "texture": "#texture"},
				"west": {"uv": [7.5, 2, 8.5, 3.5], "texture": "#texture"},
				"up": {"uv": [15.75, 7.5, 16, 8.5], "texture": "#texture"},
				"down": {"uv": [0.25, 8.5, 0, 7.5], "texture": "#texture"}
			}
		},
		{
			"from": [12.05, 10.75, 7.6],
			"to": [12.175, 11.1, 7.875],
			"rotation": {"angle": 0, "axis": "y", "origin": [15.25, 8, 7.75]},
			"faces": {
				"north": {"uv": [0, 2, 0.25, 3.5], "texture": "#texture"},
				"east": {"uv": [7.5, 2, 8.5, 3.5], "texture": "#texture"},
				"south": {"uv": [15.75, 2, 16, 3.5], "texture": "#texture"},
				"west": {"uv": [7.5, 2, 8.5, 3.5], "texture": "#texture"},
				"up": {"uv": [15.75, 7.5, 16, 8.5], "texture": "#texture"},
				"down": {"uv": [0.25, 8.5, 0, 7.5], "texture": "#texture"}
			}
		},
		{
			"from": [11.725, 10.75, 8.4],
			"to": [12.55, 11.025, 8.525],
			"rotation": {"angle": 0, "axis": "y", "origin": [15.25, 8, 7.75]},
			"faces": {
				"north": {"uv": [0, 2, 0.25, 3.5], "texture": "#texture"},
				"east": {"uv": [7.5, 2, 8.5, 3.5], "texture": "#texture"},
				"south": {"uv": [15.75, 2, 16, 3.5], "texture": "#texture"},
				"west": {"uv": [7.5, 2, 8.5, 3.5], "texture": "#texture"},
				"up": {"uv": [15.75, 7.5, 16, 8.5], "texture": "#texture"},
				"down": {"uv": [0.25, 8.5, 0, 7.5], "texture": "#texture"}
			}
		},
		{
			"from": [11.725, 10.75, 7.475],
			"to": [12.55, 11.025, 7.6],
			"rotation": {"angle": 0, "axis": "y", "origin": [15.25, 8, 7.75]},
			"faces": {
				"north": {"uv": [0, 2, 0.25, 3.5], "texture": "#texture"},
				"east": {"uv": [7.5, 2, 8.5, 3.5], "texture": "#texture"},
				"south": {"uv": [15.75, 2, 16, 3.5], "texture": "#texture"},
				"west": {"uv": [7.5, 2, 8.5, 3.5], "texture": "#texture"},
				"up": {"uv": [15.75, 7.5, 16, 8.5], "texture": "#texture"},
				"down": {"uv": [0.25, 8.5, 0, 7.5], "texture": "#texture"}
			}
		},
		{
			"from": [11.875, 11.025, 7.475],
			"to": [12.4, 11.175, 7.6],
			"rotation": {"angle": 0, "axis": "y", "origin": [15.25, 8, 7.75]},
			"faces": {
				"north": {"uv": [0, 2, 0.25, 3.5], "texture": "#texture"},
				"east": {"uv": [7.5, 2, 8.5, 3.5], "texture": "#texture"},
				"south": {"uv": [15.75, 2, 16, 3.5], "texture": "#texture"},
				"west": {"uv": [7.5, 2, 8.5, 3.5], "texture": "#texture"},
				"up": {"uv": [15.75, 7.5, 16, 8.5], "texture": "#texture"},
				"down": {"uv": [0.25, 8.5, 0, 7.5], "texture": "#texture"}
			}
		},
		{
			"from": [11.875, 11.025, 8.4],
			"to": [12.4, 11.175, 8.525],
			"rotation": {"angle": 0, "axis": "y", "origin": [15.25, 8, 7.75]},
			"faces": {
				"north": {"uv": [0, 2, 0.25, 3.5], "texture": "#texture"},
				"east": {"uv": [7.5, 2, 8.5, 3.5], "texture": "#texture"},
				"south": {"uv": [15.75, 2, 16, 3.5], "texture": "#texture"},
				"west": {"uv": [7.5, 2, 8.5, 3.5], "texture": "#texture"},
				"up": {"uv": [15.75, 7.5, 16, 8.5], "texture": "#texture"},
				"down": {"uv": [0.25, 8.5, 0, 7.5], "texture": "#texture"}
			}
		},
		{
			"from": [11.6, 10.5, 7.475],
			"to": [12.675, 10.75, 8.525],
			"faces": {
				"north": {"uv": [7.75, 5.25, 8, 6.25], "texture": "#texture"},
				"east": {"uv": [7, 5.25, 9, 6.25], "texture": "#texture"},
				"south": {"uv": [8, 5.25, 8.25, 6.25], "texture": "#texture"},
				"west": {"uv": [6, 8, 7, 9], "texture": "#texture"},
				"up": {"uv": [8, 7, 8.25, 9], "texture": "#texture"},
				"down": {"uv": [8, 9, 7.75, 7], "texture": "#texture"}
			}
		},
		{
			"from": [8.775, 10.75, 8.225],
			"to": [9.075, 11.025, 8.375],
			"rotation": {"angle": 0, "axis": "z", "origin": [15.25, 8, 7.75]},
			"faces": {
				"north": {"uv": [0, 2, 0.25, 3.5], "texture": "#texture"},
				"east": {"uv": [7.5, 2, 8.5, 3.5], "texture": "#texture"},
				"south": {"uv": [15.75, 2, 16, 3.5], "texture": "#texture"},
				"west": {"uv": [7.5, 2, 8.5, 3.5], "texture": "#texture"},
				"up": {"uv": [15.75, 7.5, 16, 8.5], "texture": "#texture"},
				"down": {"uv": [0.25, 8.5, 0, 7.5], "texture": "#texture"}
			}
		},
		{
			"from": [8.775, 10.75, 7.625],
			"to": [9.075, 11.025, 7.775],
			"rotation": {"angle": 0, "axis": "y", "origin": [15.25, 8, 7.75]},
			"faces": {
				"north": {"uv": [0, 2, 0.25, 3.5], "texture": "#texture"},
				"east": {"uv": [7.5, 2, 8.5, 3.5], "texture": "#texture"},
				"south": {"uv": [15.75, 2, 16, 3.5], "texture": "#texture"},
				"west": {"uv": [7.5, 2, 8.5, 3.5], "texture": "#texture"},
				"up": {"uv": [15.75, 7.5, 16, 8.5], "texture": "#texture"},
				"down": {"uv": [0.25, 8.5, 0, 7.5], "texture": "#texture"}
			}
		},
		{
			"from": [19, 7.5, 7.4],
			"to": [20, 9, 8.625],
			"rotation": {"angle": 0, "axis": "y", "origin": [0, 0.25, 0]},
			"faces": {
				"north": {"uv": [4, 15, 5, 16], "texture": "#texture", "cullface": "east"},
				"east": {"uv": [4, 15, 5, 16], "texture": "#texture", "cullface": "east"},
				"south": {"uv": [4, 15, 5, 16], "texture": "#texture", "cullface": "east"},
				"west": {"uv": [4, 15, 5, 16], "texture": "#texture", "cullface": "east"},
				"up": {"uv": [4, 15, 5, 16], "texture": "#texture", "cullface": "east"},
				"down": {"uv": [5, 16, 4, 15], "texture": "#texture", "cullface": "east"}
			}
		},
		{
			"from": [19.875, 8.5, 7.4],
			"to": [26.8, 9, 8.625],
			"rotation": {"angle": 0, "axis": "y", "origin": [-0.95, 0.25, 0]},
			"faces": {
				"north": {"uv": [4, 15, 5, 16], "texture": "#texture", "cullface": "east"},
				"south": {"uv": [4, 15, 5, 16], "texture": "#texture", "cullface": "east"},
				"west": {"uv": [4, 15, 5, 16], "texture": "#texture", "cullface": "east"},
				"up": {"uv": [4, 15, 5, 16], "texture": "#texture", "cullface": "east"},
				"down": {"uv": [4, 15, 5, 16], "texture": "#texture"}
			}
		},
		{
			"from": [19.05, 7.25, 7.4],
			"to": [27.05, 7.75, 8.625],
			"rotation": {"angle": -22.5, "axis": "z", "origin": [19.8, 7.5, 7]},
			"faces": {
				"north": {"uv": [4, 15, 5, 16], "texture": "#texture", "cullface": "east"},
				"east": {"uv": [4, 15, 5, 16], "texture": "#texture", "cullface": "east"},
				"south": {"uv": [4, 15, 5, 16], "texture": "#texture", "cullface": "east"},
				"west": {"uv": [4, 15, 5, 16], "texture": "#texture", "cullface": "east"},
				"up": {"uv": [4, 15, 5, 16], "texture": "#texture", "cullface": "east"},
				"down": {"uv": [4, 15, 5, 16], "texture": "#texture", "cullface": "east"}
			}
		},
		{
			"from": [26.4, 4.5, 7.4],
			"to": [26.8, 5, 8.625],
			"rotation": {"angle": 0, "axis": "y", "origin": [-0.95, 0.25, 0]},
			"faces": {
				"north": {"uv": [4, 15, 5, 16], "texture": "#texture", "cullface": "east"},
				"south": {"uv": [4, 15, 5, 16], "texture": "#texture", "cullface": "east"},
				"west": {"uv": [4, 15, 5, 16], "texture": "#texture", "cullface": "east"},
				"up": {"uv": [4, 15, 5, 16], "texture": "#texture"},
				"down": {"uv": [4, 15, 5, 16], "texture": "#texture", "cullface": "east"}
			}
		},
		{
			"from": [26.8, 4.5, 7.4],
			"to": [27.3, 9, 8.625],
			"rotation": {"angle": 0, "axis": "y", "origin": [-0.7, 0.25, 0]},
			"faces": {
				"north": {"uv": [4, 15, 5, 16], "texture": "#texture", "cullface": "east"},
				"east": {"uv": [4, 15, 5, 16], "texture": "#texture", "cullface": "east"},
				"south": {"uv": [5, 15, 4, 16], "texture": "#texture", "cullface": "east"},
				"west": {"uv": [4, 15, 5, 16], "texture": "#texture", "cullface": "east"},
				"up": {"uv": [4, 15, 5, 16], "texture": "#texture", "cullface": "east"},
				"down": {"uv": [4, 16, 5, 15], "texture": "#texture", "cullface": "east"}
			}
		},
		{
			"from": [9.7, 4.025, 7.525],
			"to": [12.425, 5.775, 8.475],
			"rotation": {"angle": 0, "axis": "y", "origin": [0, -1, 0]},
			"faces": {
				"north": {"uv": [0, 15.3, 6.6, 15.8], "texture": "#wood door texture", "cullface": "east"},
				"east": {"uv": [6.1, 15.2, 6.7, 15.9], "texture": "#wood door texture", "cullface": "east"},
				"south": {"uv": [6.8, 15.2, 0.1, 15.9], "texture": "#wood door texture", "cullface": "east"},
				"west": {"uv": [1, 0, 2, 1], "texture": "#wood door texture"},
				"down": {"uv": [6.1, 16, 6.8, 15.2], "texture": "#wood door texture", "cullface": "east"}
			}
		},
		{
			"from": [10, 5.775, 7.525],
			"to": [12.725, 8.775, 8.475],
			"rotation": {"angle": 0, "axis": "y", "origin": [0, -1, 0]},
			"faces": {
				"north": {"uv": [0, 15.3, 6.6, 15.8], "texture": "#wood door texture", "cullface": "east"},
				"east": {"uv": [6.1, 15.2, 6.7, 15.9], "texture": "#wood door texture", "cullface": "east"},
				"south": {"uv": [6.8, 15.2, 0.1, 15.9], "texture": "#wood door texture", "cullface": "east"},
				"west": {"uv": [1, 0, 2, 1], "texture": "#wood door texture"},
				"down": {"uv": [6.1, 16, 6.8, 15.2], "texture": "#wood door texture", "cullface": "east"}
			}
		},
		{
			"from": [9.4, 2.525, 7.525],
			"to": [12.125, 4.025, 8.475],
			"rotation": {"angle": 0, "axis": "y", "origin": [0, -1, 0]},
			"faces": {
				"north": {"uv": [0, 15.3, 6.5, 15.8], "texture": "#wood door texture", "cullface": "east"},
				"east": {"uv": [6.2, 15.2, 6.7, 15.9], "texture": "#wood door texture", "cullface": "east"},
				"south": {"uv": [6.8, 15.2, 0.1, 15.9], "texture": "#wood door texture", "cullface": "east"},
				"west": {"uv": [1, 0, 2, 1], "texture": "#wood door texture"},
				"up": {"uv": [1, 0, 2, 1], "texture": "#wood door texture"},
				"down": {"uv": [6.1, 16, 6.8, 15.2], "texture": "#wood door texture", "cullface": "east"}
			}
		},
		{
			"from": [9.4, 4.025, 7.525],
			"to": [9.7, 4.275, 8.475],
			"rotation": {"angle": 0, "axis": "y", "origin": [0, -1, 0]},
			"faces": {
				"north": {"uv": [6, 15.3, 6.5, 15.8], "texture": "#wood door texture", "cullface": "east"},
				"east": {"uv": [6.2, 15.2, 6.7, 15.9], "texture": "#wood door texture", "cullface": "east"},
				"south": {"uv": [6.8, 15.2, 6.1, 15.9], "texture": "#wood door texture", "cullface": "east"},
				"west": {"uv": [1, 0, 2, 1], "texture": "#wood door texture"},
				"up": {"uv": [1, 0, 2, 1], "texture": "#wood door texture"},
				"down": {"uv": [6.1, 16, 6.8, 15.2], "texture": "#wood door texture", "cullface": "east"}
			}
		},
		{
			"from": [9.7, 5.775, 7.525],
			"to": [10, 6.025, 8.475],
			"rotation": {"angle": 0, "axis": "y", "origin": [0, -1, 0]},
			"faces": {
				"north": {"uv": [6, 15.3, 6.5, 15.8], "texture": "#wood door texture", "cullface": "east"},
				"east": {"uv": [6.2, 15.2, 6.7, 15.9], "texture": "#wood door texture", "cullface": "east"},
				"south": {"uv": [6.8, 15.2, 6.1, 15.9], "texture": "#wood door texture", "cullface": "east"},
				"west": {"uv": [1, 0, 2, 1], "texture": "#wood door texture"},
				"up": {"uv": [1, 0, 2, 1], "texture": "#wood door texture"},
				"down": {"uv": [6.1, 16, 6.8, 15.2], "texture": "#wood door texture", "cullface": "east"}
			}
		},
		{
			"from": [9.025, 2.525, 7.525],
			"to": [9.5, 2.775, 8.475],
			"rotation": {"angle": 0, "axis": "y", "origin": [0, -1, 0]},
			"faces": {
				"north": {"uv": [6.5, 15.3, 6, 15.8], "texture": "#wood door texture", "cullface": "east"},
				"east": {"uv": [6.2, 15.2, 6.7, 15.9], "texture": "#wood door texture", "cullface": "east"},
				"south": {"uv": [6.8, 15.2, 6.1, 15.9], "texture": "#wood door texture", "cullface": "east"},
				"west": {"uv": [1, 0, 2, 1], "texture": "#wood door texture"},
				"up": {"uv": [1, 0, 2, 1], "texture": "#wood door texture"},
				"down": {"uv": [6.1, 16, 6.8, 15.2], "texture": "#wood door texture", "cullface": "east"}
			}
		},
		{
			"from": [9.025, 1.275, 7.525],
			"to": [11.75, 2.525, 8.475],
			"rotation": {"angle": 0, "axis": "y", "origin": [0, -1, 0]},
			"faces": {
				"north": {"uv": [0, 15.3, 6.5, 15.8], "texture": "#wood door texture", "cullface": "east"},
				"east": {"uv": [6.2, 15.2, 6.7, 15.9], "texture": "#wood door texture", "cullface": "east"},
				"south": {"uv": [6.8, 15.2, 0.1, 15.9], "texture": "#wood door texture", "cullface": "east"},
				"west": {"uv": [1, 0, 2, 1], "texture": "#wood door texture"},
				"up": {"uv": [1, 0, 2, 1], "texture": "#wood door texture"},
				"down": {"uv": [6.1, 16, 6.8, 15.2], "texture": "#wood door texture", "cullface": "east"}
			}
		},
		{
			"from": [9.5, 0.275, 7.525],
			"to": [11.375, 0.525, 8.475],
			"rotation": {"angle": 0, "axis": "y", "origin": [0, -1, 0]},
			"faces": {
				"north": {"uv": [0, 15.3, 6.5, 15.8], "texture": "#wood door texture", "cullface": "east"},
				"east": {"uv": [6.2, 15.2, 6.7, 15.9], "texture": "#wood door texture", "cullface": "east"},
				"south": {"uv": [2.8, 15.2, 0.1, 15.9], "texture": "#wood door texture", "cullface": "east"},
				"west": {"uv": [1, 0, 2, 1], "texture": "#wood door texture"},
				"up": {"uv": [1, 0, 2, 1], "texture": "#wood door texture"},
				"down": {"uv": [6.1, 16, 6.8, 15.2], "texture": "#wood door texture", "cullface": "east"}
			}
		},
		{
			"from": [10.5, 0.025, 7.525],
			"to": [11.375, 0.275, 8.475],
			"rotation": {"angle": 0, "axis": "y", "origin": [0, -1, 0]},
			"faces": {
				"north": {"uv": [0, 15.3, 6.5, 15.8], "texture": "#wood door texture", "cullface": "east"},
				"east": {"uv": [6.2, 15.2, 6.7, 15.9], "texture": "#wood door texture", "cullface": "east"},
				"south": {"uv": [2.8, 15.2, 0.1, 15.9], "texture": "#wood door texture", "cullface": "east"},
				"west": {"uv": [1, 0, 2, 1], "texture": "#wood door texture"},
				"up": {"uv": [1, 0, 2, 1], "texture": "#wood door texture"},
				"down": {"uv": [6.1, 16, 6.8, 15.2], "texture": "#wood door texture", "cullface": "east"}
			}
		},
		{
			"from": [8.65, 0.525, 7.525],
			"to": [11.375, 1.275, 8.475],
			"rotation": {"angle": 0, "axis": "y", "origin": [0, -1, 0]},
			"faces": {
				"north": {"uv": [0, 15.3, 6.5, 15.8], "texture": "#wood door texture", "cullface": "east"},
				"east": {"uv": [6.2, 15.2, 6.7, 15.9], "texture": "#wood door texture", "cullface": "east"},
				"south": {"uv": [6.8, 15.2, 0.1, 15.9], "texture": "#wood door texture", "cullface": "east"},
				"west": {"uv": [1, 0, 2, 1], "texture": "#wood door texture"},
				"up": {"uv": [1, 0, 2, 1], "texture": "#wood door texture"},
				"down": {"uv": [6.1, 16, 6.8, 15.2], "texture": "#wood door texture", "cullface": "east"}
			}
		},
		{
			"from": [8.65, 1.275, 7.525],
			"to": [9.125, 1.525, 8.475],
			"rotation": {"angle": 0, "axis": "y", "origin": [0, -1, 0]},
			"faces": {
				"north": {"uv": [6, 15.3, 6.5, 15.8], "texture": "#wood door texture", "cullface": "east"},
				"east": {"uv": [6.2, 15.2, 6.7, 15.9], "texture": "#wood door texture", "cullface": "east"},
				"south": {"uv": [6.8, 15.2, 6.1, 15.9], "texture": "#wood door texture", "cullface": "east"},
				"west": {"uv": [1, 0, 2, 1], "texture": "#wood door texture"},
				"up": {"uv": [1, 0, 2, 1], "texture": "#wood door texture"},
				"down": {"uv": [6.1, 16, 6.8, 15.2], "texture": "#wood door texture", "cullface": "east"}
			}
		},
		{
			"from": [3, 9.425, 7.2],
			"to": [3.25, 10.25, 8.775],
			"rotation": {"angle": 0, "axis": "y", "origin": [0, 10, 0]},
			"faces": {
				"north": {"uv": [14.25, 5.75, 14.5, 6.75], "texture": "#texture"},
				"south": {"uv": [1.5, 5.75, 1.75, 6.75], "texture": "#texture"},
				"west": {"uv": [7, 5.75, 9, 6.75], "texture": "#texture"},
				"up": {"uv": [1.5, 7, 1.75, 9], "texture": "#texture"}
			}
		},
		{
			"from": [3.25, 9.5, 7.2],
			"to": [7.75, 10.325, 8.775],
			"rotation": {"angle": 0, "axis": "y", "origin": [0, 10, 0]},
			"faces": {
				"north": {"uv": [10.25, 5.75, 14.25, 6.5], "texture": "#wood door texture"},
				"east": {"uv": [0, 0, 1, 1], "texture": "#wood door texture"},
				"south": {"uv": [1.75, 5.75, 5.75, 6.5], "texture": "#wood door texture"},
				"west": {"uv": [5, 6, 6, 7], "texture": "#wood door texture"},
				"up": {"uv": [1.75, 7, 5.75, 9], "texture": "#wood door texture"},
				"down": {"uv": [14.25, 9, 10.25, 7], "texture": "#wood door texture"}
			}
		},
		{
			"from": [3.25, 10.25, 7.45],
			"to": [7.75, 10.575, 8.525],
			"rotation": {"angle": 0, "axis": "y", "origin": [0, 10, 0]},
			"faces": {
				"north": {"uv": [10.25, 5.5, 14.25, 5.75], "texture": "#wood door texture"},
				"east": {"uv": [0, 0, 1, 1], "texture": "#wood door texture"},
				"south": {"uv": [1.75, 5.5, 5.75, 5.75], "texture": "#wood door texture"},
				"west": {"uv": [5, 6, 6, 7], "texture": "#wood door texture"},
				"up": {"uv": [1.75, 7.25, 5.75, 8.75], "texture": "#wood door texture"}
			}
		},
		{
			"from": [3, 10.25, 7.45],
			"to": [3.25, 10.5, 8.525],
			"rotation": {"angle": 0, "axis": "y", "origin": [0, 10, 0]},
			"faces": {
				"north": {"uv": [14.25, 5.5, 14.5, 5.75], "texture": "#texture"},
				"south": {"uv": [1.5, 5.5, 1.75, 5.75], "texture": "#texture"},
				"west": {"uv": [7.25, 5.5, 8.75, 5.75], "texture": "#texture"},
				"up": {"uv": [1.5, 7.25, 1.75, 8.75], "texture": "#texture"}
			}
		},
		{
			"from": [7.75, 9.25, 7.2],
			"to": [8, 10.25, 8.775],
			"rotation": {"angle": 0, "axis": "y", "origin": [0, 10, 0]},
			"faces": {
				"north": {"uv": [14.25, 5.75, 14.5, 6.75], "texture": "#texture"},
				"east": {"uv": [0, 0, 1, 1], "texture": "#texture"},
				"south": {"uv": [1.5, 5.75, 1.75, 6.75], "texture": "#texture"},
				"west": {"uv": [7, 5.75, 9, 6.75], "texture": "#texture"},
				"up": {"uv": [1.5, 7, 1.75, 9], "texture": "#texture"}
			}
		},
		{
			"from": [7.75, 10.25, 7.45],
			"to": [8, 10.5, 8.525],
			"rotation": {"angle": 0, "axis": "y", "origin": [0, 10, 0]},
			"faces": {
				"north": {"uv": [14.25, 5.5, 14.5, 5.75], "texture": "#texture"},
				"east": {"uv": [0, 0, 1, 1], "texture": "#texture"},
				"south": {"uv": [1.5, 5.5, 1.75, 5.75], "texture": "#texture"},
				"west": {"uv": [7.25, 5.5, 8.75, 5.75], "texture": "#texture"},
				"up": {"uv": [1.5, 7.25, 1.75, 8.75], "texture": "#texture"}
			}
		},
		{
			"from": [7, 10.15, 7.675],
			"to": [17.75, 10.4, 8.3],
			"faces": {
				"north": {"uv": [0, 5, 8.25, 5.75], "texture": "#texture", "cullface": "east"},
				"east": {"uv": [7.5, 5, 8.5, 5.75], "texture": "#texture", "cullface": "east"},
				"south": {"uv": [7.75, 5, 16, 5.75], "texture": "#texture", "cullface": "east"},
				"up": {"uv": [7.75, 7.5, 16, 8.5], "texture": "#texture", "cullface": "east"}
			}
		},
		{
			"from": [8, 7.5, 7.2],
			"to": [19, 9.25, 8.775],
			"faces": {
				"north": {"uv": [0, 7, 8.25, 8.75], "texture": "#texture", "cullface": "east"},
				"east": {"uv": [7, 7, 9, 8.75], "texture": "#texture", "cullface": "east"},
				"south": {"uv": [7.75, 7, 16, 8.75], "texture": "#texture", "cullface": "east"},
				"west": {"uv": [7, 7, 9, 8.75], "texture": "#texture", "cullface": "east"},
				"up": {"uv": [7.75, 7.25, 16, 9.25], "texture": "#texture", "cullface": "east"},
				"down": {"uv": [8.25, 9.25, 0, 7.25], "texture": "#texture", "cullface": "east"}
			}
		},
		{
			"from": [13.75, 5.925, 7.625],
			"to": [15.75, 6.175, 8.375],
			"rotation": {"angle": 0, "axis": "y", "origin": [0, -0.075, 0]},
			"faces": {
				"north": {"uv": [0.25, 9.75, 2, 10], "texture": "#texture"},
				"east": {"uv": [7.5, 9.75, 8.5, 10], "texture": "#texture"},
				"south": {"uv": [14, 9.75, 15.75, 10], "texture": "#texture"},
				"west": {"uv": [7.5, 9.75, 8.5, 10], "texture": "#texture"},
				"up": {"uv": [14, 7.5, 15.75, 8.5], "texture": "#texture"},
				"down": {"uv": [2, 8.5, 0.25, 7.5], "texture": "#texture"}
			}
		},
		{
			"from": [15.75, 6.175, 7.625],
			"to": [16, 7.5, 8.375],
			"rotation": {"angle": 0, "axis": "y", "origin": [0, -0.075, 0]},
			"faces": {
				"north": {"uv": [0, 8.5, 0.25, 9.75], "texture": "#texture"},
				"east": {"uv": [7.5, 8.5, 8.5, 9.75], "texture": "#texture", "cullface": "east"},
				"south": {"uv": [15.75, 8.5, 16, 9.75], "texture": "#texture"},
				"west": {"uv": [7.5, 8.5, 8.5, 9.75], "texture": "#texture"},
				"down": {"uv": [0.25, 8.5, 0, 7.5], "texture": "#texture"}
			}
		},
		{
			"from": [13.5, 6.175, 7.625],
			"to": [13.75, 7.5, 8.375],
			"rotation": {"angle": 0, "axis": "y", "origin": [0, -0.075, 0]},
			"faces": {
				"north": {"uv": [0, 8.5, 0.25, 9.75], "texture": "#texture"},
				"east": {"uv": [7.5, 8.5, 8.5, 9.75], "texture": "#texture", "cullface": "east"},
				"south": {"uv": [15.75, 8.5, 16, 9.75], "texture": "#texture"},
				"west": {"uv": [7.5, 8.5, 8.5, 9.75], "texture": "#texture"},
				"down": {"uv": [0.25, 8.5, 0, 7.5], "texture": "#texture"}
			}
		},
		{
			"from": [12.975, 6.375, 7.625],
			"to": [13.425, 7.5, 8.375],
			"rotation": {"angle": 0, "axis": "y", "origin": [0, -0.075, 0]},
			"faces": {
				"north": {"uv": [0, 8.5, 0.25, 9.75], "texture": "#texture"},
				"east": {"uv": [7.5, 8.5, 8.5, 9.75], "texture": "#texture", "cullface": "east"},
				"south": {"uv": [15.75, 8.5, 16, 9.75], "texture": "#texture"},
				"west": {"uv": [7.5, 8.5, 8.5, 9.75], "texture": "#texture"},
				"down": {"uv": [0.25, 8.5, 0, 7.5], "texture": "#texture"}
			}
		},
		{
			"from": [7, 9.65, 7.425],
			"to": [18.25, 10.15, 8.55],
			"faces": {
				"north": {"uv": [3, 5.75, 2, 6.25], "texture": "#texture", "cullface": "east"},
				"east": {"uv": [7.5, 5.75, 8.5, 6.25], "texture": "#texture", "cullface": "east"},
				"south": {"uv": [15, 6.75, 14, 7.25], "texture": "#texture", "cullface": "east"},
				"up": {"uv": [12, 7.5, 11, 8.5], "texture": "#texture", "cullface": "east"}
			}
		},
		{
			"from": [15.35, 6.425, 7.875],
			"to": [15.6, 7.95, 8.125],
			"rotation": {"angle": -22.5, "axis": "z", "origin": [15.25, 7.925, 7.75]},
			"faces": {
				"north": {"uv": [0, 2, 0.25, 3.5], "texture": "#texture"},
				"east": {"uv": [7.5, 2, 8.5, 3.5], "texture": "#texture"},
				"south": {"uv": [15.75, 2, 16, 3.5], "texture": "#texture"},
				"west": {"uv": [7.5, 2, 8.5, 3.5], "texture": "#texture"},
				"up": {"uv": [15.75, 7.5, 16, 8.5], "texture": "#texture"},
				"down": {"uv": [0.25, 8.5, 0, 7.5], "texture": "#texture"}
			}
		},
		{
			"from": [7, 9.15, 7.2],
			"to": [18.75, 9.4, 8.775],
			"faces": {
				"north": {"uv": [0, 6.5, 8.25, 6.75], "texture": "#texture", "cullface": "east"},
				"east": {"uv": [7.25, 6.5, 8.75, 6.75], "texture": "#texture", "cullface": "east"},
				"south": {"uv": [6.75, 6.5, 15, 6.75], "texture": "#texture", "cullface": "east"},
				"up": {"uv": [7.75, 7.25, 16, 8.75], "texture": "#texture", "cullface": "east"}
			}
		},
		{
			"from": [18.25, 9.4, 7.875],
			"to": [18.75, 9.9, 8.125],
			"faces": {
				"north": {"uv": [0, 6, 1, 6.5], "texture": "#texture", "cullface": "east"},
				"east": {"uv": [7.75, 6, 8.25, 6.5], "texture": "#texture", "cullface": "east"},
				"south": {"uv": [16, 6, 15, 6.5], "texture": "#texture", "cullface": "east"},
				"west": {"uv": [7.75, 6, 8.25, 6.5], "texture": "#texture", "cullface": "east"},
				"up": {"uv": [16, 7.75, 15, 8.25], "texture": "#texture", "cullface": "east"}
			}
		},
		{
			"from": [3.25, 9.25, 7.025],
			"to": [4.15, 9.5, 8.95],
			"rotation": {"angle": 0, "axis": "y", "origin": [0, 10, 0]},
			"faces": {
				"north": {"uv": [13.75, 6.5, 14.25, 6.75], "texture": "#wood door texture"},
				"east": {"uv": [6.75, 6.5, 9.25, 6.75], "texture": "#wood door texture"},
				"south": {"uv": [1.75, 6.5, 2.25, 6.75], "texture": "#wood door texture"},
				"west": {"uv": [6.75, 6.5, 9.25, 6.75], "texture": "#wood door texture"},
				"up": {"uv": [1.75, 6.75, 2.25, 9.25], "texture": "#wood door texture"}
			}
		},
		{
			"from": [7, 9.25, 7.025],
			"to": [8.5, 9.5, 8.95],
			"rotation": {"angle": 0, "axis": "y", "origin": [0, 10, 0]},
			"faces": {
				"north": {"uv": [11.75, 6.5, 12.25, 6.75], "texture": "#wood door texture"},
				"east": {"uv": [6.75, 6.5, 9.25, 6.75], "texture": "#wood door texture"},
				"south": {"uv": [3.75, 6.5, 4.25, 6.75], "texture": "#wood door texture"},
				"west": {"uv": [6.75, 6.5, 9.25, 6.75], "texture": "#wood door texture"},
				"up": {"uv": [1.75, 6.75, 2.25, 9.25], "texture": "#wood door texture"}
			}
		},
		{
			"from": [5.2, 9.25, 7.025],
			"to": [5.95, 9.5, 8.95],
			"rotation": {"angle": 0, "axis": "y", "origin": [0, 10, 0]},
			"faces": {
				"north": {"uv": [11.5, 6.5, 12.5, 6.75], "texture": "#wood door texture"},
				"east": {"uv": [6.75, 6.5, 9.25, 6.75], "texture": "#wood door texture"},
				"south": {"uv": [3.5, 6.5, 4.5, 6.75], "texture": "#wood door texture"},
				"west": {"uv": [6.75, 6.5, 9.25, 6.75], "texture": "#wood door texture"},
				"up": {"uv": [3.5, 6.75, 4.5, 9.25], "texture": "#wood door texture"}
			}
		},
		{
			"from": [16, 6.575, 7.625],
			"to": [18.225, 7.275, 8.375],
			"rotation": {"angle": 0, "axis": "y", "origin": [0, 0.075, 0]},
			"faces": {
				"north": {"uv": [15, 11, 16, 12], "texture": "#texture", "cullface": "east"},
				"east": {"uv": [15, 11, 16, 12], "texture": "#texture", "cullface": "east"},
				"south": {"uv": [15, 11, 16, 12], "texture": "#texture", "cullface": "east"},
				"down": {"uv": [15, 11, 16, 12], "texture": "#texture", "cullface": "east"}
			}
		},
		{
			"from": [17.575, -3.725, 7.625],
			"to": [19.325, -0.175, 8.375],
			"rotation": {"angle": 22.5, "axis": "z", "origin": [0, 0.075, 0]},
			"faces": {
				"north": {"uv": [15, 11, 16, 12], "rotation": 270, "texture": "#texture", "cullface": "east"},
				"east": {"uv": [15, 11, 16, 12], "rotation": 90, "texture": "#texture"},
				"south": {"uv": [15, 11, 16, 12], "rotation": 90, "texture": "#texture", "cullface": "east"},
				"west": {"uv": [15, 11, 16, 12], "rotation": 90, "texture": "#texture", "cullface": "east"},
				"up": {"uv": [15, 11, 16, 12], "rotation": 90, "texture": "#texture"},
				"down": {"uv": [15, 11, 16, 12], "rotation": 90, "texture": "#texture", "cullface": "east"}
			}
		},
		{
			"from": [17.375, -3.975, 7.7],
			"to": [19.125, -3.7, 8.3],
			"rotation": {"angle": 22.5, "axis": "z", "origin": [0, 0.075, 0]},
			"faces": {
				"north": {"uv": [15, 11, 16, 12], "rotation": 270, "texture": "#texture", "cullface": "east"},
				"east": {"uv": [15, 11, 16, 12], "rotation": 90, "texture": "#texture"},
				"south": {"uv": [15, 11, 16, 12], "rotation": 90, "texture": "#texture", "cullface": "east"},
				"west": {"uv": [15, 11, 16, 12], "rotation": 90, "texture": "#texture", "cullface": "east"},
				"up": {"uv": [15, 11, 16, 12], "rotation": 90, "texture": "#texture"},
				"down": {"uv": [15, 11, 16, 12], "rotation": 90, "texture": "#texture", "cullface": "east"}
			}
		},
		{
			"from": [16, 7.275, 7.475],
			"to": [18.75, 7.575, 8.525],
			"rotation": {"angle": 0, "axis": "y", "origin": [0, 0.075, 0]},
			"faces": {
				"north": {"uv": [5, 15.5, 0, 14.5], "texture": "#texture", "cullface": "east"},
				"east": {"uv": [5, 15.5, 0, 14.5], "texture": "#texture", "cullface": "east"},
				"south": {"uv": [5, 15.5, 0, 14.5], "texture": "#texture", "cullface": "east"},
				"west": {"uv": [0, 15, 1, 16], "texture": "#texture"},
				"down": {"uv": [5, 15.5, 0, 14.5], "texture": "#texture", "cullface": "east"}
			}
		},
		{
			"from": [8, 9.4, 7.2],
			"to": [18.5, 9.8, 8.775],
			"faces": {
				"north": {"uv": [0, 6.25, 8.25, 6.5], "texture": "#texture", "cullface": "east"},
				"east": {"uv": [7.25, 6.25, 8.75, 6.5], "texture": "#texture", "cullface": "east"},
				"south": {"uv": [5.75, 5.25, 14, 5.5], "texture": "#texture", "cullface": "east"},
				"up": {"uv": [7.75, 7.25, 16, 8.75], "texture": "#texture", "cullface": "east"}
			}
		},
		{
			"from": [18.225, 6.75, 7.625],
			"to": [18.475, 7.275, 8.375],
			"rotation": {"angle": 0, "axis": "y", "origin": [0, 0.075, 0]},
			"faces": {
				"north": {"uv": [15, 11, 16, 12], "texture": "#texture", "cullface": "east"},
				"east": {"uv": [15, 11, 16, 12], "texture": "#texture", "cullface": "east"},
				"south": {"uv": [15, 11, 16, 12], "texture": "#texture", "cullface": "east"},
				"down": {"uv": [15, 11, 16, 12], "texture": "#texture", "cullface": "east"}
			}
		}
	],
	"gui_light": "front",
	"display": {
		"thirdperson_righthand": {
			"rotation": [116.65, -90, 116.77],
			"translation": [0, 0.5, -5.25],
			"scale": [0.8, 0.8, 0.8]
		},
		"thirdperson_lefthand": {
			"rotation": [-116.65, 90, 116.77],
			"translation": [0, 0.5, -5.25],
			"scale": [0.8, 0.8, 0.8]
		},
		"firstperson_righthand": {
			"rotation": [0, -90, 0],
			"translation": [0, 2.25, -7]
		},
		"firstperson_lefthand": {
			"rotation": [0, 90, 0],
			"translation": [0, 2.25, -7]
		},
		"ground": {
			"translation": [-5, 3.25, 0],
			"scale": [0.96, 0.96, 0.96]
		},
		"gui": {
			"rotation": [0, 0, -45],
			"translation": [-2.25, 2.75, 0],
			"scale": [0.67, 0.67, 0.9]
		},
		"head": {
			"translation": [-5, 0, 0]
		},
		"fixed": {
			"rotation": [0, 180, -45],
			"translation": [3.75, 4.25, -1.1],
			"scale": [0.96, 0.96, 0.92]
		}
	}
}