{
	"credit": "P30 Model made by HUNAJAMELONI",
	"textures": {
		"texture": "items/p30"
	},
	"elements": [
		{
			"from": [4.75, 5, 4.0625],
			"to": [7.6875, 5.5, 4.9375],
			"faces": {
				"north": {"uv": [13.5, 2, 5.5, 5], "texture": "#texture"},
				"east": {"uv": [7.25, 4, 8.25, 4.75], "texture": "#texture"},
				"south": {"uv": [5.5, 2, 13.5, 5], "texture": "#texture"},
				"west": {"uv": [7.25, 4, 8.25, 4.75], "texture": "#texture"},
				"up": {"uv": [5.5, 3.5, 10.5, 5], "texture": "#texture"},
				"down": {"uv": [8.5, 4.75, 5.6875, 3.75], "texture": "#texture"}
			}
		},
		{
			"from": [4.75, 5.4375, 4.1875],
			"to": [7.6875, 5.6875, 4.8125],
			"faces": {
				"north": {"uv": [13.5, 5, 5.5, 2], "texture": "#texture"},
				"east": {"uv": [7.25, 4, 7.875, 4.25], "texture": "#texture"},
				"south": {"uv": [5.5, 5, 13.5, 2], "texture": "#texture"},
				"west": {"uv": [7.25, 4, 7.875, 4.25], "texture": "#texture"},
				"up": {"uv": [5.5, 4.25, 8.4375, 4.875], "texture": "#texture"},
				"down": {"uv": [5.5, 4.25, 8.4375, 4.875], "texture": "#texture"}
			}
		},
		{
			"from": [4.8125, 4.6875, 4.125],
			"to": [6.4375, 5, 4.875],
			"faces": {
				"north": {"uv": [5.5, 6, 13.5, 8], "texture": "#texture"},
				"east": {"uv": [6.5, 6.5, 7.25, 6.75], "texture": "#texture"},
				"south": {"uv": [5.5, 6, 13.5, 8], "texture": "#texture"},
				"west": {"uv": [6.5, 6.5, 7.25, 6.75], "texture": "#texture"},
				"up": {"uv": [7.75, 6.75, 6.125, 6], "texture": "#texture"},
				"down": {"uv": [7.75, 6.75, 6.125, 6], "texture": "#texture"}
			}
		},
		{
			"from": [6.375, 4.5625, 4.125],
			"to": [7.5, 5, 4.875],
			"faces": {
				"north": {"uv": [1.5, 9.5, 5, 11.5], "texture": "#texture"},
				"east": {"uv": [4, 9.5, 5, 10.25], "texture": "#texture"},
				"south": {"uv": [1.5, 9.5, 5, 11.5], "texture": "#texture"},
				"west": {"uv": [4, 9.5, 5, 10.25], "texture": "#texture"},
				"up": {"uv": [5, 10.5, 4.25, 9.5], "texture": "#texture"},
				"down": {"uv": [5, 10.5, 4.25, 9.5], "texture": "#texture"}
			}
		},
		{
			"from": [6.75, 3.125, 4.25],
			"to": [7.5, 4.625, 4.75],
			"rotation": {"angle": 22.5, "axis": "z", "origin": [6.75, 4.625, 4.25]},
			"faces": {
				"north": {"uv": [1.5, 11.75, 3.5, 15], "texture": "#texture"},
				"east": {"uv": [3, 12, 3.5, 15], "texture": "#texture"},
				"south": {"uv": [1.5, 11.75, 3.5, 15], "texture": "#texture"},
				"west": {"uv": [3, 12, 3.5, 15], "texture": "#texture"},
				"up": {"uv": [2.25, 12, 3, 12.5], "texture": "#texture"},
				"down": {"uv": [2.25, 12, 3, 12.5], "texture": "#texture"}
			}
		},
		{
			"from": [7.4375, 4.8125, 4.125],
			"to": [8, 5.3125, 4.875],
			"rotation": {"angle": -45, "axis": "z", "origin": [7.4375, 5.3125, 4.125]},
			"faces": {
				"north": {"uv": [1.5, 9.5, 5, 11.5], "texture": "#texture"},
				"east": {"uv": [4, 9.5, 5, 10.25], "texture": "#texture"},
				"south": {"uv": [1.5, 9.5, 5, 11.5], "texture": "#texture"},
				"west": {"uv": [4, 9.5, 5, 10.25], "texture": "#texture"},
				"up": {"uv": [5, 10.5, 4.25, 9.5], "texture": "#texture"},
				"down": {"uv": [5, 10.5, 4.25, 9.5], "texture": "#texture"}
			}
		},
		{
			"from": [6.1875, 4.125, 4.375],
			"to": [6.9375, 4.25, 4.625],
			"faces": {
				"north": {"uv": [1.5, 9.5, 5, 11.5], "texture": "#texture"},
				"east": {"uv": [4, 9.5, 5, 10.25], "texture": "#texture"},
				"south": {"uv": [1.5, 9.5, 5, 11.5], "texture": "#texture"},
				"west": {"uv": [4, 9.5, 5, 10.25], "texture": "#texture"},
				"up": {"uv": [5, 10.5, 4.25, 9.5], "texture": "#texture"},
				"down": {"uv": [5, 10.5, 4.25, 9.5], "texture": "#texture"}
			}
		},
		{
			"from": [6.1875, 4.25, 4.375],
			"to": [6.3125, 4.75, 4.625],
			"faces": {
				"north": {"uv": [1.5, 9.5, 5, 11.5], "texture": "#texture"},
				"east": {"uv": [4, 9.5, 5, 10.25], "texture": "#texture"},
				"south": {"uv": [1.5, 9.5, 5, 11.5], "texture": "#texture"},
				"west": {"uv": [4, 9.5, 5, 10.25], "texture": "#texture"},
				"up": {"uv": [5, 10.5, 4.25, 9.5], "texture": "#texture"},
				"down": {"uv": [5, 10.5, 4.25, 9.5], "texture": "#texture"}
			}
		},
		{
			"from": [7.4375, 4.9375, 4.1875],
			"to": [7.6875, 5.4375, 4.8125],
			"rotation": {"angle": 22.5, "axis": "z", "origin": [7.4375, 5.4375, 4.1875]},
			"faces": {
				"north": {"uv": [7.5, 3.75, 8.25, 4.75], "texture": "#texture"},
				"east": {"uv": [6.25, 4, 7.25, 5], "texture": "#texture"},
				"south": {"uv": [7.5, 3.75, 8.25, 4.75], "texture": "#texture"},
				"west": {"uv": [6.25, 4, 7.25, 5], "texture": "#texture"},
				"up": {"uv": [8, 3.75, 8.75, 4.75], "texture": "#texture"},
				"down": {"uv": [8, 3.75, 8.75, 4.75], "texture": "#texture"}
			}
		},
		{
			"from": [7.3125, 4.9375, 4.125],
			"to": [7.875, 5.125, 4.875],
			"faces": {
				"north": {"uv": [1.5, 9.5, 5, 11.5], "texture": "#texture"},
				"east": {"uv": [4, 9.5, 5, 10.25], "texture": "#texture"},
				"south": {"uv": [1.5, 9.5, 5, 11.5], "texture": "#texture"},
				"west": {"uv": [4, 9.5, 5, 10.25], "texture": "#texture"},
				"up": {"uv": [5, 10.5, 4.25, 9.5], "texture": "#texture"},
				"down": {"uv": [5, 10.5, 4.25, 9.5], "texture": "#texture"}
			}
		}
	],
	"display": {
		"thirdperson_righthand": {
			"rotation": [-84, -86, -95],
			"translation": [-6.43, 6.8, 4.72],
			"scale": [2.39, 2.04, 1.86]
		},
		"thirdperson_lefthand": {
			"rotation": [-65, 89, 68],
			"translation": [6.43, 7.18, 4.16],
			"scale": [2.39, 2.04, 1.86]
		},
		"firstperson_righthand": {
			"rotation": [0, -92, 0],
			"translation": [-9.64, 10.722, 3.4],
			"scale": [3.15, 2.61, 2.74]
		},
		"firstperson_lefthand": {
			"rotation": [0, 88, 0],
			"translation": [8.4469, 11.417, 4.7913],
			"scale": [3.15, 2.61, 2.74]
		},
		"ground": {
			"rotation": [11, -33, -34],
			"translation": [7.94, 6.24, 8.31],
			"scale": [2, 2, 2]
		},
		"gui": {
			"rotation": [0, 130, 0],
			"translation": [4.72, 9.8296, 0],
			"scale": [3, 3, 3]
		},
		"head": {
			"translation": [3.5, 7.75, 6.75],
			"scale": [2, 2, 2]
		},
		"fixed": {
			"rotation": [-3, -1, -45],
			"translation": [9.26, 2.65, 8.5],
			"scale": [2.5, 2.24, 2.5]
		}
	}
}