{
	"credit": "Made by SrDarmith - YouTube: Mainclay",
	"textures": {
		"0": "itemm/anvil_1"
	},
	"elements": [
		{
			"name": "Element",
			"from": [-14, 10.75, 7.625],
			"to": [10.75, 11, 8.375],
			"rotation": {"angle": 0, "axis": "y", "origin": [1, 1.25, 0]},
			"faces": {
				"north": {"uv": [16, 16, 15, 15], "texture": "#0"},
				"south": {"uv": [16, 16, 15, 15], "texture": "#0"},
				"west": {"uv": [9, 8, 2, 1], "texture": "#0", "cullface": "west"},
				"up": {"uv": [16, 16, 15, 15], "texture": "#0"},
				"down": {"uv": [16, 16, 15, 15], "texture": "#0"}
			}
		},
		{
			"name": "Element",
			"from": [-14, 10, 7.375],
			"to": [10.75, 10.75, 7.625],
			"rotation": {"angle": 0, "axis": "y", "origin": [1, 1.25, 0]},
			"faces": {
				"north": {"uv": [16, 16, 15, 15], "texture": "#0"},
				"south": {"uv": [16, 16, 15, 15], "texture": "#0"},
				"west": {"uv": [9, 8, 2, 1], "texture": "#0", "cullface": "west"},
				"up": {"uv": [16, 16, 15, 15], "texture": "#0"},
				"down": {"uv": [16, 16, 15, 15], "texture": "#0"}
			}
		},
		{
			"name": "Element",
			"from": [-14, 10, 8.375],
			"to": [10.75, 10.75, 8.625],
			"rotation": {"angle": 0, "axis": "y", "origin": [1, 1.25, 0]},
			"faces": {
				"north": {"uv": [16, 16, 15, 15], "texture": "#0"},
				"south": {"uv": [16, 16, 15, 15], "texture": "#0"},
				"west": {"uv": [9, 8, 2, 1], "texture": "#0", "cullface": "west"},
				"up": {"uv": [16, 16, 15, 15], "texture": "#0"},
				"down": {"uv": [16, 16, 15, 15], "texture": "#0"}
			}
		},
		{
			"name": "Element",
			"from": [-14, 9.75, 7.625],
			"to": [10.75, 10, 8.375],
			"rotation": {"angle": 0, "axis": "y", "origin": [1, 1.25, 0]},
			"faces": {
				"north": {"uv": [16, 16, 15, 15], "texture": "#0"},
				"south": {"uv": [16, 16, 15, 15], "texture": "#0"},
				"west": {"uv": [9, 8, 2, 1], "texture": "#0", "cullface": "west"},
				"up": {"uv": [16, 16, 15, 15], "texture": "#0"},
				"down": {"uv": [16, 16, 15, 15], "texture": "#0"}
			}
		},
		{
			"name": "Element",
			"from": [16.25, 9.625, 8.875],
			"to": [21.3, 10.875, 13.125],
			"rotation": {"angle": 0, "axis": "y", "origin": [-2.75, 16.75, 0.125]},
			"faces": {
				"north": {"uv": [5, 16, 0, 14], "rotation": 180, "texture": "#0"},
				"east": {"uv": [5, 16, 0, 14], "rotation": 90, "texture": "#0"},
				"south": {"uv": [5, 16, 0, 14], "texture": "#0"},
				"west": {"uv": [5, 16, 0, 14], "rotation": 270, "texture": "#0"},
				"up": {"uv": [5, 16, 0, 14], "texture": "#0"},
				"down": {"uv": [5, 16, 0, 14], "rotation": 180, "texture": "#0"}
			}
		},
		{
			"name": "Element",
			"from": [19, 6.5, 7.75],
			"to": [19.25, 7.75, 8.25],
			"rotation": {"angle": 0, "axis": "y", "origin": [4.75, 0, 0]},
			"faces": {
				"north": {"uv": [0, 9.25, 1.5, 9.5], "texture": "#0"},
				"east": {"uv": [15, 8, 16, 9], "texture": "#0"},
				"south": {"uv": [14.5, 9.25, 16, 9.5], "texture": "#0"},
				"west": {"uv": [15, 8, 16, 9], "texture": "#0"},
				"up": {"uv": [14.5, 7.75, 16, 8.25], "texture": "#0"},
				"down": {"uv": [1.5, 8.25, 0, 7.75], "texture": "#0"}
			}
		},
		{
			"name": "Element",
			"from": [20.6, 6.75, 7.75],
			"to": [20.85, 8, 8.25],
			"rotation": {"angle": -22.5, "axis": "z", "origin": [20.5, 8.25, 7.75]},
			"faces": {
				"north": {"uv": [0.25, 8.25, 0.5, 9.5], "texture": "#0"},
				"east": {"uv": [7.75, 8.25, 8.25, 9.5], "texture": "#0", "cullface": "east"},
				"south": {"uv": [15.5, 8.25, 15.75, 9.5], "texture": "#0"},
				"west": {"uv": [7.75, 8.25, 8.25, 9.5], "texture": "#0"},
				"up": {"uv": [15.5, 7.75, 15.75, 8.25], "texture": "#0"},
				"down": {"uv": [0.5, 8.25, 0.25, 7.75], "texture": "#0"}
			}
		},
		{
			"name": "Element",
			"from": [21, 6.75, 7.5],
			"to": [21.75, 7.75, 8.5],
			"rotation": {"angle": 0, "axis": "y", "origin": [4.75, 0, 0]},
			"faces": {
				"north": {"uv": [16, 12, 15, 11], "texture": "#0"},
				"east": {"uv": [16, 12, 15, 11], "texture": "#0", "cullface": "east"},
				"south": {"uv": [16, 12, 15, 11], "texture": "#0"},
				"west": {"uv": [16, 12, 15, 11], "texture": "#0"},
				"down": {"uv": [16, 12, 15, 11], "texture": "#0"}
			}
		},
		{
			"name": "lel",
			"from": [21, 3.75, 7.5],
			"to": [22.575, 7.75, 8.5],
			"rotation": {"angle": 22.5, "axis": "z", "origin": [21, 7.75, 7.25]},
			"faces": {
				"north": {"uv": [16, 12, 15, 11], "texture": "#0"},
				"east": {"uv": [16, 12, 15, 11], "texture": "#0", "cullface": "east"},
				"south": {"uv": [16, 12, 15, 11], "texture": "#0"},
				"west": {"uv": [16, 12, 15, 11], "texture": "#0"},
				"down": {"uv": [16, 12, 15, 11], "texture": "#0"}
			}
		},
		{
			"name": "Element",
			"from": [12, 11.975, 7.75],
			"to": [12.5, 12.75, 8.25],
			"rotation": {"angle": 0, "axis": "y", "origin": [1, 1.25, 0]},
			"faces": {
				"north": {"uv": [4, 4.75, 4.5, 5.5], "texture": "#0"},
				"east": {"uv": [7.75, 4.75, 8.25, 5.5], "texture": "#0"},
				"south": {"uv": [11.5, 4.75, 12, 5.5], "texture": "#0"},
				"west": {"uv": [7.75, 4.75, 8.25, 5.5], "texture": "#0"}
			}
		},
		{
			"name": "Element",
			"from": [15, 11.975, 7.75],
			"to": [15.5, 12.75, 8.25],
			"rotation": {"angle": 0, "axis": "y", "origin": [1, 1.25, 0]},
			"faces": {
				"north": {"uv": [1.5, 4.75, 2, 5.5], "texture": "#0"},
				"east": {"uv": [7.75, 4.75, 8.25, 5.5], "texture": "#0"},
				"south": {"uv": [14, 4.75, 14.5, 5.5], "texture": "#0"},
				"west": {"uv": [7.75, 4.75, 8.25, 5.5], "texture": "#0"}
			}
		},
		{
			"name": "Element",
			"from": [12, 12.75, 8.45],
			"to": [12.5, 14.25, 8.8],
			"rotation": {"angle": 0, "axis": "y", "origin": [1, 1.25, 0]},
			"faces": {
				"north": {"uv": [4, 3.25, 4.5, 4.75], "texture": "#0"},
				"east": {"uv": [7.25, 3.25, 8.75, 4.75], "texture": "#0"},
				"south": {"uv": [11.5, 3.25, 12, 4.75], "texture": "#0"},
				"west": {"uv": [7.25, 3.25, 8.75, 4.75], "texture": "#0"},
				"up": {"uv": [11.5, 7.25, 12, 8.75], "texture": "#0"},
				"down": {"uv": [4.5, 8.75, 4, 7.25], "texture": "#0"}
			}
		},
		{
			"name": "Element",
			"from": [12, 12.75, 7.25],
			"to": [12.5, 14.25, 7.5],
			"rotation": {"angle": 0, "axis": "y", "origin": [1, 1.25, 0]},
			"faces": {
				"north": {"uv": [4, 3.25, 4.5, 4.75], "texture": "#0"},
				"east": {"uv": [7.25, 3.25, 8.75, 4.75], "texture": "#0"},
				"south": {"uv": [11.5, 3.25, 12, 4.75], "texture": "#0"},
				"west": {"uv": [7.25, 3.25, 8.75, 4.75], "texture": "#0"},
				"up": {"uv": [11.5, 7.25, 12, 8.75], "texture": "#0"},
				"down": {"uv": [4.5, 8.75, 4, 7.25], "texture": "#0"}
			}
		},
		{
			"name": "Element",
			"from": [15, 12.75, 7.2],
			"to": [15.5, 14.25, 7.55],
			"rotation": {"angle": 0, "axis": "y", "origin": [1, 1.25, 0]},
			"faces": {
				"north": {"uv": [4, 3.25, 4.5, 4.75], "texture": "#0"},
				"east": {"uv": [7.25, 3.25, 8.75, 4.75], "texture": "#0"},
				"south": {"uv": [11.5, 3.25, 12, 4.75], "texture": "#0"},
				"west": {"uv": [7.25, 3.25, 8.75, 4.75], "texture": "#0"},
				"up": {"uv": [11.5, 7.25, 12, 8.75], "texture": "#0"},
				"down": {"uv": [4.5, 8.75, 4, 7.25], "texture": "#0"}
			}
		},
		{
			"name": "Element",
			"from": [13.5, 13, 8.75],
			"to": [14.5, 14, 9.25],
			"rotation": {"angle": 0, "axis": "y", "origin": [1, 1.25, 0]},
			"faces": {
				"east": {"uv": [6.5, 3.5, 7.25, 4.5], "texture": "#0"},
				"south": {"uv": [12.5, 3.5, 13.5, 4.5], "texture": "#0"},
				"west": {"uv": [8.75, 3.5, 9.5, 4.5], "texture": "#0"},
				"up": {"uv": [12.5, 8.75, 13.5, 9.5], "texture": "#0"},
				"down": {"uv": [3.5, 9.5, 2.5, 8.75], "texture": "#0"}
			}
		},
		{
			"name": "Element",
			"from": [13.5, 14.25, 7.5],
			"to": [14.5, 14.75, 8.5],
			"rotation": {"angle": 0, "axis": "y", "origin": [1, 1.25, 0]},
			"faces": {
				"north": {"uv": [2.5, 2.5, 3.5, 3.25], "texture": "#0"},
				"east": {"uv": [7.5, 2.5, 8.5, 3.25], "texture": "#0"},
				"south": {"uv": [12.5, 2.5, 13.5, 3.25], "texture": "#0"},
				"west": {"uv": [7.5, 2.5, 8.5, 3.25], "texture": "#0"},
				"up": {"uv": [12.5, 7.5, 13.5, 8.5], "texture": "#0"}
			}
		},
		{
			"from": [10.75, 12.75, 7.5],
			"to": [17, 13, 8.5],
			"rotation": {"angle": 0, "axis": "y", "origin": [1, 1.25, 0]},
			"faces": {
				"north": {"uv": [3, 16, 0, 14], "texture": "#0", "cullface": "east"},
				"south": {"uv": [3, 16, 0, 14], "texture": "#0", "cullface": "east"},
				"up": {"uv": [3, 16, 0, 14], "texture": "#0", "cullface": "east"},
				"down": {"uv": [3, 16, 0, 14], "texture": "#0", "cullface": "east"}
			}
		},
		{
			"from": [10.5, 13, 8.5],
			"to": [17.5, 14, 8.75],
			"rotation": {"angle": 0, "axis": "y", "origin": [1, 1.25, 0]},
			"faces": {
				"north": {"uv": [3, 16, 0, 14], "texture": "#0", "cullface": "east"},
				"east": {"uv": [3, 16, 0, 14], "texture": "#0", "cullface": "east"},
				"south": {"uv": [3, 16, 0, 14], "texture": "#0", "cullface": "east"},
				"west": {"uv": [3, 16, 0, 14], "texture": "#0", "cullface": "east"},
				"up": {"uv": [3, 16, 0, 14], "texture": "#0", "cullface": "east"},
				"down": {"uv": [3, 16, 0, 14], "texture": "#0", "cullface": "east"}
			}
		},
		{
			"from": [10.75, 14, 7.5],
			"to": [17, 14.25, 8.5],
			"rotation": {"angle": 0, "axis": "y", "origin": [1, 1.25, 0]},
			"faces": {
				"north": {"uv": [3, 16, 0, 14], "texture": "#0", "cullface": "east"},
				"south": {"uv": [3, 16, 0, 14], "texture": "#0", "cullface": "east"},
				"up": {"uv": [3, 16, 0, 14], "texture": "#0", "cullface": "east"},
				"down": {"uv": [3, 16, 0, 14], "texture": "#0", "cullface": "east"}
			}
		},
		{
			"from": [10.5, 13, 7.25],
			"to": [17.5, 14, 7.5],
			"rotation": {"angle": 0, "axis": "y", "origin": [1, 1.25, 0]},
			"faces": {
				"north": {"uv": [3, 16, 0, 14], "texture": "#0", "cullface": "east"},
				"east": {"uv": [3, 16, 0, 14], "texture": "#0", "cullface": "east"},
				"south": {"uv": [3, 16, 0, 14], "texture": "#0", "cullface": "east"},
				"west": {"uv": [3, 16, 0, 14], "texture": "#0", "cullface": "east"},
				"up": {"uv": [3, 16, 0, 14], "texture": "#0", "cullface": "east"},
				"down": {"uv": [3, 16, 0, 14], "texture": "#0", "cullface": "east"}
			}
		},
		{
			"from": [17, 14, 7.25],
			"to": [17.5, 14.25, 8.75],
			"rotation": {"angle": 0, "axis": "y", "origin": [1, 1.25, 0]},
			"faces": {
				"north": {"uv": [3, 16, 0, 14], "texture": "#0", "cullface": "east"},
				"east": {"uv": [3, 16, 0, 14], "texture": "#0", "cullface": "east"},
				"south": {"uv": [3, 16, 0, 14], "texture": "#0", "cullface": "east"},
				"west": {"uv": [3, 16, 0, 14], "texture": "#0", "cullface": "east"},
				"up": {"uv": [3, 16, 0, 14], "texture": "#0", "cullface": "east"},
				"down": {"uv": [3, 16, 0, 14], "texture": "#0", "cullface": "east"}
			}
		},
		{
			"from": [17.5, 14.25, 7.25],
			"to": [19.75, 14.5, 8.75],
			"rotation": {"angle": 0, "axis": "y", "origin": [1, 1.25, 0]},
			"faces": {
				"north": {"uv": [3, 16, 0, 14], "texture": "#0", "cullface": "east"},
				"east": {"uv": [3, 16, 0, 14], "texture": "#0", "cullface": "east"},
				"south": {"uv": [3, 16, 0, 14], "texture": "#0", "cullface": "east"},
				"west": {"uv": [3, 16, 0, 14], "texture": "#0", "cullface": "east"},
				"up": {"uv": [3, 16, 0, 14], "texture": "#0", "cullface": "east"},
				"down": {"uv": [3, 16, 0, 14], "texture": "#0", "cullface": "east"}
			}
		},
		{
			"from": [17, 12.75, 7.25],
			"to": [17.5, 13, 8.75],
			"rotation": {"angle": 0, "axis": "y", "origin": [1, 1.25, 0]},
			"faces": {
				"north": {"uv": [3, 16, 0, 14], "texture": "#0", "cullface": "east"},
				"east": {"uv": [3, 16, 0, 14], "texture": "#0", "cullface": "east"},
				"south": {"uv": [3, 16, 0, 14], "texture": "#0", "cullface": "east"},
				"west": {"uv": [3, 16, 0, 14], "texture": "#0", "cullface": "east"},
				"up": {"uv": [3, 16, 0, 14], "texture": "#0", "cullface": "east"},
				"down": {"uv": [3, 16, 0, 14], "texture": "#0", "cullface": "east"}
			}
		},
		{
			"from": [17.5, 12.5, 7.25],
			"to": [19.75, 12.75, 8.75],
			"rotation": {"angle": 0, "axis": "y", "origin": [1, 1.25, 0]},
			"faces": {
				"north": {"uv": [3, 16, 0, 14], "texture": "#0", "cullface": "east"},
				"east": {"uv": [3, 16, 0, 14], "texture": "#0", "cullface": "east"},
				"south": {"uv": [3, 16, 0, 14], "texture": "#0", "cullface": "east"},
				"west": {"uv": [3, 16, 0, 14], "texture": "#0", "cullface": "east"},
				"up": {"uv": [3, 16, 0, 14], "texture": "#0", "cullface": "east"},
				"down": {"uv": [3, 16, 0, 14], "texture": "#0", "cullface": "east"}
			}
		},
		{
			"from": [17.5, 12.75, 8.75],
			"to": [19.75, 14.25, 9],
			"rotation": {"angle": 0, "axis": "y", "origin": [1, 1.25, 0]},
			"faces": {
				"north": {"uv": [3, 16, 0, 14], "texture": "#0", "cullface": "east"},
				"east": {"uv": [3, 16, 0, 14], "texture": "#0", "cullface": "east"},
				"south": {"uv": [3, 16, 0, 14], "texture": "#0", "cullface": "east"},
				"west": {"uv": [3, 16, 0, 14], "texture": "#0", "cullface": "east"},
				"up": {"uv": [3, 16, 0, 14], "texture": "#0", "cullface": "east"},
				"down": {"uv": [3, 16, 0, 14], "texture": "#0", "cullface": "east"}
			}
		},
		{
			"from": [17.5, 12.75, 7],
			"to": [19.75, 14.25, 7.25],
			"rotation": {"angle": 0, "axis": "y", "origin": [1, 1.25, 0]},
			"faces": {
				"north": {"uv": [3, 16, 0, 14], "texture": "#0", "cullface": "east"},
				"east": {"uv": [3, 16, 0, 14], "texture": "#0", "cullface": "east"},
				"south": {"uv": [3, 16, 0, 14], "texture": "#0", "cullface": "east"},
				"west": {"uv": [3, 16, 0, 14], "texture": "#0", "cullface": "east"},
				"up": {"uv": [3, 16, 0, 14], "texture": "#0", "cullface": "east"},
				"down": {"uv": [3, 16, 0, 14], "texture": "#0", "cullface": "east"}
			}
		},
		{
			"from": [17.5, 14, 7.25],
			"to": [19.75, 14.25, 7.5],
			"rotation": {"angle": 0, "axis": "y", "origin": [1, 1.25, 0]},
			"faces": {
				"east": {"uv": [3, 16, 0, 14], "texture": "#0", "cullface": "east"},
				"south": {"uv": [3, 16, 0, 14], "texture": "#0", "cullface": "east"},
				"down": {"uv": [3, 16, 0, 14], "texture": "#0", "cullface": "east"}
			}
		},
		{
			"from": [17.5, 14, 8.5],
			"to": [19.75, 14.25, 8.75],
			"rotation": {"angle": 0, "axis": "y", "origin": [1, 1.25, 0]},
			"faces": {
				"north": {"uv": [3, 16, 0, 14], "texture": "#0", "cullface": "east"},
				"east": {"uv": [3, 16, 0, 14], "texture": "#0", "cullface": "east"},
				"down": {"uv": [3, 16, 0, 14], "texture": "#0", "cullface": "east"}
			}
		},
		{
			"from": [17.5, 12.75, 7.25],
			"to": [19.75, 13, 7.5],
			"rotation": {"angle": 0, "axis": "y", "origin": [1, 1.25, 0]},
			"faces": {
				"east": {"uv": [3, 16, 0, 14], "texture": "#0", "cullface": "east"},
				"south": {"uv": [3, 16, 0, 14], "texture": "#0", "cullface": "east"},
				"up": {"uv": [3, 16, 0, 14], "texture": "#0", "cullface": "east"}
			}
		},
		{
			"from": [17.5, 12.75, 8.5],
			"to": [19.75, 13, 8.75],
			"rotation": {"angle": 0, "axis": "y", "origin": [1, 1.25, 0]},
			"faces": {
				"north": {"uv": [3, 16, 0, 14], "texture": "#0", "cullface": "east"},
				"east": {"uv": [3, 16, 0, 14], "texture": "#0", "cullface": "east"},
				"up": {"uv": [3, 16, 0, 14], "texture": "#0", "cullface": "east"}
			}
		},
		{
			"from": [10.5, 14, 7.25],
			"to": [10.75, 14.25, 8.75],
			"rotation": {"angle": 0, "axis": "y", "origin": [1, 1.25, 0]},
			"faces": {
				"north": {"uv": [3, 16, 0, 14], "texture": "#0"},
				"east": {"uv": [3, 16, 0, 14], "texture": "#0"},
				"south": {"uv": [3, 16, 0, 14], "texture": "#0"},
				"west": {"uv": [3, 16, 0, 14], "texture": "#0"},
				"up": {"uv": [3, 16, 0, 14], "texture": "#0"},
				"down": {"uv": [3, 16, 0, 14], "texture": "#0"}
			}
		},
		{
			"from": [10.5, 12.75, 7.25],
			"to": [10.75, 13, 8.75],
			"rotation": {"angle": 0, "axis": "y", "origin": [1, 1.25, 0]},
			"faces": {
				"north": {"uv": [3, 16, 0, 14], "texture": "#0"},
				"east": {"uv": [3, 16, 0, 14], "texture": "#0"},
				"south": {"uv": [3, 16, 0, 14], "texture": "#0"},
				"west": {"uv": [3, 16, 0, 14], "texture": "#0"},
				"up": {"uv": [3, 16, 0, 14], "texture": "#0"},
				"down": {"uv": [3, 16, 0, 14], "texture": "#0"}
			}
		},
		{
			"from": [10, 14.25, 7.25],
			"to": [10.5, 14.5, 8.75],
			"rotation": {"angle": 0, "axis": "y", "origin": [1, 1.25, 0]},
			"faces": {
				"north": {"uv": [3, 16, 0, 14], "texture": "#0"},
				"east": {"uv": [3, 16, 0, 14], "texture": "#0"},
				"south": {"uv": [3, 16, 0, 14], "texture": "#0"},
				"up": {"uv": [3, 16, 0, 14], "texture": "#0"},
				"down": {"uv": [3, 16, 0, 14], "texture": "#0"}
			}
		},
		{
			"from": [9.75, 12.75, 7],
			"to": [10.5, 14.25, 7.25],
			"rotation": {"angle": 0, "axis": "y", "origin": [1, 1.25, 0]},
			"faces": {
				"north": {"uv": [3, 16, 0, 14], "texture": "#0"},
				"east": {"uv": [3, 16, 0, 14], "texture": "#0"},
				"south": {"uv": [3, 16, 0, 14], "texture": "#0"},
				"west": {"uv": [3, 16, 0, 14], "texture": "#0"},
				"up": {"uv": [3, 16, 0, 14], "texture": "#0"},
				"down": {"uv": [3, 16, 0, 14], "texture": "#0"}
			}
		},
		{
			"from": [10, 12.5, 7.25],
			"to": [10.5, 12.75, 8.75],
			"rotation": {"angle": 0, "axis": "y", "origin": [1, 1.25, 0]},
			"faces": {
				"north": {"uv": [3, 16, 0, 14], "texture": "#0"},
				"east": {"uv": [3, 16, 0, 14], "texture": "#0"},
				"south": {"uv": [3, 16, 0, 14], "texture": "#0"},
				"up": {"uv": [3, 16, 0, 14], "texture": "#0"},
				"down": {"uv": [3, 16, 0, 14], "texture": "#0"}
			}
		},
		{
			"from": [9.75, 12.75, 8.75],
			"to": [10.5, 14.25, 9],
			"rotation": {"angle": 0, "axis": "y", "origin": [1, 1.25, 0]},
			"faces": {
				"north": {"uv": [3, 16, 0, 14], "texture": "#0"},
				"east": {"uv": [3, 16, 0, 14], "texture": "#0"},
				"south": {"uv": [3, 16, 0, 14], "texture": "#0"},
				"west": {"uv": [3, 16, 0, 14], "texture": "#0"},
				"up": {"uv": [3, 16, 0, 14], "texture": "#0"},
				"down": {"uv": [3, 16, 0, 14], "texture": "#0"}
			}
		},
		{
			"from": [9.75, 14.25, 7],
			"to": [10, 14.5, 9],
			"rotation": {"angle": 0, "axis": "y", "origin": [1, 1.25, 0]},
			"faces": {
				"north": {"uv": [3, 16, 0, 14], "texture": "#0"},
				"east": {"uv": [3, 16, 0, 14], "texture": "#0"},
				"south": {"uv": [3, 16, 0, 14], "texture": "#0"},
				"west": {"uv": [3, 16, 0, 14], "texture": "#0"},
				"up": {"uv": [3, 16, 0, 14], "texture": "#0"},
				"down": {"uv": [3, 16, 0, 14], "texture": "#0"}
			}
		},
		{
			"from": [9.75, 12.5, 7],
			"to": [10, 12.75, 9],
			"rotation": {"angle": 0, "axis": "y", "origin": [1, 1.25, 0]},
			"faces": {
				"north": {"uv": [3, 16, 0, 14], "texture": "#0"},
				"east": {"uv": [3, 16, 0, 14], "texture": "#0"},
				"south": {"uv": [3, 16, 0, 14], "texture": "#0"},
				"west": {"uv": [3, 16, 0, 14], "texture": "#0"},
				"up": {"uv": [3, 16, 0, 14], "texture": "#0"},
				"down": {"uv": [3, 16, 0, 14], "texture": "#0"}
			}
		},
		{
			"from": [7.75, 14.5, 7],
			"to": [9.75, 14.75, 9],
			"rotation": {"angle": 0, "axis": "y", "origin": [1, 1.25, 0]},
			"faces": {
				"north": {"uv": [3, 16, 0, 14], "texture": "#0"},
				"east": {"uv": [3, 16, 0, 14], "texture": "#0"},
				"south": {"uv": [3, 16, 0, 14], "texture": "#0"},
				"west": {"uv": [3, 16, 0, 14], "texture": "#0"},
				"up": {"uv": [3, 16, 0, 14], "texture": "#0"},
				"down": {"uv": [3, 16, 0, 14], "texture": "#0"}
			}
		},
		{
			"from": [7.75, 12.5, 9],
			"to": [9.75, 14.5, 9.25],
			"rotation": {"angle": 0, "axis": "y", "origin": [1, 1.25, 0]},
			"faces": {
				"north": {"uv": [3, 16, 0, 14], "texture": "#0"},
				"east": {"uv": [3, 16, 0, 14], "texture": "#0"},
				"south": {"uv": [3, 16, 0, 14], "texture": "#0"},
				"west": {"uv": [3, 16, 0, 14], "texture": "#0"},
				"up": {"uv": [3, 16, 0, 14], "texture": "#0"},
				"down": {"uv": [3, 16, 0, 14], "texture": "#0"}
			}
		},
		{
			"from": [7.75, 12.25, 7],
			"to": [9.75, 12.5, 9],
			"rotation": {"angle": 0, "axis": "y", "origin": [1, 1.25, 0]},
			"faces": {
				"north": {"uv": [3, 16, 0, 14], "texture": "#0"},
				"east": {"uv": [3, 16, 0, 14], "texture": "#0"},
				"south": {"uv": [3, 16, 0, 14], "texture": "#0"},
				"west": {"uv": [3, 16, 0, 14], "texture": "#0"},
				"up": {"uv": [3, 16, 0, 14], "texture": "#0"},
				"down": {"uv": [3, 16, 0, 14], "texture": "#0"}
			}
		},
		{
			"from": [7.75, 12.5, 6.75],
			"to": [9.75, 14.5, 7],
			"rotation": {"angle": 0, "axis": "y", "origin": [1, 1.25, 0]},
			"faces": {
				"north": {"uv": [3, 16, 0, 14], "texture": "#0"},
				"east": {"uv": [3, 16, 0, 14], "texture": "#0"},
				"south": {"uv": [3, 16, 0, 14], "texture": "#0"},
				"west": {"uv": [3, 16, 0, 14], "texture": "#0"},
				"up": {"uv": [3, 16, 0, 14], "texture": "#0"},
				"down": {"uv": [3, 16, 0, 14], "texture": "#0"}
			}
		},
		{
			"name": "Element",
			"from": [15, 12.75, 8.45],
			"to": [15.5, 14.25, 8.8],
			"rotation": {"angle": 0, "axis": "y", "origin": [1, 1.25, 0]},
			"faces": {
				"north": {"uv": [4, 3.25, 4.5, 4.75], "texture": "#0"},
				"east": {"uv": [7.25, 3.25, 8.75, 4.75], "texture": "#0"},
				"south": {"uv": [11.5, 3.25, 12, 4.75], "texture": "#0"},
				"west": {"uv": [7.25, 3.25, 8.75, 4.75], "texture": "#0"},
				"up": {"uv": [11.5, 7.25, 12, 8.75], "texture": "#0"},
				"down": {"uv": [4.5, 8.75, 4, 7.25], "texture": "#0"}
			}
		},
		{
			"name": "lel",
			"from": [20.75, 3.75, 7.5],
			"to": [21, 4, 8.5],
			"rotation": {"angle": 22.5, "axis": "z", "origin": [21, 7.75, 7.25]},
			"faces": {
				"north": {"uv": [16, 12, 15, 11], "texture": "#0"},
				"east": {"uv": [16, 12, 15, 11], "texture": "#0", "cullface": "east"},
				"south": {"uv": [16, 12, 15, 11], "texture": "#0"},
				"west": {"uv": [16, 12, 15, 11], "texture": "#0"},
				"up": {"uv": [15, 11, 16, 12], "texture": "#0"},
				"down": {"uv": [16, 12, 15, 11], "texture": "#0"}
			}
		},
		{
			"name": "Element",
			"from": [19.25, 6.25, 7.75],
			"to": [20.75, 6.5, 8.25],
			"rotation": {"angle": 0, "axis": "y", "origin": [4.75, 0, 0]},
			"faces": {
				"north": {"uv": [0, 9.25, 1.5, 9.5], "texture": "#0"},
				"east": {"uv": [15, 8, 16, 9], "texture": "#0"},
				"south": {"uv": [14.5, 9.25, 16, 9.5], "texture": "#0"},
				"west": {"uv": [15, 8, 16, 9], "texture": "#0"},
				"up": {"uv": [14.5, 7.75, 16, 8.25], "texture": "#0"},
				"down": {"uv": [1.5, 8.25, 0, 7.75], "texture": "#0"}
			}
		},
		{
			"name": "Element",
			"from": [20.75, 6.5, 7.75],
			"to": [21, 6.75, 8.25],
			"rotation": {"angle": 0, "axis": "y", "origin": [4.75, 0, 0]},
			"faces": {
				"north": {"uv": [0, 9.25, 1.5, 9.5], "texture": "#0"},
				"east": {"uv": [15, 8, 16, 9], "texture": "#0"},
				"south": {"uv": [14.5, 9.25, 16, 9.5], "texture": "#0"},
				"west": {"uv": [15, 8, 16, 9], "texture": "#0"},
				"up": {"uv": [14.5, 7.75, 16, 8.25], "texture": "#0"},
				"down": {"uv": [1.5, 8.25, 0, 7.75], "texture": "#0"}
			}
		},
		{
			"name": "Element",
			"from": [31, 7.25, 7.05],
			"to": [32, 11.6, 8.975],
			"rotation": {"angle": 0, "axis": "y", "origin": [3.25, 1.25, 0]},
			"faces": {
				"north": {"uv": [16, 12, 15, 11], "texture": "#0"},
				"east": {"uv": [16, 12, 15, 11], "texture": "#0", "cullface": "east"},
				"south": {"uv": [16, 12, 15, 11], "texture": "#0"},
				"west": {"uv": [16, 12, 15, 11], "texture": "#0"},
				"up": {"uv": [16, 12, 15, 11], "texture": "#0"},
				"down": {"uv": [16, 12, 15, 11], "texture": "#0"}
			}
		},
		{
			"name": "Element",
			"from": [10.25, 7.75, 7.075],
			"to": [31.25, 9.75, 8.925],
			"rotation": {"angle": 0, "axis": "y", "origin": [1, 1.25, 0]},
			"faces": {
				"north": {"uv": [0, 5.75, 7, 8.25], "texture": "#0"},
				"east": {"uv": [7.25, 5.75, 8.25, 8.25], "texture": "#0", "cullface": "east"},
				"south": {"uv": [9, 6, 15, 8.25], "texture": "#0"},
				"west": {"uv": [7.75, 5.75, 8.75, 8.25], "texture": "#0"},
				"up": {"uv": [0, 6, 1, 7], "texture": "#0"},
				"down": {"uv": [7, 8.75, 0, 7.75], "texture": "#0"}
			}
		},
		{
			"name": "Element",
			"from": [27, 5.925, 7.75],
			"to": [30.625, 6.425, 8.25],
			"rotation": {"angle": 0, "axis": "y", "origin": [2.5, -0.075, 0]},
			"faces": {
				"north": {"uv": [16, 12, 15, 11], "texture": "#0"},
				"east": {"uv": [16, 12, 15, 11], "texture": "#0", "cullface": "east"},
				"south": {"uv": [16, 12, 15, 11], "texture": "#0"},
				"west": {"uv": [16, 12, 15, 11], "texture": "#0"},
				"up": {"uv": [16, 12, 15, 11], "texture": "#0"},
				"down": {"uv": [16, 12, 15, 11], "texture": "#0"}
			}
		},
		{
			"name": "Element",
			"from": [27.425, -3.9, 7.75],
			"to": [28.35, 0.1, 8.25],
			"rotation": {"angle": 22.5, "axis": "z", "origin": [2.5, -0.075, 0]},
			"faces": {
				"north": {"uv": [16, 12, 15, 11], "rotation": 270, "texture": "#0"},
				"east": {"uv": [16, 12, 15, 11], "rotation": 90, "texture": "#0"},
				"south": {"uv": [16, 12, 15, 11], "rotation": 90, "texture": "#0"},
				"west": {"uv": [16, 12, 15, 11], "rotation": 90, "texture": "#0"},
				"up": {"uv": [16, 12, 15, 11], "rotation": 90, "texture": "#0"},
				"down": {"uv": [16, 12, 15, 11], "rotation": 90, "texture": "#0", "cullface": "east"}
			}
		},
		{
			"name": "Element",
			"from": [-16, 10, 8.375],
			"to": [-13.75, 10.75, 9.625],
			"rotation": {"angle": 0, "axis": "y", "origin": [1, 1.25, 0]},
			"faces": {
				"north": {"uv": [5, 16, 4, 15], "texture": "#0"},
				"east": {"uv": [5, 16, 4, 15], "texture": "#0"},
				"south": {"uv": [5, 15, 4, 15.75], "texture": "#0"},
				"west": {"uv": [5, 16, 4, 15], "texture": "#0", "cullface": "west"},
				"up": {"uv": [5, 16, 4, 15], "texture": "#0"},
				"down": {"uv": [5, 16, 4, 15], "texture": "#0"}
			}
		},
		{
			"name": "Element",
			"from": [-16, 10, 6.375],
			"to": [-13.75, 10.75, 7.625],
			"rotation": {"angle": 0, "axis": "y", "origin": [1, 1.25, 0]},
			"faces": {
				"north": {"uv": [5, 16, 4, 15], "texture": "#0"},
				"east": {"uv": [5, 16, 4, 15], "texture": "#0"},
				"south": {"uv": [5, 15, 4, 15.75], "texture": "#0"},
				"west": {"uv": [5, 16, 4, 15], "texture": "#0", "cullface": "west"},
				"up": {"uv": [5, 16, 4, 15], "texture": "#0"},
				"down": {"uv": [5, 16, 4, 15], "texture": "#0"}
			}
		},
		{
			"name": "Element",
			"from": [-16, 10.75, 6.375],
			"to": [-13.75, 11.15, 9.625],
			"rotation": {"angle": 0, "axis": "y", "origin": [1, 1.25, 0]},
			"faces": {
				"north": {"uv": [5, 16, 4, 15], "texture": "#0"},
				"east": {"uv": [5, 16, 4, 15], "texture": "#0"},
				"south": {"uv": [5, 15, 4, 15.75], "texture": "#0"},
				"west": {"uv": [5, 16, 4, 15], "texture": "#0", "cullface": "west"},
				"up": {"uv": [5, 16, 4, 15], "texture": "#0"},
				"down": {"uv": [5, 16, 4, 15], "texture": "#0"}
			}
		},
		{
			"name": "Element",
			"from": [-16, 9.575, 6.375],
			"to": [-13.75, 10, 9.625],
			"rotation": {"angle": 0, "axis": "y", "origin": [1, 1.25, 0]},
			"faces": {
				"north": {"uv": [5, 16, 4, 15], "texture": "#0"},
				"east": {"uv": [5, 16, 4, 15], "texture": "#0"},
				"south": {"uv": [5, 15, 4, 15.75], "texture": "#0"},
				"west": {"uv": [5, 16, 4, 15], "texture": "#0", "cullface": "west"},
				"up": {"uv": [5, 16, 4, 15], "texture": "#0"},
				"down": {"uv": [5, 16, 4, 15], "texture": "#0"}
			}
		},
		{
			"name": "Element",
			"from": [10.25, 11.5, 7.375],
			"to": [16.25, 12, 8.625],
			"rotation": {"angle": 0, "axis": "y", "origin": [1, 1.25, 0]},
			"faces": {
				"north": {"uv": [0, 5.5, 7, 5.75], "texture": "#0"},
				"east": {"uv": [7.25, 5.5, 8.75, 5.75], "texture": "#0", "cullface": "east"},
				"south": {"uv": [9, 5.5, 16, 5.75], "texture": "#0"},
				"west": {"uv": [7.25, 5.5, 8.75, 5.75], "texture": "#0"},
				"up": {"uv": [9, 7.25, 16, 8.75], "texture": "#0"},
				"down": {"uv": [7, 8.75, 0, 7.25], "texture": "#0"}
			}
		},
		{
			"name": "Element",
			"from": [10.25, 10.22893, 6.12944],
			"to": [10.75, 16.47893, 6.62944],
			"rotation": {"angle": 0, "axis": "y", "origin": [-1, 18.25, 7]},
			"faces": {
				"north": {"uv": [7, 8.75, 0, 7.25], "rotation": 180, "texture": "#0"},
				"east": {"uv": [7.25, 5.5, 8.75, 5.75], "rotation": 270, "texture": "#0", "cullface": "east"},
				"south": {"uv": [9, 7.25, 16, 8.75], "texture": "#0"},
				"west": {"uv": [7.25, 5.5, 8.75, 5.75], "rotation": 90, "texture": "#0"},
				"up": {"uv": [0, 5.5, 7, 5.75], "rotation": 180, "texture": "#0"},
				"down": {"uv": [9, 5.5, 16, 5.75], "texture": "#0"}
			}
		},
		{
			"name": "Element",
			"from": [8.5, 7.5, 7.5],
			"to": [12, 7.75, 8.5],
			"rotation": {"angle": 0, "axis": "y", "origin": [1, 1.25, 0]},
			"faces": {
				"north": {"uv": [0, 5.5, 7, 5.75], "texture": "#0"},
				"east": {"uv": [7.25, 5.5, 8.75, 5.75], "texture": "#0", "cullface": "east"},
				"south": {"uv": [9, 5.5, 16, 5.75], "texture": "#0"},
				"west": {"uv": [7.25, 5.5, 8.75, 5.75], "texture": "#0"},
				"up": {"uv": [9, 7.25, 16, 8.75], "texture": "#0"},
				"down": {"uv": [7, 8.75, 0, 7.25], "texture": "#0"}
			}
		},
		{
			"name": "Element",
			"from": [-0.5, 6.25, 8.5],
			"to": [0, 8, 9.75],
			"rotation": {"angle": 0, "axis": "y", "origin": [1, 1.25, 0]},
			"faces": {
				"north": {"uv": [0, 5.5, 7, 5.75], "texture": "#0"},
				"east": {"uv": [7.25, 5.5, 8.75, 5.75], "texture": "#0", "cullface": "east"},
				"south": {"uv": [9, 5.5, 16, 5.75], "texture": "#0"},
				"west": {"uv": [7.25, 5.5, 8.75, 5.75], "texture": "#0"},
				"up": {"uv": [9, 7.25, 16, 8.75], "texture": "#0"},
				"down": {"uv": [7, 8.75, 0, 7.25], "texture": "#0"}
			}
		},
		{
			"name": "Element",
			"from": [-0.5, 6.25, 6.25],
			"to": [0, 8, 7.5],
			"rotation": {"angle": 0, "axis": "y", "origin": [1, 1.25, 0]},
			"faces": {
				"north": {"uv": [0, 5.5, 7, 5.75], "texture": "#0"},
				"east": {"uv": [7.25, 5.5, 8.75, 5.75], "texture": "#0", "cullface": "east"},
				"south": {"uv": [9, 5.5, 16, 5.75], "texture": "#0"},
				"west": {"uv": [7.25, 5.5, 8.75, 5.75], "texture": "#0"},
				"up": {"uv": [9, 7.25, 16, 8.75], "texture": "#0"},
				"down": {"uv": [7, 8.75, 0, 7.25], "texture": "#0"}
			}
		},
		{
			"name": "Element",
			"from": [9.25, 6.875, 6.5],
			"to": [9.75, 7.375, 9.5],
			"rotation": {"angle": 0, "axis": "y", "origin": [1, 1.25, 0]},
			"faces": {
				"north": {"uv": [16, 12, 15, 11], "texture": "#0"},
				"east": {"uv": [16, 12, 15, 11], "texture": "#0", "cullface": "east"},
				"south": {"uv": [16, 12, 15, 11], "texture": "#0"},
				"west": {"uv": [16, 12, 15, 11], "texture": "#0"},
				"up": {"uv": [16, 12, 15, 11], "texture": "#0"},
				"down": {"uv": [16, 12, 15, 11], "texture": "#0"}
			}
		},
		{
			"name": "Element",
			"from": [-0.25, 6.75, 6.75],
			"to": [10.25, 7.5, 7.25],
			"rotation": {"angle": 0, "axis": "y", "origin": [1, 1.25, 0]},
			"faces": {
				"north": {"uv": [0, 5.5, 7, 5.75], "texture": "#0"},
				"east": {"uv": [7.25, 5.5, 8.75, 5.75], "texture": "#0", "cullface": "east"},
				"south": {"uv": [9, 5.5, 16, 5.75], "texture": "#0"},
				"west": {"uv": [7.25, 5.5, 8.75, 5.75], "texture": "#0"},
				"up": {"uv": [9, 7.25, 16, 8.75], "texture": "#0"},
				"down": {"uv": [7, 8.75, 0, 7.25], "texture": "#0"}
			}
		},
		{
			"name": "Element",
			"from": [-0.25, 6.75, 8.75],
			"to": [10.25, 7.5, 9.25],
			"rotation": {"angle": 0, "axis": "y", "origin": [1, 1.25, 0]},
			"faces": {
				"north": {"uv": [0, 5.5, 7, 5.75], "texture": "#0"},
				"east": {"uv": [7.25, 5.5, 8.75, 5.75], "texture": "#0", "cullface": "east"},
				"south": {"uv": [9, 5.5, 16, 5.75], "texture": "#0"},
				"west": {"uv": [7.25, 5.5, 8.75, 5.75], "texture": "#0"},
				"up": {"uv": [9, 7.25, 16, 8.75], "texture": "#0"},
				"down": {"uv": [7, 8.75, 0, 7.25], "texture": "#0"}
			}
		},
		{
			"name": "Element",
			"from": [30.75, -5.3, 7.75],
			"to": [31.25, -1.3, 8.25],
			"rotation": {"angle": 22.5, "axis": "z", "origin": [2.5, -0.075, 0]},
			"faces": {
				"north": {"uv": [16, 12, 15, 11], "rotation": 270, "texture": "#0"},
				"east": {"uv": [16, 12, 15, 11], "rotation": 90, "texture": "#0"},
				"south": {"uv": [16, 12, 15, 11], "rotation": 90, "texture": "#0"},
				"west": {"uv": [16, 12, 15, 11], "rotation": 90, "texture": "#0"},
				"up": {"uv": [16, 12, 15, 11], "rotation": 90, "texture": "#0"},
				"down": {"uv": [16, 12, 15, 11], "rotation": 90, "texture": "#0", "cullface": "east"}
			}
		},
		{
			"name": "Element",
			"from": [30.25, 7.075, 7.75],
			"to": [31.125, 8, 8.25],
			"rotation": {"angle": 0, "axis": "y", "origin": [2.5, 0, 0]},
			"faces": {
				"north": {"uv": [16, 12, 15, 11], "texture": "#0"},
				"east": {"uv": [16, 12, 15, 11], "texture": "#0", "cullface": "east"},
				"south": {"uv": [16, 12, 15, 11], "texture": "#0"},
				"west": {"uv": [16, 12, 15, 11], "texture": "#0"},
				"up": {"uv": [16, 12, 15, 11], "texture": "#0"},
				"down": {"uv": [16, 12, 15, 11], "texture": "#0"}
			}
		},
		{
			"name": "Element",
			"from": [27.05, 7.5, 7.75],
			"to": [31.125, 8, 8.25],
			"rotation": {"angle": 0, "axis": "y", "origin": [2.5, 0, 0]},
			"faces": {
				"north": {"uv": [16, 12, 15, 11], "texture": "#0"},
				"east": {"uv": [16, 12, 15, 11], "texture": "#0", "cullface": "east"},
				"south": {"uv": [16, 12, 15, 11], "texture": "#0"},
				"west": {"uv": [16, 12, 15, 11], "texture": "#0"},
				"up": {"uv": [16, 12, 15, 11], "texture": "#0"},
				"down": {"uv": [16, 12, 15, 11], "texture": "#0"}
			}
		},
		{
			"name": "Element",
			"from": [24.25, 9.75, 7.075],
			"to": [31.25, 11.35, 8.925],
			"rotation": {"angle": 0, "axis": "y", "origin": [1, 1.25, 0]},
			"faces": {
				"north": {"uv": [2, 4.75, 7, 6.25], "texture": "#0"},
				"east": {"uv": [7.25, 5.75, 8.25, 8.25], "texture": "#0", "cullface": "east"},
				"south": {"uv": [2, 4.75, 7, 6.25], "texture": "#0"},
				"west": {"uv": [7.75, 5.75, 8.75, 8.25], "texture": "#0"},
				"up": {"uv": [2, 5, 3, 6], "texture": "#0"},
				"down": {"uv": [7, 8.75, 0, 7.75], "texture": "#0"}
			}
		},
		{
			"name": "Element",
			"from": [6.75, 10.5, 7.375],
			"to": [7.5, 11.25, 8.625],
			"rotation": {"angle": 0, "axis": "y", "origin": [1, 1.25, 0]},
			"faces": {
				"north": {"uv": [9, 9, 6, 5], "texture": "#0"},
				"south": {"uv": [9, 9, 6, 5], "texture": "#0"},
				"west": {"uv": [9, 9, 6, 5], "texture": "#0", "cullface": "west"},
				"up": {"uv": [9, 9, 6, 5], "texture": "#0"},
				"down": {"uv": [9, 9, 6, 5], "texture": "#0"}
			}
		},
		{
			"name": "Element",
			"from": [6.75, 9.75, 7.125],
			"to": [7.5, 11, 7.875],
			"rotation": {"angle": 0, "axis": "y", "origin": [1, 1.25, 0]},
			"faces": {
				"north": {"uv": [9, 9, 6, 5], "texture": "#0"},
				"south": {"uv": [9, 9, 6, 5], "texture": "#0"},
				"west": {"uv": [9, 9, 6, 5], "texture": "#0", "cullface": "west"},
				"up": {"uv": [9, 9, 6, 5], "texture": "#0"},
				"down": {"uv": [9, 9, 6, 5], "texture": "#0"}
			}
		},
		{
			"name": "Element",
			"from": [6.75, 9.75, 8.125],
			"to": [7.5, 11, 8.875],
			"rotation": {"angle": 0, "axis": "y", "origin": [1, 1.25, 0]},
			"faces": {
				"north": {"uv": [9, 9, 6, 5], "texture": "#0"},
				"south": {"uv": [9, 9, 6, 5], "texture": "#0"},
				"west": {"uv": [9, 9, 6, 5], "texture": "#0", "cullface": "west"},
				"up": {"uv": [9, 9, 6, 5], "texture": "#0"},
				"down": {"uv": [9, 9, 6, 5], "texture": "#0"}
			}
		},
		{
			"name": "Element",
			"from": [6.75, 9.5, 7.375],
			"to": [7.5, 10.25, 8.625],
			"rotation": {"angle": 0, "axis": "y", "origin": [1, 1.25, 0]},
			"faces": {
				"north": {"uv": [9, 9, 6, 5], "texture": "#0"},
				"south": {"uv": [9, 9, 6, 5], "texture": "#0"},
				"west": {"uv": [9, 9, 6, 5], "texture": "#0", "cullface": "west"},
				"up": {"uv": [9, 9, 6, 5], "texture": "#0"},
				"down": {"uv": [9, 9, 6, 5], "texture": "#0"}
			}
		},
		{
			"name": "Element",
			"from": [7.5, 10.25, 7.125],
			"to": [17, 11.5, 8.875],
			"rotation": {"angle": 0, "axis": "y", "origin": [1, 1.25, 0]},
			"faces": {
				"north": {"uv": [9, 9, 6, 5], "texture": "#0"},
				"east": {"uv": [9, 9, 6, 5], "texture": "#0"},
				"south": {"uv": [9, 9, 6, 5], "texture": "#0"},
				"west": {"uv": [9, 9, 6, 5], "texture": "#0", "cullface": "west"},
				"up": {"uv": [9, 9, 6, 5], "texture": "#0"},
				"down": {"uv": [9, 9, 6, 5], "texture": "#0"}
			}
		},
		{
			"name": "Element",
			"from": [7.5, 9.5, 6.875],
			"to": [17, 11.25, 8.125],
			"rotation": {"angle": 0, "axis": "y", "origin": [1, 1.25, 0]},
			"faces": {
				"north": {"uv": [9, 9, 6, 5], "texture": "#0"},
				"east": {"uv": [9, 9, 6, 5], "texture": "#0"},
				"south": {"uv": [9, 9, 6, 5], "texture": "#0"},
				"west": {"uv": [9, 9, 6, 5], "texture": "#0", "cullface": "west"},
				"up": {"uv": [9, 9, 6, 5], "texture": "#0"},
				"down": {"uv": [9, 9, 6, 5], "texture": "#0"}
			}
		},
		{
			"name": "Element",
			"from": [7.5, 9.5, 7.875],
			"to": [17, 11.25, 9.125],
			"rotation": {"angle": 0, "axis": "y", "origin": [1, 1.25, 0]},
			"faces": {
				"north": {"uv": [9, 9, 6, 5], "texture": "#0"},
				"east": {"uv": [9, 9, 6, 5], "texture": "#0"},
				"south": {"uv": [9, 9, 6, 5], "texture": "#0"},
				"west": {"uv": [9, 9, 6, 5], "texture": "#0", "cullface": "west"},
				"up": {"uv": [9, 9, 6, 5], "texture": "#0"},
				"down": {"uv": [9, 9, 6, 5], "texture": "#0"}
			}
		},
		{
			"name": "Element",
			"from": [7.5, 9.25, 7.125],
			"to": [17, 10.5, 8.875],
			"rotation": {"angle": 0, "axis": "y", "origin": [1, 1.25, 0]},
			"faces": {
				"north": {"uv": [9, 9, 6, 5], "texture": "#0"},
				"east": {"uv": [9, 9, 6, 5], "texture": "#0"},
				"south": {"uv": [9, 9, 6, 5], "texture": "#0"},
				"west": {"uv": [9, 9, 6, 5], "texture": "#0", "cullface": "west"},
				"up": {"uv": [9, 9, 6, 5], "texture": "#0"},
				"down": {"uv": [9, 9, 6, 5], "texture": "#0"}
			}
		},
		{
			"name": "Element",
			"from": [16.75, 10.5, 7.375],
			"to": [24.5, 11.25, 8.625],
			"rotation": {"angle": 0, "axis": "y", "origin": [1, 1.25, 0]},
			"faces": {
				"north": {"uv": [0, 16, 3, 14], "texture": "#0"},
				"east": {"uv": [0, 15, 1, 16], "texture": "#0"},
				"south": {"uv": [0, 16, 3, 14], "texture": "#0"},
				"west": {"uv": [3, 16, 0, 14], "texture": "#0", "cullface": "west"},
				"up": {"uv": [3, 16, 0, 14], "texture": "#0"},
				"down": {"uv": [0, 14, 3, 16], "texture": "#0"}
			}
		},
		{
			"name": "Element",
			"from": [16.75, 9.75, 8.125],
			"to": [24.5, 11, 8.875],
			"rotation": {"angle": 0, "axis": "y", "origin": [1, 1.25, 0]},
			"faces": {
				"north": {"uv": [0, 16, 3, 14], "texture": "#0"},
				"east": {"uv": [0, 15, 1, 16], "texture": "#0"},
				"south": {"uv": [5, 9, 8, 7], "texture": "#0"},
				"west": {"uv": [3, 16, 0, 14], "texture": "#0", "cullface": "west"},
				"up": {"uv": [3, 16, 0, 14], "texture": "#0"},
				"down": {"uv": [0, 14, 3, 16], "texture": "#0"}
			}
		},
		{
			"name": "Element",
			"from": [16.75, 9.5, 7.375],
			"to": [17.5, 10.25, 8.625],
			"rotation": {"angle": 0, "axis": "y", "origin": [1, 1.25, 0]},
			"faces": {
				"north": {"uv": [16, 6.75, 16, 7], "texture": "#0"},
				"east": {"uv": [0, 0, 0, 0], "texture": "#0"},
				"south": {"uv": [0, 6.75, 0, 7], "texture": "#0"},
				"west": {"uv": [7.75, 6.75, 8.25, 7], "texture": "#0", "cullface": "west"},
				"up": {"uv": [0, 7.75, 0, 8.25], "texture": "#0"},
				"down": {"uv": [16, 8.25, 16, 7.75], "texture": "#0"}
			}
		},
		{
			"name": "Element",
			"from": [16.75, 9.75, 7.125],
			"to": [24.5, 11, 7.875],
			"rotation": {"angle": 0, "axis": "y", "origin": [1, 1.25, 0]},
			"faces": {
				"north": {"uv": [0, 16, 3, 14], "texture": "#0"},
				"east": {"uv": [0, 15, 1, 16], "texture": "#0"},
				"south": {"uv": [0, 16, 3, 14], "texture": "#0"},
				"west": {"uv": [3, 16, 0, 14], "texture": "#0", "cullface": "west"},
				"up": {"uv": [3, 16, 0, 14], "texture": "#0"},
				"down": {"uv": [0, 14, 3, 16], "texture": "#0"}
			}
		},
		{
			"name": "Element",
			"from": [8.5, 11.4, 7.375],
			"to": [10.25, 11.75, 8.625],
			"rotation": {"angle": 0, "axis": "y", "origin": [1, 1.25, 0]},
			"faces": {
				"north": {"uv": [3, 4.5, 5, 4.75], "texture": "#0"},
				"east": {"uv": [10.25, 4.5, 6.75, 4.75], "texture": "#0", "cullface": "east"},
				"south": {"uv": [12, 4.5, 14, 4.75], "texture": "#0"},
				"west": {"uv": [10.25, 4.5, 6.75, 4.75], "texture": "#0"},
				"up": {"uv": [12, 6.25, 14, 7.75], "texture": "#0"},
				"down": {"uv": [5, 7.75, 3, 6.25], "texture": "#0"}
			}
		},
		{
			"name": "Element",
			"from": [12, 14.225, 7.625],
			"to": [12.5, 15, 8.375],
			"rotation": {"angle": 0, "axis": "y", "origin": [1, 1.25, 0]},
			"faces": {
				"north": {"uv": [4, 4.75, 4.5, 5.5], "texture": "#0"},
				"east": {"uv": [7.75, 4.75, 8.25, 5.5], "texture": "#0"},
				"south": {"uv": [11.5, 4.75, 12, 5.5], "texture": "#0"},
				"west": {"uv": [7.75, 4.75, 8.25, 5.5], "texture": "#0"},
				"up": {"uv": [4, 5, 5, 6], "texture": "#0"},
				"down": {"uv": [4, 5, 5, 6], "texture": "#0"}
			}
		},
		{
			"name": "Element",
			"from": [9.75, 14.975, 7.625],
			"to": [12.5, 15.25, 8.375],
			"rotation": {"angle": 0, "axis": "y", "origin": [1, 1.25, 0]},
			"faces": {
				"north": {"uv": [4, 4.75, 4.5, 5.5], "texture": "#0"},
				"east": {"uv": [7.75, 4.75, 8.25, 5.5], "texture": "#0"},
				"south": {"uv": [11.5, 4.75, 12, 5.5], "texture": "#0"},
				"west": {"uv": [7.75, 4.75, 8.25, 5.5], "texture": "#0"},
				"up": {"uv": [4, 5, 5, 6], "texture": "#0"},
				"down": {"uv": [4, 5, 5, 6], "texture": "#0"}
			}
		},
		{
			"name": "Element",
			"from": [10.25, 10.22893, 9.37944],
			"to": [10.75, 16.47893, 9.87944],
			"rotation": {"angle": 0, "axis": "y", "origin": [-1, 18.25, 7]},
			"faces": {
				"north": {"uv": [7, 8.75, 0, 7.25], "rotation": 180, "texture": "#0"},
				"east": {"uv": [7.25, 5.5, 8.75, 5.75], "rotation": 270, "texture": "#0", "cullface": "east"},
				"south": {"uv": [9, 7.25, 16, 8.75], "texture": "#0"},
				"west": {"uv": [7.25, 5.5, 8.75, 5.75], "rotation": 90, "texture": "#0"},
				"up": {"uv": [0, 5.5, 7, 5.75], "rotation": 180, "texture": "#0"},
				"down": {"uv": [9, 5.5, 16, 5.75], "texture": "#0"}
			}
		},
		{
			"name": "Element",
			"from": [10.25, 16.47893, 6.12944],
			"to": [10.75, 16.72893, 9.87944],
			"rotation": {"angle": 0, "axis": "y", "origin": [-1, 18.25, 7]},
			"faces": {
				"north": {"uv": [7, 8.75, 0, 7.25], "rotation": 180, "texture": "#0"},
				"east": {"uv": [7.25, 5.5, 8.75, 5.75], "rotation": 270, "texture": "#0", "cullface": "east"},
				"south": {"uv": [9, 7.25, 16, 8.75], "texture": "#0"},
				"west": {"uv": [7.25, 5.5, 8.75, 5.75], "rotation": 90, "texture": "#0"},
				"up": {"uv": [0, 5.5, 7, 5.75], "rotation": 180, "texture": "#0"},
				"down": {"uv": [9, 5.5, 16, 5.75], "texture": "#0"}
			}
		},
		{
			"name": "Element",
			"from": [9.75, 15.225, 7.625],
			"to": [10, 15.5, 8.375],
			"rotation": {"angle": 0, "axis": "y", "origin": [1, 1.25, 0]},
			"faces": {
				"north": {"uv": [4, 4.75, 4.5, 5.5], "texture": "#0"},
				"east": {"uv": [7.75, 4.75, 8.25, 5.5], "texture": "#0"},
				"south": {"uv": [11.5, 4.75, 12, 5.5], "texture": "#0"},
				"west": {"uv": [7.75, 4.75, 8.25, 5.5], "texture": "#0"},
				"up": {"uv": [4, 5, 5, 6], "texture": "#0"},
				"down": {"uv": [4, 5, 5, 6], "texture": "#0"}
			}
		},
		{
			"name": "Element",
			"from": [10.25, 15.225, 7.625],
			"to": [10.5, 15.5, 8.375],
			"rotation": {"angle": 0, "axis": "y", "origin": [1, 1.25, 0]},
			"faces": {
				"north": {"uv": [4, 4.75, 4.5, 5.5], "texture": "#0"},
				"east": {"uv": [7.75, 4.75, 8.25, 5.5], "texture": "#0"},
				"south": {"uv": [11.5, 4.75, 12, 5.5], "texture": "#0"},
				"west": {"uv": [7.75, 4.75, 8.25, 5.5], "texture": "#0"},
				"up": {"uv": [4, 5, 5, 6], "texture": "#0"},
				"down": {"uv": [4, 5, 5, 6], "texture": "#0"}
			}
		},
		{
			"name": "Element",
			"from": [11.25, 15.225, 7.625],
			"to": [11.5, 15.5, 8.375],
			"rotation": {"angle": 0, "axis": "y", "origin": [1, 1.25, 0]},
			"faces": {
				"north": {"uv": [4, 4.75, 4.5, 5.5], "texture": "#0"},
				"east": {"uv": [7.75, 4.75, 8.25, 5.5], "texture": "#0"},
				"south": {"uv": [11.5, 4.75, 12, 5.5], "texture": "#0"},
				"west": {"uv": [7.75, 4.75, 8.25, 5.5], "texture": "#0"},
				"up": {"uv": [4, 5, 5, 6], "texture": "#0"},
				"down": {"uv": [4, 5, 5, 6], "texture": "#0"}
			}
		},
		{
			"name": "Element",
			"from": [10.75, 15.225, 7.625],
			"to": [11, 15.5, 8.375],
			"rotation": {"angle": 0, "axis": "y", "origin": [1, 1.25, 0]},
			"faces": {
				"north": {"uv": [4, 4.75, 4.5, 5.5], "texture": "#0"},
				"east": {"uv": [7.75, 4.75, 8.25, 5.5], "texture": "#0"},
				"south": {"uv": [11.5, 4.75, 12, 5.5], "texture": "#0"},
				"west": {"uv": [7.75, 4.75, 8.25, 5.5], "texture": "#0"},
				"up": {"uv": [4, 5, 5, 6], "texture": "#0"},
				"down": {"uv": [4, 5, 5, 6], "texture": "#0"}
			}
		},
		{
			"name": "Element",
			"from": [12.25, 15.225, 7.625],
			"to": [12.5, 15.5, 8.375],
			"rotation": {"angle": 0, "axis": "y", "origin": [1, 1.25, 0]},
			"faces": {
				"north": {"uv": [4, 4.75, 4.5, 5.5], "texture": "#0"},
				"east": {"uv": [7.75, 4.75, 8.25, 5.5], "texture": "#0"},
				"south": {"uv": [11.5, 4.75, 12, 5.5], "texture": "#0"},
				"west": {"uv": [7.75, 4.75, 8.25, 5.5], "texture": "#0"},
				"up": {"uv": [4, 5, 5, 6], "texture": "#0"},
				"down": {"uv": [4, 5, 5, 6], "texture": "#0"}
			}
		},
		{
			"name": "Element",
			"from": [11.75, 15.225, 7.625],
			"to": [12, 15.5, 8.375],
			"rotation": {"angle": 0, "axis": "y", "origin": [1, 1.25, 0]},
			"faces": {
				"north": {"uv": [4, 4.75, 4.5, 5.5], "texture": "#0"},
				"east": {"uv": [7.75, 4.75, 8.25, 5.5], "texture": "#0"},
				"south": {"uv": [11.5, 4.75, 12, 5.5], "texture": "#0"},
				"west": {"uv": [7.75, 4.75, 8.25, 5.5], "texture": "#0"},
				"up": {"uv": [4, 5, 5, 6], "texture": "#0"},
				"down": {"uv": [4, 5, 5, 6], "texture": "#0"}
			}
		},
		{
			"name": "Element",
			"from": [10.25, 16.72893, 6.37944],
			"to": [10.75, 16.97893, 9.62944],
			"rotation": {"angle": 0, "axis": "y", "origin": [-1, 18.25, 7]},
			"faces": {
				"north": {"uv": [7, 8.75, 0, 7.25], "rotation": 180, "texture": "#0"},
				"east": {"uv": [7.25, 5.5, 8.75, 5.75], "rotation": 270, "texture": "#0", "cullface": "east"},
				"south": {"uv": [9, 7.25, 16, 8.75], "texture": "#0"},
				"west": {"uv": [7.25, 5.5, 8.75, 5.75], "rotation": 90, "texture": "#0"},
				"up": {"uv": [0, 5.5, 7, 5.75], "rotation": 180, "texture": "#0"},
				"down": {"uv": [9, 5.5, 16, 5.75], "texture": "#0"}
			}
		},
		{
			"name": "Element",
			"from": [2.75, 8, 7.725],
			"to": [11, 9, 8.225],
			"rotation": {"angle": 0, "axis": "y", "origin": [1, 1.25, 0]},
			"faces": {
				"north": {"uv": [3, 16, 0, 14], "texture": "#0"},
				"south": {"uv": [3, 16, 0, 14], "texture": "#0"},
				"west": {"uv": [3, 16, 0, 14], "texture": "#0", "cullface": "west"},
				"up": {"uv": [3, 16, 0, 14], "texture": "#0"},
				"down": {"uv": [3, 16, 0, 14], "texture": "#0"}
			}
		},
		{
			"name": "Element",
			"from": [2.75, 8.25, 7.475],
			"to": [11, 8.75, 8.475],
			"rotation": {"angle": 0, "axis": "y", "origin": [1, 1.25, 0]},
			"faces": {
				"north": {"uv": [3, 16, 0, 14], "texture": "#0"},
				"south": {"uv": [3, 16, 0, 14], "texture": "#0"},
				"west": {"uv": [3, 16, 0, 14], "texture": "#0", "cullface": "west"},
				"up": {"uv": [3, 16, 0, 14], "texture": "#0"},
				"down": {"uv": [3, 16, 0, 14], "texture": "#0"}
			}
		},
		{
			"name": "Element",
			"from": [8.85, 6.825, 7.5],
			"to": [10.1, 7.5, 8.5],
			"rotation": {"angle": 0, "axis": "y", "origin": [1, 1.25, 0]},
			"faces": {
				"north": {"uv": [0, 5.5, 7, 5.75], "texture": "#0"},
				"east": {"uv": [7.25, 5.5, 8.75, 5.75], "texture": "#0", "cullface": "east"},
				"south": {"uv": [9, 5.5, 16, 5.75], "texture": "#0"},
				"west": {"uv": [7.25, 5.5, 8.75, 5.75], "texture": "#0"},
				"up": {"uv": [9, 7.25, 16, 8.75], "texture": "#0"},
				"down": {"uv": [7, 8.75, 0, 7.25], "texture": "#0"}
			}
		},
		{
			"name": "Element",
			"from": [10.25, 10.22893, 6.37944],
			"to": [10.75, 10.72893, 9.62944],
			"rotation": {"angle": 0, "axis": "y", "origin": [-1, 18.25, 7]},
			"faces": {
				"north": {"uv": [7, 8.75, 0, 7.25], "rotation": 180, "texture": "#0"},
				"east": {"uv": [7.25, 5.5, 8.75, 5.75], "rotation": 270, "texture": "#0", "cullface": "east"},
				"south": {"uv": [9, 7.25, 16, 8.75], "texture": "#0"},
				"west": {"uv": [7.25, 5.5, 8.75, 5.75], "rotation": 90, "texture": "#0"},
				"up": {"uv": [0, 5.5, 7, 5.75], "rotation": 180, "texture": "#0"},
				"down": {"uv": [9, 5.5, 16, 5.75], "texture": "#0"}
			}
		},
		{
			"name": "Element",
			"from": [17.75, 10.275, 5.375],
			"to": [18.15, 10.675, 7.125],
			"rotation": {"angle": 0, "axis": "y", "origin": [2.5, -0.075, 0]},
			"faces": {
				"north": {"uv": [7.25, 5.75, 8.25, 8.25], "rotation": 270, "texture": "#0", "cullface": "east"},
				"east": {"uv": [0, 6, 1, 7], "texture": "#0"},
				"south": {"uv": [7.75, 5.75, 8.75, 8.25], "rotation": 90, "texture": "#0"},
				"west": {"uv": [7, 8.75, 0, 7.75], "rotation": 180, "texture": "#0"},
				"up": {"uv": [0, 5.75, 7, 8.25], "rotation": 90, "texture": "#0"},
				"down": {"uv": [9, 5.75, 16, 8.25], "rotation": 90, "texture": "#0"}
			}
		},
		{
			"name": "Element",
			"from": [17.65, 10.175, 4.875],
			"to": [18.25, 10.775, 5.875],
			"rotation": {"angle": 0, "axis": "y", "origin": [2.5, -0.075, 0]},
			"faces": {
				"north": {"uv": [15, 11, 16, 12], "rotation": 270, "texture": "#0", "cullface": "east"},
				"east": {"uv": [15, 11, 16, 12], "texture": "#0"},
				"south": {"uv": [15, 11, 16, 12], "rotation": 90, "texture": "#0"},
				"west": {"uv": [16, 12, 15, 11], "rotation": 180, "texture": "#0"},
				"up": {"uv": [15, 11, 16, 12], "rotation": 90, "texture": "#0"},
				"down": {"uv": [15, 11, 16, 12], "rotation": 90, "texture": "#0"}
			}
		}
	],
	"gui_light": "front",
	"display": {
		"thirdperson_righthand": {
			"rotation": [0, -90, 0],
			"translation": [0, 0.25, 0.25],
			"scale": [0.7, 0.91, 0.91]
		},
		"thirdperson_lefthand": {
			"rotation": [0, 90, 0],
			"translation": [0, 0.25, 0.25],
			"scale": [0.7, 0.91, 0.91]
		},
		"firstperson_righthand": {
			"rotation": [0, -90, 0],
			"translation": [0, 0.5, -12.75],
			"scale": [1.1, 1.18, 1.2]
		},
		"firstperson_lefthand": {
			"rotation": [0, 90, 0],
			"translation": [0, 0.5, -12.75],
			"scale": [1.1, 1.18, 1.2]
		},
		"ground": {
			"translation": [0, 0.5, 0],
			"scale": [0.86, 0.86, 0.86]
		},
		"gui": {
			"rotation": [0, 0, -45],
			"translation": [-0.75, -0.25, 0],
			"scale": [0.44, 0.44, 0.5]
		},
		"head": {
			"translation": [0.25, 0, 0]
		},
		"fixed": {
			"rotation": [0, 180, -45],
			"translation": [1.4, -0.35, -1.5],
			"scale": [0.83, 0.83, 0.83]
		}
	}
}