{
	"credit": "Made by SrDarmith - YouTube: Mainclay",
	"textures": {
		"0": "itemm/anvil_1",
		"1": "itemm/door_wood_lower",
		"2": "itemm/bongo_bongo",
		"particle": "itemm/door_wood_lower"
	},
	"elements": [
		{
			"name": "Element",
			"from": [-14.5, 9.925, 7.625],
			"to": [5.25, 10.175, 8.375],
			"rotation": {"angle": 0, "axis": "y", "origin": [1, 0.25, 0]},
			"faces": {
				"north": {"uv": [15, 15, 13, 13], "texture": "#0"},
				"south": {"uv": [15, 13, 13, 15], "texture": "#0"},
				"west": {"uv": [15, 13, 13, 15], "texture": "#0", "cullface": "west"},
				"up": {"uv": [15, 13, 13, 15], "texture": "#0"},
				"down": {"uv": [15, 13, 13, 15], "texture": "#0"}
			}
		},
		{
			"name": "Element",
			"from": [-4.5, 10.025, 7.575],
			"to": [5.25, 10.4, 8.425],
			"rotation": {"angle": 0, "axis": "y", "origin": [1, 0.25, 0]},
			"faces": {
				"north": {"uv": [15, 15, 13, 13], "texture": "#0"},
				"south": {"uv": [15, 13, 13, 15], "texture": "#0"},
				"west": {"uv": [15, 13, 13, 15], "texture": "#0", "cullface": "west"},
				"up": {"uv": [15, 13, 13, 15], "texture": "#0"},
				"down": {"uv": [15, 13, 13, 15], "texture": "#0"}
			}
		},
		{
			"name": "Element",
			"from": [-4.5, 10.275, 7.825],
			"to": [5.25, 10.65, 8.175],
			"rotation": {"angle": 0, "axis": "y", "origin": [1, 0.25, 0]},
			"faces": {
				"north": {"uv": [15, 15, 13, 13], "texture": "#0"},
				"south": {"uv": [15, 13, 13, 15], "texture": "#0"},
				"west": {"uv": [15, 13, 13, 15], "texture": "#0", "cullface": "west"},
				"up": {"uv": [15, 13, 13, 15], "texture": "#0"},
				"down": {"uv": [15, 13, 13, 15], "texture": "#0"}
			}
		},
		{
			"name": "Element",
			"from": [-13, 10.025, 7.825],
			"to": [-12.375, 11.025, 8.175],
			"rotation": {"angle": 0, "axis": "y", "origin": [1, 0.25, 0]},
			"faces": {
				"north": {"uv": [15, 15, 13, 13], "texture": "#0"},
				"east": {"uv": [13, 13, 15, 15], "texture": "#0"},
				"south": {"uv": [15, 13, 13, 15], "texture": "#0"},
				"west": {"uv": [15, 13, 13, 15], "texture": "#0", "cullface": "west"},
				"up": {"uv": [15, 13, 13, 15], "texture": "#0"},
				"down": {"uv": [15, 13, 13, 15], "texture": "#0"}
			}
		},
		{
			"name": "Element",
			"from": [-14.5, 9.175, 7.375],
			"to": [5.25, 9.925, 7.625],
			"rotation": {"angle": 0, "axis": "y", "origin": [1, 0.25, 0]},
			"faces": {
				"north": {"uv": [15, 15, 13, 13], "texture": "#0"},
				"south": {"uv": [15, 13, 13, 15], "texture": "#0"},
				"west": {"uv": [15, 13, 13, 15], "texture": "#0", "cullface": "west"},
				"up": {"uv": [15, 13, 13, 15], "texture": "#0"},
				"down": {"uv": [15, 13, 13, 15], "texture": "#0"}
			}
		},
		{
			"name": "Element",
			"from": [-14.5, 9.175, 8.375],
			"to": [5.25, 9.925, 8.625],
			"rotation": {"angle": 0, "axis": "y", "origin": [1, 0.25, 0]},
			"faces": {
				"north": {"uv": [15, 15, 13, 13], "texture": "#0"},
				"south": {"uv": [15, 13, 13, 15], "texture": "#0"},
				"west": {"uv": [15, 13, 13, 15], "texture": "#0", "cullface": "west"},
				"up": {"uv": [15, 13, 13, 15], "texture": "#0"},
				"down": {"uv": [15, 13, 13, 15], "texture": "#0"}
			}
		},
		{
			"name": "Element",
			"from": [-16, 8.925, 8.375],
			"to": [-14, 10.175, 9.125],
			"rotation": {"angle": 0, "axis": "y", "origin": [1, 0.25, 0]},
			"faces": {
				"north": {"uv": [1, 16, 0, 15], "texture": "#0"},
				"east": {"uv": [1, 15, 0, 16], "texture": "#0"},
				"south": {"uv": [1, 15, 0, 16], "texture": "#0"},
				"west": {"uv": [1, 15, 0, 16], "texture": "#0", "cullface": "west"},
				"up": {"uv": [1, 15, 0, 16], "texture": "#0"},
				"down": {"uv": [1, 15, 0, 16], "texture": "#0"}
			}
		},
		{
			"name": "Element",
			"from": [-16, 8.925, 6.875],
			"to": [-14, 10.175, 7.625],
			"rotation": {"angle": 0, "axis": "y", "origin": [1, 0.25, 0]},
			"faces": {
				"north": {"uv": [1, 16, 0, 15], "texture": "#0"},
				"east": {"uv": [1, 15, 0, 16], "texture": "#0"},
				"south": {"uv": [1, 15, 0, 16], "texture": "#0"},
				"west": {"uv": [1, 15, 0, 16], "texture": "#0", "cullface": "west"},
				"up": {"uv": [1, 15, 0, 16], "texture": "#0"},
				"down": {"uv": [1, 15, 0, 16], "texture": "#0"}
			}
		},
		{
			"name": "Element",
			"from": [-16, 9.925, 7.125],
			"to": [-14, 10.575, 8.875],
			"rotation": {"angle": 0, "axis": "y", "origin": [1, 0.25, 0]},
			"faces": {
				"north": {"uv": [1, 16, 0, 15], "texture": "#0"},
				"east": {"uv": [1, 15, 0, 16], "texture": "#0"},
				"south": {"uv": [1, 15, 0, 16], "texture": "#0"},
				"west": {"uv": [1, 15, 0, 16], "texture": "#0", "cullface": "west"},
				"up": {"uv": [1, 15, 0, 16], "texture": "#0"},
				"down": {"uv": [1, 15, 0, 16], "texture": "#0"}
			}
		},
		{
			"name": "Element",
			"from": [-16, 8.5, 7.125],
			"to": [-14, 9.175, 8.875],
			"rotation": {"angle": 0, "axis": "y", "origin": [1, 0.25, 0]},
			"faces": {
				"north": {"uv": [1, 16, 0, 15], "texture": "#0"},
				"east": {"uv": [1, 15, 0, 16], "texture": "#0"},
				"south": {"uv": [1, 15, 0, 16], "texture": "#0"},
				"west": {"uv": [1, 15, 0, 16], "texture": "#0", "cullface": "west"},
				"up": {"uv": [1, 15, 0, 16], "texture": "#0"},
				"down": {"uv": [1, 15, 0, 16], "texture": "#0"}
			}
		},
		{
			"name": "Element",
			"from": [-14.5, 8.925, 7.625],
			"to": [5.25, 9.175, 8.375],
			"rotation": {"angle": 0, "axis": "y", "origin": [1, 0.25, 0]},
			"faces": {
				"north": {"uv": [15, 15, 13, 13], "texture": "#0"},
				"south": {"uv": [15, 13, 13, 15], "texture": "#0"},
				"west": {"uv": [15, 13, 13, 15], "texture": "#0", "cullface": "west"},
				"up": {"uv": [15, 13, 13, 15], "texture": "#0"},
				"down": {"uv": [15, 13, 13, 15], "texture": "#0"}
			}
		},
		{
			"name": "Element",
			"from": [11, 6, 7.25],
			"to": [13.625, 8.75, 8.75],
			"rotation": {"angle": 0, "axis": "y", "origin": [-1, -0.5, 0]},
			"faces": {
				"north": {"uv": [6, 1, 7, 2], "texture": "#0"},
				"east": {"uv": [6, 1, 7, 2], "texture": "#0", "cullface": "east"},
				"south": {"uv": [6, 1, 7, 2], "texture": "#0"},
				"west": {"uv": [6, 1, 7, 2], "texture": "#0"},
				"down": {"uv": [7, 2, 6, 1], "texture": "#0"}
			}
		},
		{
			"name": "Element",
			"from": [9, 6.3, 7.25],
			"to": [11, 8.75, 8.75],
			"rotation": {"angle": 0, "axis": "y", "origin": [-1.25, -0.5, 0]},
			"faces": {
				"north": {"uv": [6, 1, 7, 2], "texture": "#0"},
				"east": {"uv": [6, 1, 7, 2], "texture": "#0", "cullface": "east"},
				"south": {"uv": [6, 1, 7, 2], "texture": "#0"},
				"west": {"uv": [6, 1, 7, 2], "texture": "#0"},
				"down": {"uv": [7, 2, 6, 1], "texture": "#0"}
			}
		},
		{
			"name": "Element",
			"from": [7.85, 6.6, 7.25],
			"to": [9, 8.75, 8.75],
			"rotation": {"angle": 0, "axis": "y", "origin": [-1.25, -0.5, 0]},
			"faces": {
				"north": {"uv": [6, 1, 7, 2], "texture": "#0"},
				"east": {"uv": [6, 1, 7, 2], "texture": "#0", "cullface": "east"},
				"south": {"uv": [6, 1, 7, 2], "texture": "#0"},
				"west": {"uv": [6, 1, 7, 2], "texture": "#0"},
				"down": {"uv": [7, 2, 6, 1], "texture": "#0"}
			}
		},
		{
			"name": "Element",
			"from": [7.275, 8, 7.25],
			"to": [8.425, 8.75, 8.75],
			"rotation": {"angle": 0, "axis": "y", "origin": [-1.25, -0.5, 0]},
			"faces": {
				"north": {"uv": [6, 1, 7, 2], "texture": "#0"},
				"east": {"uv": [6, 1, 7, 2], "texture": "#0", "cullface": "east"},
				"south": {"uv": [6, 1, 7, 2], "texture": "#0"},
				"west": {"uv": [6, 1, 7, 2], "texture": "#0"},
				"down": {"uv": [7, 2, 6, 1], "texture": "#0"}
			}
		},
		{
			"name": "Element",
			"from": [9.875, 2.575, 7.25],
			"to": [10.575, 4.1, 8.75],
			"rotation": {"angle": 22.5, "axis": "z", "origin": [-1.25, -0.5, 0]},
			"faces": {
				"north": {"uv": [6, 1, 7, 2], "texture": "#0"},
				"east": {"uv": [6, 1, 7, 2], "texture": "#0", "cullface": "east"},
				"south": {"uv": [6, 1, 7, 2], "texture": "#0"},
				"west": {"uv": [6, 1, 7, 2], "texture": "#0"},
				"down": {"uv": [7, 2, 6, 1], "texture": "#0"}
			}
		},
		{
			"name": "Element",
			"from": [28.5, 5.75, 7.5],
			"to": [30, 9, 8.5],
			"rotation": {"angle": 0, "axis": "y", "origin": [-1.25, 0.25, 0]},
			"faces": {
				"north": {"uv": [15, 11, 16, 12], "texture": "#0"},
				"east": {"uv": [15, 11, 16, 12], "texture": "#0", "cullface": "east"},
				"south": {"uv": [15, 11, 16, 12], "texture": "#0"},
				"west": {"uv": [15, 11, 16, 12], "texture": "#0"},
				"up": {"uv": [15, 11, 16, 12], "texture": "#0"},
				"down": {"uv": [16, 12, 15, 11], "texture": "#0"}
			}
		},
		{
			"name": "Element",
			"from": [28.5, 6, 7.25],
			"to": [30, 8.75, 8.75],
			"rotation": {"angle": 0, "axis": "y", "origin": [-1.25, 0.25, 0]},
			"faces": {
				"north": {"uv": [15, 11, 16, 12], "texture": "#0"},
				"east": {"uv": [15, 11, 16, 12], "texture": "#0", "cullface": "east"},
				"south": {"uv": [15, 11, 16, 12], "texture": "#0"},
				"west": {"uv": [15, 11, 16, 12], "texture": "#0"},
				"up": {"uv": [15, 11, 16, 12], "texture": "#0"},
				"down": {"uv": [16, 12, 15, 11], "texture": "#0"}
			}
		},
		{
			"name": "Element",
			"from": [5, 8.75, 7.25],
			"to": [8, 10.5, 8.75],
			"rotation": {"angle": 0, "axis": "y", "origin": [1, 0.25, 0]},
			"faces": {
				"north": {"uv": [8, 0, 5, 2], "texture": "#0"},
				"east": {"uv": [5, 0, 8, 2], "texture": "#0", "cullface": "east"},
				"south": {"uv": [5, 0, 8, 2], "texture": "#0"},
				"west": {"uv": [5, 0, 8, 2], "texture": "#0"},
				"up": {"uv": [5, 0, 8, 2], "texture": "#0"},
				"down": {"uv": [8, 2, 5, 0], "texture": "#0"}
			}
		},
		{
			"name": "Element",
			"from": [13.5, 10.25, 7.5],
			"to": [21.25, 10.75, 8.5],
			"rotation": {"angle": 0, "axis": "y", "origin": [1, 0.25, 0]},
			"faces": {
				"north": {"uv": [5, 0, 8, 2], "texture": "#0"},
				"east": {"uv": [5, 0, 8, 2], "texture": "#0", "cullface": "east"},
				"south": {"uv": [5, 0, 8, 2], "texture": "#0"},
				"west": {"uv": [5, 0, 8, 2], "texture": "#0"},
				"up": {"uv": [5, 0, 8, 2], "texture": "#0"},
				"down": {"uv": [8, 2, 5, 0], "texture": "#0"}
			}
		},
		{
			"name": "Element",
			"from": [13.5, 8.75, 7.25],
			"to": [21.25, 10.5, 8.75],
			"rotation": {"angle": 0, "axis": "y", "origin": [1, 0.25, 0]},
			"faces": {
				"north": {"uv": [5, 0, 8, 2], "texture": "#0"},
				"east": {"uv": [5, 0, 8, 2], "texture": "#0", "cullface": "east"},
				"south": {"uv": [5, 0, 8, 2], "texture": "#0"},
				"west": {"uv": [5, 0, 8, 2], "texture": "#0"},
				"up": {"uv": [5, 0, 8, 2], "texture": "#0"},
				"down": {"uv": [8, 2, 5, 0], "texture": "#0"}
			}
		},
		{
			"name": "Element",
			"from": [20.75, 8.5, 7.5],
			"to": [23, 9.75, 8.5],
			"rotation": {"angle": 0, "axis": "y", "origin": [1, 0.25, 0]},
			"faces": {
				"north": {"uv": [10, 4, 12, 6], "texture": "#0"},
				"east": {"uv": [10, 4, 12, 6], "texture": "#0", "cullface": "east"},
				"south": {"uv": [10, 4, 12, 6], "texture": "#0"},
				"west": {"uv": [10, 4, 12, 6], "texture": "#0"},
				"up": {"uv": [10, 4, 12, 6], "texture": "#0"},
				"down": {"uv": [12, 6, 10, 4], "texture": "#0"}
			}
		},
		{
			"name": "Element",
			"from": [22.75, 8, 7.475],
			"to": [26.25, 9.25, 8.525],
			"rotation": {"angle": 0, "axis": "y", "origin": [1, 0.25, 0]},
			"faces": {
				"north": {"uv": [3, 8, 5, 10], "texture": "#1"},
				"east": {"uv": [3, 8, 5, 10], "texture": "#1", "cullface": "east"},
				"south": {"uv": [3, 8, 5, 10], "texture": "#1"},
				"west": {"uv": [3, 8, 5, 10], "texture": "#1"},
				"up": {"uv": [3, 8, 5, 10], "texture": "#1"},
				"down": {"uv": [5, 10, 3, 8], "texture": "#1"}
			}
		},
		{
			"name": "Element",
			"from": [26.25, 8, 7.475],
			"to": [28.5, 9, 8.525],
			"rotation": {"angle": 0, "axis": "y", "origin": [0.5, 0.25, 0]},
			"faces": {
				"north": {"uv": [3, 8, 5, 10], "texture": "#1"},
				"east": {"uv": [3, 8, 5, 10], "texture": "#1", "cullface": "east"},
				"south": {"uv": [3, 8, 5, 10], "texture": "#1"},
				"west": {"uv": [3, 8, 5, 10], "texture": "#1"},
				"up": {"uv": [3, 8, 5, 10], "texture": "#1"},
				"down": {"uv": [5, 10, 3, 8], "texture": "#1"}
			}
		},
		{
			"name": "Element",
			"from": [23, 9.25, 7.475],
			"to": [24.25, 9.5, 8.525],
			"rotation": {"angle": 0, "axis": "y", "origin": [1, 0.25, 0]},
			"faces": {
				"north": {"uv": [3, 8, 5, 10], "texture": "#1"},
				"east": {"uv": [3, 8, 5, 10], "texture": "#1", "cullface": "east"},
				"south": {"uv": [3, 8, 5, 10], "texture": "#1"},
				"west": {"uv": [3, 8, 5, 10], "texture": "#1"},
				"up": {"uv": [3, 8, 5, 10], "texture": "#1"},
				"down": {"uv": [5, 10, 3, 8], "texture": "#1"}
			}
		},
		{
			"name": "Element",
			"from": [21.75, 8.25, 7.5],
			"to": [22.75, 8.5, 8.5],
			"rotation": {"angle": 0, "axis": "y", "origin": [1, 0.25, 0]},
			"faces": {
				"north": {"uv": [11, 6, 12, 5], "texture": "#0"},
				"east": {"uv": [11, 6, 12, 5], "texture": "#0", "cullface": "east"},
				"south": {"uv": [11, 6, 12, 5], "texture": "#0"},
				"west": {"uv": [11, 6, 12, 5], "texture": "#0"},
				"up": {"uv": [11, 6, 12, 5], "texture": "#0"},
				"down": {"uv": [12, 6, 11, 5], "texture": "#0"}
			}
		},
		{
			"name": "Element",
			"from": [24, 7.75, 7.475],
			"to": [24.75, 8, 8.525],
			"rotation": {"angle": 0, "axis": "y", "origin": [1, 0.25, 0]},
			"faces": {
				"north": {"uv": [3, 8, 5, 10], "texture": "#1"},
				"east": {"uv": [3, 8, 5, 10], "texture": "#1", "cullface": "east"},
				"south": {"uv": [3, 8, 5, 10], "texture": "#1"},
				"west": {"uv": [3, 8, 5, 10], "texture": "#1"},
				"up": {"uv": [3, 8, 5, 10], "texture": "#1"},
				"down": {"uv": [5, 10, 3, 8], "texture": "#1"}
			}
		},
		{
			"name": "Element",
			"from": [25.75, 7.25, 7.475],
			"to": [27.25, 7.5, 8.525],
			"rotation": {"angle": 0, "axis": "y", "origin": [0.5, 0.25, 0]},
			"faces": {
				"north": {"uv": [3, 8, 5, 10], "texture": "#1"},
				"east": {"uv": [3, 8, 5, 10], "texture": "#1", "cullface": "east"},
				"south": {"uv": [3, 8, 5, 10], "texture": "#1"},
				"west": {"uv": [3, 8, 5, 10], "texture": "#1"},
				"up": {"uv": [3, 8, 5, 10], "texture": "#1"},
				"down": {"uv": [5, 10, 3, 8], "texture": "#1"}
			}
		},
		{
			"name": "Element",
			"from": [24.75, 7.5, 7.475],
			"to": [28.5, 8, 8.525],
			"rotation": {"angle": 0, "axis": "y", "origin": [0.5, 0.25, 0]},
			"faces": {
				"north": {"uv": [3, 8, 5, 10], "texture": "#1"},
				"east": {"uv": [3, 8, 5, 10], "texture": "#1", "cullface": "east"},
				"south": {"uv": [3, 8, 5, 10], "texture": "#1"},
				"west": {"uv": [3, 8, 5, 10], "texture": "#1"},
				"up": {"uv": [3, 8, 5, 10], "texture": "#1"},
				"down": {"uv": [5, 10, 3, 8], "texture": "#1"}
			}
		},
		{
			"name": "Element",
			"from": [27.25, 5.75, 7.475],
			"to": [28.5, 7.5, 8.525],
			"rotation": {"angle": 0, "axis": "y", "origin": [0.5, 0.25, 0]},
			"faces": {
				"north": {"uv": [3, 8, 5, 10], "texture": "#1"},
				"east": {"uv": [3, 8, 5, 10], "texture": "#1", "cullface": "east"},
				"south": {"uv": [3, 8, 5, 10], "texture": "#1"},
				"west": {"uv": [3, 8, 5, 10], "texture": "#1"},
				"up": {"uv": [3, 8, 5, 10], "texture": "#1"},
				"down": {"uv": [5, 10, 3, 8], "texture": "#1"}
			}
		},
		{
			"name": "Element",
			"from": [27.3, -4.9, 7.475],
			"to": [28.55, -2.9, 8.525],
			"rotation": {"angle": 22.5, "axis": "z", "origin": [0.5, 0.25, 0]},
			"faces": {
				"north": {"uv": [3, 8, 5, 10], "texture": "#1"},
				"east": {"uv": [3, 8, 5, 10], "texture": "#1", "cullface": "east"},
				"south": {"uv": [3, 8, 5, 10], "texture": "#1"},
				"west": {"uv": [3, 8, 5, 10], "texture": "#1"},
				"up": {"uv": [3, 8, 5, 10], "texture": "#1"},
				"down": {"uv": [5, 10, 3, 8], "texture": "#1"}
			}
		},
		{
			"name": "Element",
			"from": [8, 10.375, 7.575],
			"to": [13.5, 10.625, 8.425],
			"rotation": {"angle": 0, "axis": "y", "origin": [1, 0.25, 0]},
			"faces": {
				"north": {"uv": [6, 3, 9, 5], "texture": "#2"},
				"east": {"uv": [6, 3, 9, 5], "texture": "#2", "cullface": "east"},
				"south": {"uv": [6, 3, 9, 5], "texture": "#2"},
				"west": {"uv": [6, 3, 9, 5], "texture": "#2"},
				"up": {"uv": [6, 3, 9, 5], "texture": "#2"},
				"down": {"uv": [9, 5, 6, 3], "texture": "#2"}
			}
		},
		{
			"name": "Element",
			"from": [8, 8.75, 7.25],
			"to": [13.5, 9.575, 8.75],
			"rotation": {"angle": 0, "axis": "y", "origin": [1, 0.25, 0]},
			"faces": {
				"north": {"uv": [5, 0, 8, 2], "texture": "#0"},
				"east": {"uv": [5, 0, 8, 2], "texture": "#0", "cullface": "east"},
				"south": {"uv": [5, 0, 8, 2], "texture": "#0"},
				"west": {"uv": [5, 0, 8, 2], "texture": "#0"},
				"up": {"uv": [5, 0, 8, 2], "texture": "#0"},
				"down": {"uv": [8, 2, 5, 0], "texture": "#0"}
			}
		},
		{
			"name": "Element",
			"from": [8, 9.5, 7.325],
			"to": [13.5, 10.375, 8.675],
			"rotation": {"angle": 0, "axis": "y", "origin": [1, 0.25, 0]},
			"faces": {
				"north": {"uv": [6, 3, 9, 5], "texture": "#2"},
				"east": {"uv": [6, 3, 9, 5], "texture": "#2", "cullface": "east"},
				"south": {"uv": [6, 3, 9, 5], "texture": "#2"},
				"west": {"uv": [6, 3, 9, 5], "texture": "#2"},
				"up": {"uv": [6, 3, 9, 5], "texture": "#2"},
				"down": {"uv": [9, 5, 6, 3], "texture": "#2"}
			}
		},
		{
			"name": "Element",
			"from": [13.625, 8.5, 7.5],
			"to": [19.1, 9.25, 8.5],
			"rotation": {"angle": 0, "axis": "y", "origin": [1, 0.75, 0]},
			"faces": {
				"north": {"uv": [7, 11, 6, 10], "texture": "#0"},
				"east": {"uv": [7, 11, 6, 10], "texture": "#0", "cullface": "east"},
				"south": {"uv": [7, 11, 6, 10], "texture": "#0"},
				"west": {"uv": [7, 11, 6, 10], "texture": "#0"},
				"down": {"uv": [7, 10, 6, 11], "texture": "#0"}
			}
		},
		{
			"name": "Element",
			"from": [17.85, 7.5, 7.5],
			"to": [19.075, 8.5, 8.5],
			"rotation": {"angle": 0, "axis": "y", "origin": [1, 0.75, 0]},
			"faces": {
				"north": {"uv": [5, 11, 3, 8], "rotation": 90, "texture": "#1"},
				"east": {"uv": [5, 11, 3, 8], "rotation": 90, "texture": "#1", "cullface": "east"},
				"south": {"uv": [5, 11, 3, 8], "rotation": 90, "texture": "#1"},
				"west": {"uv": [5, 11, 3, 8], "rotation": 90, "texture": "#1"},
				"down": {"uv": [5, 8, 3, 11], "rotation": 90, "texture": "#1"}
			}
		},
		{
			"name": "Element",
			"from": [13.625, 7, 7.75],
			"to": [15.75, 8.5, 8.25],
			"rotation": {"angle": 0, "axis": "y", "origin": [1.25, 0.75, 0]},
			"faces": {
				"north": {"uv": [7, 11, 6, 10], "texture": "#0"},
				"east": {"uv": [7, 11, 6, 10], "texture": "#0"},
				"south": {"uv": [7, 11, 6, 10], "texture": "#0"},
				"west": {"uv": [7, 11, 6, 10], "texture": "#0"},
				"up": {"uv": [7, 11, 6, 10], "texture": "#0"},
				"down": {"uv": [7, 10, 6, 11], "texture": "#0"}
			}
		},
		{
			"name": "Element",
			"from": [15.75, 7, 7.75],
			"to": [16, 7.5, 8.25],
			"rotation": {"angle": 0, "axis": "y", "origin": [1.25, 0.75, 0]},
			"faces": {
				"north": {"uv": [7, 11, 6, 10], "texture": "#0"},
				"east": {"uv": [7, 11, 6, 10], "texture": "#0"},
				"south": {"uv": [7, 11, 6, 10], "texture": "#0"},
				"west": {"uv": [7, 11, 6, 10], "texture": "#0"},
				"up": {"uv": [7, 11, 6, 10], "texture": "#0"},
				"down": {"uv": [7, 10, 6, 11], "texture": "#0"}
			}
		},
		{
			"name": "Element",
			"from": [15.75, 8.25, 7.75],
			"to": [16, 8.75, 8.25],
			"rotation": {"angle": 0, "axis": "y", "origin": [1.25, 0.75, 0]},
			"faces": {
				"north": {"uv": [7, 11, 6, 10], "texture": "#0"},
				"east": {"uv": [7, 11, 6, 10], "texture": "#0"},
				"south": {"uv": [7, 11, 6, 10], "texture": "#0"},
				"west": {"uv": [7, 11, 6, 10], "texture": "#0"},
				"up": {"uv": [7, 11, 6, 10], "texture": "#0"},
				"down": {"uv": [7, 10, 6, 11], "texture": "#0"}
			}
		},
		{
			"name": "Element",
			"from": [17.25, 7, 7.75],
			"to": [17.5, 7.5, 8.25],
			"rotation": {"angle": 0, "axis": "y", "origin": [1.25, 0.75, 0]},
			"faces": {
				"north": {"uv": [7, 11, 6, 10], "texture": "#0"},
				"east": {"uv": [7, 11, 6, 10], "texture": "#0"},
				"south": {"uv": [7, 11, 6, 10], "texture": "#0"},
				"west": {"uv": [7, 11, 6, 10], "texture": "#0"},
				"up": {"uv": [7, 11, 6, 10], "texture": "#0"},
				"down": {"uv": [7, 10, 6, 11], "texture": "#0"}
			}
		},
		{
			"name": "Element",
			"from": [17.225, 8.25, 7.75],
			"to": [17.475, 8.75, 8.25],
			"rotation": {"angle": 0, "axis": "y", "origin": [1.25, 0.75, 0]},
			"faces": {
				"north": {"uv": [7, 11, 6, 10], "texture": "#0"},
				"east": {"uv": [7, 11, 6, 10], "texture": "#0"},
				"south": {"uv": [7, 11, 6, 10], "texture": "#0"},
				"west": {"uv": [7, 11, 6, 10], "texture": "#0"},
				"up": {"uv": [7, 11, 6, 10], "texture": "#0"},
				"down": {"uv": [7, 10, 6, 11], "texture": "#0"}
			}
		},
		{
			"name": "Element",
			"from": [16, 7, 7.75],
			"to": [17.25, 7.25, 8.25],
			"rotation": {"angle": 0, "axis": "y", "origin": [1.25, 0.75, 0]},
			"faces": {
				"north": {"uv": [7, 11, 6, 10], "texture": "#0"},
				"east": {"uv": [7, 11, 6, 10], "texture": "#0"},
				"south": {"uv": [7, 11, 6, 10], "texture": "#0"},
				"west": {"uv": [7, 11, 6, 10], "texture": "#0"},
				"up": {"uv": [7, 11, 6, 10], "texture": "#0"},
				"down": {"uv": [7, 10, 6, 11], "texture": "#0"}
			}
		},
		{
			"name": "Element",
			"from": [17.025, 7.45, 7.75],
			"to": [17.275, 8.7, 8.25],
			"rotation": {"angle": -22.5, "axis": "z", "origin": [17, 9, 7.75]},
			"faces": {
				"north": {"uv": [7, 11, 6, 10], "texture": "#0"},
				"east": {"uv": [7, 11, 6, 10], "texture": "#0", "cullface": "east"},
				"south": {"uv": [7, 11, 6, 10], "texture": "#0"},
				"west": {"uv": [7, 11, 6, 10], "texture": "#0"},
				"up": {"uv": [7, 11, 6, 10], "texture": "#0"},
				"down": {"uv": [7, 10, 6, 11], "texture": "#0"}
			}
		},
		{
			"name": "Element",
			"from": [17.5, 7, 7.5],
			"to": [17.85, 8.5, 8.5],
			"rotation": {"angle": 0, "axis": "y", "origin": [1, 0.75, 0]},
			"faces": {
				"north": {"uv": [7, 11, 6, 10], "texture": "#0"},
				"east": {"uv": [7, 11, 6, 10], "texture": "#0", "cullface": "east"},
				"south": {"uv": [7, 11, 6, 10], "texture": "#0"},
				"west": {"uv": [7, 11, 6, 10], "texture": "#0"},
				"down": {"uv": [7, 10, 6, 11], "texture": "#0"}
			}
		},
		{
			"name": "lel",
			"from": [17.225, 4.5, 7.525],
			"to": [18.8, 7.5, 8.475],
			"rotation": {"angle": 22.5, "axis": "z", "origin": [17.25, 8.5, 7.25]},
			"faces": {
				"north": {"uv": [5, 11, 3, 8], "texture": "#1"},
				"east": {"uv": [5, 11, 3, 8], "texture": "#1", "cullface": "east"},
				"south": {"uv": [5, 11, 3, 8], "texture": "#1"},
				"west": {"uv": [5, 11, 3, 8], "texture": "#1"},
				"down": {"uv": [5, 8, 3, 11], "texture": "#1"}
			}
		},
		{
			"name": "Element",
			"from": [5, 10.25, 7.5],
			"to": [8, 10.75, 8.5],
			"rotation": {"angle": 0, "axis": "y", "origin": [1, 0.25, 0]},
			"faces": {
				"north": {"uv": [5, 0, 8, 2], "texture": "#0"},
				"east": {"uv": [5, 0, 8, 2], "texture": "#0", "cullface": "east"},
				"south": {"uv": [5, 0, 8, 2], "texture": "#0"},
				"west": {"uv": [5, 0, 8, 2], "texture": "#0"},
				"up": {"uv": [5, 0, 8, 2], "texture": "#0"},
				"down": {"uv": [8, 2, 5, 0], "texture": "#0"}
			}
		},
		{
			"name": "Element",
			"from": [5, 8.5, 7.5],
			"to": [10.5, 9, 8.5],
			"rotation": {"angle": 0, "axis": "y", "origin": [1, 0.25, 0]},
			"faces": {
				"north": {"uv": [5, 0, 8, 2], "texture": "#0"},
				"east": {"uv": [5, 0, 8, 2], "texture": "#0", "cullface": "east"},
				"south": {"uv": [5, 0, 8, 2], "texture": "#0"},
				"west": {"uv": [5, 0, 8, 2], "texture": "#0"},
				"up": {"uv": [5, 0, 8, 2], "texture": "#0"},
				"down": {"uv": [8, 2, 5, 0], "texture": "#0"}
			}
		},
		{
			"name": "Element",
			"from": [16.5, 11.5, 8.5],
			"to": [17, 13, 8.775],
			"rotation": {"angle": 0, "axis": "y", "origin": [1, 0, 0]},
			"faces": {
				"north": {"uv": [0, 16, 3, 14], "texture": "#0"},
				"east": {"uv": [0, 16, 3, 14], "texture": "#0"},
				"south": {"uv": [0, 16, 3, 14], "texture": "#0"},
				"west": {"uv": [0, 16, 3, 14], "texture": "#0"},
				"up": {"uv": [0, 16, 3, 14], "texture": "#0"},
				"down": {"uv": [0, 16, 3, 14], "texture": "#0"}
			}
		},
		{
			"from": [18.5, 11.5, 8.5],
			"to": [20, 11.75, 8.75],
			"rotation": {"angle": 0, "axis": "y", "origin": [1, 0, 0]},
			"faces": {
				"north": {"uv": [0, 16, 3, 14], "texture": "#0", "cullface": "east"},
				"east": {"uv": [0, 16, 3, 14], "texture": "#0", "cullface": "east"},
				"up": {"uv": [0, 16, 3, 14], "texture": "#0", "cullface": "east"}
			}
		},
		{
			"from": [18.5, 11.5, 7.25],
			"to": [20, 11.75, 7.5],
			"rotation": {"angle": 0, "axis": "y", "origin": [1, 0, 0]},
			"faces": {
				"east": {"uv": [0, 16, 3, 14], "texture": "#0", "cullface": "east"},
				"south": {"uv": [0, 16, 3, 14], "texture": "#0", "cullface": "east"},
				"up": {"uv": [0, 16, 3, 14], "texture": "#0", "cullface": "east"}
			}
		},
		{
			"from": [18.5, 12.75, 8.5],
			"to": [20, 13, 8.75],
			"rotation": {"angle": 0, "axis": "y", "origin": [1, 0, 0]},
			"faces": {
				"north": {"uv": [0, 16, 3, 14], "texture": "#0", "cullface": "east"},
				"east": {"uv": [0, 16, 3, 14], "texture": "#0", "cullface": "east"},
				"down": {"uv": [0, 16, 3, 14], "texture": "#0", "cullface": "east"}
			}
		},
		{
			"from": [18.5, 12.75, 7.25],
			"to": [20, 13, 7.5],
			"rotation": {"angle": 0, "axis": "y", "origin": [1, 0, 0]},
			"faces": {
				"east": {"uv": [0, 16, 3, 14], "texture": "#0", "cullface": "east"},
				"south": {"uv": [0, 16, 3, 14], "texture": "#0", "cullface": "east"},
				"down": {"uv": [0, 16, 3, 14], "texture": "#0", "cullface": "east"}
			}
		},
		{
			"from": [18.5, 11.5, 7],
			"to": [20, 13, 7.25],
			"rotation": {"angle": 0, "axis": "y", "origin": [1, 0, 0]},
			"faces": {
				"north": {"uv": [0, 16, 3, 14], "texture": "#0", "cullface": "east"},
				"east": {"uv": [0, 16, 3, 14], "texture": "#0", "cullface": "east"},
				"south": {"uv": [0, 16, 3, 14], "texture": "#0", "cullface": "east"},
				"west": {"uv": [0, 16, 3, 14], "texture": "#0", "cullface": "east"},
				"up": {"uv": [0, 16, 3, 14], "texture": "#0", "cullface": "east"},
				"down": {"uv": [0, 16, 3, 14], "texture": "#0", "cullface": "east"}
			}
		},
		{
			"from": [18.5, 11.5, 8.75],
			"to": [20, 13, 9],
			"rotation": {"angle": 0, "axis": "y", "origin": [1, 0, 0]},
			"faces": {
				"north": {"uv": [0, 16, 3, 14], "texture": "#0", "cullface": "east"},
				"east": {"uv": [0, 16, 3, 14], "texture": "#0", "cullface": "east"},
				"south": {"uv": [0, 16, 3, 14], "texture": "#0", "cullface": "east"},
				"west": {"uv": [0, 16, 3, 14], "texture": "#0", "cullface": "east"},
				"up": {"uv": [0, 16, 3, 14], "texture": "#0", "cullface": "east"},
				"down": {"uv": [0, 16, 3, 14], "texture": "#0", "cullface": "east"}
			}
		},
		{
			"from": [18.5, 11.25, 7.25],
			"to": [20, 11.5, 8.75],
			"rotation": {"angle": 0, "axis": "y", "origin": [1, 0, 0]},
			"faces": {
				"north": {"uv": [0, 16, 3, 14], "texture": "#0", "cullface": "east"},
				"east": {"uv": [0, 16, 3, 14], "texture": "#0", "cullface": "east"},
				"south": {"uv": [0, 16, 3, 14], "texture": "#0", "cullface": "east"},
				"west": {"uv": [0, 16, 3, 14], "texture": "#0", "cullface": "east"},
				"up": {"uv": [0, 16, 3, 14], "texture": "#0", "cullface": "east"},
				"down": {"uv": [0, 16, 3, 14], "texture": "#0", "cullface": "east"}
			}
		},
		{
			"from": [18.25, 11.5, 7.25],
			"to": [18.5, 11.75, 8.75],
			"rotation": {"angle": 0, "axis": "y", "origin": [1, 0, 0]},
			"faces": {
				"north": {"uv": [0, 16, 3, 14], "texture": "#0", "cullface": "east"},
				"east": {"uv": [0, 16, 3, 14], "texture": "#0", "cullface": "east"},
				"south": {"uv": [0, 16, 3, 14], "texture": "#0", "cullface": "east"},
				"west": {"uv": [0, 16, 3, 14], "texture": "#0", "cullface": "east"},
				"up": {"uv": [0, 16, 3, 14], "texture": "#0", "cullface": "east"},
				"down": {"uv": [0, 16, 3, 14], "texture": "#0", "cullface": "east"}
			}
		},
		{
			"from": [18.5, 13, 7.25],
			"to": [20, 13.25, 8.75],
			"rotation": {"angle": 0, "axis": "y", "origin": [1, 0, 0]},
			"faces": {
				"north": {"uv": [0, 16, 3, 14], "texture": "#0", "cullface": "east"},
				"east": {"uv": [0, 16, 3, 14], "texture": "#0", "cullface": "east"},
				"south": {"uv": [0, 16, 3, 14], "texture": "#0", "cullface": "east"},
				"west": {"uv": [0, 16, 3, 14], "texture": "#0", "cullface": "east"},
				"up": {"uv": [0, 16, 3, 14], "texture": "#0", "cullface": "east"},
				"down": {"uv": [0, 16, 3, 14], "texture": "#0", "cullface": "east"}
			}
		},
		{
			"from": [18.25, 12.75, 7.25],
			"to": [18.5, 13, 8.75],
			"rotation": {"angle": 0, "axis": "y", "origin": [1, 0, 0]},
			"faces": {
				"north": {"uv": [0, 16, 3, 14], "texture": "#0", "cullface": "east"},
				"east": {"uv": [0, 16, 3, 14], "texture": "#0", "cullface": "east"},
				"south": {"uv": [0, 16, 3, 14], "texture": "#0", "cullface": "east"},
				"west": {"uv": [0, 16, 3, 14], "texture": "#0", "cullface": "east"},
				"up": {"uv": [0, 16, 3, 14], "texture": "#0", "cullface": "east"},
				"down": {"uv": [0, 16, 3, 14], "texture": "#0", "cullface": "east"}
			}
		},
		{
			"from": [12.5, 11.75, 7.25],
			"to": [18.5, 12.75, 7.5],
			"rotation": {"angle": 0, "axis": "y", "origin": [1, 0, 0]},
			"faces": {
				"north": {"uv": [0, 16, 3, 14], "texture": "#0", "cullface": "east"},
				"east": {"uv": [0, 16, 3, 14], "texture": "#0", "cullface": "east"},
				"south": {"uv": [0, 16, 3, 14], "texture": "#0", "cullface": "east"},
				"west": {"uv": [0, 16, 3, 14], "texture": "#0", "cullface": "east"},
				"up": {"uv": [0, 16, 3, 14], "texture": "#0", "cullface": "east"},
				"down": {"uv": [3, 16, 0, 14], "texture": "#0", "cullface": "east"}
			}
		},
		{
			"from": [12.5, 12.75, 7.5],
			"to": [18.25, 13, 8.5],
			"rotation": {"angle": 0, "axis": "y", "origin": [1, 0, 0]},
			"faces": {
				"north": {"uv": [0, 16, 3, 14], "texture": "#0", "cullface": "east"},
				"south": {"uv": [0, 16, 3, 14], "texture": "#0", "cullface": "east"},
				"west": {"uv": [0, 14, 2, 16], "texture": "#0"},
				"up": {"uv": [0, 16, 3, 14], "texture": "#0", "cullface": "east"},
				"down": {"uv": [3, 16, 0, 14], "texture": "#0", "cullface": "east"}
			}
		},
		{
			"from": [12.5, 11.75, 8.5],
			"to": [18.5, 12.75, 8.75],
			"rotation": {"angle": 0, "axis": "y", "origin": [1, 0, 0]},
			"faces": {
				"north": {"uv": [0, 16, 3, 14], "texture": "#0", "cullface": "east"},
				"east": {"uv": [0, 16, 3, 14], "texture": "#0", "cullface": "east"},
				"south": {"uv": [0, 16, 3, 14], "texture": "#0", "cullface": "east"},
				"west": {"uv": [0, 16, 3, 14], "texture": "#0", "cullface": "east"},
				"up": {"uv": [0, 16, 3, 14], "texture": "#0", "cullface": "east"},
				"down": {"uv": [3, 16, 0, 14], "texture": "#0", "cullface": "east"}
			}
		},
		{
			"from": [12.5, 11.5, 7.5],
			"to": [18.25, 11.75, 8.5],
			"rotation": {"angle": 0, "axis": "y", "origin": [1, 0, 0]},
			"faces": {
				"north": {"uv": [0, 16, 3, 14], "texture": "#0", "cullface": "east"},
				"south": {"uv": [0, 16, 3, 14], "texture": "#0", "cullface": "east"},
				"west": {"uv": [0, 14, 2, 16], "texture": "#0"},
				"up": {"uv": [0, 16, 3, 14], "texture": "#0", "cullface": "east"},
				"down": {"uv": [3, 16, 0, 14], "texture": "#0", "cullface": "east"}
			}
		},
		{
			"name": "Element",
			"from": [15.25, 13, 7.75],
			"to": [15.75, 13.5, 8.25],
			"rotation": {"angle": 0, "axis": "y", "origin": [1, 0, 0]},
			"faces": {
				"north": {"uv": [0, 16, 3, 14], "texture": "#0"},
				"east": {"uv": [0, 16, 3, 14], "texture": "#0"},
				"south": {"uv": [0, 16, 3, 14], "texture": "#0"},
				"west": {"uv": [0, 16, 3, 14], "texture": "#0"},
				"up": {"uv": [0, 16, 3, 14], "texture": "#0"}
			}
		},
		{
			"name": "Element",
			"from": [15.25, 12, 8.75],
			"to": [15.75, 12.5, 9.5],
			"rotation": {"angle": 0, "axis": "y", "origin": [1, 0, 0]},
			"faces": {
				"east": {"uv": [0, 16, 3, 14], "texture": "#0"},
				"south": {"uv": [0, 16, 3, 14], "texture": "#0"},
				"west": {"uv": [0, 16, 3, 14], "texture": "#0"},
				"up": {"uv": [0, 16, 3, 14], "texture": "#0"},
				"down": {"uv": [3, 16, 0, 14], "texture": "#0"}
			}
		},
		{
			"name": "Element",
			"from": [16.5, 11.5, 7.225],
			"to": [17, 13, 7.5],
			"rotation": {"angle": 0, "axis": "y", "origin": [1, 0, 0]},
			"faces": {
				"north": {"uv": [0, 16, 3, 14], "texture": "#0"},
				"east": {"uv": [0, 16, 3, 14], "texture": "#0"},
				"south": {"uv": [0, 16, 3, 14], "texture": "#0"},
				"west": {"uv": [0, 16, 3, 14], "texture": "#0"},
				"up": {"uv": [0, 16, 3, 14], "texture": "#0"},
				"down": {"uv": [0, 16, 3, 14], "texture": "#0"}
			}
		},
		{
			"name": "Element",
			"from": [13.75, 11.5, 7.225],
			"to": [14.25, 13, 7.5],
			"rotation": {"angle": 0, "axis": "y", "origin": [1, 0, 0]},
			"faces": {
				"north": {"uv": [0, 16, 3, 14], "texture": "#0"},
				"east": {"uv": [0, 16, 3, 14], "texture": "#0"},
				"south": {"uv": [0, 16, 3, 14], "texture": "#0"},
				"west": {"uv": [0, 16, 3, 14], "texture": "#0"},
				"up": {"uv": [0, 16, 3, 14], "texture": "#0"},
				"down": {"uv": [0, 16, 3, 14], "texture": "#0"}
			}
		},
		{
			"name": "Element",
			"from": [13.75, 11.5, 8.5],
			"to": [14.25, 13, 8.775],
			"rotation": {"angle": 0, "axis": "y", "origin": [1, 0, 0]},
			"faces": {
				"north": {"uv": [0, 16, 3, 14], "texture": "#0"},
				"east": {"uv": [0, 16, 3, 14], "texture": "#0"},
				"south": {"uv": [0, 16, 3, 14], "texture": "#0"},
				"west": {"uv": [0, 16, 3, 14], "texture": "#0"},
				"up": {"uv": [0, 16, 3, 14], "texture": "#0"},
				"down": {"uv": [0, 16, 3, 14], "texture": "#0"}
			}
		},
		{
			"name": "Element",
			"from": [16.5, 10.75, 7.75],
			"to": [17, 11.5, 8.25],
			"rotation": {"angle": 0, "axis": "y", "origin": [1, 0, 0]},
			"faces": {
				"north": {"uv": [0, 16, 3, 14], "texture": "#0"},
				"east": {"uv": [0, 16, 3, 14], "texture": "#0"},
				"south": {"uv": [0, 16, 3, 14], "texture": "#0"},
				"west": {"uv": [0, 16, 3, 14], "texture": "#0"}
			}
		},
		{
			"name": "Element",
			"from": [13.75, 10.75, 7.75],
			"to": [14.25, 11.5, 8.25],
			"rotation": {"angle": 0, "axis": "y", "origin": [1, 0, 0]},
			"faces": {
				"north": {"uv": [0, 16, 3, 14], "texture": "#0"},
				"east": {"uv": [0, 16, 3, 14], "texture": "#0"},
				"south": {"uv": [0, 16, 3, 14], "texture": "#0"},
				"west": {"uv": [0, 16, 3, 14], "texture": "#0"}
			}
		}
	],
	"gui_light": "front",
	"display": {
		"thirdperson_righthand": {
			"rotation": [0, -90, 0],
			"translation": [0, -0.25, -5.25],
			"scale": [0.57, 0.94, 0.94]
		},
		"thirdperson_lefthand": {
			"rotation": [0, 90, 0],
			"translation": [0, -0.25, -5.25],
			"scale": [0.57, 0.94, 0.94]
		},
		"firstperson_righthand": {
			"rotation": [0, -90, 0],
			"translation": [0, 2, -8.5],
			"scale": [1, 1.02, 1]
		},
		"firstperson_lefthand": {
			"rotation": [0, 90, 0],
			"translation": [0, 2, -8.5],
			"scale": [1, 1.02, 1]
		},
		"ground": {
			"translation": [0.5, 0.75, 0],
			"scale": [0.93, 0.95, 0.95]
		},
		"gui": {
			"rotation": [0, 0, -45],
			"translation": [0.25, -0.5, 0],
			"scale": [0.45, 0.47, 0.5]
		},
		"fixed": {
			"rotation": [0, 180, -45],
			"translation": [0.15, -0.6, -1.5],
			"scale": [0.84, 0.86, 0.86]
		}
	}
}