{
	"credit": "Made by SrDarmith - YouTube: Mainclay",
	"textures": {
		"1": "itemm/door_iron_lower",
		"particle": "itemm/door_iron_lower",
		"texture": "itemm/anvil_1"
	},
	"elements": [
		{
			"from": [2.75, 7.75, 7.25],
			"to": [17.75, 8.75, 7.75],
			"rotation": {"angle": 0, "axis": "y", "origin": [-1.75, 0, 0]},
			"faces": {
				"north": {"uv": [8, 6.25, 16, 6.75], "texture": "#texture", "cullface": "west"},
				"east": {"uv": [8.25, 6.25, 8.5, 6.75], "texture": "#texture", "cullface": "west"},
				"south": {"uv": [0, 6.25, 8, 6.75], "texture": "#texture", "cullface": "west"},
				"west": {"uv": [7.5, 6.25, 7.75, 6.75], "texture": "#texture", "cullface": "west"},
				"up": {"uv": [0, 7.5, 8, 7.75], "texture": "#texture", "cullface": "west"},
				"down": {"uv": [16, 7.75, 8, 7.5], "texture": "#texture", "cullface": "west"}
			}
		},
		{
			"from": [15.75, 10, 7.625],
			"to": [17, 10.25, 8.375],
			"rotation": {"angle": 0, "axis": "y", "origin": [-1.75, 0, 0]},
			"faces": {
				"north": {"uv": [8, 6.75, 16, 7], "texture": "#texture", "cullface": "west"},
				"east": {"uv": [0, 0, 1, 1], "texture": "#texture"},
				"south": {"uv": [0, 6.75, 8, 7], "texture": "#texture", "cullface": "west"},
				"west": {"uv": [7.75, 6.75, 8.25, 7], "texture": "#texture", "cullface": "west"},
				"up": {"uv": [0, 7.75, 8, 8.25], "texture": "#texture", "cullface": "west"},
				"down": {"uv": [16, 8.25, 8, 7.75], "texture": "#texture", "cullface": "west"}
			}
		},
		{
			"from": [15.25, 11, 7.625],
			"to": [17, 11.25, 8.375],
			"rotation": {"angle": 0, "axis": "y", "origin": [-1.75, 0, 0]},
			"faces": {
				"north": {"uv": [8, 6, 16, 6.25], "texture": "#texture", "cullface": "west"},
				"east": {"uv": [0, 0, 1, 1], "texture": "#texture"},
				"south": {"uv": [0, 6, 8, 6.25], "texture": "#texture", "cullface": "west"},
				"west": {"uv": [7.75, 6, 8.25, 6.25], "texture": "#texture", "cullface": "west"},
				"up": {"uv": [0, 7.75, 8, 8.25], "texture": "#texture", "cullface": "west"},
				"down": {"uv": [16, 8.25, 8, 7.75], "texture": "#texture", "cullface": "west"}
			}
		},
		{
			"from": [12, 10.975, 7.625],
			"to": [17, 11, 8.375],
			"rotation": {"angle": 0, "axis": "y", "origin": [-1.75, 0, 0]},
			"faces": {
				"north": {"uv": [8, 6, 16, 6.25], "texture": "#texture", "cullface": "west"},
				"east": {"uv": [0, 0, 1, 1], "texture": "#texture"},
				"south": {"uv": [0, 6, 8, 6.25], "texture": "#texture", "cullface": "west"},
				"west": {"uv": [7.75, 6, 8.25, 6.25], "texture": "#texture", "cullface": "west"},
				"up": {"uv": [0, 7.75, 8, 8.25], "texture": "#texture", "cullface": "west"},
				"down": {"uv": [16, 8.25, 8, 7.75], "texture": "#texture", "cullface": "west"}
			}
		},
		{
			"from": [14.45, 11.25, 7.725],
			"to": [15.05, 11.65, 8.275],
			"rotation": {"angle": 0, "axis": "y", "origin": [-1.75, 0, 0]},
			"faces": {
				"north": {"uv": [8, 6, 16, 6.25], "texture": "#texture", "cullface": "west"},
				"east": {"uv": [7, 7, 8, 8], "texture": "#texture"},
				"south": {"uv": [0, 6, 8, 6.25], "texture": "#texture", "cullface": "west"},
				"west": {"uv": [7.75, 6, 8.25, 6.25], "texture": "#texture", "cullface": "west"},
				"up": {"uv": [0, 7.75, 8, 8.25], "texture": "#texture", "cullface": "west"},
				"down": {"uv": [16, 8.25, 8, 7.75], "texture": "#texture", "cullface": "west"}
			}
		},
		{
			"from": [14.45, 10.35, 8.625],
			"to": [15.05, 10.9, 9.025],
			"rotation": {"angle": 0, "axis": "x", "origin": [-1.75, 0, 0]},
			"faces": {
				"north": {"uv": [16, 8.25, 8, 7.75], "rotation": 180, "texture": "#texture", "cullface": "west"},
				"east": {"uv": [7, 7, 8, 8], "rotation": 270, "texture": "#texture"},
				"south": {"uv": [0, 7.75, 8, 8.25], "texture": "#texture", "cullface": "west"},
				"west": {"uv": [7.75, 6, 8.25, 6.25], "rotation": 90, "texture": "#texture", "cullface": "west"},
				"up": {"uv": [8, 6, 16, 6.25], "rotation": 180, "texture": "#texture", "cullface": "west"},
				"down": {"uv": [0, 6, 8, 6.25], "texture": "#texture", "cullface": "west"}
			}
		},
		{
			"from": [15.25, 10.25, 8.375],
			"to": [17, 11, 8.625],
			"rotation": {"angle": 0, "axis": "y", "origin": [-1.75, 0, 0]},
			"faces": {
				"north": {"uv": [8, 6.25, 16, 6.75], "texture": "#texture", "cullface": "west"},
				"east": {"uv": [7.5, 6.25, 7.75, 6.75], "texture": "#texture", "cullface": "west"},
				"south": {"uv": [0, 6.25, 8, 6.75], "texture": "#texture", "cullface": "west"},
				"west": {"uv": [8.25, 6.25, 8.5, 6.75], "texture": "#texture", "cullface": "west"},
				"up": {"uv": [0, 8.25, 8, 8.5], "texture": "#texture", "cullface": "west"},
				"down": {"uv": [16, 8.5, 8, 8.25], "texture": "#texture", "cullface": "west"}
			}
		},
		{
			"from": [12, 10.25, 8.35],
			"to": [17, 11, 8.375],
			"rotation": {"angle": 0, "axis": "y", "origin": [-1.75, 0, 0]},
			"faces": {
				"north": {"uv": [8, 6.25, 16, 6.75], "texture": "#texture", "cullface": "west"},
				"east": {"uv": [7.5, 6.25, 7.75, 6.75], "texture": "#texture", "cullface": "west"},
				"south": {"uv": [0, 6.25, 8, 6.75], "texture": "#texture", "cullface": "west"},
				"west": {"uv": [8.25, 6.25, 8.5, 6.75], "texture": "#texture", "cullface": "west"},
				"up": {"uv": [0, 8.25, 8, 8.5], "texture": "#texture", "cullface": "west"},
				"down": {"uv": [16, 8.5, 8, 8.25], "texture": "#texture", "cullface": "west"}
			}
		},
		{
			"from": [15.25, 10.25, 7.375],
			"to": [17, 11, 7.625],
			"rotation": {"angle": 0, "axis": "y", "origin": [-1.75, 0, 0]},
			"faces": {
				"north": {"uv": [8, 6.25, 16, 6.75], "texture": "#texture", "cullface": "west"},
				"east": {"uv": [8.25, 6.25, 8.5, 6.75], "texture": "#texture", "cullface": "west"},
				"south": {"uv": [0, 6.25, 8, 6.75], "texture": "#texture", "cullface": "west"},
				"west": {"uv": [7.5, 6.25, 7.75, 6.75], "texture": "#texture", "cullface": "west"},
				"up": {"uv": [0, 7.5, 8, 7.75], "texture": "#texture", "cullface": "west"},
				"down": {"uv": [16, 7.75, 8, 7.5], "texture": "#texture", "cullface": "west"}
			}
		},
		{
			"from": [12, 10.25, 7.625],
			"to": [17, 11, 7.65],
			"rotation": {"angle": 0, "axis": "y", "origin": [-1.75, 0, 0]},
			"faces": {
				"north": {"uv": [8, 6.25, 16, 6.75], "texture": "#texture", "cullface": "west"},
				"east": {"uv": [8.25, 6.25, 8.5, 6.75], "texture": "#texture", "cullface": "west"},
				"south": {"uv": [0, 6.25, 8, 6.75], "texture": "#texture", "cullface": "west"},
				"west": {"uv": [7.5, 6.25, 7.75, 6.75], "texture": "#texture", "cullface": "west"},
				"up": {"uv": [0, 7.5, 8, 7.75], "texture": "#texture", "cullface": "west"},
				"down": {"uv": [16, 7.75, 8, 7.5], "texture": "#texture", "cullface": "west"}
			}
		},
		{
			"from": [14, 9.95, 7.575],
			"to": [15.75, 10.25, 8.425],
			"rotation": {"angle": 0, "axis": "y", "origin": [-1.75, 0, 0]},
			"faces": {
				"north": {"uv": [8, 6.75, 16, 7], "texture": "#1", "cullface": "west"},
				"east": {"uv": [0, 0, 1, 1], "texture": "#1"},
				"south": {"uv": [0, 6.75, 8, 7], "texture": "#1", "cullface": "west"},
				"west": {"uv": [7.75, 6.75, 8.25, 7], "texture": "#1", "cullface": "west"},
				"up": {"uv": [0, 7.75, 8, 8.25], "texture": "#1", "cullface": "west"},
				"down": {"uv": [16, 8.25, 8, 7.75], "texture": "#1", "cullface": "west"}
			}
		},
		{
			"from": [14.25, 11, 7.575],
			"to": [15.25, 11.3, 8.425],
			"rotation": {"angle": 0, "axis": "y", "origin": [-1.75, 0, 0]},
			"faces": {
				"north": {"uv": [8, 6, 16, 6.25], "texture": "#1", "cullface": "west"},
				"east": {"uv": [0, 0, 1, 1], "texture": "#1"},
				"south": {"uv": [0, 6, 8, 6.25], "texture": "#1", "cullface": "west"},
				"west": {"uv": [7.75, 6, 8.25, 6.25], "texture": "#1", "cullface": "west"},
				"up": {"uv": [0, 7.75, 8, 8.25], "texture": "#1", "cullface": "west"},
				"down": {"uv": [16, 8.25, 8, 7.75], "texture": "#1", "cullface": "west"}
			}
		},
		{
			"from": [14.25, 10.2, 8.375],
			"to": [15.25, 11.05, 8.675],
			"rotation": {"angle": 0, "axis": "y", "origin": [-1.75, 0, 0]},
			"faces": {
				"north": {"uv": [8, 6.25, 16, 6.75], "texture": "#1", "cullface": "west"},
				"east": {"uv": [7.5, 6.25, 7.75, 6.75], "texture": "#1", "cullface": "west"},
				"south": {"uv": [0, 6.25, 8, 6.75], "texture": "#1", "cullface": "west"},
				"west": {"uv": [8.25, 6.25, 8.5, 6.75], "texture": "#1", "cullface": "west"},
				"up": {"uv": [0, 8.25, 8, 8.5], "texture": "#1", "cullface": "west"},
				"down": {"uv": [16, 8.5, 8, 8.25], "texture": "#1", "cullface": "west"}
			}
		},
		{
			"from": [14.25, 10.2, 7.325],
			"to": [15.25, 11.05, 7.625],
			"rotation": {"angle": 0, "axis": "y", "origin": [-1.75, 0, 0]},
			"faces": {
				"north": {"uv": [8, 6.25, 16, 6.75], "texture": "#1", "cullface": "west"},
				"east": {"uv": [8.25, 6.25, 8.5, 6.75], "texture": "#1", "cullface": "west"},
				"south": {"uv": [0, 6.25, 8, 6.75], "texture": "#1", "cullface": "west"},
				"west": {"uv": [7.5, 6.25, 7.75, 6.75], "texture": "#1", "cullface": "west"},
				"up": {"uv": [0, 7.5, 8, 7.75], "texture": "#1", "cullface": "west"},
				"down": {"uv": [16, 7.75, 8, 7.5], "texture": "#1", "cullface": "west"}
			}
		},
		{
			"from": [12, 10, 7.625],
			"to": [14, 10.25, 8.375],
			"rotation": {"angle": 0, "axis": "y", "origin": [-1.75, 0, 0]},
			"faces": {
				"north": {"uv": [8, 6.75, 16, 7], "texture": "#texture", "cullface": "west"},
				"east": {"uv": [0, 0, 1, 1], "texture": "#texture"},
				"south": {"uv": [0, 6.75, 8, 7], "texture": "#texture", "cullface": "west"},
				"west": {"uv": [7.75, 6.75, 8.25, 7], "texture": "#texture", "cullface": "west"},
				"up": {"uv": [0, 7.75, 8, 8.25], "texture": "#texture", "cullface": "west"},
				"down": {"uv": [16, 8.25, 8, 7.75], "texture": "#texture", "cullface": "west"}
			}
		},
		{
			"from": [12, 10.25, 7.625],
			"to": [17, 10.275, 8.375],
			"rotation": {"angle": 0, "axis": "y", "origin": [-1.75, 0, 0]},
			"faces": {
				"north": {"uv": [8, 6.75, 16, 7], "texture": "#texture", "cullface": "west"},
				"east": {"uv": [0, 0, 1, 1], "texture": "#texture"},
				"south": {"uv": [0, 6.75, 8, 7], "texture": "#texture", "cullface": "west"},
				"west": {"uv": [7.75, 6.75, 8.25, 7], "texture": "#texture", "cullface": "west"},
				"up": {"uv": [0, 7.75, 8, 8.25], "texture": "#texture", "cullface": "west"},
				"down": {"uv": [16, 8.25, 8, 7.75], "texture": "#texture", "cullface": "west"}
			}
		},
		{
			"from": [12, 11, 7.625],
			"to": [14.25, 11.25, 8.375],
			"rotation": {"angle": 0, "axis": "y", "origin": [-1.75, 0, 0]},
			"faces": {
				"north": {"uv": [8, 6, 16, 6.25], "texture": "#texture", "cullface": "west"},
				"east": {"uv": [0, 0, 1, 1], "texture": "#texture"},
				"south": {"uv": [0, 6, 8, 6.25], "texture": "#texture", "cullface": "west"},
				"west": {"uv": [7.75, 6, 8.25, 6.25], "texture": "#texture", "cullface": "west"},
				"up": {"uv": [0, 7.75, 8, 8.25], "texture": "#texture", "cullface": "west"},
				"down": {"uv": [16, 8.25, 8, 7.75], "texture": "#texture", "cullface": "west"}
			}
		},
		{
			"from": [12, 10.25, 8.375],
			"to": [14.25, 11, 8.625],
			"rotation": {"angle": 0, "axis": "y", "origin": [-1.75, 0, 0]},
			"faces": {
				"north": {"uv": [8, 6.25, 16, 6.75], "texture": "#texture", "cullface": "west"},
				"east": {"uv": [7.5, 6.25, 7.75, 6.75], "texture": "#texture", "cullface": "west"},
				"south": {"uv": [0, 6.25, 8, 6.75], "texture": "#texture", "cullface": "west"},
				"west": {"uv": [8.25, 6.25, 8.5, 6.75], "texture": "#texture", "cullface": "west"},
				"up": {"uv": [0, 8.25, 8, 8.5], "texture": "#texture", "cullface": "west"},
				"down": {"uv": [16, 8.5, 8, 8.25], "texture": "#texture", "cullface": "west"}
			}
		},
		{
			"from": [12, 10.25, 7.375],
			"to": [14.25, 11, 7.625],
			"rotation": {"angle": 0, "axis": "y", "origin": [-1.75, 0, 0]},
			"faces": {
				"north": {"uv": [8, 6.25, 16, 6.75], "texture": "#texture", "cullface": "west"},
				"east": {"uv": [8.25, 6.25, 8.5, 6.75], "texture": "#texture", "cullface": "west"},
				"south": {"uv": [0, 6.25, 8, 6.75], "texture": "#texture", "cullface": "west"},
				"west": {"uv": [7.5, 6.25, 7.75, 6.75], "texture": "#texture", "cullface": "west"},
				"up": {"uv": [0, 7.5, 8, 7.75], "texture": "#texture", "cullface": "west"},
				"down": {"uv": [16, 7.75, 8, 7.5], "texture": "#texture", "cullface": "west"}
			}
		},
		{
			"from": [2.75, 7.75, 8.25],
			"to": [17.75, 8.75, 8.75],
			"rotation": {"angle": 0, "axis": "y", "origin": [-1.75, 0, 0]},
			"faces": {
				"north": {"uv": [8, 6.25, 16, 6.75], "texture": "#texture", "cullface": "west"},
				"east": {"uv": [7.5, 6.25, 7.75, 6.75], "texture": "#texture", "cullface": "west"},
				"south": {"uv": [0, 6.25, 8, 6.75], "texture": "#texture", "cullface": "west"},
				"west": {"uv": [8.25, 6.25, 8.5, 6.75], "texture": "#texture", "cullface": "west"},
				"up": {"uv": [0, 8.25, 8, 8.5], "texture": "#texture", "cullface": "west"},
				"down": {"uv": [16, 8.5, 8, 8.25], "texture": "#texture", "cullface": "west"}
			}
		},
		{
			"from": [2.75, 8.5, 7.5],
			"to": [17.75, 9, 8.5],
			"rotation": {"angle": 0, "axis": "y", "origin": [-1.75, 0, 0]},
			"faces": {
				"north": {"uv": [8, 6, 16, 6.25], "texture": "#texture", "cullface": "west"},
				"east": {"uv": [0, 0, 0, 0], "texture": "#texture"},
				"south": {"uv": [0, 6, 8, 6.25], "texture": "#texture", "cullface": "west"},
				"west": {"uv": [7.75, 6, 8.25, 6.25], "texture": "#texture", "cullface": "west"},
				"up": {"uv": [0, 7.75, 8, 8.25], "texture": "#texture", "cullface": "west"},
				"down": {"uv": [16, 8.25, 8, 7.75], "texture": "#texture", "cullface": "west"}
			}
		},
		{
			"from": [17.75, 7.675, 7.175],
			"to": [18.25, 8.825, 8.85],
			"rotation": {"angle": 0, "axis": "y", "origin": [-1.75, 0, 0]},
			"faces": {
				"north": {"uv": [8, 6.25, 16, 6.75], "texture": "#1", "cullface": "west"},
				"east": {"uv": [7.5, 6.25, 7.75, 6.75], "texture": "#1", "cullface": "west"},
				"south": {"uv": [0, 6.25, 8, 6.75], "texture": "#1", "cullface": "west"},
				"west": {"uv": [8.25, 6.25, 8.5, 6.75], "texture": "#1", "cullface": "west"},
				"up": {"uv": [0, 8.25, 8, 8.5], "texture": "#1", "cullface": "west"},
				"down": {"uv": [16, 8.5, 8, 8.25], "texture": "#1", "cullface": "west"}
			}
		},
		{
			"from": [17.75, 7.425, 7.425],
			"to": [18.25, 9.075, 8.6],
			"rotation": {"angle": 0, "axis": "y", "origin": [-1.75, 0, 0]},
			"faces": {
				"north": {"uv": [8, 6, 16, 6.25], "texture": "#1", "cullface": "west"},
				"east": {"uv": [7.45, 6.35, 7.95, 6.85], "texture": "#1"},
				"south": {"uv": [0, 6, 8, 6.25], "texture": "#1", "cullface": "west"},
				"west": {"uv": [7.75, 6, 8.25, 6.25], "texture": "#1", "cullface": "west"},
				"up": {"uv": [0, 7.75, 8, 8.25], "texture": "#1", "cullface": "west"},
				"down": {"uv": [16, 8.25, 8, 7.75], "texture": "#1", "cullface": "west"}
			}
		},
		{
			"from": [2.75, 7.5, 7.5],
			"to": [17.75, 8, 8.5],
			"rotation": {"angle": 0, "axis": "y", "origin": [-1.75, 0, 0]},
			"faces": {
				"north": {"uv": [8, 6.75, 16, 7], "texture": "#texture", "cullface": "west"},
				"east": {"uv": [0, 0, 0, 0], "texture": "#texture"},
				"south": {"uv": [0, 6.75, 8, 7], "texture": "#texture", "cullface": "west"},
				"west": {"uv": [7.75, 6.75, 8.25, 7], "texture": "#texture", "cullface": "west"},
				"up": {"uv": [0, 7.75, 8, 8.25], "texture": "#texture", "cullface": "west"},
				"down": {"uv": [16, 8.25, 8, 7.75], "texture": "#texture", "cullface": "west"}
			}
		},
		{
			"from": [17.2, 8.5, 7.6],
			"to": [17.7, 9.2, 8.4],
			"rotation": {"angle": 0, "axis": "y", "origin": [-1.75, 0, 0]},
			"faces": {
				"north": {"uv": [1, 6, 1.5, 6.25], "texture": "#texture"},
				"east": {"uv": [7.75, 6, 8.25, 6.25], "texture": "#texture"},
				"south": {"uv": [14.5, 6, 15, 6.25], "texture": "#texture"},
				"west": {"uv": [7.75, 6, 8.25, 6.25], "texture": "#texture"},
				"up": {"uv": [14.5, 7.75, 15, 8.25], "texture": "#texture"}
			}
		},
		{
			"from": [3.2, 9.1, 8.275],
			"to": [3.7, 9.7, 8.525],
			"rotation": {"angle": 0, "axis": "y", "origin": [-1.75, 0, 0]},
			"faces": {
				"north": {"uv": [1, 6, 1.5, 6.25], "texture": "#texture"},
				"east": {"uv": [7.75, 6, 8.25, 6.25], "texture": "#texture"},
				"south": {"uv": [14.5, 6, 15, 6.25], "texture": "#texture"},
				"west": {"uv": [7.75, 6, 8.25, 6.25], "texture": "#texture"},
				"up": {"uv": [14.5, 7.75, 15, 8.25], "texture": "#texture"}
			}
		},
		{
			"from": [17.2, 9.1, 7.475],
			"to": [17.7, 9.7, 7.725],
			"rotation": {"angle": 0, "axis": "y", "origin": [-1.75, 0, 0]},
			"faces": {
				"north": {"uv": [1, 6, 1.5, 6.25], "texture": "#texture"},
				"east": {"uv": [7.75, 6, 8.25, 6.25], "texture": "#texture"},
				"south": {"uv": [14.5, 6, 15, 6.25], "texture": "#texture"},
				"west": {"uv": [7.75, 6, 8.25, 6.25], "texture": "#texture"},
				"up": {"uv": [14.5, 7.75, 15, 8.25], "texture": "#texture"}
			}
		},
		{
			"from": [17.2, 9.1, 8.275],
			"to": [17.7, 9.7, 8.525],
			"rotation": {"angle": 0, "axis": "y", "origin": [-1.75, 0, 0]},
			"faces": {
				"north": {"uv": [1, 6, 1.5, 6.25], "texture": "#texture"},
				"east": {"uv": [7.75, 6, 8.25, 6.25], "texture": "#texture"},
				"south": {"uv": [14.5, 6, 15, 6.25], "texture": "#texture"},
				"west": {"uv": [7.75, 6, 8.25, 6.25], "texture": "#texture"},
				"up": {"uv": [14.5, 7.75, 15, 8.25], "texture": "#texture"}
			}
		},
		{
			"from": [3.2, 9.1, 7.475],
			"to": [3.7, 9.7, 7.725],
			"rotation": {"angle": 0, "axis": "y", "origin": [-1.75, 0, 0]},
			"faces": {
				"north": {"uv": [1, 6, 1.5, 6.25], "texture": "#texture"},
				"east": {"uv": [7.75, 6, 8.25, 6.25], "texture": "#texture"},
				"south": {"uv": [14.5, 6, 15, 6.25], "texture": "#texture"},
				"west": {"uv": [7.75, 6, 8.25, 6.25], "texture": "#texture"},
				"up": {"uv": [14.5, 7.75, 15, 8.25], "texture": "#texture"}
			}
		},
		{
			"from": [3.2, 9.2, 7.95],
			"to": [3.7, 9.425, 8.05],
			"rotation": {"angle": 0, "axis": "y", "origin": [-1.75, 0, 0]},
			"faces": {
				"north": {"uv": [1, 6, 1.5, 6.25], "texture": "#texture"},
				"east": {"uv": [7.75, 6, 8.25, 6.25], "texture": "#texture"},
				"south": {"uv": [14.5, 6, 15, 6.25], "texture": "#texture"},
				"west": {"uv": [7.75, 6, 8.25, 6.25], "texture": "#texture"},
				"up": {"uv": [14.5, 7.75, 15, 8.25], "texture": "#texture"}
			}
		},
		{
			"from": [3.2, 8.75, 7.625],
			"to": [3.7, 9.2, 8.375],
			"rotation": {"angle": 0, "axis": "y", "origin": [-1.75, 0, 0]},
			"faces": {
				"north": {"uv": [1, 6, 1.5, 6.25], "texture": "#texture"},
				"east": {"uv": [7.75, 6, 8.25, 6.25], "texture": "#texture"},
				"south": {"uv": [14.5, 6, 15, 6.25], "texture": "#texture"},
				"west": {"uv": [7.75, 6, 8.25, 6.25], "texture": "#texture"},
				"up": {"uv": [14.5, 7.75, 15, 8.25], "texture": "#texture"}
			}
		},
		{
			"from": [10.25, 9, 7.5],
			"to": [16, 9.325, 8.5],
			"rotation": {"angle": 0, "axis": "y", "origin": [-1.75, 0, 0]},
			"faces": {
				"north": {"uv": [1, 6, 1.5, 6.25], "texture": "#1"},
				"east": {"uv": [7.75, 6, 8.25, 6.25], "texture": "#1"},
				"south": {"uv": [14.5, 6, 15, 6.25], "texture": "#1"},
				"west": {"uv": [7.75, 6, 8.25, 6.25], "texture": "#1"},
				"up": {"uv": [14.5, 7.75, 15, 8.25], "texture": "#1"}
			}
		},
		{
			"from": [16, 9, 7.75],
			"to": [17.25, 9.075, 8.25],
			"rotation": {"angle": 0, "axis": "y", "origin": [-1.75, 0, 0]},
			"faces": {
				"north": {"uv": [1, 6, 1.5, 6.25], "texture": "#1"},
				"east": {"uv": [7.75, 6, 8.25, 6.25], "texture": "#1"},
				"south": {"uv": [14.5, 6, 15, 6.25], "texture": "#1"},
				"west": {"uv": [7.75, 6, 8.25, 6.25], "texture": "#1"},
				"up": {"uv": [14.5, 7.75, 15, 8.25], "texture": "#1"}
			}
		},
		{
			"from": [15.25, 9.325, 7.75],
			"to": [15.75, 9.95, 8.25],
			"rotation": {"angle": 0, "axis": "y", "origin": [-1.75, 0, 0]},
			"faces": {
				"north": {"uv": [1, 6, 1.5, 6.25], "texture": "#1"},
				"east": {"uv": [7.75, 6, 8.25, 6.25], "texture": "#1"},
				"south": {"uv": [14.5, 6, 15, 6.25], "texture": "#1"},
				"west": {"uv": [7.75, 6, 8.25, 6.25], "texture": "#1"},
				"up": {"uv": [14.5, 7.75, 15, 8.25], "texture": "#1"}
			}
		},
		{
			"from": [14, 9.325, 7.75],
			"to": [14.5, 9.95, 8.25],
			"rotation": {"angle": 0, "axis": "y", "origin": [-1.75, 0, 0]},
			"faces": {
				"north": {"uv": [1, 6, 1.5, 6.25], "texture": "#1"},
				"east": {"uv": [7.75, 6, 8.25, 6.25], "texture": "#1"},
				"south": {"uv": [14.5, 6, 15, 6.25], "texture": "#1"},
				"west": {"uv": [7.75, 6, 8.25, 6.25], "texture": "#1"},
				"up": {"uv": [14.5, 7.75, 15, 8.25], "texture": "#1"}
			}
		},
		{
			"from": [6.475, 7.75, 10.65],
			"to": [8.475, 8.625, 11.9],
			"rotation": {"angle": 22.5, "axis": "y", "origin": [-1.75, 0, 0]},
			"faces": {
				"north": {"uv": [1, 6, 1.5, 6.25], "texture": "#texture"},
				"east": {"uv": [7.75, 6, 8.25, 6.25], "texture": "#texture"},
				"south": {"uv": [14.5, 6, 15, 6.25], "texture": "#texture"},
				"west": {"uv": [7.75, 6, 8.25, 6.25], "texture": "#texture"},
				"up": {"uv": [14.5, 7.75, 15, 8.25], "texture": "#texture"},
				"down": {"uv": [5, 7, 6, 8], "texture": "#texture"}
			}
		},
		{
			"from": [6.425, 7.7, 10.475],
			"to": [8.525, 8.675, 10.65],
			"rotation": {"angle": 22.5, "axis": "y", "origin": [-1.75, 0, 0]},
			"faces": {
				"north": {"uv": [1, 6, 1.5, 6.25], "texture": "#1"},
				"east": {"uv": [7.75, 6, 8.25, 6.25], "texture": "#1"},
				"south": {"uv": [14.5, 6, 15, 6.25], "texture": "#1"},
				"west": {"uv": [7.75, 6, 8.25, 6.25], "texture": "#1"},
				"up": {"uv": [14.5, 7.75, 15, 8.25], "texture": "#1"},
				"down": {"uv": [5, 7, 6, 8], "texture": "#1"}
			}
		},
		{
			"from": [10, 7.25, 7],
			"to": [12.3, 9.125, 9],
			"rotation": {"angle": 0, "axis": "y", "origin": [-1.75, 0, 0]},
			"faces": {
				"north": {"uv": [1, 6, 1.5, 6.25], "texture": "#1"},
				"east": {"uv": [7.75, 6, 8.25, 6.25], "texture": "#1"},
				"south": {"uv": [14.5, 6, 15, 6.25], "texture": "#1"},
				"west": {"uv": [7.75, 6, 8.25, 6.25], "texture": "#1"},
				"up": {"uv": [14.5, 7.75, 15, 8.25], "texture": "#1"},
				"down": {"uv": [5, 7, 6, 8], "texture": "#1"}
			}
		},
		{
			"from": [3.15, 7.425, 8.35],
			"to": [3.75, 9.125, 8.875],
			"rotation": {"angle": 0, "axis": "y", "origin": [-1.75, 0, 0]},
			"faces": {
				"north": {"uv": [1, 6, 1.5, 6.25], "texture": "#1"},
				"east": {"uv": [7.75, 6, 8.25, 6.25], "texture": "#1"},
				"south": {"uv": [14.5, 6, 15, 6.25], "texture": "#1"},
				"west": {"uv": [7.75, 6, 8.25, 6.25], "texture": "#1"},
				"up": {"uv": [14.5, 7.75, 15, 8.25], "texture": "#1"},
				"down": {"uv": [5, 7, 6, 8], "texture": "#1"}
			}
		},
		{
			"from": [3.15, 7.425, 7.125],
			"to": [3.75, 9.125, 7.625],
			"rotation": {"angle": 0, "axis": "y", "origin": [-1.75, 0, 0]},
			"faces": {
				"north": {"uv": [1, 6, 1.5, 6.25], "texture": "#1"},
				"east": {"uv": [7.75, 6, 8.25, 6.25], "texture": "#1"},
				"south": {"uv": [14.5, 6, 15, 6.25], "texture": "#1"},
				"west": {"uv": [7.75, 6, 8.25, 6.25], "texture": "#1"},
				"up": {"uv": [14.5, 7.75, 15, 8.25], "texture": "#1"},
				"down": {"uv": [5, 7, 6, 8], "texture": "#1"}
			}
		},
		{
			"from": [3.5, 6.5, 7.175],
			"to": [7, 7, 8.825],
			"rotation": {"angle": 0, "axis": "y", "origin": [-1.75, 0, 0]},
			"faces": {
				"north": {"uv": [1, 6.5, 1.75, 9], "texture": "#1"},
				"east": {"uv": [7.25, 6.5, 8.75, 9], "texture": "#1", "cullface": "east"},
				"south": {"uv": [14.25, 6.5, 15, 9], "texture": "#1"},
				"west": {"uv": [7.25, 6.5, 8.75, 9], "texture": "#1"},
				"up": {"uv": [15.25, 7.25, 16, 8.75], "texture": "#1"},
				"down": {"uv": [1.75, 8.75, 1, 7.25], "texture": "#1"}
			}
		},
		{
			"from": [3.75, 6.625, 7.125],
			"to": [6.75, 6.875, 8.875],
			"rotation": {"angle": 0, "axis": "y", "origin": [-1.75, 0, 0]},
			"faces": {
				"north": {"uv": [1, 6.5, 1.75, 9], "texture": "#texture"},
				"east": {"uv": [7.25, 6.5, 8.75, 9], "texture": "#texture", "cullface": "east"},
				"south": {"uv": [14.25, 6.5, 15, 9], "texture": "#texture"},
				"west": {"uv": [7.25, 6.5, 8.75, 9], "texture": "#texture"},
				"up": {"uv": [15.25, 7.25, 16, 8.75], "texture": "#texture"},
				"down": {"uv": [1.75, 8.75, 1, 7.25], "texture": "#texture"}
			}
		},
		{
			"from": [3, 7, 7.25],
			"to": [16.25, 7.5, 8.75],
			"rotation": {"angle": 0, "axis": "y", "origin": [-1.75, 0, 0]},
			"faces": {
				"north": {"uv": [1, 6.5, 1.75, 9], "texture": "#1"},
				"east": {"uv": [7.25, 6.5, 8.75, 9], "texture": "#1", "cullface": "east"},
				"south": {"uv": [14.25, 6.5, 15, 9], "texture": "#1"},
				"west": {"uv": [7.25, 6.5, 8.75, 9], "texture": "#1"},
				"up": {"uv": [15.25, 7.25, 16, 8.75], "texture": "#1"},
				"down": {"uv": [1.75, 8.75, 1, 7.25], "texture": "#1"}
			}
		},
		{
			"from": [13.175, 0.075, 7.5],
			"to": [13.425, 1.475, 8.5],
			"rotation": {"angle": 22.5, "axis": "z", "origin": [-1.75, -0.25, 0]},
			"faces": {
				"north": {"uv": [1.75, 10, 3.5, 10.25], "texture": "#1"},
				"east": {"uv": [7.5, 10, 8.5, 10.25], "texture": "#1"},
				"south": {"uv": [13.5, 10, 15.25, 10.25], "texture": "#1"},
				"west": {"uv": [7.5, 10, 8.5, 10.25], "texture": "#1"},
				"up": {"uv": [13.5, 7.5, 15.25, 8.5], "texture": "#1"},
				"down": {"uv": [2.5, 8.5, 0.75, 7.5], "texture": "#1"}
			}
		},
		{
			"from": [11.925, 5.75, 7.5],
			"to": [13.75, 6, 8.5],
			"rotation": {"angle": 0, "axis": "y", "origin": [-1.75, -0.25, 0]},
			"faces": {
				"north": {"uv": [1.75, 10, 3.5, 10.25], "texture": "#1"},
				"east": {"uv": [7.5, 10, 8.5, 10.25], "texture": "#1"},
				"south": {"uv": [13.5, 10, 15.25, 10.25], "texture": "#1"},
				"west": {"uv": [7.5, 10, 8.5, 10.25], "texture": "#1"},
				"up": {"uv": [13.5, 7.5, 15.25, 8.5], "texture": "#1"},
				"down": {"uv": [2.5, 8.5, 0.75, 7.5], "texture": "#1"}
			}
		},
		{
			"from": [15.275, -3.85, 7.5],
			"to": [16.825, -0.6, 8.5],
			"rotation": {"angle": 22.5, "axis": "z", "origin": [-1.75, -0.25, 0]},
			"faces": {
				"north": {"uv": [1.75, 10, 3.5, 10.25], "texture": "#1"},
				"east": {"uv": [7.5, 10, 8.5, 10.25], "texture": "#1"},
				"south": {"uv": [12.5, 10, 14.25, 10.25], "texture": "#1"},
				"west": {"uv": [7.5, 10, 8.5, 10.25], "texture": "#1"},
				"up": {"uv": [13.5, 7.5, 15.25, 8.5], "texture": "#1"},
				"down": {"uv": [2.5, 8.5, 0.75, 7.5], "texture": "#1"}
			}
		},
		{
			"from": [15.275, -3.85, 7.5],
			"to": [16.825, -0.6, 8.5],
			"rotation": {"angle": 22.5, "axis": "z", "origin": [-1.75, -0.25, 0]},
			"faces": {
				"north": {"uv": [1.75, 10, 3.5, 10.25], "texture": "#1"},
				"east": {"uv": [7.5, 10, 8.5, 10.25], "texture": "#1"},
				"south": {"uv": [12.5, 10, 14.25, 10.25], "texture": "#1"},
				"west": {"uv": [7.5, 10, 8.5, 10.25], "texture": "#1"},
				"up": {"uv": [13.5, 7.5, 15.25, 8.5], "texture": "#1"},
				"down": {"uv": [2.5, 8.5, 0.75, 7.5], "texture": "#1"}
			}
		},
		{
			"from": [14.925, -3.825, 7.75],
			"to": [16.575, -0.6, 8.25],
			"rotation": {"angle": 22.5, "axis": "z", "origin": [-1.75, -0.25, 0]},
			"faces": {
				"north": {"uv": [0.75, 10, 2.5, 10.25], "texture": "#texture"},
				"east": {"uv": [7.5, 10, 8.5, 10.25], "texture": "#texture"},
				"south": {"uv": [13.5, 10, 15.25, 10.25], "texture": "#texture"},
				"west": {"uv": [7.5, 10, 8.5, 10.25], "texture": "#texture"},
				"up": {"uv": [13.5, 7.5, 15.25, 8.5], "texture": "#texture"},
				"down": {"uv": [2.5, 8.5, 0.75, 7.5], "texture": "#texture"}
			}
		},
		{
			"from": [13.75, 5.75, 7.5],
			"to": [15.575, 7, 8.5],
			"rotation": {"angle": 0, "axis": "z", "origin": [-1.75, -0.25, 0]},
			"faces": {
				"north": {"uv": [1.75, 10, 3.5, 10.25], "texture": "#1"},
				"east": {"uv": [7.5, 10, 8.5, 10.25], "texture": "#1"},
				"south": {"uv": [12.5, 10, 14.25, 10.25], "texture": "#1"},
				"west": {"uv": [7.5, 10, 8.5, 10.25], "texture": "#1"},
				"up": {"uv": [13.5, 7.5, 15.25, 8.5], "texture": "#1"},
				"down": {"uv": [2.5, 8.5, 0.75, 7.5], "texture": "#1"}
			}
		},
		{
			"from": [13.25, 6.4, 7.75],
			"to": [13.5, 7.65, 8.25],
			"rotation": {"angle": -22.5, "axis": "z", "origin": [12.75, 7.25, 7.75]},
			"faces": {
				"north": {"uv": [0.75, 2, 1.25, 3.25], "texture": "#texture"},
				"east": {"uv": [7.75, 2, 8.25, 3.25], "texture": "#texture"},
				"south": {"uv": [14.75, 2, 15.25, 3.25], "texture": "#texture"},
				"west": {"uv": [7.75, 2, 8.25, 3.25], "texture": "#texture"},
				"down": {"uv": [1.25, 8.25, 0.75, 7.75], "texture": "#texture"}
			}
		}
	],
	"gui_light": "front",
	"display": {
		"thirdperson_righthand": {
			"rotation": [0, -90, 0],
			"translation": [0, 0.75, -4.25],
			"scale": [0.88, 0.88, 0.88]
		},
		"thirdperson_lefthand": {
			"rotation": [0, 90, 0],
			"translation": [0, 0.75, -4.25],
			"scale": [0.88, 0.88, 0.88]
		},
		"firstperson_righthand": {
			"rotation": [0, -90, 0],
			"translation": [0, 3, -5.75],
			"scale": [0.96, 0.96, 0.96]
		},
		"firstperson_lefthand": {
			"rotation": [0, 90, 0],
			"translation": [0, 3, -5.75],
			"scale": [0.96, 0.96, 0.96]
		},
		"ground": {
			"translation": [-2.75, 1.5, 0],
			"scale": [0.95, 0.95, 0.95]
		},
		"gui": {
			"rotation": [0, 0, -45],
			"translation": [-1.75, 2.25, 0],
			"scale": [0.94, 0.94, 0.94]
		},
		"head": {
			"translation": [-2.25, 0, 0]
		},
		"fixed": {
			"rotation": [0, 180, -45],
			"translation": [2.5, 3.25, -1.25],
			"scale": [1.34, 1.34, 1.34]
		}
	}
}