{
	"credit": "Made by SrDarmith - YouTube: Mainclay",
	"textures": {
		"particle": "itemm/anvil_1",
		"texture": "itemm/anvil_1",
		"wood door texture": "itemm/coal_block"
	},
	"elements": [
		{
			"name": "2",
			"from": [12.64688, 9.2908, 20.20006],
			"to": [12.85188, 9.4958, 23.91505],
			"rotation": {"angle": 22.5, "axis": "y", "origin": [6.53625, 10.29, 8.20063]},
			"faces": {
				"north": {"uv": [15, 7.5, 16, 8], "texture": "#texture"},
				"east": {"uv": [7, 7.5, 9, 8], "texture": "#texture"},
				"west": {"uv": [7, 7.5, 9, 8], "texture": "#texture"},
				"up": {"uv": [7, 0, 9, 1], "rotation": 270, "texture": "#texture"},
				"down": {"uv": [9, 0, 7, 1], "rotation": 90, "texture": "#texture"}
			}
		},
		{
			"name": "2",
			"from": [12.49368, 9.2907, -7.89383],
			"to": [12.69868, 9.4957, -4.10383],
			"rotation": {"angle": -22.5, "axis": "y", "origin": [6.53625, 10.29, 8.20063]},
			"faces": {
				"east": {"uv": [7, 7.5, 9, 8], "texture": "#texture"},
				"west": {"uv": [7, 7.5, 9, 8], "texture": "#texture"},
				"up": {"uv": [7, 0, 9, 1], "rotation": 270, "texture": "#texture"},
				"down": {"uv": [9, 0, 7, 1], "rotation": 90, "texture": "#texture"}
			}
		},
		{
			"name": "2",
			"from": [19.45581, 9.2908, -0.18923],
			"to": [19.66081, 9.4958, 3.77577],
			"rotation": {"angle": 22.5, "axis": "y", "origin": [6.53625, 10.29, 8.20063]},
			"faces": {
				"north": {"uv": [16, 7.5, 15, 8], "texture": "#texture"},
				"east": {"uv": [7, 7.5, 9, 8], "texture": "#texture"},
				"west": {"uv": [7, 7.5, 9, 8], "texture": "#texture"},
				"up": {"uv": [7, 0, 9, 1], "rotation": 270, "texture": "#texture"},
				"down": {"uv": [9, 0, 7, 1], "rotation": 90, "texture": "#texture"}
			}
		},
		{
			"name": "2",
			"from": [18.1154, 9.7644, -4.5303],
			"to": [18.3204, 9.9694, 20.5247],
			"rotation": {"angle": 0, "axis": "y", "origin": [6.53625, 10.29, 8.20063]},
			"faces": {
				"east": {"uv": [7, 7.5, 9, 8], "texture": "#texture"},
				"west": {"uv": [7, 7.5, 9, 8], "texture": "#texture"},
				"up": {"uv": [7, 0, 9, 1], "rotation": 270, "texture": "#texture"},
				"down": {"uv": [9, 0, 7, 1], "rotation": 90, "texture": "#texture"}
			}
		},
		{
			"name": "2",
			"from": [16.7493, 9.2896, -1.0405],
			"to": [16.9543, 9.4946, 17.1345],
			"rotation": {"angle": 0, "axis": "y", "origin": [6.53625, 10.29, 8.20063]},
			"faces": {
				"north": {"uv": [16, 7.5, 15, 8], "texture": "#texture"},
				"east": {"uv": [7, 7.5, 9, 8], "texture": "#texture"},
				"south": {"uv": [0, 7.5, 1, 8], "texture": "#texture"},
				"west": {"uv": [7, 7.5, 9, 8], "texture": "#texture"},
				"up": {"uv": [7, 0, 9, 1], "rotation": 270, "texture": "#texture"},
				"down": {"uv": [9, 0, 7, 1], "rotation": 90, "texture": "#texture"}
			}
		},
		{
			"name": "2",
			"from": [19.30917, 9.2907, 12.30893],
			"to": [19.51417, 9.4957, 16.07393],
			"rotation": {"angle": -22.5, "axis": "y", "origin": [6.53625, 10.29, 8.20063]},
			"faces": {
				"east": {"uv": [7, 7.5, 9, 8], "texture": "#texture"},
				"west": {"uv": [7, 7.5, 9, 8], "texture": "#texture"},
				"up": {"uv": [7, 0, 9, 1], "rotation": 270, "texture": "#texture"},
				"down": {"uv": [9, 0, 7, 1], "rotation": 90, "texture": "#texture"}
			}
		},
		{
			"name": "1",
			"from": [16.83368, 10.0448, -0.89768],
			"to": [21.87368, 10.8548, -0.08768],
			"rotation": {"angle": 22.5, "axis": "y", "origin": [6.53625, 10.29, 8.20063]},
			"faces": {
				"north": {"uv": [10.9, 10.25, 10.1, 10.85], "texture": "#wood door texture"},
				"east": {"uv": [10.2, 10.25, 10.9, 10.85], "texture": "#wood door texture"},
				"south": {"uv": [10.9, 10.15, 10.2, 10.85], "texture": "#wood door texture"},
				"west": {"uv": [10.1, 10.25, 10.9, 10.85], "texture": "#wood door texture"},
				"up": {"uv": [10.3, 10.25, 10.9, 10.85], "rotation": 270, "texture": "#wood door texture"},
				"down": {"uv": [10.9, 10.25, 10.2, 10.75], "rotation": 90, "texture": "#wood door texture"}
			}
		},
		{
			"name": "1",
			"from": [13.35925, 10.0449, 3.74931],
			"to": [19.5492, 10.8549, 4.55931],
			"rotation": {"angle": 45, "axis": "y", "origin": [6.53625, 10.29, 8.20063]},
			"faces": {
				"north": {"uv": [10.9, 10.25, 10.1, 10.85], "texture": "#wood door texture"},
				"south": {"uv": [10.9, 10.15, 10.2, 10.85], "texture": "#wood door texture"},
				"west": {"uv": [10.1, 10.25, 10.9, 10.85], "texture": "#wood door texture"},
				"up": {"uv": [10.3, 10.25, 10.9, 10.85], "rotation": 270, "texture": "#wood door texture"},
				"down": {"uv": [10.9, 10.25, 10.2, 10.75], "rotation": 90, "texture": "#wood door texture"}
			}
		},
		{
			"name": "1",
			"from": [21.11208, 8.2231, -0.69628],
			"to": [21.51708, 11.0581, -0.29128],
			"rotation": {"angle": 22.5, "axis": "y", "origin": [6.53625, 10.29, 8.20063]},
			"faces": {
				"north": {"uv": [16, 7.5, 15, 8], "texture": "#texture"},
				"east": {"uv": [7, 7.5, 9, 8], "texture": "#texture"},
				"south": {"uv": [0, 7.5, 1, 8], "texture": "#texture"},
				"west": {"uv": [7, 7.5, 9, 8], "texture": "#texture"},
				"up": {"uv": [7, 0, 9, 1], "rotation": 270, "texture": "#texture"},
				"down": {"uv": [9, 0, 7, 1], "rotation": 90, "texture": "#texture"}
			}
		},
		{
			"name": "1",
			"from": [20.92969, 8.2234, 16.3382],
			"to": [21.33469, 11.0584, 16.7432],
			"rotation": {"angle": -22.5, "axis": "y", "origin": [6.53625, 10.29, 8.20063]},
			"faces": {
				"north": {"uv": [16, 7.5, 15, 8], "texture": "#texture"},
				"east": {"uv": [7, 7.5, 9, 8], "texture": "#texture"},
				"south": {"uv": [0, 7.5, 1, 8], "texture": "#texture"},
				"west": {"uv": [7, 7.5, 9, 8], "texture": "#texture"},
				"up": {"uv": [7, 0, 9, 1], "rotation": 270, "texture": "#texture"},
				"down": {"uv": [9, 0, 7, 1], "rotation": 90, "texture": "#texture"}
			}
		},
		{
			"name": "1",
			"from": [7.5725, 8.2234, 0.7368],
			"to": [7.9775, 11.0584, 1.1418],
			"rotation": {"angle": 0, "axis": "y", "origin": [6.53625, 10.29, 8.20063]},
			"faces": {
				"north": {"uv": [10, 11, 11, 10], "texture": "#wood door texture"},
				"east": {"uv": [10, 11, 11, 10], "texture": "#wood door texture"},
				"south": {"uv": [10, 11, 11, 10], "texture": "#wood door texture"},
				"west": {"uv": [10, 11, 11, 10], "texture": "#wood door texture"},
				"up": {"uv": [10, 11, 11, 10], "rotation": 270, "texture": "#wood door texture"},
				"down": {"uv": [10, 11, 11, 10], "rotation": 90, "texture": "#wood door texture"}
			}
		},
		{
			"name": "1",
			"from": [7.6225, 8.2234, 14.9118],
			"to": [8.0275, 11.0584, 15.3168],
			"rotation": {"angle": 0, "axis": "x", "origin": [6.53625, 10.29, 8.20063]},
			"faces": {
				"north": {"uv": [10, 11, 11, 10], "texture": "#wood door texture"},
				"east": {"uv": [10, 11, 11, 10], "texture": "#wood door texture"},
				"south": {"uv": [10, 11, 11, 10], "texture": "#wood door texture"},
				"west": {"uv": [10, 11, 11, 10], "texture": "#wood door texture"},
				"up": {"uv": [10, 11, 11, 10], "rotation": 270, "texture": "#wood door texture"},
				"down": {"uv": [10, 11, 11, 10], "rotation": 90, "texture": "#wood door texture"}
			}
		},
		{
			"name": "1",
			"from": [17.7718, 9.2342, 20.2746],
			"to": [18.0018, 10.0442, 20.5046],
			"rotation": {"angle": 0, "axis": "y", "origin": [6.53625, 10.29, 8.20063]},
			"faces": {
				"north": {"uv": [0, 1, 1, 0], "texture": "#texture"},
				"east": {"uv": [7, 7.5, 9, 8], "texture": "#texture"},
				"south": {"uv": [0, 1, 1, 0], "texture": "#texture"},
				"west": {"uv": [7, 7.5, 9, 8], "texture": "#texture"},
				"up": {"uv": [7, 1, 9, 0], "rotation": 270, "texture": "#texture"},
				"down": {"uv": [9, 1, 7, 0], "rotation": 90, "texture": "#texture"}
			}
		},
		{
			"name": "1",
			"from": [15.5468, 9.2342, -4.5254],
			"to": [15.7768, 10.0442, -4.2954],
			"rotation": {"angle": 0, "axis": "y", "origin": [6.53625, 10.29, 8.20063]},
			"faces": {
				"north": {"uv": [0, 1, 1, 0], "texture": "#texture"},
				"east": {"uv": [7, 7.5, 9, 8], "texture": "#texture"},
				"south": {"uv": [0, 1, 1, 0], "texture": "#texture"},
				"west": {"uv": [7, 7.5, 9, 8], "texture": "#texture"},
				"up": {"uv": [7, 1, 9, 0], "rotation": 270, "texture": "#texture"},
				"down": {"uv": [9, 1, 7, 0], "rotation": 90, "texture": "#texture"}
			}
		},
		{
			"name": "1",
			"from": [15.1553, 9.2358, -6.7254],
			"to": [15.5603, 10.0458, -4.2954],
			"rotation": {"angle": 0, "axis": "y", "origin": [6.53625, 10.29, 8.20063]},
			"faces": {
				"north": {"uv": [16, 7.5, 15, 8], "texture": "#texture"},
				"east": {"uv": [7, 7.5, 9, 8], "texture": "#texture"},
				"south": {"uv": [0, 7.5, 1, 8], "texture": "#texture"},
				"west": {"uv": [7, 7.5, 9, 8], "texture": "#texture"},
				"up": {"uv": [7, 1, 9, 0], "rotation": 270, "texture": "#texture"},
				"down": {"uv": [9, 1, 7, 0], "rotation": 90, "texture": "#texture"}
			}
		},
		{
			"name": "1",
			"from": [15.5468, 9.2342, -6.7254],
			"to": [15.7768, 10.0442, -6.4954],
			"rotation": {"angle": 0, "axis": "y", "origin": [6.53625, 10.29, 8.20063]},
			"faces": {
				"north": {"uv": [0, 1, 1, 0], "texture": "#texture"},
				"east": {"uv": [7, 7.5, 9, 8], "texture": "#texture"},
				"south": {"uv": [0, 1, 1, 0], "texture": "#texture"},
				"west": {"uv": [7, 7.5, 9, 8], "texture": "#texture"},
				"up": {"uv": [7, 1, 9, 0], "rotation": 270, "texture": "#texture"},
				"down": {"uv": [9, 1, 7, 0], "rotation": 90, "texture": "#texture"}
			}
		},
		{
			"name": "1",
			"from": [15.5602, 9.2357, -7.1295],
			"to": [17.9902, 10.0457, -6.7245],
			"rotation": {"angle": 0, "axis": "y", "origin": [6.53625, 10.29, 8.20063]},
			"faces": {
				"north": {"uv": [16, 7.5, 15, 8], "texture": "#texture"},
				"east": {"uv": [7, 7.5, 9, 8], "texture": "#texture"},
				"south": {"uv": [0, 7.5, 1, 8], "texture": "#texture"},
				"west": {"uv": [7, 7.5, 9, 8], "texture": "#texture"},
				"up": {"uv": [7, 1, 9, 0], "rotation": 270, "texture": "#texture"},
				"down": {"uv": [9, 1, 7, 0], "rotation": 90, "texture": "#texture"}
			}
		},
		{
			"name": "1",
			"from": [15.4968, 9.2342, -5.7004],
			"to": [18.0018, 10.0442, -5.3204],
			"rotation": {"angle": 0, "axis": "y", "origin": [6.53625, 10.29, 8.20063]},
			"faces": {
				"north": {"uv": [0, 1, 1, 0], "texture": "#texture"},
				"east": {"uv": [7, 7.5, 9, 8], "texture": "#texture"},
				"south": {"uv": [0, 1, 1, 0], "texture": "#texture"},
				"west": {"uv": [7, 7.5, 9, 8], "texture": "#texture"},
				"up": {"uv": [7, 1, 9, 0], "rotation": 270, "texture": "#texture"},
				"down": {"uv": [9, 1, 7, 0], "rotation": 90, "texture": "#texture"}
			}
		},
		{
			"name": "1",
			"from": [16.5718, 9.2342, -6.7254],
			"to": [16.9768, 10.0442, -4.2954],
			"rotation": {"angle": 0, "axis": "y", "origin": [6.53625, 10.29, 8.20063]},
			"faces": {
				"east": {"uv": [7, 7.5, 9, 8], "texture": "#texture"},
				"west": {"uv": [7, 7.5, 9, 8], "texture": "#texture"},
				"up": {"uv": [7, 1, 9, 0], "rotation": 270, "texture": "#texture"},
				"down": {"uv": [9, 1, 7, 0], "rotation": 90, "texture": "#texture"}
			}
		},
		{
			"name": "1",
			"from": [15.5603, 9.2357, -4.2953],
			"to": [17.9903, 10.0457, -3.8903],
			"rotation": {"angle": 0, "axis": "y", "origin": [6.53625, 10.29, 8.20063]},
			"faces": {
				"north": {"uv": [16, 7.5, 15, 8], "texture": "#texture"},
				"east": {"uv": [7, 7.5, 9, 8], "texture": "#texture"},
				"south": {"uv": [0, 7.5, 1, 8], "texture": "#texture"},
				"west": {"uv": [7, 7.5, 9, 8], "texture": "#texture"},
				"up": {"uv": [7, 1, 9, 0], "rotation": 270, "texture": "#texture"},
				"down": {"uv": [9, 1, 7, 0], "rotation": 90, "texture": "#texture"}
			}
		},
		{
			"name": "1",
			"from": [17.7468, 9.2342, -4.5254],
			"to": [17.9768, 10.0442, -4.2954],
			"rotation": {"angle": 0, "axis": "y", "origin": [6.53625, 10.29, 8.20063]},
			"faces": {
				"north": {"uv": [0, 1, 1, 0], "texture": "#texture"},
				"east": {"uv": [7, 7.5, 9, 8], "texture": "#texture"},
				"south": {"uv": [0, 1, 1, 0], "texture": "#texture"},
				"west": {"uv": [7, 7.5, 9, 8], "texture": "#texture"},
				"up": {"uv": [7, 1, 9, 0], "rotation": 270, "texture": "#texture"},
				"down": {"uv": [9, 1, 7, 0], "rotation": 90, "texture": "#texture"}
			}
		},
		{
			"name": "1",
			"from": [17.9908, 9.2348, -6.7256],
			"to": [18.3958, 10.0448, -4.2956],
			"rotation": {"angle": 0, "axis": "y", "origin": [6.53625, 10.29, 8.20063]},
			"faces": {
				"north": {"uv": [16, 7.5, 15, 8], "texture": "#texture"},
				"east": {"uv": [7, 7.5, 9, 8], "texture": "#texture"},
				"south": {"uv": [0, 7.5, 1, 8], "texture": "#texture"},
				"west": {"uv": [7, 7.5, 9, 8], "texture": "#texture"},
				"up": {"uv": [7, 1, 9, 0], "rotation": 270, "texture": "#texture"},
				"down": {"uv": [9, 1, 7, 0], "rotation": 90, "texture": "#texture"}
			}
		},
		{
			"name": "1",
			"from": [17.7718, 9.2342, -6.7254],
			"to": [18.0018, 10.0442, -6.4954],
			"rotation": {"angle": 0, "axis": "y", "origin": [6.53625, 10.29, 8.20063]},
			"faces": {
				"north": {"uv": [0, 1, 1, 0], "texture": "#texture"},
				"east": {"uv": [7, 7.5, 9, 8], "texture": "#texture"},
				"south": {"uv": [0, 1, 1, 0], "texture": "#texture"},
				"west": {"uv": [7, 7.5, 9, 8], "texture": "#texture"},
				"up": {"uv": [7, 1, 9, 0], "rotation": 270, "texture": "#texture"},
				"down": {"uv": [9, 1, 7, 0], "rotation": 90, "texture": "#texture"}
			}
		},
		{
			"name": "1",
			"from": [17.7718, 9.2342, 22.4746],
			"to": [18.0018, 10.0442, 22.7046],
			"rotation": {"angle": 0, "axis": "y", "origin": [6.53625, 10.29, 8.20063]},
			"faces": {
				"north": {"uv": [0, 1, 1, 0], "texture": "#texture"},
				"east": {"uv": [7, 7.5, 9, 8], "texture": "#texture"},
				"south": {"uv": [0, 1, 1, 0], "texture": "#texture"},
				"west": {"uv": [7, 7.5, 9, 8], "texture": "#texture"},
				"up": {"uv": [7, 1, 9, 0], "rotation": 270, "texture": "#texture"},
				"down": {"uv": [9, 1, 7, 0], "rotation": 90, "texture": "#texture"}
			}
		},
		{
			"name": "1",
			"from": [15.5468, 9.2342, 22.4746],
			"to": [15.7768, 10.0442, 22.7046],
			"rotation": {"angle": 0, "axis": "y", "origin": [6.53625, 10.29, 8.20063]},
			"faces": {
				"north": {"uv": [0, 1, 1, 0], "texture": "#texture"},
				"east": {"uv": [7, 7.5, 9, 8], "texture": "#texture"},
				"south": {"uv": [0, 1, 1, 0], "texture": "#texture"},
				"west": {"uv": [7, 7.5, 9, 8], "texture": "#texture"},
				"up": {"uv": [7, 1, 9, 0], "rotation": 270, "texture": "#texture"},
				"down": {"uv": [9, 1, 7, 0], "rotation": 90, "texture": "#texture"}
			}
		},
		{
			"name": "1",
			"from": [15.5468, 9.2342, 20.2746],
			"to": [15.7768, 10.0442, 20.5046],
			"rotation": {"angle": 0, "axis": "y", "origin": [6.53625, 10.29, 8.20063]},
			"faces": {
				"north": {"uv": [0, 1, 1, 0], "texture": "#texture"},
				"east": {"uv": [7, 7.5, 9, 8], "texture": "#texture"},
				"south": {"uv": [0, 1, 1, 0], "texture": "#texture"},
				"west": {"uv": [7, 7.5, 9, 8], "texture": "#texture"},
				"up": {"uv": [7, 1, 9, 0], "rotation": 270, "texture": "#texture"},
				"down": {"uv": [9, 1, 7, 0], "rotation": 90, "texture": "#texture"}
			}
		},
		{
			"name": "1",
			"from": [15.4968, 9.2342, 21.2996],
			"to": [18.0018, 10.0442, 21.6796],
			"rotation": {"angle": 0, "axis": "y", "origin": [6.53625, 10.29, 8.20063]},
			"faces": {
				"north": {"uv": [0, 1, 1, 0], "texture": "#texture"},
				"east": {"uv": [7, 7.5, 9, 8], "texture": "#texture"},
				"south": {"uv": [0, 1, 1, 0], "texture": "#texture"},
				"west": {"uv": [7, 7.5, 9, 8], "texture": "#texture"},
				"up": {"uv": [7, 1, 9, 0], "rotation": 270, "texture": "#texture"},
				"down": {"uv": [9, 1, 7, 0], "rotation": 90, "texture": "#texture"}
			}
		},
		{
			"name": "1",
			"from": [16.5718, 9.2342, 20.2746],
			"to": [16.9768, 10.0442, 22.7046],
			"rotation": {"angle": 0, "axis": "y", "origin": [6.53625, 10.29, 8.20063]},
			"faces": {
				"east": {"uv": [7, 7.5, 9, 8], "texture": "#texture"},
				"west": {"uv": [7, 7.5, 9, 8], "texture": "#texture"},
				"up": {"uv": [7, 1, 9, 0], "rotation": 270, "texture": "#texture"},
				"down": {"uv": [9, 1, 7, 0], "rotation": 90, "texture": "#texture"}
			}
		},
		{
			"name": "1",
			"from": [15.5603, 9.2357, 22.7047],
			"to": [17.9903, 10.0457, 23.1097],
			"rotation": {"angle": 0, "axis": "y", "origin": [6.53625, 10.29, 8.20063]},
			"faces": {
				"north": {"uv": [16, 7.5, 15, 8], "texture": "#texture"},
				"east": {"uv": [7, 7.5, 9, 8], "texture": "#texture"},
				"south": {"uv": [0, 7.5, 1, 8], "texture": "#texture"},
				"west": {"uv": [7, 7.5, 9, 8], "texture": "#texture"},
				"up": {"uv": [7, 1, 9, 0], "rotation": 270, "texture": "#texture"},
				"down": {"uv": [9, 1, 7, 0], "rotation": 90, "texture": "#texture"}
			}
		},
		{
			"name": "1",
			"from": [15.5602, 9.2357, 19.8705],
			"to": [17.9902, 10.0457, 20.2755],
			"rotation": {"angle": 0, "axis": "y", "origin": [6.53625, 10.29, 8.20063]},
			"faces": {
				"north": {"uv": [16, 7.5, 15, 8], "texture": "#texture"},
				"east": {"uv": [7, 7.5, 9, 8], "texture": "#texture"},
				"south": {"uv": [0, 7.5, 1, 8], "texture": "#texture"},
				"west": {"uv": [7, 7.5, 9, 8], "texture": "#texture"},
				"up": {"uv": [7, 1, 9, 0], "rotation": 270, "texture": "#texture"},
				"down": {"uv": [9, 1, 7, 0], "rotation": 90, "texture": "#texture"}
			}
		},
		{
			"name": "1",
			"from": [17.9908, 9.2348, 20.2744],
			"to": [18.3958, 10.0448, 22.7044],
			"rotation": {"angle": 0, "axis": "y", "origin": [6.53625, 10.29, 8.20063]},
			"faces": {
				"north": {"uv": [16, 7.5, 15, 8], "texture": "#texture"},
				"east": {"uv": [7, 7.5, 9, 8], "texture": "#texture"},
				"south": {"uv": [0, 7.5, 1, 8], "texture": "#texture"},
				"west": {"uv": [7, 7.5, 9, 8], "texture": "#texture"},
				"up": {"uv": [7, 1, 9, 0], "rotation": 270, "texture": "#texture"},
				"down": {"uv": [9, 1, 7, 0], "rotation": 90, "texture": "#texture"}
			}
		},
		{
			"name": "1",
			"from": [15.1553, 9.2358, 20.2746],
			"to": [15.5603, 10.0458, 22.7046],
			"rotation": {"angle": 0, "axis": "y", "origin": [6.53625, 10.29, 8.20063]},
			"faces": {
				"north": {"uv": [16, 7.5, 15, 8], "texture": "#texture"},
				"east": {"uv": [7, 7.5, 9, 8], "texture": "#texture"},
				"south": {"uv": [0, 7.5, 1, 8], "texture": "#texture"},
				"west": {"uv": [7, 7.5, 9, 8], "texture": "#texture"},
				"up": {"uv": [7, 1, 9, 0], "rotation": 270, "texture": "#texture"},
				"down": {"uv": [9, 1, 7, 0], "rotation": 90, "texture": "#texture"}
			}
		},
		{
			"name": "3",
			"from": [11.77855, 8.4244, 3.29917],
			"to": [13.37355, 10.8544, 4.56417],
			"rotation": {"angle": 45, "axis": "y", "origin": [6.53625, 10.29, 8.20063]},
			"faces": {
				"north": {"uv": [16, 7.5, 10.5, 4], "texture": "#texture"},
				"east": {"uv": [7, 7.5, 9, 8], "texture": "#texture"},
				"south": {"uv": [0, 7.5, 1, 8], "texture": "#texture"},
				"west": {"uv": [7, 7.5, 9, 8], "texture": "#texture"},
				"up": {"uv": [7, 0, 9, 1], "rotation": 270, "texture": "#texture"},
				"down": {"uv": [9, 0, 7, 1], "rotation": 90, "texture": "#texture"}
			}
		},
		{
			"name": "3",
			"from": [11.51648, 8.4245, 11.57045],
			"to": [13.13648, 10.8545, 12.81045],
			"rotation": {"angle": -45, "axis": "y", "origin": [6.53625, 10.29, 8.20063]},
			"faces": {
				"north": {"uv": [16, 7.5, 11.5, 9.5], "texture": "#texture"},
				"east": {"uv": [7, 7.5, 9, 8], "texture": "#texture"},
				"south": {"uv": [0, 7.5, 3.5, 5.5], "texture": "#texture"},
				"west": {"uv": [7, 7.5, 9, 8], "texture": "#texture"},
				"up": {"uv": [7, 0, 3, 4], "rotation": 270, "texture": "#texture"},
				"down": {"uv": [9, 0, 4, 3.5], "rotation": 90, "texture": "#texture"}
			}
		},
		{
			"name": "1",
			"from": [16.83288, 8.4246, -0.89888],
			"to": [21.87288, 9.2346, -0.08888],
			"rotation": {"angle": 22.5, "axis": "y", "origin": [6.53625, 10.29, 8.20063]},
			"faces": {
				"north": {"uv": [10.9, 10.25, 10.1, 10.85], "texture": "#wood door texture"},
				"east": {"uv": [10.2, 10.25, 10.9, 10.85], "texture": "#wood door texture"},
				"south": {"uv": [10.9, 10.15, 10.2, 10.85], "texture": "#wood door texture"},
				"west": {"uv": [10.1, 10.25, 10.9, 10.85], "texture": "#wood door texture"},
				"up": {"uv": [10.3, 10.25, 10.9, 10.85], "rotation": 270, "texture": "#wood door texture"},
				"down": {"uv": [10.9, 10.25, 10.2, 10.75], "rotation": 90, "texture": "#wood door texture"}
			}
		},
		{
			"name": "1",
			"from": [13.33415, 8.4259, 3.74941],
			"to": [19.5491, 9.2359, 4.55941],
			"rotation": {"angle": 45, "axis": "y", "origin": [6.53625, 10.29, 8.20063]},
			"faces": {
				"north": {"uv": [10.9, 10.25, 10.1, 10.85], "texture": "#wood door texture"},
				"south": {"uv": [10.9, 10.15, 10.2, 10.85], "texture": "#wood door texture"},
				"west": {"uv": [10.1, 10.25, 10.9, 10.85], "texture": "#wood door texture"},
				"up": {"uv": [10.3, 10.25, 10.9, 10.85], "rotation": 270, "texture": "#wood door texture"},
				"down": {"uv": [10.9, 10.25, 10.2, 10.75], "rotation": 90, "texture": "#wood door texture"}
			}
		},
		{
			"name": "1",
			"from": [16.65199, 10.0454, 16.1356],
			"to": [21.69199, 10.8554, 16.9456],
			"rotation": {"angle": -22.5, "axis": "y", "origin": [6.53625, 10.29, 8.20063]},
			"faces": {
				"north": {"uv": [10.925, 10.2, 10.125, 10.8], "texture": "#wood door texture"},
				"east": {"uv": [10.225, 10.2, 10.925, 10.8], "texture": "#wood door texture"},
				"south": {"uv": [10.925, 10.1, 10.225, 10.8], "texture": "#wood door texture"},
				"west": {"uv": [10.125, 10.2, 10.925, 10.8], "texture": "#wood door texture"},
				"up": {"uv": [10.325, 10.2, 10.925, 10.8], "rotation": 270, "texture": "#wood door texture"},
				"down": {"uv": [10.925, 10.2, 10.225, 10.7], "rotation": 90, "texture": "#wood door texture"}
			}
		},
		{
			"name": "1",
			"from": [16.65239, 8.4246, 16.1355],
			"to": [21.69239, 9.2346, 16.9455],
			"rotation": {"angle": -22.5, "axis": "y", "origin": [6.53625, 10.29, 8.20063]},
			"faces": {
				"north": {"uv": [10.925, 10.2, 10.125, 10.8], "texture": "#wood door texture"},
				"east": {"uv": [10.225, 10.2, 10.925, 10.8], "texture": "#wood door texture"},
				"south": {"uv": [10.925, 10.1, 10.225, 10.8], "texture": "#wood door texture"},
				"west": {"uv": [10.125, 10.2, 10.925, 10.8], "texture": "#wood door texture"},
				"up": {"uv": [10.325, 10.2, 10.925, 10.8], "rotation": 270, "texture": "#wood door texture"},
				"down": {"uv": [10.925, 10.2, 10.225, 10.7], "rotation": 90, "texture": "#wood door texture"}
			}
		},
		{
			"name": "1",
			"from": [13.12369, 8.4248, 11.586],
			"to": [19.23867, 9.2348, 12.396],
			"rotation": {"angle": -45, "axis": "y", "origin": [6.53625, 10.29, 8.20063]},
			"faces": {
				"north": {"uv": [10.925, 10.2, 10.125, 10.8], "texture": "#wood door texture"},
				"south": {"uv": [10.925, 10.1, 10.225, 10.8], "texture": "#wood door texture"},
				"west": {"uv": [10.125, 10.2, 10.925, 10.8], "texture": "#wood door texture"},
				"up": {"uv": [10.325, 10.2, 10.925, 10.8], "rotation": 270, "texture": "#wood door texture"},
				"down": {"uv": [10.925, 10.2, 10.225, 10.7], "rotation": 90, "texture": "#wood door texture"}
			}
		},
		{
			"name": "1",
			"from": [13.12419, 10.0443, 11.5868],
			"to": [19.23917, 10.8543, 12.3968],
			"rotation": {"angle": -45, "axis": "y", "origin": [6.53625, 10.29, 8.20063]},
			"faces": {
				"north": {"uv": [10.925, 10.2, 10.125, 10.8], "texture": "#wood door texture"},
				"south": {"uv": [10.925, 10.1, 10.225, 10.8], "texture": "#wood door texture"},
				"west": {"uv": [10.125, 10.2, 10.925, 10.8], "texture": "#wood door texture"},
				"up": {"uv": [10.325, 10.2, 10.925, 10.8], "rotation": 270, "texture": "#wood door texture"},
				"down": {"uv": [10.925, 10.2, 10.225, 10.7], "rotation": 90, "texture": "#wood door texture"}
			}
		},
		{
			"name": "1",
			"from": [4.2262, 9.2342, 0.03979],
			"to": [7.46625, 10.0442, 1.96979],
			"rotation": {"angle": -22.5, "axis": "y", "origin": [6.53625, 10.29, 8.20063]},
			"faces": {
				"north": {"uv": [16, 7.5, 15, 8], "texture": "#texture"},
				"east": {"uv": [7, 7.5, 9, 8], "texture": "#texture"},
				"south": {"uv": [0, 7.5, 1, 8], "texture": "#texture"},
				"west": {"uv": [7, 7.5, 9, 8], "texture": "#texture"},
				"up": {"uv": [7, 0, 10, 2], "rotation": 270, "texture": "#texture"},
				"down": {"uv": [10, 0, 7, 2], "rotation": 90, "texture": "#texture"}
			}
		},
		{
			"name": "1",
			"from": [4.33824, 9.2353, 14.08327],
			"to": [7.57824, 10.0453, 16.01327],
			"rotation": {"angle": 22.5, "axis": "y", "origin": [6.53625, 10.29, 8.20063]},
			"faces": {
				"north": {"uv": [16, 7.5, 15, 8], "texture": "#texture"},
				"east": {"uv": [7, 7.5, 9, 8], "texture": "#texture"},
				"south": {"uv": [0, 7.5, 1, 8], "texture": "#texture"},
				"west": {"uv": [7, 7.5, 9, 8], "texture": "#texture"},
				"up": {"uv": [7, 0, 10, 2], "rotation": 270, "texture": "#texture"},
				"down": {"uv": [10, 0, 7, 2], "rotation": 90, "texture": "#texture"}
			}
		},
		{
			"name": "1",
			"from": [12.51942, 9.2352, 5.94738],
			"to": [14.44942, 10.0452, 9.2624],
			"rotation": {"angle": 45, "axis": "y", "origin": [6.53625, 10.29, 8.20063]},
			"faces": {
				"north": {"uv": [7, 7.5, 9, 8], "texture": "#texture"},
				"east": {"uv": [16, 7.5, 15, 9], "texture": "#texture"},
				"south": {"uv": [0, 0, 1, 1], "texture": "#texture"},
				"west": {"uv": [0, 7.5, 1, 8], "texture": "#texture"},
				"up": {"uv": [7, 0, 10, 2], "texture": "#texture"},
				"down": {"uv": [10, 0, 7, 2], "texture": "#texture"}
			}
		},
		{
			"name": "1",
			"from": [4.51914, 9.2355, 13.90982],
			"to": [7.85914, 10.0455, 15.83982],
			"rotation": {"angle": 45, "axis": "y", "origin": [6.53625, 10.29, 8.20063]},
			"faces": {
				"north": {"uv": [16, 7.5, 15, 8], "texture": "#texture"},
				"east": {"uv": [0, 0, 1, 1], "texture": "#texture"},
				"south": {"uv": [0, 7.5, 1, 8], "texture": "#texture"},
				"west": {"uv": [7, 7.5, 9, 8], "texture": "#texture"},
				"up": {"uv": [7, 0, 10, 2], "rotation": 270, "texture": "#texture"},
				"down": {"uv": [10, 0, 7, 2], "rotation": 90, "texture": "#texture"}
			}
		},
		{
			"name": "1",
			"from": [11.0694, 8.9845, 4.5457],
			"to": [13.0244, 10.2945, 11.4757],
			"rotation": {"angle": 0, "axis": "y", "origin": [6.53625, 10.29, 8.20063]},
			"faces": {
				"north": {"uv": [10, 11, 11, 10], "texture": "#wood door texture"},
				"east": {"uv": [10, 11, 11, 10], "texture": "#wood door texture"},
				"south": {"uv": [10, 11, 11, 10], "texture": "#wood door texture"},
				"west": {"uv": [10, 11, 11, 10], "texture": "#wood door texture"},
				"up": {"uv": [10, 11, 11, 10], "rotation": 270, "texture": "#wood door texture"},
				"down": {"uv": [10, 11, 11, 10], "rotation": 90, "texture": "#wood door texture"}
			}
		},
		{
			"name": "1",
			"from": [11.1944, 9.2345, 3.3707],
			"to": [12.8744, 10.0445, 12.6257],
			"rotation": {"angle": 0, "axis": "y", "origin": [6.53625, 10.29, 8.20063]},
			"faces": {
				"north": {"uv": [16, 7.5, 15, 8], "texture": "#texture"},
				"east": {"uv": [7, 7.5, 9, 8], "texture": "#texture"},
				"south": {"uv": [0, 7.5, 1, 8], "texture": "#texture"},
				"west": {"uv": [7, 7.5, 9, 8], "texture": "#texture"},
				"up": {"uv": [7, 0, 10, 2], "rotation": 270, "texture": "#texture"},
				"down": {"uv": [10, 0, 7, 2], "rotation": 90, "texture": "#texture"}
			}
		}
	],
	"gui_light": "front",
	"display": {
		"thirdperson_righthand": {
			"rotation": [90, 90, 90],
			"translation": [0, 0.25, -2.75],
			"scale": [0.85, 0.85, 0.85]
		},
		"thirdperson_lefthand": {
			"rotation": [-90, 90, 90],
			"translation": [0, -3.25, -2.75],
			"scale": [0.85, 0.85, 0.85]
		},
		"firstperson_righthand": {
			"rotation": [90, -89, 90],
			"translation": [-8.75, 2.5, -5],
			"scale": [0.95, 0.95, 0.95]
		},
		"firstperson_lefthand": {
			"rotation": [-107, -89, 90],
			"translation": [-8.75, 2.5, -5],
			"scale": [0.95, 0.95, 0.95]
		},
		"ground": {
			"rotation": [90, 0, 0],
			"translation": [-3.75, 6.25, -1],
			"scale": [0.65, 0.65, 0.65]
		},
		"gui": {
			"rotation": [90, 135, 180],
			"translation": [-3.5, 3.5, 0.25],
			"scale": [0.64, 0.64, 0.64]
		},
		"head": {
			"rotation": [90, 0, 0],
			"translation": [-5, 5.25, -1.75]
		},
		"fixed": {
			"rotation": [90, 45, 180],
			"translation": [4.25, 4.5, 0.25],
			"scale": [0.8, 0.8, 0.8]
		}
	}
}