{
	"credit": "Made By Ubalube",
	"textures": {
		"texture": "guns/gray7",
		"texture1": "guns/gray6",
		"texture2": "guns/scope3",
		"texture3": "guns/black",
		"particle": "blocks/e_particle"
	},
	"elements": [
		{
			"name": "Box1",
			"from": [10.5, 0.5, 4],
			"to": [13.5, 2, 6],
			"faces": {
				"north": {"uv": [2.5, 14, 5.5, 15.5], "texture": "#texture"},
				"east": {"uv": [10, 14, 12, 15.5], "texture": "#texture"},
				"south": {"uv": [10.5, 14, 13.5, 15.5], "texture": "#texture"},
				"west": {"uv": [4, 14, 6, 15.5], "texture": "#texture"},
				"up": {"uv": [10.5, 4, 13.5, 6], "texture": "#texture"},
				"down": {"uv": [10.5, 10, 13.5, 12], "texture": "#texture"}
			}
		},
		{
			"name": "Box2",
			"from": [10.5, 2, 4],
			"to": [13.5, 4, 6],
			"rotation": {"angle": 22.5, "axis": "z", "origin": [13.5, 2, 6]},
			"faces": {
				"north": {"uv": [10.5, 9.5, 13.5, 14], "texture": "#texture"},
				"east": {"uv": [14, 9.5, 15, 14], "texture": "#texture"},
				"south": {"uv": [2.5, 9.5, 5.5, 14], "texture": "#texture"},
				"west": {"uv": [1, 9.5, 2, 14], "texture": "#texture"},
				"up": {"uv": [10.5, 14, 13.5, 15], "rotation": 180, "texture": "#texture"},
				"down": {"uv": [10.5, 1, 13.5, 2], "rotation": 180, "texture": "#texture"}
			}
		},
		{
			"name": "Box3",
			"from": [10, 2.5, 4],
			"to": [13, 4.5, 6],
			"faces": {
				"north": {"uv": [3, 11.5, 6, 13.5], "texture": "#texture"},
				"east": {"uv": [10, 11.5, 12, 13.5], "texture": "#texture"},
				"south": {"uv": [10, 11.5, 13, 13.5], "texture": "#texture"},
				"west": {"uv": [4, 11.5, 6, 13.5], "texture": "#texture"},
				"up": {"uv": [10, 4, 13, 6], "texture": "#texture"},
				"down": {"uv": [10, 10, 13, 12], "texture": "#texture"}
			}
		},
		{
			"name": "Box4",
			"from": [9.5, 5, 4],
			"to": [12.5, 6.5, 6],
			"faces": {
				"north": {"uv": [3.5, 9.5, 6.5, 11], "texture": "#texture"},
				"east": {"uv": [10, 9.5, 12, 11], "texture": "#texture"},
				"south": {"uv": [9.5, 9.5, 12.5, 11], "texture": "#texture"},
				"west": {"uv": [4, 9.5, 6, 11], "texture": "#texture"},
				"up": {"uv": [9.5, 4, 12.5, 6], "texture": "#texture"},
				"down": {"uv": [9.5, 10, 12.5, 12], "texture": "#texture"}
			}
		},
		{
			"name": "Box2",
			"from": [10, 4.5, 4],
			"to": [13, 6.5, 6],
			"rotation": {"angle": 22.5, "axis": "z", "origin": [13, 4.5, 6]},
			"faces": {
				"north": {"uv": [10.5, 9.5, 13.5, 14], "texture": "#texture"},
				"east": {"uv": [14, 9.5, 15, 14], "texture": "#texture"},
				"south": {"uv": [2.5, 9.5, 5.5, 14], "texture": "#texture"},
				"west": {"uv": [1, 9.5, 2, 14], "texture": "#texture"},
				"up": {"uv": [10.5, 14, 13.5, 15], "rotation": 180, "texture": "#texture"},
				"down": {"uv": [10.5, 1, 13.5, 2], "rotation": 180, "texture": "#texture"}
			}
		},
		{
			"name": "Box6",
			"from": [9.5, 6.5, 4],
			"to": [12.5, 7.5, 6],
			"faces": {
				"north": {"uv": [3.5, 8.5, 6.5, 9.5], "texture": "#texture"},
				"east": {"uv": [10, 8.5, 12, 9.5], "texture": "#texture"},
				"south": {"uv": [9.5, 8.5, 12.5, 9.5], "texture": "#texture"},
				"west": {"uv": [4, 8.5, 6, 9.5], "texture": "#texture"},
				"up": {"uv": [9.5, 4, 12.5, 6], "texture": "#texture"},
				"down": {"uv": [9.5, 10, 12.5, 12], "texture": "#texture"}
			}
		},
		{
			"name": "Box7",
			"from": [12.5, 6.5, 4],
			"to": [15, 7.5, 6],
			"rotation": {"angle": 22.5, "axis": "z", "origin": [12.5, 6.5, 4]},
			"faces": {
				"north": {"uv": [1, 8.5, 3.5, 9.5], "texture": "#texture"},
				"east": {"uv": [1, 8.5, 2, 9.5], "texture": "#texture"},
				"south": {"uv": [12.5, 8.5, 15, 9.5], "texture": "#texture"},
				"west": {"uv": [14, 8.5, 15, 9.5], "texture": "#texture"},
				"up": {"uv": [12.5, 14, 15, 15], "texture": "#texture"},
				"down": {"uv": [12.5, 1, 15, 2], "texture": "#texture"}
			}
		},
		{
			"name": "Box8",
			"from": [9.5, 7.5, 4],
			"to": [13.5, 8, 6],
			"faces": {
				"north": {"uv": [2.5, 8, 6.5, 8.5], "texture": "#texture"},
				"east": {"uv": [10, 8, 12, 8.5], "texture": "#texture"},
				"south": {"uv": [9.5, 8, 13.5, 8.5], "texture": "#texture"},
				"west": {"uv": [4, 8, 6, 8.5], "texture": "#texture"},
				"up": {"uv": [9.5, 4, 13.5, 6], "texture": "#texture"},
				"down": {"uv": [9.5, 10, 13.5, 12], "texture": "#texture"}
			}
		},
		{
			"name": "Box9",
			"from": [4.5, 6.5, 4],
			"to": [9.5, 8, 6],
			"faces": {
				"north": {"uv": [6.5, 8, 11.5, 9.5], "texture": "#texture"},
				"east": {"uv": [10, 8, 12, 9.5], "texture": "#texture"},
				"south": {"uv": [4.5, 8, 9.5, 9.5], "texture": "#texture"},
				"west": {"uv": [4, 8, 6, 9.5], "texture": "#texture"},
				"up": {"uv": [4.5, 4, 9.5, 6], "texture": "#texture"},
				"down": {"uv": [4.5, 10, 9.5, 12], "texture": "#texture"}
			}
		},
		{
			"name": "Box10",
			"from": [2, 7, 4],
			"to": [4.5, 8, 6],
			"faces": {
				"north": {"uv": [11.5, 8, 14, 9], "texture": "#texture"},
				"east": {"uv": [10, 8, 12, 9], "texture": "#texture"},
				"south": {"uv": [2, 8, 4.5, 9], "texture": "#texture"},
				"west": {"uv": [4, 8, 6, 9], "texture": "#texture"},
				"up": {"uv": [2, 4, 4.5, 6], "texture": "#texture"},
				"down": {"uv": [2, 10, 4.5, 12], "texture": "#texture"}
			}
		},
		{
			"name": "Box11",
			"from": [3.5, 6.5, 4],
			"to": [4.5, 7, 6],
			"rotation": {"angle": -45, "axis": "z", "origin": [4.5, 6.5, 6]},
			"faces": {
				"north": {"uv": [3.5, 9, 4.5, 9.5], "texture": "#texture"},
				"east": {"uv": [14, 9, 15, 9.5], "texture": "#texture"},
				"south": {"uv": [11.5, 9, 12.5, 9.5], "texture": "#texture"},
				"west": {"uv": [1, 9, 2, 9.5], "texture": "#texture"},
				"up": {"uv": [3.5, 14, 4.5, 15], "rotation": 180, "texture": "#texture"},
				"down": {"uv": [3.5, 1, 4.5, 2], "rotation": 180, "texture": "#texture"}
			}
		},
		{
			"name": "Box12",
			"from": [10.25, 8, 4],
			"to": [14.75, 9.5, 6],
			"faces": {
				"north": {"uv": [1.25, 6.5, 5.75, 8], "texture": "#texture"},
				"east": {"uv": [10, 6.5, 12, 8], "texture": "#texture"},
				"south": {"uv": [10.25, 6.5, 14.75, 8], "texture": "#texture"},
				"west": {"uv": [4, 6.5, 6, 8], "texture": "#texture"},
				"up": {"uv": [10.25, 4, 14.75, 6], "texture": "#texture"},
				"down": {"uv": [10.25, 10, 14.75, 12], "texture": "#texture"}
			}
		},
		{
			"name": "Box13",
			"from": [14.25, 7.5, 4],
			"to": [14.75, 8, 6],
			"faces": {
				"north": {"uv": [1.25, 8, 1.75, 8.5], "texture": "#texture"},
				"east": {"uv": [10, 8, 12, 8.5], "texture": "#texture"},
				"south": {"uv": [14.25, 8, 14.75, 8.5], "texture": "#texture"},
				"west": {"uv": [4, 8, 6, 8.5], "texture": "#texture"},
				"up": {"uv": [14.25, 4, 14.75, 6], "texture": "#texture"},
				"down": {"uv": [14.25, 10, 14.75, 12], "texture": "#texture"}
			}
		},
		{
			"name": "Box14",
			"from": [4.25, 9.5, 4],
			"to": [14.75, 10.5, 5],
			"rotation": {"angle": 45, "axis": "x", "origin": [4.25, 9.5, 4]},
			"faces": {
				"north": {"uv": [1, 5, 5.5, 6], "texture": "#texture"},
				"east": {"uv": [11, 5, 12, 6], "texture": "#texture"},
				"south": {"uv": [10.5, 5, 15, 6], "texture": "#texture"},
				"west": {"uv": [4, 5, 5, 6], "texture": "#texture"},
				"up": {"uv": [10.5, 4, 15, 5], "texture": "#texture"},
				"down": {"uv": [10.5, 11, 15, 12], "texture": "#texture"}
			}
		},
		{
			"name": "Box14",
			"from": [4.25, 9.5, 5],
			"to": [14.75, 10.5, 6],
			"rotation": {"angle": -45, "axis": "x", "origin": [14.75, 9.5, 6]},
			"faces": {
				"north": {"uv": [10.5, 5, 15, 6], "texture": "#texture"},
				"east": {"uv": [4, 5, 5, 6], "texture": "#texture"},
				"south": {"uv": [1, 5, 5.5, 6], "texture": "#texture"},
				"west": {"uv": [11, 5, 12, 6], "texture": "#texture"},
				"up": {"uv": [10.5, 4, 15, 5], "rotation": 180, "texture": "#texture"},
				"down": {"uv": [10.5, 11, 15, 12], "rotation": 180, "texture": "#texture"}
			}
		},
		{
			"name": "Box16",
			"from": [4.25, 9.75, 4.75],
			"to": [14.75, 10.25, 5.25],
			"faces": {
				"north": {"uv": [1.25, 5.75, 11.75, 6.25], "texture": "#texture"},
				"east": {"uv": [10.75, 5.75, 11.25, 6.25], "texture": "#texture"},
				"south": {"uv": [4.25, 5.75, 14.75, 6.25], "texture": "#texture"},
				"west": {"uv": [4.75, 5.75, 5.25, 6.25], "texture": "#texture"},
				"up": {"uv": [4.25, 4.75, 14.75, 5.25], "texture": "#texture"},
				"down": {"uv": [4.25, 10.75, 14.75, 11.25], "texture": "#texture"}
			}
		},
		{
			"name": "Box18",
			"from": [14.25, 7.5, 4.25],
			"to": [14.75, 8.5, 5.75],
			"rotation": {"angle": -22.5, "axis": "z", "origin": [14.75, 7.5, 5.75]},
			"faces": {
				"north": {"uv": [14, 15, 14.5, 16], "texture": "#texture"},
				"east": {"uv": [14, 15, 15, 16], "texture": "#texture"},
				"south": {"uv": [1.5, 15, 2, 16], "texture": "#texture"},
				"west": {"uv": [1, 15, 2, 16], "texture": "#texture"},
				"up": {"uv": [14, 14, 14.5, 15], "rotation": 180, "texture": "#texture"},
				"down": {"uv": [14, 1, 14.5, 2], "rotation": 180, "texture": "#texture"}
			}
		},
		{
			"name": "Box19",
			"from": [14.625, 8.375, 4.25],
			"to": [15.125, 9.375, 5.75],
			"faces": {
				"north": {"uv": [0.875, 6.625, 1.375, 7.625], "texture": "#texture"},
				"east": {"uv": [10.25, 6.625, 11.75, 7.625], "texture": "#texture"},
				"south": {"uv": [14.625, 6.625, 15.125, 7.625], "texture": "#texture"},
				"west": {"uv": [4.25, 6.625, 5.75, 7.625], "texture": "#texture"},
				"up": {"uv": [14.625, 4.25, 15.125, 5.75], "texture": "#texture"},
				"down": {"uv": [14.625, 10.25, 15.125, 11.75], "texture": "#texture"}
			}
		},
		{
			"name": "Box20",
			"from": [14.625, 9.375, 4.5],
			"to": [15.125, 10.375, 5.5],
			"rotation": {"angle": 45, "axis": "z", "origin": [15.125, 9.375, 5.5]},
			"faces": {
				"north": {"uv": [5, 8.5, 5.5, 9.5], "texture": "#texture"},
				"east": {"uv": [14, 8.5, 15, 9.5], "texture": "#texture"},
				"south": {"uv": [10.5, 8.5, 11, 9.5], "texture": "#texture"},
				"west": {"uv": [1, 8.5, 2, 9.5], "texture": "#texture"},
				"up": {"uv": [5, 14, 5.5, 15], "rotation": 180, "texture": "#texture"},
				"down": {"uv": [5, 1, 5.5, 2], "rotation": 180, "texture": "#texture"}
			}
		},
		{
			"name": "Box21",
			"from": [8, 4.5, 4.5],
			"to": [9, 5, 5.5],
			"faces": {
				"north": {"uv": [7, 11, 8, 11.5], "texture": "#texture1"},
				"east": {"uv": [10.5, 11, 11.5, 11.5], "texture": "#texture1"},
				"south": {"uv": [8, 11, 9, 11.5], "texture": "#texture1"},
				"west": {"uv": [4.5, 11, 5.5, 11.5], "texture": "#texture1"},
				"up": {"uv": [8, 4.5, 9, 5.5], "texture": "#texture1"},
				"down": {"uv": [8, 10.5, 9, 11.5], "texture": "#texture1"}
			}
		},
		{
			"name": "Box22",
			"from": [9, 4.5, 4.5],
			"to": [10, 5, 5.5],
			"rotation": {"angle": 22.5, "axis": "z", "origin": [9, 4.5, 4.5]},
			"faces": {
				"north": {"uv": [6, 11, 7, 11.5], "texture": "#texture1"},
				"east": {"uv": [1, 11, 2, 11.5], "texture": "#texture1"},
				"south": {"uv": [9, 11, 10, 11.5], "texture": "#texture1"},
				"west": {"uv": [14, 11, 15, 11.5], "texture": "#texture1"},
				"up": {"uv": [9, 14, 10, 15], "texture": "#texture1"},
				"down": {"uv": [9, 1, 10, 2], "texture": "#texture1"}
			}
		},
		{
			"name": "Box23",
			"from": [7, 4.5, 4.5],
			"to": [8, 5, 5.5],
			"rotation": {"angle": -22.5, "axis": "z", "origin": [8, 4.5, 4.5]},
			"faces": {
				"north": {"uv": [8, 11.5, 7.5, 10.5], "rotation": 270, "texture": "#texture1"},
				"east": {"uv": [8, 1, 8.5, 2], "rotation": 270, "texture": "#texture1"},
				"south": {"uv": [8.5, 11.5, 8, 10.5], "rotation": 90, "texture": "#texture1"},
				"west": {"uv": [8.5, 15, 8, 14], "rotation": 90, "texture": "#texture1"},
				"up": {"uv": [1, 10.5, 2, 11.5], "rotation": 270, "texture": "#texture1"},
				"down": {"uv": [15, 11.5, 14, 10.5], "rotation": 90, "texture": "#texture1"}
			}
		},
		{
			"name": "Box24",
			"from": [7, 5, 4.5],
			"to": [7.5, 6.5, 5.5],
			"faces": {
				"north": {"uv": [8.5, 9.5, 9, 11], "texture": "#texture1"},
				"east": {"uv": [10.5, 9.5, 11.5, 11], "texture": "#texture1"},
				"south": {"uv": [7, 9.5, 7.5, 11], "texture": "#texture1"},
				"west": {"uv": [4.5, 9.5, 5.5, 11], "texture": "#texture1"},
				"up": {"uv": [7, 4.5, 7.5, 5.5], "texture": "#texture1"},
				"down": {"uv": [7, 10.5, 7.5, 11.5], "texture": "#texture1"}
			}
		},
		{
			"name": "Box25",
			"from": [4.25, 8, 4],
			"to": [10.25, 9.5, 6],
			"faces": {
				"north": {"uv": [5.75, 6.5, 11.75, 8], "texture": "#texture"},
				"east": {"uv": [10, 6.5, 12, 8], "texture": "#texture"},
				"south": {"uv": [4.25, 6.5, 10.25, 8], "texture": "#texture"},
				"west": {"uv": [4, 6.5, 6, 8], "texture": "#texture"},
				"up": {"uv": [4.25, 4, 10.25, 6], "texture": "#texture"},
				"down": {"uv": [4.25, 10, 10.25, 12], "texture": "#texture"}
			}
		},
		{
			"name": "Box26",
			"from": [0.5, 8, 4.25],
			"to": [4.5, 9.5, 5.75],
			"faces": {
				"north": {"uv": [11.5, 6.5, 15.5, 8], "texture": "#texture1"},
				"east": {"uv": [10.25, 6.5, 11.75, 8], "texture": "#texture1"},
				"south": {"uv": [0.5, 6.5, 4.5, 8], "texture": "#texture1"},
				"west": {"uv": [4.25, 6.5, 5.75, 8], "texture": "#texture1"},
				"up": {"uv": [0.5, 4.25, 4.5, 5.75], "texture": "#texture1"},
				"down": {"uv": [0.5, 10.25, 4.5, 11.75], "texture": "#texture1"}
			}
		},
		{
			"name": "Box27",
			"from": [0.625, 9.5, 4.25],
			"to": [4.625, 10, 5.25],
			"rotation": {"angle": 45, "axis": "x", "origin": [0.625, 9.5, 4.25]},
			"faces": {
				"north": {"uv": [11.5, 6, 14, 6.5], "texture": "#texture1"},
				"east": {"uv": [10.75, 6, 11.75, 6.5], "texture": "#texture1"},
				"south": {"uv": [2, 6, 4.5, 6.5], "texture": "#texture1"},
				"west": {"uv": [4.25, 6, 5.25, 6.5], "texture": "#texture1"},
				"up": {"uv": [2, 4.25, 4.5, 5.25], "texture": "#texture1"},
				"down": {"uv": [2, 10.75, 4.5, 11.75], "texture": "#texture1"}
			}
		},
		{
			"name": "Box27",
			"from": [0.625, 9.5, 4.75],
			"to": [4.625, 10, 5.75],
			"rotation": {"angle": -45, "axis": "x", "origin": [4.625, 9.5, 5.75]},
			"faces": {
				"north": {"uv": [2, 6, 4.5, 6.5], "texture": "#texture1"},
				"east": {"uv": [4.25, 6, 5.25, 6.5], "texture": "#texture1"},
				"south": {"uv": [11.5, 6, 14, 6.5], "texture": "#texture1"},
				"west": {"uv": [10.75, 6, 11.75, 6.5], "texture": "#texture1"},
				"up": {"uv": [2, 4.25, 4.5, 5.25], "rotation": 180, "texture": "#texture1"},
				"down": {"uv": [2, 10.75, 4.5, 11.75], "rotation": 180, "texture": "#texture1"}
			}
		},
		{
			"name": "Box29",
			"from": [0.5, 9.375, 4.5],
			"to": [4.5, 9.875, 5.5],
			"faces": {
				"north": {"uv": [11.5, 6.125, 15.5, 6.625], "texture": "#texture1"},
				"east": {"uv": [10.5, 6.125, 11.5, 6.625], "texture": "#texture1"},
				"south": {"uv": [0.5, 6.125, 4.5, 6.625], "texture": "#texture1"},
				"west": {"uv": [4.5, 6.125, 5.5, 6.625], "texture": "#texture1"},
				"up": {"uv": [0.5, 4.5, 4.5, 5.5], "texture": "#texture1"},
				"down": {"uv": [0.5, 10.5, 4.5, 11.5], "texture": "#texture1"}
			}
		},
		{
			"name": "Box30",
			"from": [0.5, 7.5, 4.5],
			"to": [2, 8, 5.5],
			"faces": {
				"north": {"uv": [14, 8, 15.5, 8.5], "texture": "#texture1"},
				"east": {"uv": [10.5, 8, 11.5, 8.5], "texture": "#texture1"},
				"south": {"uv": [0.5, 8, 2, 8.5], "texture": "#texture1"},
				"west": {"uv": [4.5, 8, 5.5, 8.5], "texture": "#texture1"},
				"up": {"uv": [0.5, 4.5, 2, 5.5], "texture": "#texture1"},
				"down": {"uv": [0.5, 10.5, 2, 11.5], "texture": "#texture1"}
			}
		},
		{
			"name": "Box31",
			"from": [1, 9.625, 4.5],
			"to": [4.5, 10.125, 5.5],
			"faces": {
				"north": {"uv": [11.5, 5.875, 15, 6.375], "texture": "#texture1"},
				"east": {"uv": [10.5, 5.875, 11.5, 6.375], "texture": "#texture1"},
				"south": {"uv": [1, 5.875, 4.5, 6.375], "texture": "#texture1"},
				"west": {"uv": [4.5, 5.875, 5.5, 6.375], "texture": "#texture1"},
				"up": {"uv": [1, 4.5, 4.5, 5.5], "texture": "#texture1"},
				"down": {"uv": [1, 10.5, 4.5, 11.5], "texture": "#texture1"}
			}
		},
		{
			"name": "Box32",
			"from": [0.499, 8.25, 4.5],
			"to": [0.5, 9.25, 5.5],
			"faces": {
				"north": {"uv": [0, 6.5, 0.001, 7.5], "texture": "#texture3"},
				"east": {"uv": [4.5, 6.5, 5.5, 7.5], "texture": "#texture3"},
				"south": {"uv": [15.999, 6.5, 16, 7.5], "texture": "#texture3"},
				"west": {"uv": [10.5, 6.5, 11.5, 7.5], "texture": "#texture3"},
				"up": {"uv": [0, 4.5, 0.001, 5.5], "rotation": 180, "texture": "#texture3"},
				"down": {"uv": [0, 10.5, 0.001, 11.5], "rotation": 180, "texture": "#texture3"}
			}
		},
		{
			"name": "Box35",
			"from": [2, 8, 4],
			"to": [4.5, 9, 5],
			"rotation": {"angle": 22.5, "axis": "x", "origin": [2, 8, 4]},
			"faces": {
				"north": {"uv": [11.5, 7, 14, 8], "texture": "#texture"},
				"east": {"uv": [11, 7, 12, 8], "texture": "#texture"},
				"south": {"uv": [2, 7, 4.5, 8], "texture": "#texture"},
				"west": {"uv": [4, 7, 5, 8], "texture": "#texture"},
				"up": {"uv": [2, 4, 4.5, 5], "texture": "#texture"},
				"down": {"uv": [2, 11, 4.5, 12], "texture": "#texture"}
			}
		},
		{
			"name": "Box35",
			"from": [2, 8, 5],
			"to": [4.5, 9, 6],
			"rotation": {"angle": -22.5, "axis": "x", "origin": [4.5, 8, 6]},
			"faces": {
				"north": {"uv": [2, 7, 4.5, 8], "texture": "#texture"},
				"east": {"uv": [4, 7, 5, 8], "texture": "#texture"},
				"south": {"uv": [11.5, 7, 14, 8], "texture": "#texture"},
				"west": {"uv": [11, 7, 12, 8], "texture": "#texture"},
				"up": {"uv": [2, 4, 4.5, 5], "rotation": 180, "texture": "#texture"},
				"down": {"uv": [2, 11, 4.5, 12], "rotation": 180, "texture": "#texture"}
			}
		},
		{
			"name": "Box37",
			"from": [2.5, 6.5, 4.5],
			"to": [4.5, 7, 5.5],
			"faces": {
				"north": {"uv": [11.5, 9, 13.5, 9.5], "texture": "#texture"},
				"east": {"uv": [10.5, 9, 11.5, 9.5], "texture": "#texture"},
				"south": {"uv": [2.5, 9, 4.5, 9.5], "texture": "#texture"},
				"west": {"uv": [4.5, 9, 5.5, 9.5], "texture": "#texture"},
				"up": {"uv": [2.5, 4.5, 4.5, 5.5], "texture": "#texture"},
				"down": {"uv": [2.5, 10.5, 4.5, 11.5], "texture": "#texture"}
			}
		},
		{
			"name": "Box38",
			"from": [1.5, 9.75, 4.5],
			"to": [4, 10.25, 5.5],
			"faces": {
				"north": {"uv": [12, 5.75, 14.5, 6.25], "texture": "#texture1"},
				"east": {"uv": [10.5, 5.75, 11.5, 6.25], "texture": "#texture1"},
				"south": {"uv": [1.5, 5.75, 4, 6.25], "texture": "#texture1"},
				"west": {"uv": [4.5, 5.75, 5.5, 6.25], "texture": "#texture1"},
				"up": {"uv": [1.5, 4.5, 4, 5.5], "texture": "#texture1"},
				"down": {"uv": [1.5, 10.5, 4, 11.5], "texture": "#texture1"}
			}
		},
		{
			"name": "Box39",
			"from": [10, 1, 4],
			"to": [10.5, 2.5, 6],
			"faces": {
				"north": {"uv": [5.5, 13.5, 6, 15], "texture": "#texture"},
				"east": {"uv": [10, 13.5, 12, 15], "texture": "#texture"},
				"south": {"uv": [10, 13.5, 10.5, 15], "texture": "#texture"},
				"west": {"uv": [4, 13.5, 6, 15], "texture": "#texture"},
				"up": {"uv": [10, 4, 10.5, 6], "texture": "#texture"},
				"down": {"uv": [10, 10, 10.5, 12], "texture": "#texture"}
			}
		},
		{
			"name": "Box40",
			"from": [10, 1, 4],
			"to": [10.66, 1.6, 6],
			"rotation": {"angle": -45, "axis": "z", "origin": [10, 1, 6]},
			"faces": {
				"north": {"uv": [9.5, 0, 10, 1], "rotation": 270, "texture": "#texture"},
				"east": {"uv": [9.5, 14, 10, 15], "rotation": 270, "texture": "#texture"},
				"south": {"uv": [6, 0, 6.5, 1], "rotation": 90, "texture": "#texture"},
				"west": {"uv": [10, 2, 9.5, 1], "rotation": 90, "texture": "#texture"},
				"up": {"uv": [1, 0, 2, 1], "rotation": 90, "texture": "#texture"},
				"down": {"uv": [15, 1, 14, 0], "rotation": 270, "texture": "#texture"}
			}
		},
		{
			"name": "Box41",
			"from": [9.875, 1.5, 4],
			"to": [10.375, 3.5, 6],
			"faces": {
				"north": {"uv": [5.625, 12.5, 6.125, 14.5], "texture": "#texture"},
				"east": {"uv": [10, 12.5, 12, 14.5], "texture": "#texture"},
				"south": {"uv": [9.875, 12.5, 10.375, 14.5], "texture": "#texture"},
				"west": {"uv": [4, 12.5, 6, 14.5], "texture": "#texture"},
				"up": {"uv": [9.875, 4, 10.375, 6], "texture": "#texture"},
				"down": {"uv": [9.875, 10, 10.375, 12], "texture": "#texture"}
			}
		},
		{
			"name": "Box42",
			"from": [10.5, 9.75, 4.5],
			"to": [12.5, 10.25, 4.75],
			"faces": {
				"north": {"uv": [3.5, 5.75, 5.5, 6.25], "texture": "#texture"},
				"east": {"uv": [11.25, 5.75, 11.5, 6.25], "texture": "#texture"},
				"south": {"uv": [10.5, 5.75, 12.5, 6.25], "texture": "#texture"},
				"west": {"uv": [4.5, 5.75, 4.75, 6.25], "texture": "#texture"},
				"up": {"uv": [10.5, 4.5, 12.5, 4.75], "texture": "#texture"},
				"down": {"uv": [10.5, 11.25, 12.5, 11.5], "texture": "#texture"}
			}
		},
		{
			"name": "Box43",
			"from": [10.5, 0, 4.25],
			"to": [13, 0.5, 5.75],
			"faces": {
				"north": {"uv": [3, 15.5, 5.5, 16], "texture": "#texture"},
				"east": {"uv": [10.25, 15.5, 11.75, 16], "texture": "#texture"},
				"south": {"uv": [10.5, 15.5, 13, 16], "texture": "#texture"},
				"west": {"uv": [4.25, 15.5, 5.75, 16], "texture": "#texture"},
				"up": {"uv": [10.5, 4.25, 13, 5.75], "texture": "#texture"},
				"down": {"uv": [10.5, 10.25, 13, 11.75], "texture": "#texture"}
			}
		},
		{
			"name": "Box42",
			"from": [10.5, 9.75, 5.25],
			"to": [12.5, 10.25, 5.5],
			"faces": {
				"north": {"uv": [3.5, 5.75, 5.5, 6.25], "texture": "#texture"},
				"east": {"uv": [10.5, 5.75, 10.75, 6.25], "texture": "#texture"},
				"south": {"uv": [10.5, 5.75, 12.5, 6.25], "texture": "#texture"},
				"west": {"uv": [5.25, 5.75, 5.5, 6.25], "texture": "#texture"},
				"up": {"uv": [10.5, 5.25, 12.5, 5.5], "texture": "#texture"},
				"down": {"uv": [10.5, 10.5, 12.5, 10.75], "texture": "#texture"}
			}
		},
		{
			"name": "Box45",
			"from": [11.75, 10.25, 4.5],
			"to": [12.5, 10.75, 4.75],
			"faces": {
				"north": {"uv": [3.5, 5.25, 4.25, 5.75], "texture": "#texture"},
				"east": {"uv": [11.25, 5.25, 11.5, 5.75], "texture": "#texture"},
				"south": {"uv": [11.75, 5.25, 12.5, 5.75], "texture": "#texture"},
				"west": {"uv": [4.5, 5.25, 4.75, 5.75], "texture": "#texture"},
				"up": {"uv": [11.75, 4.5, 12.5, 4.75], "texture": "#texture"},
				"down": {"uv": [11.75, 11.25, 12.5, 11.5], "texture": "#texture"}
			}
		},
		{
			"name": "Box45",
			"from": [11.75, 10.25, 5.25],
			"to": [12.5, 10.75, 5.5],
			"faces": {
				"north": {"uv": [3.5, 5.25, 4.25, 5.75], "texture": "#texture"},
				"east": {"uv": [10.5, 5.25, 10.75, 5.75], "texture": "#texture"},
				"south": {"uv": [11.75, 5.25, 12.5, 5.75], "texture": "#texture"},
				"west": {"uv": [5.25, 5.25, 5.5, 5.75], "texture": "#texture"},
				"up": {"uv": [11.75, 5.25, 12.5, 5.5], "texture": "#texture"},
				"down": {"uv": [11.75, 10.5, 12.5, 10.75], "texture": "#texture"}
			}
		},
		{
			"name": "Box45",
			"from": [11.25, 10.25, 4.5],
			"to": [12.075, 10.965, 4.75],
			"rotation": {"angle": -45, "axis": "z", "origin": [11.25, 10.25, 4.5]},
			"faces": {
				"north": {"uv": [3.5, 5.25, 4.25, 5.75], "texture": "#texture"},
				"east": {"uv": [11.25, 5.25, 11.5, 5.75], "texture": "#texture"},
				"south": {"uv": [11.75, 5.25, 12.5, 5.75], "texture": "#texture"},
				"west": {"uv": [4.5, 5.25, 4.75, 5.75], "texture": "#texture"},
				"up": {"uv": [11.75, 4.5, 12.5, 4.75], "texture": "#texture"},
				"down": {"uv": [11.75, 11.25, 12.5, 11.5], "texture": "#texture"}
			}
		},
		{
			"name": "Box45",
			"from": [11.25, 10.25, 5.25],
			"to": [12.075, 10.965, 5.5],
			"rotation": {"angle": -45, "axis": "z", "origin": [11.25, 10.25, 4.5]},
			"faces": {
				"north": {"uv": [3.5, 5.25, 4.25, 5.75], "texture": "#texture"},
				"east": {"uv": [10.5, 5.25, 10.75, 5.75], "texture": "#texture"},
				"south": {"uv": [11.75, 5.25, 12.5, 5.75], "texture": "#texture"},
				"west": {"uv": [5.25, 5.25, 5.5, 5.75], "texture": "#texture"},
				"up": {"uv": [11.75, 5.25, 12.5, 5.5], "texture": "#texture"},
				"down": {"uv": [11.75, 10.5, 12.5, 10.75], "texture": "#texture"}
			}
		},
		{
			"name": "Box46",
			"from": [2, 10, 4.875],
			"to": [3, 10.5, 5.125],
			"faces": {
				"north": {"uv": [13, 5.5, 14, 6], "texture": "#texture"},
				"east": {"uv": [10.75, 5.5, 11.25, 6], "texture": "#texture"},
				"south": {"uv": [2, 5.5, 3, 6], "texture": "#texture"},
				"west": {"uv": [4.75, 5.5, 5.25, 6], "texture": "#texture"},
				"up": {"uv": [2, 4.75, 3, 5.25], "texture": "#texture"},
				"down": {"uv": [2, 10.75, 3, 11.25], "texture": "#texture"}
			}
		},
		{
			"name": "Box47",
			"from": [2, 10, 4.75],
			"to": [3, 10.5, 5.25],
			"rotation": {"angle": 22.5, "axis": "z", "origin": [2, 10, 4.75]},
			"faces": {
				"north": {"uv": [13, 5.5, 14, 6], "texture": "#texture"},
				"east": {"uv": [1, 5.5, 2, 6], "texture": "#texture"},
				"south": {"uv": [2, 5.5, 3, 6], "texture": "#texture"},
				"west": {"uv": [14, 5.5, 15, 6], "texture": "#texture"},
				"up": {"uv": [2, 14, 3, 15], "texture": "#texture"},
				"down": {"uv": [2, 1, 3, 2], "texture": "#texture"}
			}
		},
		{
			"name": "Box48",
			"from": [2.5, 10.375, 4.75],
			"to": [3, 10.875, 5.25],
			"faces": {
				"north": {"uv": [13, 5.125, 13.5, 5.625], "texture": "#texture"},
				"east": {"uv": [1, 5.125, 2, 5.625], "texture": "#texture"},
				"south": {"uv": [2.5, 5.125, 3, 5.625], "texture": "#texture"},
				"west": {"uv": [14, 5.125, 15, 5.625], "texture": "#texture"},
				"up": {"uv": [2.5, 14, 3, 15], "texture": "#texture"},
				"down": {"uv": [2.5, 1, 3, 2], "texture": "#texture"}
			}
		},
		{
			"name": "Box49",
			"from": [8.5, 5.5, 4.75],
			"to": [9, 7, 5.25],
			"rotation": {"angle": 22.5, "axis": "z", "origin": [8.5, 5.5, 4.75]},
			"faces": {
				"north": {"uv": [7, 9, 7.5, 10.5], "texture": "#texture1"},
				"east": {"uv": [1, 9, 2, 10.5], "texture": "#texture1"},
				"south": {"uv": [8.5, 9, 9, 10.5], "texture": "#texture1"},
				"west": {"uv": [14, 9, 15, 10.5], "texture": "#texture1"},
				"up": {"uv": [8.5, 14, 9, 15], "texture": "#texture1"},
				"down": {"uv": [8.5, 1, 9, 2], "texture": "#texture1"}
			}
		},
		{
			"name": "Box51",
			"from": [3, 10.375, 4.925],
			"to": [3.125, 10.625, 5.175],
			"rotation": {"angle": 45, "axis": "x", "origin": [3, 10.625, 5.175]},
			"faces": {
				"north": {"uv": [14.5, 16, 14, 15.5], "texture": "#texture2"},
				"east": {"uv": [1.5, 15.5, 2, 16], "rotation": 180, "texture": "#texture2"},
				"south": {"uv": [2, 16, 1.5, 15.5], "texture": "#texture2"},
				"west": {"uv": [14, 15.5, 14.5, 16], "rotation": 180, "texture": "#texture2"},
				"up": {"uv": [14, 1.5, 14.5, 2], "texture": "#texture2"},
				"down": {"uv": [14, 14, 14.5, 14.5], "texture": "#texture2"}
			}
		},
		{
			"name": "Box51",
			"from": [12.425, 10.25, 4.55],
			"to": [12.55, 10.5, 4.8],
			"rotation": {"angle": 45, "axis": "x", "origin": [12.425, 10.5, 4.8]},
			"faces": {
				"north": {"uv": [14.5, 16, 14, 15.5], "texture": "#texture2"},
				"east": {"uv": [1.5, 15.5, 2, 16], "rotation": 180, "texture": "#texture2"},
				"south": {"uv": [2, 16, 1.5, 15.5], "texture": "#texture2"},
				"west": {"uv": [14, 15.5, 14.5, 16], "rotation": 180, "texture": "#texture2"},
				"up": {"uv": [14, 1.5, 14.5, 2], "texture": "#texture2"},
				"down": {"uv": [14, 14, 14.5, 14.5], "texture": "#texture2"}
			}
		},
		{
			"name": "Box51",
			"from": [12.425, 10.25, 5.3],
			"to": [12.55, 10.5, 5.55],
			"rotation": {"angle": 45, "axis": "x", "origin": [12.425, 10.5, 5.55]},
			"faces": {
				"north": {"uv": [14.5, 16, 14, 15.5], "texture": "#texture2"},
				"east": {"uv": [1.5, 15.5, 2, 16], "rotation": 180, "texture": "#texture2"},
				"south": {"uv": [2, 16, 1.5, 15.5], "texture": "#texture2"},
				"west": {"uv": [14, 15.5, 14.5, 16], "rotation": 180, "texture": "#texture2"},
				"up": {"uv": [14, 1.5, 14.5, 2], "texture": "#texture2"},
				"down": {"uv": [14, 14, 14.5, 14.5], "texture": "#texture2"}
			}
		},
		{
			"name": "Box54",
			"from": [5, 7, 3.75],
			"to": [12.5, 9, 6.25],
			"faces": {
				"north": {"uv": [3.5, 7, 11, 9], "texture": "#texture"},
				"east": {"uv": [9.75, 7, 12.25, 9], "texture": "#texture"},
				"south": {"uv": [5, 7, 12.5, 9], "texture": "#texture"},
				"west": {"uv": [3.75, 7, 6.25, 9], "texture": "#texture"},
				"up": {"uv": [5, 3.75, 12.5, 6.25], "texture": "#texture"},
				"down": {"uv": [5, 9.75, 12.5, 12.25], "texture": "#texture"}
			}
		}
	],
	"display": {
		"thirdperson_righthand": {
			"rotation": [0, -90, 0],
			"translation": [-1.391, 0.6956, 0],
			"scale": [0.5, 0.5, 0.5]
		},
		"thirdperson_lefthand": {
			"rotation": [0, 90, 0],
			"translation": [1.39, 0.6956, 0],
			"scale": [0.5, 0.5, 0.5]
		},
		"firstperson_righthand": {
			"rotation": [0, -90, 0],
			"translation": [-3.477, 2.0869, -4.173]
		},
		"firstperson_lefthand": {
			"rotation": [0, 90, 0],
			"translation": [2.7826, 2.0869, -4.173]
		},
		"ground": {
			"rotation": [-90, 0, 0],
			"scale": [0.5, 0.5, 0.5]
		},
		"gui": {
			"rotation": [14, 47, 0],
			"scale": [0.6, 0.6, 0.6]
		},
		"head": {
			"translation": [0.75, 2.25, 2.25],
			"scale": [0.8, 0.8, 0.8]
		}
	}
}