{
	"credit": "Made with Blockbench",
	"texture_size": [32, 32],
	"textures": {
		"0": "guns/becca_shotgun",
		"particle": "guns/becca_shotgun"
	},
	"elements": [
		{
			"from": [7.75, 7.64586, 7.78037],
			"to": [9, 9.39586, 9.78037],
			"rotation": {"angle": 22.5, "axis": "x", "origin": [8, 9.02086, 8.78037]},
			"faces": {
				"north": {"uv": [3, 9, 3.75, 10], "texture": "#0"},
				"east": {"uv": [8.5, 3.5, 9.5, 4.5], "texture": "#0"},
				"south": {"uv": [9, 4.5, 9.75, 5.5], "texture": "#0"},
				"west": {"uv": [4, 8.5, 5, 9.5], "texture": "#0"},
				"up": {"uv": [10.25, 4, 9.5, 3], "texture": "#0"},
				"down": {"uv": [4.75, 9.5, 4, 10.5], "texture": "#0"}
			}
		},
		{
			"from": [7.75, 4.22643, 12.85415],
			"to": [9, 4.72643, 18.10415],
			"rotation": {"angle": -22.5, "axis": "x", "origin": [8, 4.47643, 15.47915]},
			"faces": {
				"north": {"uv": [11, 0.5, 11.75, 0.75], "texture": "#0"},
				"east": {"uv": [9.5, 4, 12.25, 4.25], "texture": "#0"},
				"south": {"uv": [11, 2.5, 11.75, 2.75], "texture": "#0"},
				"west": {"uv": [10, 1, 12.75, 1.25], "texture": "#0"},
				"up": {"uv": [4.75, 8.25, 4, 5.5], "texture": "#0"},
				"down": {"uv": [5.75, 5.5, 5, 8.25], "texture": "#0"}
			}
		},
		{
			"from": [7.75, 5.25, 17],
			"to": [9, 6.75, 18],
			"rotation": {"angle": 0, "axis": "y", "origin": [8, 6, 17.5]},
			"faces": {
				"north": {"uv": [3, 10, 3.75, 10.75], "texture": "#0"},
				"east": {"uv": [2.5, 10.5, 3, 11.25], "texture": "#0"},
				"south": {"uv": [10, 4.5, 10.75, 5.25], "texture": "#0"},
				"west": {"uv": [10.5, 2.5, 11, 3.25], "texture": "#0"},
				"up": {"uv": [11.25, 4, 10.5, 3.5], "texture": "#0"},
				"down": {"uv": [4.75, 10.5, 4, 11], "texture": "#0"}
			}
		},
		{
			"from": [7.75, 2.8783, 11.32665],
			"to": [9, 7.1283, 12.32665],
			"rotation": {"angle": -22.5, "axis": "x", "origin": [8, 5.1283, 11.82665]},
			"faces": {
				"north": {"uv": [5, 1.5, 5.75, 3.75], "texture": "#0"},
				"east": {"uv": [8, 6, 8.5, 8.25], "texture": "#0"},
				"south": {"uv": [6, 1.5, 6.75, 3.75], "texture": "#0"},
				"west": {"uv": [7, 8, 7.5, 10.25], "texture": "#0"},
				"up": {"uv": [5.75, 11, 5, 10.5], "texture": "#0"},
				"down": {"uv": [11.25, 5.5, 10.5, 6], "texture": "#0"}
			}
		},
		{
			"from": [8, 5.5, 9.25],
			"to": [8.75, 5.75, 11.25],
			"rotation": {"angle": 0, "axis": "y", "origin": [8, 5.625, 10.25]},
			"faces": {
				"north": {"uv": [8.5, 4.5, 9, 4.75], "texture": "#0"},
				"east": {"uv": [10.5, 10, 11.5, 10.25], "texture": "#0"},
				"south": {"uv": [9, 3, 9.5, 3.25], "texture": "#0"},
				"west": {"uv": [11, 0, 12, 0.25], "texture": "#0"},
				"up": {"uv": [8, 1, 7.5, 0], "texture": "#0"},
				"down": {"uv": [2.5, 10.5, 2, 11.5], "texture": "#0"}
			}
		},
		{
			"from": [8, 6.08211, 7.84467],
			"to": [8.75, 6.33211, 9.59467],
			"rotation": {"angle": 45, "axis": "x", "origin": [8, 6.20711, 8.71967]},
			"faces": {
				"north": {"uv": [9, 5.5, 9.5, 5.75], "texture": "#0"},
				"east": {"uv": [3, 11, 3.75, 11.25], "texture": "#0"},
				"south": {"uv": [10, 2.5, 10.5, 2.75], "texture": "#0"},
				"west": {"uv": [11, 3, 11.75, 3.25], "texture": "#0"},
				"up": {"uv": [6.5, 11.25, 6, 10.5], "texture": "#0"},
				"down": {"uv": [11, 6, 10.5, 6.75], "texture": "#0"}
			}
		},
		{
			"from": [8, 10.22897, 12.04419],
			"to": [8.75, 11.22897, 14.54419],
			"rotation": {"angle": 22.5, "axis": "x", "origin": [8, 10.85397, 6.29419]},
			"faces": {
				"north": {"uv": [10.5, 8.5, 11.25, 9], "texture": "#0"},
				"east": {"uv": [10, 1.5, 11.25, 2], "texture": "#0"},
				"south": {"uv": [10.5, 9, 11.25, 9.5], "texture": "#0"},
				"west": {"uv": [10, 2, 11.25, 2.5], "texture": "#0"},
				"up": {"uv": [9.75, 1.25, 9, 0], "texture": "#0"},
				"down": {"uv": [1.75, 9, 1, 10.25], "texture": "#0"}
			}
		},
		{
			"from": [7.75, 6.34785, 4.79713],
			"to": [9, 8.09785, 6.79713],
			"rotation": {"angle": -22.5, "axis": "x", "origin": [8.5, 9.72285, 5.79713]},
			"faces": {
				"north": {"uv": [5, 9.5, 5.75, 10.5], "texture": "#0"},
				"east": {"uv": [5, 8.5, 6, 9.5], "texture": "#0"},
				"south": {"uv": [9.5, 5.5, 10.25, 6.5], "texture": "#0"},
				"west": {"uv": [8.5, 6, 9.5, 7], "texture": "#0"},
				"up": {"uv": [6.75, 10.5, 6, 9.5], "texture": "#0"},
				"down": {"uv": [10.25, 6.5, 9.5, 7.5], "texture": "#0"}
			}
		},
		{
			"from": [7.5, 6.75, 5.5],
			"to": [9.25, 9.75, 8],
			"faces": {
				"north": {"uv": [8.5, 7, 9.25, 8.25], "texture": "#0"},
				"east": {"uv": [8, 2, 9, 3.25], "texture": "#0"},
				"south": {"uv": [7.5, 8.5, 8.25, 9.75], "texture": "#0"},
				"west": {"uv": [6, 8, 7, 9.25], "texture": "#0"},
				"up": {"uv": [10.25, 8.5, 9.5, 7.5], "texture": "#0"},
				"down": {"uv": [10.25, 8.5, 9.5, 9.5], "texture": "#0"}
			}
		},
		{
			"from": [8, 9.75, 6.25],
			"to": [8.75, 10.25, 8],
			"faces": {
				"north": {"uv": [2, 4.5, 2.5, 5], "texture": "#0"},
				"east": {"uv": [0, 2.75, 0.75, 3], "texture": "#0"},
				"south": {"uv": [2, 4, 2.5, 4.5], "texture": "#0"},
				"west": {"uv": [0.75, 2.75, 1.5, 3], "texture": "#0"},
				"up": {"uv": [4.25, 11.75, 4, 11], "texture": "#0"},
				"down": {"uv": [4.75, 11, 4.5, 11.75], "texture": "#0"}
			}
		},
		{
			"from": [7.5, 6.75, -2.75],
			"to": [9.25, 9.75, 2],
			"faces": {
				"north": {"uv": [8.5, 8.5, 9.25, 9.75], "texture": "#0"},
				"east": {"uv": [4, 4, 6.25, 5.25], "texture": "#0"},
				"south": {"uv": [0, 9, 0.75, 10.25], "texture": "#0"},
				"west": {"uv": [5, 0, 7.25, 1.25], "texture": "#0"},
				"up": {"uv": [6.75, 7.75, 6, 5.5], "texture": "#0"},
				"down": {"uv": [7.75, 1.5, 7, 3.75], "texture": "#0"}
			}
		},
		{
			"from": [7.5, 8.25, -4],
			"to": [9.25, 9.75, -2.75],
			"faces": {
				"north": {"uv": [6.5, 10.5, 7.25, 11], "texture": "#0"},
				"east": {"uv": [6.5, 5, 7, 5.5], "texture": "#0"},
				"south": {"uv": [10.5, 7, 11.25, 7.5], "texture": "#0"},
				"west": {"uv": [7.5, 1, 8, 1.5], "texture": "#0"},
				"up": {"uv": [11.25, 8, 10.5, 7.5], "texture": "#0"},
				"down": {"uv": [11.25, 8, 10.5, 8.5], "texture": "#0"}
			}
		},
		{
			"from": [7.75, 7, -4],
			"to": [9, 8.25, 6],
			"faces": {
				"north": {"uv": [7.5, 10, 8.25, 10.75], "texture": "#0"},
				"east": {"uv": [0, 2, 5, 2.75], "texture": "#0"},
				"south": {"uv": [8.5, 10, 9.25, 10.75], "texture": "#0"},
				"west": {"uv": [0, 3, 5, 3.75], "texture": "#0"},
				"up": {"uv": [0.75, 9, 0, 4], "texture": "#0"},
				"down": {"uv": [1.75, 4, 1, 9], "texture": "#0"}
			}
		},
		{
			"from": [7.75, 8.25, 2],
			"to": [9, 9.5, 6],
			"faces": {
				"north": {"uv": [0, 10.5, 0.75, 11.25], "texture": "#0"},
				"east": {"uv": [6.5, 4, 8.5, 4.75], "texture": "#0"},
				"south": {"uv": [1, 10.5, 1.75, 11.25], "texture": "#0"},
				"west": {"uv": [7, 5, 9, 5.75], "texture": "#0"},
				"up": {"uv": [7.75, 8, 7, 6], "texture": "#0"},
				"down": {"uv": [8.75, 0, 8, 2], "texture": "#0"}
			}
		},
		{
			"from": [8.25, 9.5, -4.25],
			"to": [8.5, 10, -3.5],
			"faces": {
				"north": {"uv": [11.5, 3.5, 11.75, 3.75], "texture": "#0"},
				"east": {"uv": [11, 5, 11.5, 5.25], "texture": "#0"},
				"south": {"uv": [5, 11.5, 5.25, 11.75], "texture": "#0"},
				"west": {"uv": [11, 6, 11.5, 6.25], "texture": "#0"},
				"up": {"uv": [6.75, 11.5, 6.5, 11], "texture": "#0"},
				"down": {"uv": [11.25, 6.5, 11, 7], "texture": "#0"}
			}
		},
		{
			"from": [8.25, 6.5, -4.5],
			"to": [8.5, 7.25, -3.75],
			"rotation": {"angle": -45, "axis": "x", "origin": [8.375, 6.875, -4.125]},
			"faces": {
				"north": {"uv": [7, 11, 7.25, 11.5], "texture": "#0"},
				"east": {"uv": [8, 3.5, 8.5, 4], "texture": "#0"},
				"south": {"uv": [7.5, 11, 7.75, 11.5], "texture": "#0"},
				"west": {"uv": [7.5, 8, 8, 8.5], "texture": "#0"},
				"up": {"uv": [8.25, 11.5, 8, 11], "texture": "#0"},
				"down": {"uv": [8.75, 11, 8.5, 11.5], "texture": "#0"}
			}
		},
		{
			"from": [8.75, 8.5, -4.25],
			"to": [9, 9.5, -4],
			"rotation": {"angle": 0, "axis": "y", "origin": [9.875, 8, -4.125]},
			"faces": {
				"north": {"uv": [9, 11, 9.25, 11.5], "texture": "#0"},
				"east": {"uv": [9.5, 11, 9.75, 11.5], "texture": "#0"},
				"south": {"uv": [10, 11, 10.25, 11.5], "texture": "#0"},
				"west": {"uv": [10.5, 11, 10.75, 11.5], "texture": "#0"},
				"up": {"uv": [11.75, 5.25, 11.5, 5], "texture": "#0"},
				"down": {"uv": [5.75, 11.5, 5.5, 11.75], "texture": "#0"}
			}
		},
		{
			"from": [7.75, 8.5, -4.25],
			"to": [8, 9.5, -4],
			"rotation": {"angle": 0, "axis": "y", "origin": [9.875, 8, -4.125]},
			"faces": {
				"north": {"uv": [11, 10.5, 11.25, 11], "texture": "#0"},
				"east": {"uv": [11, 11, 11.25, 11.5], "texture": "#0"},
				"south": {"uv": [0, 11.5, 0.25, 12], "texture": "#0"},
				"west": {"uv": [0.5, 11.5, 0.75, 12], "texture": "#0"},
				"up": {"uv": [11.75, 5.75, 11.5, 5.5], "texture": "#0"},
				"down": {"uv": [6.25, 11.5, 6, 11.75], "texture": "#0"}
			}
		},
		{
			"from": [7.875, 9.375, -4.25],
			"to": [8.875, 9.625, -4],
			"rotation": {"angle": 0, "axis": "y", "origin": [8.375, 9, -4.125]},
			"faces": {
				"north": {"uv": [1, 11.5, 1.5, 11.75], "texture": "#0"},
				"east": {"uv": [11.5, 6, 11.75, 6.25], "texture": "#0"},
				"south": {"uv": [1.5, 11.5, 2, 11.75], "texture": "#0"},
				"west": {"uv": [6.5, 11.5, 6.75, 11.75], "texture": "#0"},
				"up": {"uv": [12, 1.75, 11.5, 1.5], "texture": "#0"},
				"down": {"uv": [2.5, 11.5, 2, 11.75], "texture": "#0"}
			}
		},
		{
			"from": [7.875, 8.375, -4.25],
			"to": [8.875, 8.625, -4],
			"rotation": {"angle": 0, "axis": "y", "origin": [8.375, 9, -4.125]},
			"faces": {
				"north": {"uv": [11.5, 2, 12, 2.25], "texture": "#0"},
				"east": {"uv": [11.5, 6.5, 11.75, 6.75], "texture": "#0"},
				"south": {"uv": [2.5, 11.5, 3, 11.75], "texture": "#0"},
				"west": {"uv": [7, 11.5, 7.25, 11.75], "texture": "#0"},
				"up": {"uv": [3.5, 11.75, 3, 11.5], "texture": "#0"},
				"down": {"uv": [4, 11.5, 3.5, 11.75], "texture": "#0"}
			}
		},
		{
			"from": [8, 8.5, 9.5],
			"to": [8.75, 9, 11.75],
			"faces": {
				"north": {"uv": [11, 4.5, 11.75, 4.75], "texture": "#0"},
				"east": {"uv": [9.5, 10.5, 10.75, 10.75], "texture": "#0"},
				"south": {"uv": [5, 11, 5.75, 11.25], "texture": "#0"},
				"west": {"uv": [10.5, 9.5, 11.75, 9.75], "texture": "#0"},
				"up": {"uv": [9.75, 2.75, 9, 1.5], "texture": "#0"},
				"down": {"uv": [2.75, 9, 2, 10.25], "texture": "#0"}
			}
		},
		{
			"from": [7.75, 6.75, 8],
			"to": [9, 8.5, 18],
			"faces": {
				"north": {"uv": [9.5, 9.5, 10.25, 10.5], "texture": "#0"},
				"east": {"uv": [0, 0, 5, 1], "texture": "#0"},
				"south": {"uv": [10, 0, 10.75, 1], "texture": "#0"},
				"west": {"uv": [0, 1, 5, 2], "texture": "#0"},
				"up": {"uv": [2.75, 9, 2, 4], "texture": "#0"},
				"down": {"uv": [3.75, 4, 3, 9], "texture": "#0"}
			}
		}
	],
	"display": {
		"thirdperson_righthand": {
			"rotation": [0.67, 0, 5.65],
			"translation": [-0.5, 2, -1.25]
		},
		"thirdperson_lefthand": {
			"rotation": [0.67, 0, 5.65],
			"translation": [-0.5, 2, -1.25]
		},
		"firstperson_righthand": {
			"translation": [0, 0, 3.75],
			"scale": [2, 2, 2]
		},
		"firstperson_lefthand": {
			"translation": [0, 0, 3.75],
			"scale": [2, 2, 2]
		},
		"ground": {
			"scale": [1.5, 1.5, 1.5]
		},
		"gui": {
			"rotation": [0, 90, 0]
		},
		"head": {
			"rotation": [0, 90, 0],
			"translation": [1, 1.5, 0]
		},
		"fixed": {
			"rotation": [0, 90, 0],
			"scale": [3, 3, 3]
		}
	}
}