{
	"credit": "Made By Ubalube",
	"textures": {
		"texture1": "guns/gray7",
		"texture2": "guns/gray1",
		"texture3": "guns/gray6",
		"texture4": "guns/red2",
		"texture5": "guns/black",
		"particle": "blocks/e_particle"
	},
	"elements": [
		{
			"name": "Box80",
			"from": [5.5, 12.25, 6.75],
			"to": [9.5, 12.75, 8.25],
			"faces": {
				"north": {"uv": [8, 3, 12, 3.5], "texture": "#texture3"},
				"east": {"uv": [7, 3, 8.5, 3.5], "texture": "#texture3"},
				"south": {"uv": [4, 3, 8, 3.5], "texture": "#texture3"},
				"west": {"uv": [7.5, 3, 9, 3.5], "texture": "#texture3"},
				"up": {"uv": [4, 7.5, 8, 9], "texture": "#texture3"},
				"down": {"uv": [4, 7, 8, 8.5], "texture": "#texture3"}
			}
		},
		{
			"name": "Box81",
			"from": [5.5, 12.25, 5.75],
			"to": [9.5, 12.75, 6.75],
			"rotation": {"angle": -45, "axis": "x", "origin": [5.5, 12.75, 6.75]},
			"faces": {
				"north": {"uv": [11.5, 7, 8, 6.5], "texture": "#texture3"},
				"east": {"uv": [1, 6.5, 2, 7], "rotation": 180, "texture": "#texture3"},
				"south": {"uv": [8, 7, 4.5, 6.5], "texture": "#texture3"},
				"west": {"uv": [14, 6.5, 15, 7], "rotation": 180, "texture": "#texture3"},
				"up": {"uv": [8, 1, 11.5, 2], "texture": "#texture3"},
				"down": {"uv": [8, 14, 11.5, 15], "texture": "#texture3"}
			}
		},
		{
			"name": "Box81",
			"from": [5.5, 12.25, 8.25],
			"to": [9.5, 12.75, 9.25],
			"rotation": {"angle": 45, "axis": "x", "origin": [9.5, 12.75, 8.25]},
			"faces": {
				"north": {"uv": [8, 7, 4.5, 6.5], "texture": "#texture3"},
				"east": {"uv": [14, 6.5, 15, 7], "rotation": 180, "texture": "#texture3"},
				"south": {"uv": [11.5, 7, 8, 6.5], "texture": "#texture3"},
				"west": {"uv": [1, 6.5, 2, 7], "rotation": 180, "texture": "#texture3"},
				"up": {"uv": [8, 1, 11.5, 2], "rotation": 180, "texture": "#texture3"},
				"down": {"uv": [8, 14, 11.5, 15], "rotation": 180, "texture": "#texture3"}
			}
		},
		{
			"name": "Box83",
			"from": [6.5, 12.75, 6.75],
			"to": [9.5, 13.25, 8.25],
			"faces": {
				"north": {"uv": [8, 2.5, 11, 3], "texture": "#texture3"},
				"east": {"uv": [7, 2.5, 8.5, 3], "texture": "#texture3"},
				"south": {"uv": [5, 2.5, 8, 3], "texture": "#texture3"},
				"west": {"uv": [7.5, 2.5, 9, 3], "texture": "#texture3"},
				"up": {"uv": [5, 7.5, 8, 9], "texture": "#texture3"},
				"down": {"uv": [5, 7, 8, 8.5], "texture": "#texture3"}
			}
		},
		{
			"name": "Box84",
			"from": [5.5, 12.75, 7],
			"to": [9, 13.75, 8],
			"faces": {
				"north": {"uv": [8.5, 2, 12, 3], "texture": "#texture3"},
				"east": {"uv": [7.25, 2, 8.25, 3], "texture": "#texture3"},
				"south": {"uv": [4, 2, 7.5, 3], "texture": "#texture3"},
				"west": {"uv": [7.75, 2, 8.75, 3], "texture": "#texture3"},
				"up": {"uv": [4, 7.75, 7.5, 8.75], "texture": "#texture3"},
				"down": {"uv": [4, 7.25, 7.5, 8.25], "texture": "#texture3"}
			}
		},
		{
			"name": "Box85",
			"from": [9.25, 12.875, 6.75],
			"to": [9.75, 13.375, 8.25],
			"rotation": {"angle": -45, "axis": "z", "origin": [9.75, 13.375, 6.75]},
			"faces": {
				"north": {"uv": [4.5, 6, 4, 5.5], "texture": "#texture3"},
				"east": {"uv": [14, 5.5, 15.5, 6], "rotation": 180, "texture": "#texture3"},
				"south": {"uv": [12, 6, 11.5, 5.5], "texture": "#texture3"},
				"west": {"uv": [0.5, 5.5, 2, 6], "rotation": 180, "texture": "#texture3"},
				"up": {"uv": [11.5, 0.5, 12, 2], "rotation": 180, "texture": "#texture3"},
				"down": {"uv": [11.5, 14, 12, 15.5], "rotation": 180, "texture": "#texture3"}
			}
		},
		{
			"name": "Box86",
			"from": [4.5, 13.75, 6.3],
			"to": [5.5, 15.75, 6.75],
			"rotation": {"angle": 22.5, "axis": "z", "origin": [4.5, 13.75, 6.3]},
			"faces": {
				"north": {"uv": [8.5, 3, 9.5, 5.5], "texture": "#texture3"},
				"east": {"uv": [1, 3, 2, 5.5], "texture": "#texture3"},
				"south": {"uv": [6.5, 3, 7.5, 5.5], "texture": "#texture3"},
				"west": {"uv": [14, 3, 15, 5.5], "texture": "#texture3"},
				"up": {"uv": [6.5, 14, 7.5, 15], "texture": "#texture3"},
				"down": {"uv": [6.5, 1, 7.5, 2], "texture": "#texture3"}
			}
		},
		{
			"name": "Box86",
			"from": [4.5, 13.75, 8.25],
			"to": [5.5, 15.75, 8.7],
			"rotation": {"angle": 22.5, "axis": "z", "origin": [4.5, 13.75, 8.25]},
			"faces": {
				"north": {"uv": [8.5, 3, 9.5, 5.5], "texture": "#texture3"},
				"east": {"uv": [1, 3, 2, 5.5], "texture": "#texture3"},
				"south": {"uv": [6.5, 3, 7.5, 5.5], "texture": "#texture3"},
				"west": {"uv": [14, 3, 15, 5.5], "texture": "#texture3"},
				"up": {"uv": [6.5, 14, 7.5, 15], "texture": "#texture3"},
				"down": {"uv": [6.5, 1, 7.5, 2], "texture": "#texture3"}
			}
		},
		{
			"name": "Box88",
			"from": [4.5, 13.625, 6.25],
			"to": [9, 14.125, 8.75],
			"faces": {
				"north": {"uv": [8.5, 1.625, 13, 2.125], "texture": "#texture3"},
				"east": {"uv": [6.5, 1.625, 9, 2.125], "texture": "#texture3"},
				"south": {"uv": [3, 1.625, 7.5, 2.125], "texture": "#texture3"},
				"west": {"uv": [7, 1.625, 9.5, 2.125], "texture": "#texture3"},
				"up": {"uv": [3, 7, 7.5, 9.5], "texture": "#texture3"},
				"down": {"uv": [3, 6.5, 7.5, 9], "texture": "#texture3"}
			}
		},
		{
			"name": "Box89",
			"from": [3.75, 15.625, 6.25],
			"to": [6.25, 16.125, 8.75],
			"faces": {
				"north": {"uv": [11.25, 0, 13.75, 0.125], "texture": "#texture3"},
				"east": {"uv": [6.5, 0, 9, 0.125], "texture": "#texture3"},
				"south": {"uv": [2.25, 0, 4.75, 0.125], "texture": "#texture3"},
				"west": {"uv": [7, 0, 9.5, 0.125], "texture": "#texture3"},
				"up": {"uv": [2.25, 7, 4.75, 9.5], "texture": "#texture3"},
				"down": {"uv": [2.25, 6.5, 4.75, 9], "texture": "#texture3"}
			}
		},
		{
			"name": "Box90",
			"from": [6.25, 15.625, 6.45],
			"to": [6.75, 16.125, 8.7],
			"rotation": {"angle": -22.5, "axis": "z", "origin": [6.25, 16.125, 8.7]},
			"faces": {
				"north": {"uv": [9.5, 3.5, 8.5, 3], "texture": "#texture3"},
				"east": {"uv": [1, 3, 2, 3.5], "rotation": 180, "texture": "#texture3"},
				"south": {"uv": [7.5, 3.5, 6.5, 3], "texture": "#texture3"},
				"west": {"uv": [14, 3, 15, 3.5], "rotation": 180, "texture": "#texture3"},
				"up": {"uv": [8.5, 1, 9.5, 2], "texture": "#texture3"},
				"down": {"uv": [8.5, 14, 9.5, 15], "texture": "#texture3"}
			}
		},
		{
			"name": "Box90",
			"from": [6.5, 15.375, 6.25],
			"to": [8, 15.875, 8.75],
			"faces": {
				"north": {"uv": [9.5, 0, 11, 0.375], "texture": "#texture3"},
				"east": {"uv": [6.5, 0, 9, 0.375], "texture": "#texture3"},
				"south": {"uv": [5, 0, 6.5, 0.375], "texture": "#texture3"},
				"west": {"uv": [7, 0, 9.5, 0.375], "texture": "#texture3"},
				"up": {"uv": [5, 7, 6.5, 9.5], "texture": "#texture3"},
				"down": {"uv": [5, 6.5, 6.5, 9], "texture": "#texture3"}
			}
		},
		{
			"name": "Box91",
			"from": [8, 15.375, 6.75],
			"to": [8.5, 15.875, 7.75],
			"rotation": {"angle": 45, "axis": "z", "origin": [8, 15.375, 6.75]},
			"faces": {
				"north": {"uv": [4.5, 3.5, 5.5, 4], "texture": "#texture3"},
				"east": {"uv": [1, 3.5, 2, 4], "texture": "#texture3"},
				"south": {"uv": [10.5, 3.5, 11.5, 4], "texture": "#texture3"},
				"west": {"uv": [14, 3.5, 15, 4], "texture": "#texture3"},
				"up": {"uv": [10.5, 14, 11.5, 15], "texture": "#texture3"},
				"down": {"uv": [10.5, 1, 11.5, 2], "texture": "#texture3"}
			}
		},
		{
			"name": "Box92",
			"from": [8, 15.75, 6.75],
			"to": [8.5, 16.25, 8.25],
			"faces": {
				"north": {"uv": [9, 15.5, 9.5, 16], "texture": "#texture3"},
				"east": {"uv": [7, 15.5, 8.5, 16], "texture": "#texture3"},
				"south": {"uv": [6.5, 15.5, 7, 16], "texture": "#texture3"},
				"west": {"uv": [7.5, 15.5, 9, 16], "texture": "#texture3"},
				"up": {"uv": [6.5, 7.5, 7, 9], "texture": "#texture3"},
				"down": {"uv": [6.5, 7, 7, 8.5], "texture": "#texture3"}
			}
		},
		{
			"name": "Box92",
			"from": [8.5, 15.75, 6.85],
			"to": [9.5, 16.25, 8.2],
			"rotation": {"angle": -22.5, "axis": "z", "origin": [8.5, 16.25, 8.2]},
			"faces": {
				"north": {"uv": [11.5, 3.5, 11, 3], "texture": "#texture3"},
				"east": {"uv": [0.5, 3, 2, 3.5], "rotation": 180, "texture": "#texture3"},
				"south": {"uv": [5, 3.5, 4.5, 3], "texture": "#texture3"},
				"west": {"uv": [14, 3, 15.5, 3.5], "rotation": 180, "texture": "#texture3"},
				"up": {"uv": [11, 0.5, 11.5, 2], "texture": "#texture3"},
				"down": {"uv": [11, 14, 11.5, 15.5], "texture": "#texture3"}
			}
		},
		{
			"name": "Box94",
			"from": [9, 15.625, 6.75],
			"to": [12.5, 16.125, 8.25],
			"faces": {
				"north": {"uv": [5, 0, 8.5, 0.125], "texture": "#texture3"},
				"east": {"uv": [7, 0, 8.5, 0.125], "texture": "#texture3"},
				"south": {"uv": [7.5, 0, 11, 0.125], "texture": "#texture3"},
				"west": {"uv": [7.5, 0, 9, 0.125], "texture": "#texture3"},
				"up": {"uv": [7.5, 7.5, 11, 9], "texture": "#texture3"},
				"down": {"uv": [7.5, 7, 11, 8.5], "texture": "#texture3"}
			}
		},
		{
			"name": "Box95",
			"from": [8, 13.25, 6.75],
			"to": [9.5, 14.25, 7.75],
			"faces": {
				"north": {"uv": [8, 1.5, 9.5, 2.5], "texture": "#texture3"},
				"east": {"uv": [7.5, 1.5, 8.5, 2.5], "texture": "#texture3"},
				"south": {"uv": [6.5, 1.5, 8, 2.5], "texture": "#texture3"},
				"west": {"uv": [7.5, 1.5, 8.5, 2.5], "texture": "#texture3"},
				"up": {"uv": [6.5, 7.5, 8, 8.5], "texture": "#texture3"},
				"down": {"uv": [6.5, 7.5, 8, 8.5], "texture": "#texture3"}
			}
		},
		{
			"name": "Box96",
			"from": [9.5, 13.75, 6.75],
			"to": [12.5, 14.25, 8.25],
			"faces": {
				"north": {"uv": [5, 1.5, 8, 2], "texture": "#texture3"},
				"east": {"uv": [7, 1.5, 8.5, 2], "texture": "#texture3"},
				"south": {"uv": [8, 1.5, 11, 2], "texture": "#texture3"},
				"west": {"uv": [7.5, 1.5, 9, 2], "texture": "#texture3"},
				"up": {"uv": [8, 7.5, 11, 9], "texture": "#texture3"},
				"down": {"uv": [8, 7, 11, 8.5], "texture": "#texture3"}
			}
		},
		{
			"name": "Box97",
			"from": [4.5, 14, 6],
			"to": [9.5, 15.5, 6.5],
			"faces": {
				"north": {"uv": [8, 0.25, 13, 1.75], "texture": "#texture3"},
				"east": {"uv": [8.75, 0.25, 9.25, 1.75], "texture": "#texture3"},
				"south": {"uv": [3, 0.25, 8, 1.75], "texture": "#texture3"},
				"west": {"uv": [6.75, 0.25, 7.25, 1.75], "texture": "#texture3"},
				"up": {"uv": [3, 6.75, 8, 7.25], "texture": "#texture3"},
				"down": {"uv": [3, 8.75, 8, 9.25], "texture": "#texture3"}
			}
		},
		{
			"name": "Box97",
			"from": [4.5, 14, 8.5],
			"to": [9.5, 15.5, 9],
			"faces": {
				"north": {"uv": [8, 0.25, 13, 1.75], "texture": "#texture3"},
				"east": {"uv": [6.25, 0.25, 6.75, 1.75], "texture": "#texture3"},
				"south": {"uv": [3, 0.25, 8, 1.75], "texture": "#texture3"},
				"west": {"uv": [9.25, 0.25, 9.75, 1.75], "texture": "#texture3"},
				"up": {"uv": [3, 9.25, 8, 9.75], "texture": "#texture3"},
				"down": {"uv": [3, 6.25, 8, 6.75], "texture": "#texture3"}
			}
		},
		{
			"name": "Box99",
			"from": [9.5, 14.25, 8.25],
			"to": [12.5, 15.75, 8.75],
			"faces": {
				"north": {"uv": [5, 0, 8, 1.5], "texture": "#texture3"},
				"east": {"uv": [6.5, 0, 7, 1.5], "texture": "#texture3"},
				"south": {"uv": [8, 0, 11, 1.5], "texture": "#texture3"},
				"west": {"uv": [9, 0, 9.5, 1.5], "texture": "#texture3"},
				"up": {"uv": [8, 9, 11, 9.5], "texture": "#texture3"},
				"down": {"uv": [8, 6.5, 11, 7], "texture": "#texture3"}
			}
		},
		{
			"name": "Box99",
			"from": [9.5, 14.25, 6.25],
			"to": [12.5, 15.75, 6.75],
			"faces": {
				"north": {"uv": [5, 0, 8, 1.5], "texture": "#texture3"},
				"east": {"uv": [8.5, 0, 9, 1.5], "texture": "#texture3"},
				"south": {"uv": [8, 0, 11, 1.5], "texture": "#texture3"},
				"west": {"uv": [7, 0, 7.5, 1.5], "texture": "#texture3"},
				"up": {"uv": [8, 7, 11, 7.5], "texture": "#texture3"},
				"down": {"uv": [8, 8.5, 11, 9], "texture": "#texture3"}
			}
		},
		{
			"name": "Box101",
			"from": [4.5, 15.25, 6.375],
			"to": [10, 15.75, 6.875],
			"faces": {
				"north": {"uv": [7.5, 0, 13, 0.5], "texture": "#texture3"},
				"east": {"uv": [8.375, 0, 8.875, 0.5], "texture": "#texture3"},
				"south": {"uv": [3, 0, 8.5, 0.5], "texture": "#texture3"},
				"west": {"uv": [7.125, 0, 7.625, 0.5], "texture": "#texture3"},
				"up": {"uv": [3, 7.125, 8.5, 7.625], "texture": "#texture3"},
				"down": {"uv": [3, 8.375, 8.5, 8.875], "texture": "#texture3"}
			}
		},
		{
			"name": "Box102",
			"from": [9, 13.25, 6.5],
			"to": [10, 14.25, 8.5],
			"faces": {
				"north": {"uv": [7.5, 1.5, 8.5, 2.5], "texture": "#texture3"},
				"east": {"uv": [6.75, 1.5, 8.75, 2.5], "texture": "#texture3"},
				"south": {"uv": [7.5, 1.5, 8.5, 2.5], "texture": "#texture3"},
				"west": {"uv": [7.25, 1.5, 9.25, 2.5], "texture": "#texture3"},
				"up": {"uv": [7.5, 7.25, 8.5, 9.25], "texture": "#texture3"},
				"down": {"uv": [7.5, 6.75, 8.5, 8.75], "texture": "#texture3"}
			}
		},
		{
			"name": "Box101",
			"from": [4.5, 15.25, 8.125],
			"to": [10, 15.75, 8.625],
			"faces": {
				"north": {"uv": [7.5, 0, 13, 0.5], "texture": "#texture3"},
				"east": {"uv": [6.625, 0, 7.125, 0.5], "texture": "#texture3"},
				"south": {"uv": [3, 0, 8.5, 0.5], "texture": "#texture3"},
				"west": {"uv": [8.875, 0, 9.375, 0.5], "texture": "#texture3"},
				"up": {"uv": [3, 8.875, 8.5, 9.375], "texture": "#texture3"},
				"down": {"uv": [3, 6.625, 8.5, 7.125], "texture": "#texture3"}
			}
		},
		{
			"name": "Box104",
			"from": [10.5, 14.125, 8.75],
			"to": [11.5, 15.125, 9.25],
			"rotation": {"angle": 45, "axis": "z", "origin": [10.5, 14.125, 8.75]},
			"faces": {
				"north": {"uv": [3, 4, 4, 5], "texture": "#texture3"},
				"east": {"uv": [15.5, 4, 16, 5], "texture": "#texture3"},
				"south": {"uv": [12, 4, 13, 5], "texture": "#texture3"},
				"west": {"uv": [0, 4, 0.5, 5], "texture": "#texture3"},
				"up": {"uv": [12, 0, 13, 0.5], "texture": "#texture3"},
				"down": {"uv": [12, 15.5, 13, 16], "texture": "#texture3"}
			}
		},
		{
			"name": "Box105",
			"from": [5.5, 11.75, 6.25],
			"to": [9.5, 12.25, 8.75],
			"faces": {
				"north": {"uv": [8, 3.5, 12, 4], "texture": "#texture3"},
				"east": {"uv": [6.5, 3.5, 9, 4], "texture": "#texture3"},
				"south": {"uv": [4, 3.5, 8, 4], "texture": "#texture3"},
				"west": {"uv": [7, 3.5, 9.5, 4], "texture": "#texture3"},
				"up": {"uv": [4, 7, 8, 9.5], "texture": "#texture3"},
				"down": {"uv": [4, 6.5, 8, 9], "texture": "#texture3"}
			}
		},
		{
			"name": "Box106",
			"from": [8, 11.75, 6.75],
			"to": [9.5, 13.25, 8.25],
			"rotation": {"angle": -22.5, "axis": "z", "origin": [9.5, 11.75, 6.75]},
			"faces": {
				"north": {"uv": [4, 7.5, 3, 6.5], "rotation": 270, "texture": "#texture3"},
				"east": {"uv": [12, 1, 13, 2], "rotation": 270, "texture": "#texture3"},
				"south": {"uv": [13, 7.5, 12, 6.5], "rotation": 90, "texture": "#texture3"},
				"west": {"uv": [13, 15, 12, 14], "rotation": 90, "texture": "#texture3"},
				"up": {"uv": [1, 6.5, 2, 7.5], "rotation": 270, "texture": "#texture3"},
				"down": {"uv": [15, 7.5, 14, 6.5], "rotation": 90, "texture": "#texture3"}
			}
		},
		{
			"name": "Box107",
			"from": [9.75, 15.75, 6.375],
			"to": [10.25, 16.75, 8.575],
			"faces": {
				"north": {"uv": [7.25, 15, 7.75, 16], "texture": "#texture3"},
				"east": {"uv": [6.675, 15, 8.875, 16], "texture": "#texture3"},
				"south": {"uv": [8.25, 15, 8.75, 16], "texture": "#texture3"},
				"west": {"uv": [7.125, 15, 9.325, 16], "texture": "#texture3"},
				"up": {"uv": [8.25, 7.125, 8.75, 9.325], "texture": "#texture3"},
				"down": {"uv": [8.25, 6.675, 8.75, 8.875], "texture": "#texture3"}
			}
		},
		{
			"name": "Box107",
			"from": [11, 15.75, 6.5],
			"to": [11.5, 16.75, 8.5],
			"faces": {
				"north": {"uv": [6, 15, 6.5, 16], "texture": "#texture3"},
				"east": {"uv": [6.75, 15, 8.75, 16], "texture": "#texture3"},
				"south": {"uv": [9.5, 15, 10, 16], "texture": "#texture3"},
				"west": {"uv": [7.25, 15, 9.25, 16], "texture": "#texture3"},
				"up": {"uv": [9.5, 7.25, 10, 9.25], "texture": "#texture3"},
				"down": {"uv": [9.5, 6.75, 10, 8.75], "texture": "#texture3"}
			}
		},
		{
			"name": "Box109",
			"from": [9.5, 15.75, 6.75],
			"to": [12, 16.75, 8.25],
			"faces": {
				"north": {"uv": [5.5, 15, 8, 16], "texture": "#texture3"},
				"east": {"uv": [7, 15, 8.5, 16], "texture": "#texture3"},
				"south": {"uv": [8, 15, 10.5, 16], "texture": "#texture3"},
				"west": {"uv": [7.5, 15, 9, 16], "texture": "#texture3"},
				"up": {"uv": [8, 7.5, 10.5, 9], "texture": "#texture3"},
				"down": {"uv": [8, 7, 10.5, 8.5], "texture": "#texture3"}
			}
		},
		{
			"name": "Box110",
			"from": [9.525, 16.625, 6.625],
			"to": [10.525, 17.125, 7.125],
			"faces": {
				"north": {"uv": [6.975, 14.625, 7.975, 15.125], "texture": "#texture3"},
				"east": {"uv": [8.125, 14.625, 8.625, 15.125], "texture": "#texture3"},
				"south": {"uv": [8.025, 14.625, 9.025, 15.125], "texture": "#texture3"},
				"west": {"uv": [7.375, 14.625, 7.875, 15.125], "texture": "#texture3"},
				"up": {"uv": [8.025, 7.375, 9.025, 7.875], "texture": "#texture3"},
				"down": {"uv": [8.025, 8.125, 9.025, 8.625], "texture": "#texture3"}
			}
		},
		{
			"name": "Box110",
			"from": [9.525, 16.5, 8],
			"to": [10.525, 17, 8.5],
			"faces": {
				"north": {"uv": [6.975, 14.75, 7.975, 15.25], "texture": "#texture3"},
				"east": {"uv": [6.75, 14.75, 7.25, 15.25], "texture": "#texture3"},
				"south": {"uv": [8.025, 14.75, 9.025, 15.25], "texture": "#texture3"},
				"west": {"uv": [8.75, 14.75, 9.25, 15.25], "texture": "#texture3"},
				"up": {"uv": [8.025, 8.75, 9.025, 9.25], "texture": "#texture3"},
				"down": {"uv": [8.025, 6.75, 9.025, 7.25], "texture": "#texture3"}
			}
		},
		{
			"name": "Box112",
			"from": [9.5, 17, 6.625],
			"to": [10, 18, 7.125],
			"rotation": {"angle": -22.5, "axis": "z", "origin": [9.5, 17, 6.625]},
			"faces": {
				"north": {"uv": [7.5, 12.5, 8, 13.5], "texture": "#texture3"},
				"east": {"uv": [1, 12.5, 2, 13.5], "texture": "#texture3"},
				"south": {"uv": [8, 12.5, 8.5, 13.5], "texture": "#texture3"},
				"west": {"uv": [14, 12.5, 15, 13.5], "texture": "#texture3"},
				"up": {"uv": [8, 14, 8.5, 15], "texture": "#texture3"},
				"down": {"uv": [8, 1, 8.5, 2], "texture": "#texture3"}
			}
		},
		{
			"name": "Box112",
			"from": [9.5, 17, 7.875],
			"to": [10, 18, 8.375],
			"rotation": {"angle": -22.5, "axis": "z", "origin": [9.5, 17, 7.875]},
			"faces": {
				"north": {"uv": [7.5, 12.5, 8, 13.5], "texture": "#texture3"},
				"east": {"uv": [1, 12.5, 2, 13.5], "texture": "#texture3"},
				"south": {"uv": [8, 12.5, 8.5, 13.5], "texture": "#texture3"},
				"west": {"uv": [14, 12.5, 15, 13.5], "texture": "#texture3"},
				"up": {"uv": [8, 14, 8.5, 15], "texture": "#texture3"},
				"down": {"uv": [8, 1, 8.5, 2], "texture": "#texture3"}
			}
		},
		{
			"name": "Box114",
			"from": [10, 16.75, 6.625],
			"to": [10.5, 17.75, 7.125],
			"faces": {
				"north": {"uv": [7, 14, 7.5, 15], "texture": "#texture3"},
				"east": {"uv": [8.125, 14, 8.625, 15], "texture": "#texture3"},
				"south": {"uv": [8.5, 14, 9, 15], "texture": "#texture3"},
				"west": {"uv": [7.375, 14, 7.875, 15], "texture": "#texture3"},
				"up": {"uv": [8.5, 7.375, 9, 7.875], "texture": "#texture3"},
				"down": {"uv": [8.5, 8.125, 9, 8.625], "texture": "#texture3"}
			}
		},
		{
			"name": "Box114",
			"from": [10, 16.75, 7.875],
			"to": [10.5, 17.75, 8.375],
			"faces": {
				"north": {"uv": [7, 14, 7.5, 15], "texture": "#texture3"},
				"east": {"uv": [6.875, 14, 7.375, 15], "texture": "#texture3"},
				"south": {"uv": [8.5, 14, 9, 15], "texture": "#texture3"},
				"west": {"uv": [8.625, 14, 9.125, 15], "texture": "#texture3"},
				"up": {"uv": [8.5, 8.625, 9, 9.125], "texture": "#texture3"},
				"down": {"uv": [8.5, 6.875, 9, 7.375], "texture": "#texture3"}
			}
		},
		{
			"name": "Box116",
			"from": [10.5, 16.375, 6.5],
			"to": [11, 16.875, 7],
			"faces": {
				"north": {"uv": [6.5, 14.875, 7, 15.375], "texture": "#texture3"},
				"east": {"uv": [8.25, 14.875, 8.75, 15.375], "texture": "#texture3"},
				"south": {"uv": [9, 14.875, 9.5, 15.375], "texture": "#texture3"},
				"west": {"uv": [7.25, 14.875, 7.75, 15.375], "texture": "#texture3"},
				"up": {"uv": [9, 7.25, 9.5, 7.75], "texture": "#texture3"},
				"down": {"uv": [9, 8.25, 9.5, 8.75], "texture": "#texture3"}
			}
		},
		{
			"name": "Box116",
			"from": [10.5, 16.375, 8],
			"to": [11, 16.875, 8.5],
			"faces": {
				"north": {"uv": [6.5, 14.875, 7, 15.375], "texture": "#texture3"},
				"east": {"uv": [6.75, 14.875, 7.25, 15.375], "texture": "#texture3"},
				"south": {"uv": [9, 14.875, 9.5, 15.375], "texture": "#texture3"},
				"west": {"uv": [8.75, 14.875, 9.25, 15.375], "texture": "#texture3"},
				"up": {"uv": [9, 8.75, 9.5, 9.25], "texture": "#texture3"},
				"down": {"uv": [9, 6.75, 9.5, 7.25], "texture": "#texture3"}
			}
		},
		{
			"name": "Box118",
			"from": [10.5, 16.875, 8],
			"to": [11, 17.875, 8.5],
			"rotation": {"angle": 22.5, "axis": "z", "origin": [11, 16.875, 8.5]},
			"faces": {
				"north": {"uv": [9, 13.5, 9.5, 14.5], "texture": "#texture3"},
				"east": {"uv": [14, 13.5, 14.5, 14.5], "texture": "#texture3"},
				"south": {"uv": [6.5, 13.5, 7, 14.5], "texture": "#texture3"},
				"west": {"uv": [1.5, 13.5, 2, 14.5], "texture": "#texture3"},
				"up": {"uv": [9, 14, 9.5, 14.5], "rotation": 180, "texture": "#texture3"},
				"down": {"uv": [9, 1.5, 9.5, 2], "rotation": 180, "texture": "#texture3"}
			}
		},
		{
			"name": "Box118",
			"from": [10.5, 16.875, 6.5],
			"to": [11, 17.875, 7],
			"rotation": {"angle": 22.5, "axis": "z", "origin": [11, 16.875, 7]},
			"faces": {
				"north": {"uv": [9, 13.5, 9.5, 14.5], "texture": "#texture3"},
				"east": {"uv": [14, 13.5, 14.5, 14.5], "texture": "#texture3"},
				"south": {"uv": [6.5, 13.5, 7, 14.5], "texture": "#texture3"},
				"west": {"uv": [1.5, 13.5, 2, 14.5], "texture": "#texture3"},
				"up": {"uv": [9, 14, 9.5, 14.5], "rotation": 180, "texture": "#texture3"},
				"down": {"uv": [9, 1.5, 9.5, 2], "rotation": 180, "texture": "#texture3"}
			}
		},
		{
			"name": "Box120",
			"from": [10, 17.75, 6.5],
			"to": [10.5, 18.25, 8.5],
			"faces": {
				"north": {"uv": [7, 13.5, 7.5, 14], "texture": "#texture3"},
				"east": {"uv": [6.75, 13.5, 8.75, 14], "texture": "#texture3"},
				"south": {"uv": [8.5, 13.5, 9, 14], "texture": "#texture3"},
				"west": {"uv": [7.25, 13.5, 9.25, 14], "texture": "#texture3"},
				"up": {"uv": [8.5, 7.25, 9, 9.25], "texture": "#texture3"},
				"down": {"uv": [8.5, 6.75, 9, 8.75], "texture": "#texture3"}
			}
		},
		{
			"name": "Box121",
			"from": [10, 17.375, 6.5],
			"to": [10.5, 17.875, 7],
			"faces": {
				"north": {"uv": [7, 13.875, 7.5, 14.375], "texture": "#texture3"},
				"east": {"uv": [8.25, 13.875, 8.75, 14.375], "texture": "#texture3"},
				"south": {"uv": [8.5, 13.875, 9, 14.375], "texture": "#texture3"},
				"west": {"uv": [7.25, 13.875, 7.75, 14.375], "texture": "#texture3"},
				"up": {"uv": [8.5, 7.25, 9, 7.75], "texture": "#texture3"},
				"down": {"uv": [8.5, 8.25, 9, 8.75], "texture": "#texture3"}
			}
		},
		{
			"name": "Box121",
			"from": [10, 17.375, 8],
			"to": [10.5, 17.875, 8.5],
			"faces": {
				"north": {"uv": [7, 13.875, 7.5, 14.375], "texture": "#texture3"},
				"east": {"uv": [6.75, 13.875, 7.25, 14.375], "texture": "#texture3"},
				"south": {"uv": [8.5, 13.875, 9, 14.375], "texture": "#texture3"},
				"west": {"uv": [8.75, 13.875, 9.25, 14.375], "texture": "#texture3"},
				"up": {"uv": [8.5, 8.75, 9, 9.25], "texture": "#texture3"},
				"down": {"uv": [8.5, 6.75, 9, 7.25], "texture": "#texture3"}
			}
		},
		{
			"name": "Box123",
			"from": [7.875, 15.75, 6.5],
			"to": [9.375, 16.25, 8],
			"rotation": {"angle": -45, "axis": "y", "origin": [7.875, 15.75, 6.5]},
			"faces": {
				"north": {"uv": [8.5, 15, 9.5, 15.5], "texture": "#texture3"},
				"east": {"uv": [1, 15, 2, 15.5], "texture": "#texture3"},
				"south": {"uv": [6.5, 15, 7.5, 15.5], "texture": "#texture3"},
				"west": {"uv": [14, 15, 15, 15.5], "texture": "#texture3"},
				"up": {"uv": [6.5, 14, 7.5, 15], "texture": "#texture3"},
				"down": {"uv": [6.5, 1, 7.5, 2], "texture": "#texture3"}
			}
		},
		{
			"name": "Box1",
			"from": [-14.5, 9, 7],
			"to": [-9.5, 10, 8],
			"faces": {
				"north": {"uv": [9.5, 6, 14.5, 7], "texture": "#texture3"},
				"east": {"uv": [8, 6, 9, 7], "texture": "#texture3"},
				"south": {"uv": [1.5, 6, 6.5, 7], "texture": "#texture3"},
				"west": {"uv": [7, 6, 8, 7], "texture": "#texture3"},
				"up": {"uv": [1.5, 7, 6.5, 8], "texture": "#texture3"},
				"down": {"uv": [1.5, 8, 6.5, 9], "texture": "#texture3"}
			}
		},
		{
			"name": "Box2",
			"from": [-15.5, 8.75, 6.75],
			"to": [-13.5, 10.25, 8.25],
			"faces": {
				"north": {"uv": [13.5, 5.75, 15.5, 7.25], "texture": "#texture3"},
				"east": {"uv": [7.75, 5.75, 9.25, 7.25], "texture": "#texture3"},
				"south": {"uv": [0.5, 5.75, 2.5, 7.25], "texture": "#texture3"},
				"west": {"uv": [6.75, 5.75, 8.25, 7.25], "texture": "#texture3"},
				"up": {"uv": [0.5, 6.75, 2.5, 8.25], "texture": "#texture3"},
				"down": {"uv": [0.5, 7.75, 2.5, 9.25], "texture": "#texture3"}
			}
		},
		{
			"name": "Box3",
			"from": [-11.5, 8.75, 6.75],
			"to": [-10, 10.25, 8.25],
			"faces": {
				"north": {"uv": [10, 5.75, 11.5, 7.25], "texture": "#texture3"},
				"east": {"uv": [7.75, 5.75, 9.25, 7.25], "texture": "#texture3"},
				"south": {"uv": [4.5, 5.75, 6, 7.25], "texture": "#texture3"},
				"west": {"uv": [6.75, 5.75, 8.25, 7.25], "texture": "#texture3"},
				"up": {"uv": [4.5, 6.75, 6, 8.25], "texture": "#texture3"},
				"down": {"uv": [4.5, 7.75, 6, 9.25], "texture": "#texture3"}
			}
		},
		{
			"name": "Box4",
			"from": [-11, 10, 7],
			"to": [-10, 11, 8],
			"faces": {
				"north": {"uv": [10, 5, 11, 6], "texture": "#texture3"},
				"east": {"uv": [8, 5, 9, 6], "texture": "#texture3"},
				"south": {"uv": [5, 5, 6, 6], "texture": "#texture3"},
				"west": {"uv": [7, 5, 8, 6], "texture": "#texture3"},
				"up": {"uv": [5, 7, 6, 8], "texture": "#texture3"},
				"down": {"uv": [5, 8, 6, 9], "texture": "#texture3"}
			}
		},
		{
			"name": "Box10",
			"from": [-9.5, 8, 6.5],
			"to": [14.5, 12, 8.5],
			"faces": {
				"north": {"uv": [1.5, 4, 16, 8], "texture": "#texture3"},
				"east": {"uv": [7.5, 4, 9.5, 8], "texture": "#texture3"},
				"south": {"uv": [0, 4, 14.5, 8], "texture": "#texture3"},
				"west": {"uv": [6.5, 4, 8.5, 8], "texture": "#texture3"},
				"up": {"uv": [0, 6.5, 14.5, 8.5], "texture": "#texture3"},
				"down": {"uv": [0, 7.5, 14.5, 9.5], "texture": "#texture3"}
			}
		},
		{
			"name": "Box11",
			"from": [-9.5, 8.125, 8.5],
			"to": [14.5, 10.125, 9],
			"faces": {
				"north": {"uv": [1.5, 5.875, 16, 7.875], "texture": "#texture2"},
				"east": {"uv": [7, 5.875, 7.5, 7.875], "texture": "#texture2"},
				"south": {"uv": [0, 5.875, 14.5, 7.875], "texture": "#texture2"},
				"west": {"uv": [8.5, 5.875, 9, 7.875], "texture": "#texture2"},
				"up": {"uv": [0, 8.5, 14.5, 9], "texture": "#texture2"},
				"down": {"uv": [0, 7, 14.5, 7.5], "texture": "#texture2"}
			}
		},
		{
			"name": "Box11",
			"from": [-9.5, 8.125, 6],
			"to": [14.5, 10.125, 6.5],
			"faces": {
				"north": {"uv": [1.5, 5.875, 16, 7.875], "texture": "#texture2"},
				"east": {"uv": [9.5, 5.875, 10, 7.875], "texture": "#texture2"},
				"south": {"uv": [0, 5.875, 14.5, 7.875], "texture": "#texture2"},
				"west": {"uv": [6, 5.875, 6.5, 7.875], "texture": "#texture2"},
				"up": {"uv": [0, 6, 14.5, 6.5], "texture": "#texture2"},
				"down": {"uv": [0, 9.5, 14.5, 10], "texture": "#texture2"}
			}
		},
		{
			"name": "Box13",
			"from": [-9.5, 10.125, 6],
			"to": [11, 11.125, 6.5],
			"rotation": {"angle": 45, "axis": "x", "origin": [-9.5, 10.125, 6]},
			"faces": {
				"north": {"uv": [8, 5, 16, 6], "texture": "#texture3"},
				"east": {"uv": [9.5, 5, 10, 6], "texture": "#texture3"},
				"south": {"uv": [0, 5, 8, 6], "texture": "#texture3"},
				"west": {"uv": [6, 5, 6.5, 6], "texture": "#texture3"},
				"up": {"uv": [0, 6, 8, 6.5], "texture": "#texture3"},
				"down": {"uv": [0, 9.5, 8, 10], "texture": "#texture3"}
			}
		},
		{
			"name": "Box14",
			"from": [-9.125, 11.75, 6.75],
			"to": [13.875, 12.25, 8.25],
			"faces": {
				"north": {"uv": [2.125, 3.75, 16, 4.25], "texture": "#texture3"},
				"east": {"uv": [7.75, 3.75, 9.25, 4.25], "texture": "#texture3"},
				"south": {"uv": [0, 3.75, 13.875, 4.25], "texture": "#texture3"},
				"west": {"uv": [6.75, 3.75, 8.25, 4.25], "texture": "#texture3"},
				"up": {"uv": [0, 6.75, 13.875, 8.25], "texture": "#texture3"},
				"down": {"uv": [0, 7.75, 13.875, 9.25], "texture": "#texture3"}
			}
		},
		{
			"name": "Box13",
			"from": [-9.5, 10.125, 8.5],
			"to": [14.5, 11.125, 9],
			"rotation": {"angle": -45, "axis": "x", "origin": [14.5, 10.125, 9]},
			"faces": {
				"north": {"uv": [0, 5, 8, 6], "texture": "#texture3"},
				"east": {"uv": [6, 5, 6.5, 6], "texture": "#texture3"},
				"south": {"uv": [8, 5, 16, 6], "texture": "#texture3"},
				"west": {"uv": [9.5, 5, 10, 6], "texture": "#texture3"},
				"up": {"uv": [0, 6, 8, 6.5], "rotation": 180, "texture": "#texture3"},
				"down": {"uv": [0, 9.5, 8, 10], "rotation": 180, "texture": "#texture3"}
			}
		},
		{
			"name": "Box16",
			"from": [-9, 7.625, 6.25],
			"to": [14.5, 8.125, 8.75],
			"faces": {
				"north": {"uv": [1.5, 7.875, 16, 8.375], "texture": "#texture2"},
				"east": {"uv": [7.25, 7.875, 9.75, 8.375], "texture": "#texture2"},
				"south": {"uv": [0, 7.875, 14.5, 8.375], "texture": "#texture2"},
				"west": {"uv": [6.25, 7.875, 8.75, 8.375], "texture": "#texture2"},
				"up": {"uv": [0, 6.25, 14.5, 8.75], "texture": "#texture2"},
				"down": {"uv": [0, 7.25, 14.5, 9.75], "texture": "#texture2"}
			}
		},
		{
			"name": "Box17",
			"from": [-8, 8.375, 8.75],
			"to": [-1.5, 9.875, 9.25],
			"faces": {
				"north": {"uv": [1.5, 6.125, 8, 7.625], "texture": "#texture3"},
				"east": {"uv": [6.75, 6.125, 7.25, 7.625], "texture": "#texture3"},
				"south": {"uv": [8, 6.125, 14.5, 7.625], "texture": "#texture3"},
				"west": {"uv": [8.75, 6.125, 9.25, 7.625], "texture": "#texture3"},
				"up": {"uv": [8, 8.75, 14.5, 9.25], "texture": "#texture3"},
				"down": {"uv": [8, 6.75, 14.5, 7.25], "texture": "#texture3"}
			}
		},
		{
			"name": "Box17",
			"from": [-7.875, 8.375, 5.75],
			"to": [-1.375, 9.875, 6.25],
			"faces": {
				"north": {"uv": [1.375, 6.125, 7.875, 7.625], "texture": "#texture3"},
				"east": {"uv": [9.75, 6.125, 10.25, 7.625], "texture": "#texture3"},
				"south": {"uv": [8.125, 6.125, 14.625, 7.625], "texture": "#texture3"},
				"west": {"uv": [5.75, 6.125, 6.25, 7.625], "texture": "#texture3"},
				"up": {"uv": [8.125, 5.75, 14.625, 6.25], "texture": "#texture3"},
				"down": {"uv": [8.125, 9.75, 14.625, 10.25], "texture": "#texture3"}
			}
		},
		{
			"name": "Box19",
			"from": [-7.875, 8.625, 9.125],
			"to": [-7.375, 9.625, 9.625],
			"faces": {
				"north": {"uv": [7.375, 6.375, 7.875, 7.375], "texture": "#texture3"},
				"east": {"uv": [6.375, 6.375, 6.875, 7.375], "texture": "#texture3"},
				"south": {"uv": [8.125, 6.375, 8.625, 7.375], "texture": "#texture3"},
				"west": {"uv": [9.125, 6.375, 9.625, 7.375], "texture": "#texture3"},
				"up": {"uv": [8.125, 9.125, 8.625, 9.625], "texture": "#texture3"},
				"down": {"uv": [8.125, 6.375, 8.625, 6.875], "texture": "#texture3"}
			}
		},
		{
			"name": "Box19",
			"from": [-7, 8.625, 9.125],
			"to": [-6.5, 9.625, 9.625],
			"faces": {
				"north": {"uv": [6.5, 6.375, 7, 7.375], "texture": "#texture3"},
				"east": {"uv": [6.375, 6.375, 6.875, 7.375], "texture": "#texture3"},
				"south": {"uv": [9, 6.375, 9.5, 7.375], "texture": "#texture3"},
				"west": {"uv": [9.125, 6.375, 9.625, 7.375], "texture": "#texture3"},
				"up": {"uv": [9, 9.125, 9.5, 9.625], "texture": "#texture3"},
				"down": {"uv": [9, 6.375, 9.5, 6.875], "texture": "#texture3"}
			}
		},
		{
			"name": "Box19",
			"from": [-6, 8.625, 9.125],
			"to": [-5.5, 9.625, 9.625],
			"faces": {
				"north": {"uv": [5.5, 6.375, 6, 7.375], "texture": "#texture3"},
				"east": {"uv": [6.375, 6.375, 6.875, 7.375], "texture": "#texture3"},
				"south": {"uv": [10, 6.375, 10.5, 7.375], "texture": "#texture3"},
				"west": {"uv": [9.125, 6.375, 9.625, 7.375], "texture": "#texture3"},
				"up": {"uv": [10, 9.125, 10.5, 9.625], "texture": "#texture3"},
				"down": {"uv": [10, 6.375, 10.5, 6.875], "texture": "#texture3"}
			}
		},
		{
			"name": "Box19",
			"from": [-5, 8.625, 9.125],
			"to": [-4.5, 9.625, 9.625],
			"faces": {
				"north": {"uv": [4.5, 6.375, 5, 7.375], "texture": "#texture3"},
				"east": {"uv": [6.375, 6.375, 6.875, 7.375], "texture": "#texture3"},
				"south": {"uv": [11, 6.375, 11.5, 7.375], "texture": "#texture3"},
				"west": {"uv": [9.125, 6.375, 9.625, 7.375], "texture": "#texture3"},
				"up": {"uv": [11, 9.125, 11.5, 9.625], "texture": "#texture3"},
				"down": {"uv": [11, 6.375, 11.5, 6.875], "texture": "#texture3"}
			}
		},
		{
			"name": "Box19",
			"from": [-4, 8.625, 9.125],
			"to": [-3.5, 9.625, 9.625],
			"faces": {
				"north": {"uv": [3.5, 6.375, 4, 7.375], "texture": "#texture3"},
				"east": {"uv": [6.375, 6.375, 6.875, 7.375], "texture": "#texture3"},
				"south": {"uv": [12, 6.375, 12.5, 7.375], "texture": "#texture3"},
				"west": {"uv": [9.125, 6.375, 9.625, 7.375], "texture": "#texture3"},
				"up": {"uv": [12, 9.125, 12.5, 9.625], "texture": "#texture3"},
				"down": {"uv": [12, 6.375, 12.5, 6.875], "texture": "#texture3"}
			}
		},
		{
			"name": "Box19",
			"from": [-3, 8.625, 9.125],
			"to": [-2.5, 9.625, 9.625],
			"faces": {
				"north": {"uv": [2.5, 6.375, 3, 7.375], "texture": "#texture3"},
				"east": {"uv": [6.375, 6.375, 6.875, 7.375], "texture": "#texture3"},
				"south": {"uv": [13, 6.375, 13.5, 7.375], "texture": "#texture3"},
				"west": {"uv": [9.125, 6.375, 9.625, 7.375], "texture": "#texture3"},
				"up": {"uv": [13, 9.125, 13.5, 9.625], "texture": "#texture3"},
				"down": {"uv": [13, 6.375, 13.5, 6.875], "texture": "#texture3"}
			}
		},
		{
			"name": "Box19",
			"from": [-2.125, 8.625, 9.125],
			"to": [-1.625, 9.625, 9.625],
			"faces": {
				"north": {"uv": [1.625, 6.375, 2.125, 7.375], "texture": "#texture3"},
				"east": {"uv": [6.375, 6.375, 6.875, 7.375], "texture": "#texture3"},
				"south": {"uv": [13.875, 6.375, 14.375, 7.375], "texture": "#texture3"},
				"west": {"uv": [9.125, 6.375, 9.625, 7.375], "texture": "#texture3"},
				"up": {"uv": [13.875, 9.125, 14.375, 9.625], "texture": "#texture3"},
				"down": {"uv": [13.875, 6.375, 14.375, 6.875], "texture": "#texture3"}
			}
		},
		{
			"name": "Box19",
			"from": [-2, 8.625, 5.375],
			"to": [-1.5, 9.625, 5.875],
			"faces": {
				"north": {"uv": [1.5, 6.375, 2, 7.375], "texture": "#texture3"},
				"east": {"uv": [10.125, 6.375, 10.625, 7.375], "texture": "#texture3"},
				"south": {"uv": [14, 6.375, 14.5, 7.375], "texture": "#texture3"},
				"west": {"uv": [5.375, 6.375, 5.875, 7.375], "texture": "#texture3"},
				"up": {"uv": [14, 5.375, 14.5, 5.875], "texture": "#texture3"},
				"down": {"uv": [14, 10.125, 14.5, 10.625], "texture": "#texture3"}
			}
		},
		{
			"name": "Box19",
			"from": [-2.875, 8.625, 5.375],
			"to": [-2.375, 9.625, 5.875],
			"faces": {
				"north": {"uv": [2.375, 6.375, 2.875, 7.375], "texture": "#texture3"},
				"east": {"uv": [10.125, 6.375, 10.625, 7.375], "texture": "#texture3"},
				"south": {"uv": [13.125, 6.375, 13.625, 7.375], "texture": "#texture3"},
				"west": {"uv": [5.375, 6.375, 5.875, 7.375], "texture": "#texture3"},
				"up": {"uv": [13.125, 5.375, 13.625, 5.875], "texture": "#texture3"},
				"down": {"uv": [13.125, 10.125, 13.625, 10.625], "texture": "#texture3"}
			}
		},
		{
			"name": "Box19",
			"from": [-3.875, 8.625, 5.375],
			"to": [-3.375, 9.625, 5.875],
			"faces": {
				"north": {"uv": [3.375, 6.375, 3.875, 7.375], "texture": "#texture3"},
				"east": {"uv": [10.125, 6.375, 10.625, 7.375], "texture": "#texture3"},
				"south": {"uv": [12.125, 6.375, 12.625, 7.375], "texture": "#texture3"},
				"west": {"uv": [5.375, 6.375, 5.875, 7.375], "texture": "#texture3"},
				"up": {"uv": [12.125, 5.375, 12.625, 5.875], "texture": "#texture3"},
				"down": {"uv": [12.125, 10.125, 12.625, 10.625], "texture": "#texture3"}
			}
		},
		{
			"name": "Box19",
			"from": [-5.875, 8.625, 5.375],
			"to": [-5.375, 9.625, 5.875],
			"faces": {
				"north": {"uv": [5.375, 6.375, 5.875, 7.375], "texture": "#texture3"},
				"east": {"uv": [10.125, 6.375, 10.625, 7.375], "texture": "#texture3"},
				"south": {"uv": [10.125, 6.375, 10.625, 7.375], "texture": "#texture3"},
				"west": {"uv": [5.375, 6.375, 5.875, 7.375], "texture": "#texture3"},
				"up": {"uv": [10.125, 5.375, 10.625, 5.875], "texture": "#texture3"},
				"down": {"uv": [10.125, 10.125, 10.625, 10.625], "texture": "#texture3"}
			}
		},
		{
			"name": "Box19",
			"from": [-4.875, 8.625, 5.375],
			"to": [-4.375, 9.625, 5.875],
			"faces": {
				"north": {"uv": [4.375, 6.375, 4.875, 7.375], "texture": "#texture3"},
				"east": {"uv": [10.125, 6.375, 10.625, 7.375], "texture": "#texture3"},
				"south": {"uv": [11.125, 6.375, 11.625, 7.375], "texture": "#texture3"},
				"west": {"uv": [5.375, 6.375, 5.875, 7.375], "texture": "#texture3"},
				"up": {"uv": [11.125, 5.375, 11.625, 5.875], "texture": "#texture3"},
				"down": {"uv": [11.125, 10.125, 11.625, 10.625], "texture": "#texture3"}
			}
		},
		{
			"name": "Box19",
			"from": [-6.875, 8.625, 5.375],
			"to": [-6.375, 9.625, 5.875],
			"faces": {
				"north": {"uv": [6.375, 6.375, 6.875, 7.375], "texture": "#texture3"},
				"east": {"uv": [10.125, 6.375, 10.625, 7.375], "texture": "#texture3"},
				"south": {"uv": [9.125, 6.375, 9.625, 7.375], "texture": "#texture3"},
				"west": {"uv": [5.375, 6.375, 5.875, 7.375], "texture": "#texture3"},
				"up": {"uv": [9.125, 5.375, 9.625, 5.875], "texture": "#texture3"},
				"down": {"uv": [9.125, 10.125, 9.625, 10.625], "texture": "#texture3"}
			}
		},
		{
			"name": "Box19",
			"from": [-7.75, 8.625, 5.375],
			"to": [-7.25, 9.625, 5.875],
			"faces": {
				"north": {"uv": [7.25, 6.375, 7.75, 7.375], "texture": "#texture3"},
				"east": {"uv": [10.125, 6.375, 10.625, 7.375], "texture": "#texture3"},
				"south": {"uv": [8.25, 6.375, 8.75, 7.375], "texture": "#texture3"},
				"west": {"uv": [5.375, 6.375, 5.875, 7.375], "texture": "#texture3"},
				"up": {"uv": [8.25, 5.375, 8.75, 5.875], "texture": "#texture3"},
				"down": {"uv": [8.25, 10.125, 8.75, 10.625], "texture": "#texture3"}
			}
		},
		{
			"name": "Box33",
			"from": [-8.625, 12.125, 7],
			"to": [-8.125, 12.625, 8],
			"faces": {
				"north": {"uv": [8.125, 3.375, 8.625, 3.875], "texture": "#texture3"},
				"east": {"uv": [8, 3.375, 9, 3.875], "texture": "#texture3"},
				"south": {"uv": [7.375, 3.375, 7.875, 3.875], "texture": "#texture3"},
				"west": {"uv": [7, 3.375, 8, 3.875], "texture": "#texture3"},
				"up": {"uv": [7.375, 7, 7.875, 8], "texture": "#texture3"},
				"down": {"uv": [7.375, 8, 7.875, 9], "texture": "#texture3"}
			}
		},
		{
			"name": "Box33",
			"from": [-7.625, 12.125, 7],
			"to": [-7.125, 12.625, 8],
			"faces": {
				"north": {"uv": [7.125, 3.375, 7.625, 3.875], "texture": "#texture3"},
				"east": {"uv": [8, 3.375, 9, 3.875], "texture": "#texture3"},
				"south": {"uv": [8.375, 3.375, 8.875, 3.875], "texture": "#texture3"},
				"west": {"uv": [7, 3.375, 8, 3.875], "texture": "#texture3"},
				"up": {"uv": [8.375, 7, 8.875, 8], "texture": "#texture3"},
				"down": {"uv": [8.375, 8, 8.875, 9], "texture": "#texture3"}
			}
		},
		{
			"name": "Box33",
			"from": [-6.625, 12.125, 7],
			"to": [-6.125, 12.625, 8],
			"faces": {
				"north": {"uv": [6.125, 3.375, 6.625, 3.875], "texture": "#texture3"},
				"east": {"uv": [8, 3.375, 9, 3.875], "texture": "#texture3"},
				"south": {"uv": [9.375, 3.375, 9.875, 3.875], "texture": "#texture3"},
				"west": {"uv": [7, 3.375, 8, 3.875], "texture": "#texture3"},
				"up": {"uv": [9.375, 7, 9.875, 8], "texture": "#texture3"},
				"down": {"uv": [9.375, 8, 9.875, 9], "texture": "#texture3"}
			}
		},
		{
			"name": "Box33",
			"from": [-5.625, 12.125, 7],
			"to": [-5.125, 12.625, 8],
			"faces": {
				"north": {"uv": [5.125, 3.375, 5.625, 3.875], "texture": "#texture3"},
				"east": {"uv": [8, 3.375, 9, 3.875], "texture": "#texture3"},
				"south": {"uv": [10.375, 3.375, 10.875, 3.875], "texture": "#texture3"},
				"west": {"uv": [7, 3.375, 8, 3.875], "texture": "#texture3"},
				"up": {"uv": [10.375, 7, 10.875, 8], "texture": "#texture3"},
				"down": {"uv": [10.375, 8, 10.875, 9], "texture": "#texture3"}
			}
		},
		{
			"name": "Box33",
			"from": [-4.625, 12.125, 7],
			"to": [-4.125, 12.625, 8],
			"faces": {
				"north": {"uv": [4.125, 3.375, 4.625, 3.875], "texture": "#texture3"},
				"east": {"uv": [8, 3.375, 9, 3.875], "texture": "#texture3"},
				"south": {"uv": [11.375, 3.375, 11.875, 3.875], "texture": "#texture3"},
				"west": {"uv": [7, 3.375, 8, 3.875], "texture": "#texture3"},
				"up": {"uv": [11.375, 7, 11.875, 8], "texture": "#texture3"},
				"down": {"uv": [11.375, 8, 11.875, 9], "texture": "#texture3"}
			}
		},
		{
			"name": "Box33",
			"from": [-3.625, 12.125, 7],
			"to": [-3.125, 12.625, 8],
			"faces": {
				"north": {"uv": [3.125, 3.375, 3.625, 3.875], "texture": "#texture3"},
				"east": {"uv": [8, 3.375, 9, 3.875], "texture": "#texture3"},
				"south": {"uv": [12.375, 3.375, 12.875, 3.875], "texture": "#texture3"},
				"west": {"uv": [7, 3.375, 8, 3.875], "texture": "#texture3"},
				"up": {"uv": [12.375, 7, 12.875, 8], "texture": "#texture3"},
				"down": {"uv": [12.375, 8, 12.875, 9], "texture": "#texture3"}
			}
		},
		{
			"name": "Box33",
			"from": [-2.625, 12.125, 7],
			"to": [-2.125, 12.625, 8],
			"faces": {
				"north": {"uv": [2.125, 3.375, 2.625, 3.875], "texture": "#texture3"},
				"east": {"uv": [8, 3.375, 9, 3.875], "texture": "#texture3"},
				"south": {"uv": [13.375, 3.375, 13.875, 3.875], "texture": "#texture3"},
				"west": {"uv": [7, 3.375, 8, 3.875], "texture": "#texture3"},
				"up": {"uv": [13.375, 7, 13.875, 8], "texture": "#texture3"},
				"down": {"uv": [13.375, 8, 13.875, 9], "texture": "#texture3"}
			}
		},
		{
			"name": "Box33",
			"from": [-1.625, 12.125, 7],
			"to": [-1.125, 12.625, 8],
			"faces": {
				"north": {"uv": [1.125, 3.375, 1.625, 3.875], "texture": "#texture3"},
				"east": {"uv": [8, 3.375, 9, 3.875], "texture": "#texture3"},
				"south": {"uv": [14.375, 3.375, 14.875, 3.875], "texture": "#texture3"},
				"west": {"uv": [7, 3.375, 8, 3.875], "texture": "#texture3"},
				"up": {"uv": [14.375, 7, 14.875, 8], "texture": "#texture3"},
				"down": {"uv": [14.375, 8, 14.875, 9], "texture": "#texture3"}
			}
		},
		{
			"name": "Box33",
			"from": [-0.625, 12.125, 7],
			"to": [-0.125, 12.625, 8],
			"faces": {
				"north": {"uv": [0.125, 3.375, 0.625, 3.875], "texture": "#texture3"},
				"east": {"uv": [8, 3.375, 9, 3.875], "texture": "#texture3"},
				"south": {"uv": [15.375, 3.375, 15.875, 3.875], "texture": "#texture3"},
				"west": {"uv": [7, 3.375, 8, 3.875], "texture": "#texture3"},
				"up": {"uv": [15.375, 7, 15.875, 8], "texture": "#texture3"},
				"down": {"uv": [15.375, 8, 15.875, 9], "texture": "#texture3"}
			}
		},
		{
			"name": "Box33",
			"from": [0.375, 12.125, 7],
			"to": [0.875, 12.625, 8],
			"faces": {
				"north": {"uv": [15.125, 3.375, 15.625, 3.875], "texture": "#texture3"},
				"east": {"uv": [8, 3.375, 9, 3.875], "texture": "#texture3"},
				"south": {"uv": [0.375, 3.375, 0.875, 3.875], "texture": "#texture3"},
				"west": {"uv": [7, 3.375, 8, 3.875], "texture": "#texture3"},
				"up": {"uv": [0.375, 7, 0.875, 8], "texture": "#texture3"},
				"down": {"uv": [0.375, 8, 0.875, 9], "texture": "#texture3"}
			}
		},
		{
			"name": "Box33",
			"from": [1.375, 12.125, 7],
			"to": [1.875, 12.625, 8],
			"faces": {
				"north": {"uv": [14.125, 3.375, 14.625, 3.875], "texture": "#texture3"},
				"east": {"uv": [8, 3.375, 9, 3.875], "texture": "#texture3"},
				"south": {"uv": [1.375, 3.375, 1.875, 3.875], "texture": "#texture3"},
				"west": {"uv": [7, 3.375, 8, 3.875], "texture": "#texture3"},
				"up": {"uv": [1.375, 7, 1.875, 8], "texture": "#texture3"},
				"down": {"uv": [1.375, 8, 1.875, 9], "texture": "#texture3"}
			}
		},
		{
			"name": "Box33",
			"from": [2.375, 12.125, 7],
			"to": [2.875, 12.625, 8],
			"faces": {
				"north": {"uv": [13.125, 3.375, 13.625, 3.875], "texture": "#texture3"},
				"east": {"uv": [8, 3.375, 9, 3.875], "texture": "#texture3"},
				"south": {"uv": [2.375, 3.375, 2.875, 3.875], "texture": "#texture3"},
				"west": {"uv": [7, 3.375, 8, 3.875], "texture": "#texture3"},
				"up": {"uv": [2.375, 7, 2.875, 8], "texture": "#texture3"},
				"down": {"uv": [2.375, 8, 2.875, 9], "texture": "#texture3"}
			}
		},
		{
			"name": "Box33",
			"from": [3.375, 12.125, 7],
			"to": [3.875, 12.625, 8],
			"faces": {
				"north": {"uv": [12.125, 3.375, 12.625, 3.875], "texture": "#texture3"},
				"east": {"uv": [8, 3.375, 9, 3.875], "texture": "#texture3"},
				"south": {"uv": [3.375, 3.375, 3.875, 3.875], "texture": "#texture3"},
				"west": {"uv": [7, 3.375, 8, 3.875], "texture": "#texture3"},
				"up": {"uv": [3.375, 7, 3.875, 8], "texture": "#texture3"},
				"down": {"uv": [3.375, 8, 3.875, 9], "texture": "#texture3"}
			}
		},
		{
			"name": "Box33",
			"from": [4.375, 12.125, 7],
			"to": [4.875, 12.625, 8],
			"faces": {
				"north": {"uv": [11.125, 3.375, 11.625, 3.875], "texture": "#texture3"},
				"east": {"uv": [8, 3.375, 9, 3.875], "texture": "#texture3"},
				"south": {"uv": [4.375, 3.375, 4.875, 3.875], "texture": "#texture3"},
				"west": {"uv": [7, 3.375, 8, 3.875], "texture": "#texture3"},
				"up": {"uv": [4.375, 7, 4.875, 8], "texture": "#texture3"},
				"down": {"uv": [4.375, 8, 4.875, 9], "texture": "#texture3"}
			}
		},
		{
			"name": "Box33",
			"from": [5.375, 12.125, 7],
			"to": [5.875, 12.625, 8],
			"faces": {
				"north": {"uv": [10.125, 3.375, 10.625, 3.875], "texture": "#texture3"},
				"east": {"uv": [8, 3.375, 9, 3.875], "texture": "#texture3"},
				"south": {"uv": [5.375, 3.375, 5.875, 3.875], "texture": "#texture3"},
				"west": {"uv": [7, 3.375, 8, 3.875], "texture": "#texture3"},
				"up": {"uv": [5.375, 7, 5.875, 8], "texture": "#texture3"},
				"down": {"uv": [5.375, 8, 5.875, 9], "texture": "#texture3"}
			}
		},
		{
			"name": "Box33",
			"from": [6.375, 12.125, 7],
			"to": [6.875, 12.625, 8],
			"faces": {
				"north": {"uv": [9.125, 3.375, 9.625, 3.875], "texture": "#texture3"},
				"east": {"uv": [8, 3.375, 9, 3.875], "texture": "#texture3"},
				"south": {"uv": [6.375, 3.375, 6.875, 3.875], "texture": "#texture3"},
				"west": {"uv": [7, 3.375, 8, 3.875], "texture": "#texture3"},
				"up": {"uv": [6.375, 7, 6.875, 8], "texture": "#texture3"},
				"down": {"uv": [6.375, 8, 6.875, 9], "texture": "#texture3"}
			}
		},
		{
			"name": "Box49",
			"from": [-4.5, 7.75, 7],
			"to": [10, 8.25, 8],
			"color": 0,
			"faces": {
				"north": {"uv": [6, 7.75, 16, 8.25], "texture": "#missing"},
				"east": {"uv": [8, 7.75, 9, 8.25], "texture": "#missing"},
				"south": {"uv": [0, 7.75, 10, 8.25], "texture": "#missing"},
				"west": {"uv": [7, 7.75, 8, 8.25], "texture": "#missing"},
				"up": {"uv": [0, 7, 10, 8], "texture": "#missing"},
				"down": {"uv": [0, 8, 10, 9], "texture": "#missing"}
			}
		},
		{
			"name": "Box49",
			"from": [-8.5, 7.25, 7],
			"to": [1, 7.75, 8.5],
			"faces": {
				"north": {"uv": [15, 8.25, 16, 8.75], "texture": "#texture3"},
				"east": {"uv": [7.5, 8.25, 9, 8.75], "texture": "#texture3"},
				"south": {"uv": [0, 8.25, 1, 8.75], "texture": "#texture3"},
				"west": {"uv": [7, 8.25, 8.5, 8.75], "texture": "#texture3"},
				"up": {"uv": [0, 7, 1, 8.5], "texture": "#texture3"},
				"down": {"uv": [0, 7.5, 1, 9], "texture": "#texture3"}
			}
		},
		{
			"name": "Box51",
			"from": [-8, 7, 7.25],
			"to": [-7.499, 7.5, 8.25],
			"faces": {
				"north": {"uv": [7.499, 8.5, 8, 9], "texture": "#texture3"},
				"east": {"uv": [7.75, 8.5, 8.75, 9], "texture": "#texture3"},
				"south": {"uv": [8, 8.5, 8.501, 9], "texture": "#texture3"},
				"west": {"uv": [7.25, 8.5, 8.25, 9], "texture": "#texture3"},
				"up": {"uv": [8, 7.25, 8.501, 8.25], "texture": "#texture3"},
				"down": {"uv": [8, 7.75, 8.501, 8.75], "texture": "#texture3"}
			}
		},
		{
			"name": "Box51",
			"from": [-7, 7, 7.25],
			"to": [-6.499, 7.5, 8.25],
			"faces": {
				"north": {"uv": [6.499, 8.5, 7, 9], "texture": "#texture3"},
				"east": {"uv": [7.75, 8.5, 8.75, 9], "texture": "#texture3"},
				"south": {"uv": [9, 8.5, 9.501, 9], "texture": "#texture3"},
				"west": {"uv": [7.25, 8.5, 8.25, 9], "texture": "#texture3"},
				"up": {"uv": [9, 7.25, 9.501, 8.25], "texture": "#texture3"},
				"down": {"uv": [9, 7.75, 9.501, 8.75], "texture": "#texture3"}
			}
		},
		{
			"name": "Box51",
			"from": [-6, 7, 7.25],
			"to": [-5.499, 7.5, 8.25],
			"faces": {
				"north": {"uv": [5.499, 8.5, 6, 9], "texture": "#texture3"},
				"east": {"uv": [7.75, 8.5, 8.75, 9], "texture": "#texture3"},
				"south": {"uv": [10, 8.5, 10.501, 9], "texture": "#texture3"},
				"west": {"uv": [7.25, 8.5, 8.25, 9], "texture": "#texture3"},
				"up": {"uv": [10, 7.25, 10.501, 8.25], "texture": "#texture3"},
				"down": {"uv": [10, 7.75, 10.501, 8.75], "texture": "#texture3"}
			}
		},
		{
			"name": "Box51",
			"from": [-5, 7, 7.25],
			"to": [-4.499, 7.5, 8.25],
			"faces": {
				"north": {"uv": [4.499, 8.5, 5, 9], "texture": "#texture3"},
				"east": {"uv": [7.75, 8.5, 8.75, 9], "texture": "#texture3"},
				"south": {"uv": [11, 8.5, 11.501, 9], "texture": "#texture3"},
				"west": {"uv": [7.25, 8.5, 8.25, 9], "texture": "#texture3"},
				"up": {"uv": [11, 7.25, 11.501, 8.25], "texture": "#texture3"},
				"down": {"uv": [11, 7.75, 11.501, 8.75], "texture": "#texture3"}
			}
		},
		{
			"name": "Box51",
			"from": [-4, 7, 7.25],
			"to": [-3.499, 7.5, 8.25],
			"faces": {
				"north": {"uv": [3.499, 8.5, 4, 9], "texture": "#texture3"},
				"east": {"uv": [7.75, 8.5, 8.75, 9], "texture": "#texture3"},
				"south": {"uv": [12, 8.5, 12.501, 9], "texture": "#texture3"},
				"west": {"uv": [7.25, 8.5, 8.25, 9], "texture": "#texture3"},
				"up": {"uv": [12, 7.25, 12.501, 8.25], "texture": "#texture3"},
				"down": {"uv": [12, 7.75, 12.501, 8.75], "texture": "#texture3"}
			}
		},
		{
			"name": "Box51",
			"from": [-3, 7, 7.25],
			"to": [-2.499, 7.5, 8.25],
			"faces": {
				"north": {"uv": [2.499, 8.5, 3, 9], "texture": "#texture3"},
				"east": {"uv": [7.75, 8.5, 8.75, 9], "texture": "#texture3"},
				"south": {"uv": [13, 8.5, 13.501, 9], "texture": "#texture3"},
				"west": {"uv": [7.25, 8.5, 8.25, 9], "texture": "#texture3"},
				"up": {"uv": [13, 7.25, 13.501, 8.25], "texture": "#texture3"},
				"down": {"uv": [13, 7.75, 13.501, 8.75], "texture": "#texture3"}
			}
		},
		{
			"name": "Box65",
			"from": [2.5, 6.625, 6.5],
			"to": [3.5, 7.625, 8.5],
			"faces": {
				"north": {"uv": [12.5, 8.375, 13.5, 9.375], "texture": "#texture1"},
				"east": {"uv": [7.5, 8.375, 9.5, 9.375], "texture": "#texture1"},
				"south": {"uv": [2.5, 8.375, 3.5, 9.375], "texture": "#texture1"},
				"west": {"uv": [6.5, 8.375, 8.5, 9.375], "texture": "#texture1"},
				"up": {"uv": [2.5, 6.5, 3.5, 8.5], "texture": "#texture1"},
				"down": {"uv": [2.5, 7.5, 3.5, 9.5], "texture": "#texture1"}
			}
		},
		{
			"name": "Box66",
			"from": [3, 6.625, 6.75],
			"to": [4.5, 7.125, 8.25],
			"rotation": {"angle": -22.5, "axis": "z", "origin": [3, 6.625, 6.75]},
			"faces": {
				"north": {"uv": [14.5, 9, 15.5, 9.5], "texture": "#texture1"},
				"east": {"uv": [1, 9, 2, 9.5], "texture": "#texture1"},
				"south": {"uv": [0.5, 9, 1.5, 9.5], "texture": "#texture1"},
				"west": {"uv": [14, 9, 15, 9.5], "texture": "#texture1"},
				"up": {"uv": [0.5, 14, 1.5, 15], "texture": "#texture1"},
				"down": {"uv": [0.5, 1, 1.5, 2], "texture": "#texture1"}
			}
		},
		{
			"name": "Box67",
			"from": [3.5, 6.625, 6.5],
			"to": [4, 7.625, 8.5],
			"faces": {
				"north": {"uv": [12, 8.375, 12.5, 9.375], "texture": "#texture1"},
				"east": {"uv": [7.5, 8.375, 9.5, 9.375], "texture": "#texture1"},
				"south": {"uv": [3.5, 8.375, 4, 9.375], "texture": "#texture1"},
				"west": {"uv": [6.5, 8.375, 8.5, 9.375], "texture": "#texture1"},
				"up": {"uv": [3.5, 6.5, 4, 8.5], "texture": "#texture1"},
				"down": {"uv": [3.5, 7.5, 4, 9.5], "texture": "#texture1"}
			}
		},
		{
			"name": "Box68",
			"from": [4, 4.625, 6.5],
			"to": [6, 7.625, 8.5],
			"faces": {
				"north": {"uv": [10, 8.375, 12, 11.375], "texture": "#texture1"},
				"east": {"uv": [7.5, 8.375, 9.5, 11.375], "texture": "#texture1"},
				"south": {"uv": [4, 8.375, 6, 11.375], "texture": "#texture1"},
				"west": {"uv": [6.5, 8.375, 8.5, 11.375], "texture": "#texture1"},
				"up": {"uv": [4, 6.5, 6, 8.5], "texture": "#texture1"},
				"down": {"uv": [4, 7.5, 6, 9.5], "texture": "#texture1"}
			}
		},
		{
			"name": "Box69",
			"from": [3.5, 4.125, 6.75],
			"to": [4.5, 4.625, 8.25],
			"faces": {
				"north": {"uv": [11.5, 11.375, 12.5, 11.875], "texture": "#texture1"},
				"east": {"uv": [7.75, 11.375, 9.25, 11.875], "texture": "#texture1"},
				"south": {"uv": [3.5, 11.375, 4.5, 11.875], "texture": "#texture1"},
				"west": {"uv": [6.75, 11.375, 8.25, 11.875], "texture": "#texture1"},
				"up": {"uv": [3.5, 6.75, 4.5, 8.25], "texture": "#texture1"},
				"down": {"uv": [3.5, 7.75, 4.5, 9.25], "texture": "#texture1"}
			}
		},
		{
			"name": "Box70",
			"from": [4.5, 4.125, 6.75],
			"to": [5.5, 4.625, 8.25],
			"rotation": {"angle": -22.5, "axis": "z", "origin": [4.5, 4.625, 8.25]},
			"faces": {
				"north": {"uv": [3, 12, 2, 11.5], "texture": "#texture1"},
				"east": {"uv": [1, 11.5, 2, 12], "rotation": 180, "texture": "#texture1"},
				"south": {"uv": [14, 12, 13, 11.5], "texture": "#texture1"},
				"west": {"uv": [14, 11.5, 15, 12], "rotation": 180, "texture": "#texture1"},
				"up": {"uv": [2, 1, 3, 2], "texture": "#texture1"},
				"down": {"uv": [2, 14, 3, 15], "texture": "#texture1"}
			}
		},
		{
			"name": "Box70",
			"from": [5.125, 3.8, 6.75],
			"to": [6.125, 4.3, 8.25],
			"faces": {
				"north": {"uv": [3, 12, 2, 11.5], "texture": "#texture1"},
				"east": {"uv": [1, 11.5, 2, 12], "rotation": 180, "texture": "#texture1"},
				"south": {"uv": [14, 12, 13, 11.5], "texture": "#texture1"},
				"west": {"uv": [14, 11.5, 15, 12], "rotation": 180, "texture": "#texture1"},
				"up": {"uv": [2, 1, 3, 2], "texture": "#texture1"},
				"down": {"uv": [2, 14, 3, 15], "texture": "#texture1"}
			}
		},
		{
			"name": "Box70",
			"from": [6.125, 3.8, 6.75],
			"to": [7.125, 4.3, 8.25],
			"rotation": {"angle": -22.5, "axis": "z", "origin": [6.125, 4.3, 8.25]},
			"faces": {
				"north": {"uv": [3, 12, 2, 11.5], "texture": "#texture1"},
				"east": {"uv": [1, 11.5, 2, 12], "rotation": 180, "texture": "#texture1"},
				"south": {"uv": [14, 12, 13, 11.5], "texture": "#texture1"},
				"west": {"uv": [14, 11.5, 15, 12], "rotation": 180, "texture": "#texture1"},
				"up": {"uv": [2, 1, 3, 2], "texture": "#texture1"},
				"down": {"uv": [2, 14, 3, 15], "texture": "#texture1"}
			}
		},
		{
			"name": "Box73",
			"from": [6.875, 3.5, 6.75],
			"to": [7.875, 4, 8.25],
			"faces": {
				"north": {"uv": [8.125, 12, 9.125, 12.5], "texture": "#texture1"},
				"east": {"uv": [7.75, 12, 9.25, 12.5], "texture": "#texture1"},
				"south": {"uv": [6.875, 12, 7.875, 12.5], "texture": "#texture1"},
				"west": {"uv": [6.75, 12, 8.25, 12.5], "texture": "#texture1"},
				"up": {"uv": [6.875, 6.75, 7.875, 8.25], "texture": "#texture1"},
				"down": {"uv": [6.875, 7.75, 7.875, 9.25], "texture": "#texture1"}
			}
		},
		{
			"name": "Box74",
			"from": [7.5, 3.625, 6.75],
			"to": [8, 7.625, 8.25],
			"faces": {
				"north": {"uv": [8, 8.375, 8.5, 12.375], "texture": "#texture1"},
				"east": {"uv": [7.75, 8.375, 9.25, 12.375], "texture": "#texture1"},
				"south": {"uv": [7.5, 8.375, 8, 12.375], "texture": "#texture1"},
				"west": {"uv": [6.75, 8.375, 8.25, 12.375], "texture": "#texture1"},
				"up": {"uv": [7.5, 6.75, 8, 8.25], "texture": "#texture1"},
				"down": {"uv": [7.5, 7.75, 8, 9.25], "texture": "#texture1"}
			}
		},
		{
			"name": "Box75",
			"from": [4.5, 4.125, 6.75],
			"to": [7.5, 7.625, 8.25],
			"faces": {
				"north": {"uv": [8.5, 8.375, 11.5, 11.875], "texture": "#texture1"},
				"east": {"uv": [7.75, 8.375, 9.25, 11.875], "texture": "#texture1"},
				"south": {"uv": [4.5, 8.375, 7.5, 11.875], "texture": "#texture1"},
				"west": {"uv": [6.75, 8.375, 8.25, 11.875], "texture": "#texture1"},
				"up": {"uv": [4.5, 6.75, 7.5, 8.25], "texture": "#texture1"},
				"down": {"uv": [4.5, 7.75, 7.5, 9.25], "texture": "#texture1"}
			}
		},
		{
			"name": "Box76",
			"from": [6.5, 3.625, 6.75],
			"to": [7.5, 4.625, 8.25],
			"faces": {
				"north": {"uv": [8.5, 11.375, 9.5, 12.375], "texture": "#texture1"},
				"east": {"uv": [7.75, 11.375, 9.25, 12.375], "texture": "#texture1"},
				"south": {"uv": [6.5, 11.375, 7.5, 12.375], "texture": "#texture1"},
				"west": {"uv": [6.75, 11.375, 8.25, 12.375], "texture": "#texture1"},
				"up": {"uv": [6.5, 6.75, 7.5, 8.25], "texture": "#texture1"},
				"down": {"uv": [6.5, 7.75, 7.5, 9.25], "texture": "#texture1"}
			}
		},
		{
			"name": "Box77",
			"from": [6, 4.625, 6.5],
			"to": [7.5, 5.625, 8.5],
			"rotation": {"angle": 22.5, "axis": "z", "origin": [6, 4.625, 6.5]},
			"faces": {
				"north": {"uv": [11, 10.5, 12.5, 11.5], "texture": "#texture1"},
				"east": {"uv": [1, 10.5, 2, 11.5], "texture": "#texture1"},
				"south": {"uv": [3.5, 10.5, 5, 11.5], "texture": "#texture1"},
				"west": {"uv": [14, 10.5, 15, 11.5], "texture": "#texture1"},
				"up": {"uv": [3.5, 14, 5, 15], "texture": "#texture1"},
				"down": {"uv": [3.5, 1, 5, 2], "texture": "#texture1"}
			}
		},
		{
			"name": "Box78",
			"from": [6.5, 5.125, 6.5],
			"to": [7.5, 7.625, 8.5],
			"faces": {
				"north": {"uv": [8.5, 8.375, 9.5, 10.875], "texture": "#texture1"},
				"east": {"uv": [7.5, 8.375, 9.5, 10.875], "texture": "#texture1"},
				"south": {"uv": [6.5, 8.375, 7.5, 10.875], "texture": "#texture1"},
				"west": {"uv": [6.5, 8.375, 8.5, 10.875], "texture": "#texture1"},
				"up": {"uv": [6.5, 6.5, 7.5, 8.5], "texture": "#texture1"},
				"down": {"uv": [6.5, 7.5, 7.5, 9.5], "texture": "#texture1"}
			}
		},
		{
			"name": "Box78",
			"from": [6, 5.125, 6.5],
			"to": [6.5, 7.625, 8.5],
			"faces": {
				"north": {"uv": [9.5, 8.375, 10, 10.875], "texture": "#texture1"},
				"east": {"uv": [7.5, 8.375, 9.5, 10.875], "texture": "#texture1"},
				"south": {"uv": [6, 8.375, 6.5, 10.875], "texture": "#texture1"},
				"west": {"uv": [6.5, 8.375, 8.5, 10.875], "texture": "#texture1"},
				"up": {"uv": [6, 6.5, 6.5, 8.5], "texture": "#texture1"},
				"down": {"uv": [6, 7.5, 6.5, 9.5], "texture": "#texture1"}
			}
		},
		{
			"name": "Box80",
			"from": [4.125, 0.375, 7],
			"to": [7.625, 5.375, 8],
			"faces": {
				"north": {"uv": [8.375, 10.625, 11.875, 15.625], "texture": "#texture3"},
				"east": {"uv": [8, 10.625, 9, 15.625], "texture": "#texture3"},
				"south": {"uv": [4.125, 10.625, 7.625, 15.625], "texture": "#texture3"},
				"west": {"uv": [7, 10.625, 8, 15.625], "texture": "#texture3"},
				"up": {"uv": [4.125, 7, 7.625, 8], "texture": "#texture3"},
				"down": {"uv": [4.125, 8, 7.625, 9], "texture": "#texture3"}
			}
		},
		{
			"name": "Box68",
			"from": [4.125, 0.375, 7],
			"to": [5.625, 1.375, 8],
			"rotation": {"angle": -22.5, "axis": "z", "origin": [4.125, 0.375, 7]},
			"faces": {
				"north": {"uv": [12.5, 15.5, 14, 16], "texture": "#texture3"},
				"east": {"uv": [1, 15.5, 2, 16], "texture": "#texture3"},
				"south": {"uv": [2, 15.5, 3.5, 16], "texture": "#texture3"},
				"west": {"uv": [14, 15.5, 15, 16], "texture": "#texture3"},
				"up": {"uv": [2, 14, 3.5, 15], "texture": "#texture3"},
				"down": {"uv": [2, 1, 3.5, 2], "texture": "#texture3"}
			}
		},
		{
			"name": "Box69",
			"from": [5.5, -0.125, 7],
			"to": [7.62079, 0.375, 8],
			"faces": {
				"north": {"uv": [8.37921, 15.625, 10.5, 16], "texture": "#texture3"},
				"east": {"uv": [8, 15.625, 9, 16], "texture": "#texture3"},
				"south": {"uv": [5.5, 15.625, 7.62079, 16], "texture": "#texture3"},
				"west": {"uv": [7, 15.625, 8, 16], "texture": "#texture3"},
				"up": {"uv": [5.5, 7, 7.62079, 8], "texture": "#texture3"},
				"down": {"uv": [5.5, 8, 7.62079, 9], "texture": "#texture3"}
			}
		},
		{
			"name": "Box70",
			"from": [8, 6.125, 6.75],
			"to": [14.5, 7.625, 8.25],
			"faces": {
				"north": {"uv": [1.5, 8.375, 8, 9.875], "texture": "#texture1"},
				"east": {"uv": [7.75, 8.375, 9.25, 9.875], "texture": "#texture1"},
				"south": {"uv": [8, 8.375, 14.5, 9.875], "texture": "#texture1"},
				"west": {"uv": [6.75, 8.375, 8.25, 9.875], "texture": "#texture1"},
				"up": {"uv": [8, 6.75, 14.5, 8.25], "texture": "#texture1"},
				"down": {"uv": [8, 7.75, 14.5, 9.25], "texture": "#texture1"}
			}
		},
		{
			"name": "Box71",
			"from": [8, 3.625, 7],
			"to": [10.5, 4.125, 8],
			"faces": {
				"north": {"uv": [5.5, 11.875, 8, 12.375], "texture": "#texture1"},
				"east": {"uv": [8, 11.875, 9, 12.375], "texture": "#texture1"},
				"south": {"uv": [8, 11.875, 10.5, 12.375], "texture": "#texture1"},
				"west": {"uv": [7, 11.875, 8, 12.375], "texture": "#texture1"},
				"up": {"uv": [8, 7, 10.5, 8], "texture": "#texture1"},
				"down": {"uv": [8, 8, 10.5, 9], "texture": "#texture1"}
			}
		},
		{
			"name": "Box72",
			"from": [10.5, 3.625, 6.75],
			"to": [13, 6.125, 8.25],
			"faces": {
				"north": {"uv": [3, 9.875, 5.5, 12.375], "texture": "#texture1"},
				"east": {"uv": [7.75, 9.875, 9.25, 12.375], "texture": "#texture1"},
				"south": {"uv": [10.5, 9.875, 13, 12.375], "texture": "#texture1"},
				"west": {"uv": [6.75, 9.875, 8.25, 12.375], "texture": "#texture1"},
				"up": {"uv": [10.5, 6.75, 13, 8.25], "texture": "#texture1"},
				"down": {"uv": [10.5, 7.75, 13, 9.25], "texture": "#texture1"}
			}
		},
		{
			"name": "Box73",
			"from": [10.5, 0.125, 6.65],
			"to": [13, 3.625, 8.3],
			"rotation": {"angle": 22.5, "axis": "z", "origin": [10.5, 3.625, 8.3]},
			"faces": {
				"north": {"uv": [10.5, 16, 8, 13], "texture": "#texture1"},
				"east": {"uv": [1, 13, 2, 16], "rotation": 180, "texture": "#texture1"},
				"south": {"uv": [8, 16, 5.5, 13], "texture": "#texture1"},
				"west": {"uv": [14, 13, 15, 16], "rotation": 180, "texture": "#texture1"},
				"up": {"uv": [8, 1, 10.5, 2], "texture": "#texture1"},
				"down": {"uv": [8, 14, 10.5, 15], "texture": "#texture1"}
			}
		},
		{
			"name": "Box74",
			"from": [11.625, 0.125, 6.925],
			"to": [14.125, 1.625, 8.025],
			"faces": {
				"north": {"uv": [1.875, 14.375, 4.375, 15.875], "texture": "#texture1"},
				"east": {"uv": [7.975, 14.375, 9.075, 15.875], "texture": "#texture1"},
				"south": {"uv": [11.625, 14.375, 14.125, 15.875], "texture": "#texture1"},
				"west": {"uv": [6.925, 14.375, 8.025, 15.875], "texture": "#texture1"},
				"up": {"uv": [11.625, 6.925, 14.125, 8.025], "texture": "#texture1"},
				"down": {"uv": [11.625, 7.975, 14.125, 9.075], "texture": "#texture1"}
			}
		},
		{
			"name": "Box75",
			"from": [13, 4.125, 7],
			"to": [13.5, 6.125, 8],
			"faces": {
				"north": {"uv": [2.5, 9.875, 3, 11.875], "texture": "#texture1"},
				"east": {"uv": [8, 9.875, 9, 11.875], "texture": "#texture1"},
				"south": {"uv": [13, 9.875, 13.5, 11.875], "texture": "#texture1"},
				"west": {"uv": [7, 9.875, 8, 11.875], "texture": "#texture1"},
				"up": {"uv": [13, 7, 13.5, 8], "texture": "#texture1"},
				"down": {"uv": [13, 8, 13.5, 9], "texture": "#texture1"}
			}
		},
		{
			"name": "Box76",
			"from": [13, 4.75, 7],
			"to": [15, 6.25, 8],
			"rotation": {"angle": 45, "axis": "z", "origin": [13, 4.75, 7]},
			"faces": {
				"north": {"uv": [4, 10.5, 5.5, 11.5], "texture": "#texture1"},
				"east": {"uv": [1, 10.5, 2, 11.5], "texture": "#texture1"},
				"south": {"uv": [10.5, 10.5, 12, 11.5], "texture": "#texture1"},
				"west": {"uv": [14, 10.5, 15, 11.5], "texture": "#texture1"},
				"up": {"uv": [10.5, 14, 12, 15], "texture": "#texture1"},
				"down": {"uv": [10.5, 1, 12, 2], "texture": "#texture1"}
			}
		},
		{
			"name": "Box77",
			"from": [9.5, 4.875, 7],
			"to": [10, 6.875, 8],
			"rotation": {"angle": 22.5, "axis": "z", "origin": [9.5, 4.875, 7]},
			"faces": {
				"north": {"uv": [9.5, 9.5, 10, 11.5], "texture": "#texture1"},
				"east": {"uv": [1, 9.5, 2, 11.5], "texture": "#texture1"},
				"south": {"uv": [6, 9.5, 6.5, 11.5], "texture": "#texture1"},
				"west": {"uv": [14, 9.5, 15, 11.5], "texture": "#texture1"},
				"up": {"uv": [6, 14, 6.5, 15], "texture": "#texture1"},
				"down": {"uv": [6, 1, 6.5, 2], "texture": "#texture1"}
			}
		},
		{
			"name": "Box78",
			"from": [9.5, 4.875, 7],
			"to": [10, 6.375, 8],
			"faces": {
				"north": {"uv": [6, 9.625, 6.5, 11.125], "texture": "#texture1"},
				"east": {"uv": [8, 9.625, 9, 11.125], "texture": "#texture1"},
				"south": {"uv": [9.5, 9.625, 10, 11.125], "texture": "#texture1"},
				"west": {"uv": [7, 9.625, 8, 11.125], "texture": "#texture1"},
				"up": {"uv": [9.5, 7, 10, 8], "texture": "#texture1"},
				"down": {"uv": [9.5, 8, 10, 9], "texture": "#texture1"}
			}
		},
		{
			"name": "Box79",
			"from": [9.625, 5.125, 7],
			"to": [10.125, 6.125, 8],
			"faces": {
				"north": {"uv": [5.875, 9.875, 6.375, 10.875], "texture": "#texture1"},
				"east": {"uv": [8, 9.875, 9, 10.875], "texture": "#texture1"},
				"south": {"uv": [9.625, 9.875, 10.125, 10.875], "texture": "#texture1"},
				"west": {"uv": [7, 9.875, 8, 10.875], "texture": "#texture1"},
				"up": {"uv": [9.625, 7, 10.125, 8], "texture": "#texture1"},
				"down": {"uv": [9.625, 8, 10.125, 9], "texture": "#texture1"}
			}
		},
		{
			"name": "Box80",
			"from": [7.5, 6.625, 6.5],
			"to": [14.5, 7.625, 7],
			"faces": {
				"north": {"uv": [1.5, 8.375, 8.5, 9.375], "texture": "#texture1"},
				"east": {"uv": [9, 8.375, 9.5, 9.375], "texture": "#texture1"},
				"south": {"uv": [7.5, 8.375, 14.5, 9.375], "texture": "#texture1"},
				"west": {"uv": [6.5, 8.375, 7, 9.375], "texture": "#texture1"},
				"up": {"uv": [7.5, 6.5, 14.5, 7], "texture": "#texture1"},
				"down": {"uv": [7.5, 9, 14.5, 9.5], "texture": "#texture1"}
			}
		},
		{
			"name": "Box80",
			"from": [7.5, 6.625, 8],
			"to": [14.5, 7.625, 8.5],
			"faces": {
				"north": {"uv": [1.5, 8.375, 8.5, 9.375], "texture": "#texture1"},
				"east": {"uv": [7.5, 8.375, 8, 9.375], "texture": "#texture1"},
				"south": {"uv": [7.5, 8.375, 14.5, 9.375], "texture": "#texture1"},
				"west": {"uv": [8, 8.375, 8.5, 9.375], "texture": "#texture1"},
				"up": {"uv": [7.5, 8, 14.5, 8.5], "texture": "#texture1"},
				"down": {"uv": [7.5, 7.5, 14.5, 8], "texture": "#texture1"}
			}
		},
		{
			"name": "Box82",
			"from": [14.5, 7, 6.5],
			"to": [15.5, 11.5, 8.5],
			"faces": {
				"north": {"uv": [0.5, 4.5, 1.5, 9], "texture": "#texture2"},
				"east": {"uv": [7.5, 4.5, 9.5, 9], "texture": "#texture2"},
				"south": {"uv": [14.5, 4.5, 15.5, 9], "texture": "#texture2"},
				"west": {"uv": [6.5, 4.5, 8.5, 9], "texture": "#texture2"},
				"up": {"uv": [14.5, 6.5, 15.5, 8.5], "texture": "#texture2"},
				"down": {"uv": [14.5, 7.5, 15.5, 9.5], "texture": "#texture2"}
			}
		},
		{
			"name": "Box33",
			"from": [7.5, 12.125, 7],
			"to": [8, 12.625, 8],
			"faces": {
				"north": {"uv": [8, 3.375, 8.5, 3.875], "texture": "#texture3"},
				"east": {"uv": [8, 3.375, 9, 3.875], "texture": "#texture3"},
				"south": {"uv": [7.5, 3.375, 8, 3.875], "texture": "#texture3"},
				"west": {"uv": [7, 3.375, 8, 3.875], "texture": "#texture3"},
				"up": {"uv": [7.5, 7, 8, 8], "texture": "#texture3"},
				"down": {"uv": [7.5, 8, 8, 9], "texture": "#texture3"}
			}
		},
		{
			"name": "Box33",
			"from": [8.5, 12.125, 7],
			"to": [9, 12.625, 8],
			"faces": {
				"north": {"uv": [7, 3.375, 7.5, 3.875], "texture": "#texture3"},
				"east": {"uv": [8, 3.375, 9, 3.875], "texture": "#texture3"},
				"south": {"uv": [8.5, 3.375, 9, 3.875], "texture": "#texture3"},
				"west": {"uv": [7, 3.375, 8, 3.875], "texture": "#texture3"},
				"up": {"uv": [8.5, 7, 9, 8], "texture": "#texture3"},
				"down": {"uv": [8.5, 8, 9, 9], "texture": "#texture3"}
			}
		},
		{
			"name": "Box33",
			"from": [9.5, 12.125, 7],
			"to": [10, 12.625, 8],
			"faces": {
				"north": {"uv": [6, 3.375, 6.5, 3.875], "texture": "#texture3"},
				"east": {"uv": [8, 3.375, 9, 3.875], "texture": "#texture3"},
				"south": {"uv": [9.5, 3.375, 10, 3.875], "texture": "#texture3"},
				"west": {"uv": [7, 3.375, 8, 3.875], "texture": "#texture3"},
				"up": {"uv": [9.5, 7, 10, 8], "texture": "#texture3"},
				"down": {"uv": [9.5, 8, 10, 9], "texture": "#texture3"}
			}
		},
		{
			"name": "Box33",
			"from": [10.5, 12.125, 7],
			"to": [11, 12.625, 8],
			"faces": {
				"north": {"uv": [5, 3.375, 5.5, 3.875], "texture": "#texture3"},
				"east": {"uv": [8, 3.375, 9, 3.875], "texture": "#texture3"},
				"south": {"uv": [10.5, 3.375, 11, 3.875], "texture": "#texture3"},
				"west": {"uv": [7, 3.375, 8, 3.875], "texture": "#texture3"},
				"up": {"uv": [10.5, 7, 11, 8], "texture": "#texture3"},
				"down": {"uv": [10.5, 8, 11, 9], "texture": "#texture3"}
			}
		},
		{
			"name": "Box33",
			"from": [11.5, 12.125, 7],
			"to": [12, 12.625, 8],
			"faces": {
				"north": {"uv": [4, 3.375, 4.5, 3.875], "texture": "#texture3"},
				"east": {"uv": [8, 3.375, 9, 3.875], "texture": "#texture3"},
				"south": {"uv": [11.5, 3.375, 12, 3.875], "texture": "#texture3"},
				"west": {"uv": [7, 3.375, 8, 3.875], "texture": "#texture3"},
				"up": {"uv": [11.5, 7, 12, 8], "texture": "#texture3"},
				"down": {"uv": [11.5, 8, 12, 9], "texture": "#texture3"}
			}
		},
		{
			"name": "Box33",
			"from": [12.5, 12.125, 7],
			"to": [13, 12.625, 8],
			"faces": {
				"north": {"uv": [3, 3.375, 3.5, 3.875], "texture": "#texture3"},
				"east": {"uv": [8, 3.375, 9, 3.875], "texture": "#texture3"},
				"south": {"uv": [12.5, 3.375, 13, 3.875], "texture": "#texture3"},
				"west": {"uv": [7, 3.375, 8, 3.875], "texture": "#texture3"},
				"up": {"uv": [12.5, 7, 13, 8], "texture": "#texture3"},
				"down": {"uv": [12.5, 8, 13, 9], "texture": "#texture3"}
			}
		},
		{
			"name": "Box51",
			"from": [-2, 7, 7],
			"to": [-1.499, 7.5, 8],
			"faces": {
				"north": {"uv": [1.499, 8.5, 2, 9], "texture": "#texture3"},
				"east": {"uv": [8, 8.5, 9, 9], "texture": "#texture3"},
				"south": {"uv": [14, 8.5, 14.501, 9], "texture": "#texture3"},
				"west": {"uv": [7, 8.5, 8, 9], "texture": "#texture3"},
				"up": {"uv": [14, 7, 14.501, 8], "texture": "#texture3"},
				"down": {"uv": [14, 8, 14.501, 9], "texture": "#texture3"}
			}
		},
		{
			"name": "Box51",
			"from": [-1, 7, 7],
			"to": [-0.499, 7.5, 8],
			"faces": {
				"north": {"uv": [0.499, 8.5, 1, 9], "texture": "#texture3"},
				"east": {"uv": [8, 8.5, 9, 9], "texture": "#texture3"},
				"south": {"uv": [15, 8.5, 15.501, 9], "texture": "#texture3"},
				"west": {"uv": [7, 8.5, 8, 9], "texture": "#texture3"},
				"up": {"uv": [15, 7, 15.501, 8], "texture": "#texture3"},
				"down": {"uv": [15, 8, 15.501, 9], "texture": "#texture3"}
			}
		},
		{
			"name": "Box51",
			"from": [0, 7, 7],
			"to": [0.501, 7.5, 8],
			"faces": {
				"north": {"uv": [15.499, 8.5, 16, 9], "texture": "#texture3"},
				"east": {"uv": [8, 8.5, 9, 9], "texture": "#texture3"},
				"south": {"uv": [0, 8.5, 0.501, 9], "texture": "#texture3"},
				"west": {"uv": [7, 8.5, 8, 9], "texture": "#texture3"},
				"up": {"uv": [0, 7, 0.501, 8], "texture": "#texture3"},
				"down": {"uv": [0, 8, 0.501, 9], "texture": "#texture3"}
			}
		},
		{
			"name": "Box92",
			"from": [14.5, 6, 7.5],
			"to": [15.5, 7, 8.5],
			"rotation": {"angle": 22.5, "axis": "x", "origin": [14.5, 7, 8.5]},
			"faces": {
				"north": {"uv": [4, 10, 3, 9], "texture": "#texture2"},
				"east": {"uv": [8.5, 9, 9.5, 10], "rotation": 180, "texture": "#texture2"},
				"south": {"uv": [13, 10, 12, 9], "texture": "#texture2"},
				"west": {"uv": [6.5, 9, 7.5, 10], "rotation": 180, "texture": "#texture2"},
				"up": {"uv": [3, 8.5, 4, 9.5], "texture": "#texture2"},
				"down": {"uv": [3, 6.5, 4, 7.5], "texture": "#texture2"}
			}
		},
		{
			"name": "Box92",
			"from": [14.5, 6, 6.5],
			"to": [15.5, 7, 7.5],
			"rotation": {"angle": -22.5, "axis": "x", "origin": [15.5, 7, 6.5]},
			"faces": {
				"north": {"uv": [13, 10, 12, 9], "texture": "#texture2"},
				"east": {"uv": [6.5, 9, 7.5, 10], "rotation": 180, "texture": "#texture2"},
				"south": {"uv": [4, 10, 3, 9], "texture": "#texture2"},
				"west": {"uv": [8.5, 9, 9.5, 10], "rotation": 180, "texture": "#texture2"},
				"up": {"uv": [3, 8.5, 4, 9.5], "rotation": 180, "texture": "#texture2"},
				"down": {"uv": [3, 6.5, 4, 7.5], "rotation": 180, "texture": "#texture2"}
			}
		},
		{
			"name": "Box94",
			"from": [14.5, 6, 7],
			"to": [15.5, 6.5, 8],
			"faces": {
				"north": {"uv": [0.5, 9.5, 1.5, 10], "texture": "#texture2"},
				"east": {"uv": [8, 9.5, 9, 10], "texture": "#texture2"},
				"south": {"uv": [14.5, 9.5, 15.5, 10], "texture": "#texture2"},
				"west": {"uv": [7, 9.5, 8, 10], "texture": "#texture2"},
				"up": {"uv": [14.5, 7, 15.5, 8], "texture": "#texture2"},
				"down": {"uv": [14.5, 8, 15.5, 9], "texture": "#texture2"}
			}
		},
		{
			"name": "Box95",
			"from": [15.5, 6.75, 6.25],
			"to": [23.5, 8.75, 8.75],
			"faces": {
				"north": {"uv": [6, 6, 15, 8], "texture": "#texture2"},
				"east": {"uv": [7.25, 7.25, 9.75, 9.25], "texture": "#texture2"},
				"south": {"uv": [6, 6, 15, 8], "texture": "#texture2"},
				"west": {"uv": [6.25, 7.25, 8.75, 9.25], "texture": "#texture2"},
				"up": {"uv": [15.5, 6.25, 16, 8.75], "texture": "#texture2"},
				"down": {"uv": [6, 6, 15, 8], "texture": "#texture2"}
			}
		},
		{
			"name": "Box96",
			"from": [15.5, 8.5, 6],
			"to": [23.5, 10, 9],
			"faces": {
				"north": {"uv": [6, 6, 15, 8], "texture": "#texture2"},
				"east": {"uv": [6, 6, 15, 8], "texture": "#texture2"},
				"south": {"uv": [6, 6, 15, 8], "texture": "#texture2"},
				"west": {"uv": [6, 6, 15, 8], "texture": "#texture2"},
				"up": {"uv": [15.5, 6, 16, 9], "texture": "#texture2"},
				"down": {"uv": [15.5, 7, 16, 10], "texture": "#texture2"}
			}
		},
		{
			"name": "Box97",
			"from": [15.5, 10, 6],
			"to": [23.5, 11, 7],
			"rotation": {"angle": 22.5, "axis": "x", "origin": [15.5, 10, 6]},
			"faces": {
				"north": {"uv": [6, 6, 15, 8], "texture": "#texture2"},
				"east": {"uv": [9, 4.5, 10, 5.5], "texture": "#texture2"},
				"south": {"uv": [6, 6, 15, 8], "texture": "#texture2"},
				"west": {"uv": [6, 4.5, 7, 5.5], "texture": "#texture2"},
				"up": {"uv": [15.5, 6, 16, 7], "texture": "#texture2"},
				"down": {"uv": [15.5, 9, 16, 10], "texture": "#texture2"}
			}
		},
		{
			"name": "Box97",
			"from": [15.5, 10, 8],
			"to": [23.5, 11, 9],
			"rotation": {"angle": -22.5, "axis": "x", "origin": [23.5, 10, 9]},
			"faces": {
				"north": {"uv": [6, 6, 15, 8], "texture": "#texture2"},
				"east": {"uv": [6, 4.5, 7, 5.5], "texture": "#texture2"},
				"south": {"uv": [6, 6, 15, 8], "texture": "#texture2"},
				"west": {"uv": [9, 4.5, 10, 5.5], "texture": "#texture2"},
				"up": {"uv": [15.5, 6, 16, 7], "rotation": 180, "texture": "#texture2"},
				"down": {"uv": [15.5, 9, 16, 10], "rotation": 180, "texture": "#texture2"}
			}
		},
		{
			"name": "Box99",
			"from": [15.5, 10, 6.5],
			"to": [23.5, 11, 8.5],
			"faces": {
				"north": {"uv": [6, 6, 15, 8], "texture": "#texture2"},
				"east": {"uv": [7.5, 5, 9.5, 6], "texture": "#texture2"},
				"south": {"uv": [6, 6, 15, 8], "texture": "#texture2"},
				"west": {"uv": [6.5, 5, 8.5, 6], "texture": "#texture2"},
				"up": {"uv": [6, 6, 15, 8], "texture": "#texture2"},
				"down": {"uv": [6, 6, 15, 8], "texture": "#texture2"}
			}
		},
		{
			"name": "Box100",
			"from": [23.5, 4, 6.75],
			"to": [24.5, 7.5, 8.25],
			"rotation": {"angle": 22.5, "axis": "z", "origin": [23.5, 4, 6.75]},
			"faces": {
				"north": {"uv": [8, 9, 9, 12.5], "texture": "#texture2"},
				"east": {"uv": [1, 9, 2, 12.5], "texture": "#texture2"},
				"south": {"uv": [7, 9, 8, 12.5], "texture": "#texture2"},
				"west": {"uv": [14, 9, 15, 12.5], "texture": "#texture2"},
				"up": {"uv": [7, 14, 8, 15], "texture": "#texture2"},
				"down": {"uv": [7, 1, 8, 2], "texture": "#texture2"}
			}
		},
		{
			"name": "Box101",
			"from": [23.5, 2.5, 6.75],
			"to": [24.5, 4.5, 8.25],
			"faces": {
				"north": {"uv": [7.5, 11.5, 8.5, 13.5], "texture": "#texture2"},
				"east": {"uv": [7.75, 11.5, 9.25, 13.5], "texture": "#texture2"},
				"south": {"uv": [7.5, 11.5, 8.5, 13.5], "texture": "#texture2"},
				"west": {"uv": [6.75, 11.5, 8.25, 13.5], "texture": "#texture2"},
				"up": {"uv": [7.5, 6.75, 8.5, 8.25], "texture": "#texture2"},
				"down": {"uv": [7.5, 7.75, 8.5, 9.25], "texture": "#texture2"}
			}
		},
		{
			"name": "Box102",
			"from": [23.5, 2.5, 6.75],
			"to": [25, 3.5, 8.25],
			"rotation": {"angle": -45, "axis": "z", "origin": [23.5, 2.5, 6.75]},
			"faces": {
				"north": {"uv": [7, 12, 8.5, 13], "texture": "#texture2"},
				"east": {"uv": [1, 12, 2, 13], "texture": "#texture2"},
				"south": {"uv": [7.5, 12, 9, 13], "texture": "#texture2"},
				"west": {"uv": [14, 12, 15, 13], "texture": "#texture2"},
				"up": {"uv": [7.5, 14, 9, 15], "texture": "#texture2"},
				"down": {"uv": [7.5, 1, 9, 2], "texture": "#texture2"}
			}
		},
		{
			"name": "Box103",
			"from": [24.5, 1.5, 6.5],
			"to": [26.5, 11, 8.5],
			"faces": {
				"north": {"uv": [5.5, 5, 7.5, 14.5], "texture": "#texture2"},
				"east": {"uv": [7.5, 5, 9.5, 14.5], "texture": "#texture2"},
				"south": {"uv": [8.5, 5, 10.5, 14.5], "texture": "#texture2"},
				"west": {"uv": [6.5, 5, 8.5, 14.5], "texture": "#texture2"},
				"up": {"uv": [8.5, 6.5, 10.5, 8.5], "texture": "#texture2"},
				"down": {"uv": [8.5, 7.5, 10.5, 9.5], "texture": "#texture2"}
			}
		},
		{
			"name": "Box104",
			"from": [23.5, 4.5, 6.5],
			"to": [24.5, 11, 8.5],
			"faces": {
				"north": {"uv": [7.5, 5, 8.5, 11.5], "texture": "#texture2"},
				"east": {"uv": [7.5, 5, 9.5, 11.5], "texture": "#texture2"},
				"south": {"uv": [7.5, 5, 8.5, 11.5], "texture": "#texture2"},
				"west": {"uv": [6.5, 5, 8.5, 11.5], "texture": "#texture2"},
				"up": {"uv": [7.5, 6.5, 8.5, 8.5], "texture": "#texture2"},
				"down": {"uv": [7.5, 7.5, 8.5, 9.5], "texture": "#texture2"}
			}
		},
		{
			"name": "Box105",
			"from": [26.375, 1.5, 6.25],
			"to": [26.875, 11, 8.75],
			"faces": {
				"north": {"uv": [5.125, 5, 5.625, 14.5], "texture": "#texture2"},
				"east": {"uv": [7.25, 5, 9.75, 14.5], "texture": "#texture2"},
				"south": {"uv": [10.375, 5, 10.875, 14.5], "texture": "#texture2"},
				"west": {"uv": [6.25, 5, 8.75, 14.5], "texture": "#texture2"},
				"up": {"uv": [10.375, 6.25, 10.875, 8.75], "texture": "#texture2"},
				"down": {"uv": [10.375, 7.25, 10.875, 9.75], "texture": "#texture2"}
			}
		},
		{
			"name": "Box106",
			"from": [26.875, 1.5, 6.5],
			"to": [27.375, 11, 8.5],
			"faces": {
				"north": {"uv": [4.625, 5, 5.125, 14.5], "texture": "#texture2"},
				"east": {"uv": [7.5, 5, 9.5, 14.5], "texture": "#texture2"},
				"south": {"uv": [10.875, 5, 11.375, 14.5], "texture": "#texture2"},
				"west": {"uv": [6.5, 5, 8.5, 14.5], "texture": "#texture2"},
				"up": {"uv": [10.875, 6.5, 11.375, 8.5], "texture": "#texture2"},
				"down": {"uv": [10.875, 7.5, 11.375, 9.5], "texture": "#texture2"}
			}
		},
		{
			"name": "Box107",
			"from": [15, 11, 6.5],
			"to": [20, 11.5, 8.5],
			"faces": {
				"north": {"uv": [6, 6, 15, 7], "texture": "#texture2"},
				"east": {"uv": [7.5, 4.5, 9.5, 5], "texture": "#texture2"},
				"south": {"uv": [6, 6, 15, 7], "texture": "#texture2"},
				"west": {"uv": [6.5, 4.5, 8.5, 5], "texture": "#texture2"},
				"up": {"uv": [6, 6, 15, 8], "texture": "#texture2"},
				"down": {"uv": [6, 6, 15, 8], "texture": "#texture2"}
			}
		},
		{
			"name": "Box108",
			"from": [15.5, 11.5, 6.75],
			"to": [17.5, 12, 8.25],
			"faces": {
				"north": {"uv": [0, 4, 0.5, 4.5], "texture": "#texture2"},
				"east": {"uv": [7.75, 4, 9.25, 4.5], "texture": "#texture2"},
				"south": {"uv": [15.5, 4, 16, 4.5], "texture": "#texture2"},
				"west": {"uv": [6.75, 4, 8.25, 4.5], "texture": "#texture2"},
				"up": {"uv": [15.5, 6.75, 16, 8.25], "texture": "#texture2"},
				"down": {"uv": [15.5, 7.75, 16, 9.25], "texture": "#texture2"}
			}
		},
		{
			"name": "Box109",
			"from": [-10.5, 11, 7],
			"to": [-10, 12.5, 8],
			"faces": {
				"north": {"uv": [10, 3.5, 10.5, 5], "texture": "#texture3"},
				"east": {"uv": [8, 3.5, 9, 5], "texture": "#texture3"},
				"south": {"uv": [5.5, 3.5, 6, 5], "texture": "#texture3"},
				"west": {"uv": [7, 3.5, 8, 5], "texture": "#texture3"},
				"up": {"uv": [5.5, 7, 6, 8], "texture": "#texture3"},
				"down": {"uv": [5.5, 8, 6, 9], "texture": "#texture3"}
			}
		},
		{
			"name": "Box110",
			"from": [-12.5, 12, 7.75],
			"to": [-11.5, 12.5, 8],
			"faces": {
				"north": {"uv": [6, 2, 5.5, 1], "rotation": 270, "texture": "#texture3"},
				"east": {"uv": [5.5, 8.75, 6, 9], "rotation": 90, "texture": "#texture3"},
				"south": {"uv": [10.5, 2, 10, 1], "rotation": 90, "texture": "#texture3"},
				"west": {"uv": [6, 7.25, 5.5, 7], "rotation": 270, "texture": "#texture3"},
				"up": {"uv": [7, 1, 7.25, 2], "rotation": 270, "texture": "#texture3"},
				"down": {"uv": [9, 2, 8.75, 1], "rotation": 90, "texture": "#texture3"}
			}
		},
		{
			"name": "Box110",
			"from": [-12.5, 12, 7],
			"to": [-11.5, 12.5, 7.25],
			"faces": {
				"north": {"uv": [6, 2, 5.5, 1], "rotation": 270, "texture": "#texture3"},
				"east": {"uv": [5.5, 8, 6, 8.25], "rotation": 90, "texture": "#texture3"},
				"south": {"uv": [10.5, 2, 10, 1], "rotation": 90, "texture": "#texture3"},
				"west": {"uv": [6, 8, 5.5, 7.75], "rotation": 270, "texture": "#texture3"},
				"up": {"uv": [7.75, 1, 8, 2], "rotation": 270, "texture": "#texture3"},
				"down": {"uv": [8.25, 2, 8, 1], "rotation": 90, "texture": "#texture3"}
			}
		},
		{
			"name": "Box113",
			"from": [-12.5, 12, 7.25],
			"to": [-12.25, 12.5, 7.75],
			"faces": {
				"north": {"uv": [6, 1.25, 5.5, 1], "rotation": 270, "texture": "#texture3"},
				"east": {"uv": [5.5, 8.25, 6, 8.75], "rotation": 90, "texture": "#texture3"},
				"south": {"uv": [10.5, 1.25, 10, 1], "rotation": 90, "texture": "#texture3"},
				"west": {"uv": [6, 7.75, 5.5, 7.25], "rotation": 270, "texture": "#texture3"},
				"up": {"uv": [7.25, 1, 7.75, 1.25], "rotation": 270, "texture": "#texture3"},
				"down": {"uv": [8.75, 1.25, 8.25, 1], "rotation": 90, "texture": "#texture3"}
			}
		},
		{
			"name": "Box109",
			"from": [-11.5, 12, 7],
			"to": [-10, 12.5, 8],
			"faces": {
				"north": {"uv": [10, 2, 10.5, 3.5], "rotation": 270, "texture": "#texture3"},
				"east": {"uv": [5.5, 7, 6, 8], "rotation": 90, "texture": "#texture3"},
				"south": {"uv": [5.5, 2, 6, 3.5], "rotation": 90, "texture": "#texture3"},
				"west": {"uv": [6, 9, 5.5, 8], "rotation": 270, "texture": "#texture3"},
				"up": {"uv": [7, 2, 8, 3.5], "rotation": 90, "texture": "#texture3"},
				"down": {"uv": [9, 3.5, 8, 2], "rotation": 270, "texture": "#texture3"}
			}
		},
		{
			"name": "Box278",
			"from": [10.125, 14.875, 6.7],
			"to": [10.25, 15, 7.2],
			"faces": {
				"north": {"uv": [9.125, 0.75, 9.25, 0.875], "texture": "#texture5"},
				"east": {"uv": [8.8, 0.75, 9.3, 0.875], "texture": "#texture5"},
				"south": {"uv": [6.75, 0.75, 6.875, 0.875], "texture": "#texture5"},
				"west": {"uv": [6.7, 0.75, 7.2, 0.875], "texture": "#texture5"},
				"up": {"uv": [6.75, 6.7, 6.875, 7.2], "texture": "#texture5"},
				"down": {"uv": [6.75, 8.8, 6.875, 9.3], "texture": "#texture5"}
			}
		},
		{
			"name": "Box278",
			"from": [10.125, 14.875, 7.825],
			"to": [10.25, 15, 8.325],
			"faces": {
				"north": {"uv": [9.125, 0.75, 9.25, 0.875], "texture": "#texture5"},
				"east": {"uv": [7.675, 0.75, 8.175, 0.875], "texture": "#texture5"},
				"south": {"uv": [6.75, 0.75, 6.875, 0.875], "texture": "#texture5"},
				"west": {"uv": [7.825, 0.75, 8.325, 0.875], "texture": "#texture5"},
				"up": {"uv": [6.75, 7.825, 6.875, 8.325], "texture": "#texture5"},
				"down": {"uv": [6.75, 7.675, 6.875, 8.175], "texture": "#texture5"}
			}
		},
		{
			"name": "Box280",
			"from": [10.125, 14.375, 7.45],
			"to": [10.25, 14.875, 7.575],
			"faces": {
				"north": {"uv": [9.125, 0.875, 9.25, 1.375], "texture": "#texture4"},
				"east": {"uv": [8.425, 0.875, 8.55, 1.375], "texture": "#texture4"},
				"south": {"uv": [6.75, 0.875, 6.875, 1.375], "texture": "#texture4"},
				"west": {"uv": [7.45, 0.875, 7.575, 1.375], "texture": "#texture4"},
				"up": {"uv": [6.75, 7.45, 6.875, 7.575], "texture": "#texture4"},
				"down": {"uv": [6.75, 8.425, 6.875, 8.55], "texture": "#texture4"}
			}
		},
		{
			"name": "Box281",
			"from": [10.125, 14.625, 7.45],
			"to": [10.25, 14.875, 7.575],
			"rotation": {"angle": -45, "axis": "x", "origin": [10.125, 14.875, 7.575]},
			"faces": {
				"north": {"uv": [15, 8, 14, 7], "texture": "#texture4"},
				"east": {"uv": [14.5, 7, 15, 8], "rotation": 180, "texture": "#texture4"},
				"south": {"uv": [2, 8, 1, 7], "texture": "#texture4"},
				"west": {"uv": [1, 7, 1.5, 8], "rotation": 180, "texture": "#texture4"},
				"up": {"uv": [14, 14.5, 15, 15], "texture": "#texture4"},
				"down": {"uv": [14, 1, 15, 1.5], "texture": "#texture4"}
			}
		},
		{
			"name": "Box281",
			"from": [10.125, 14.625, 7.45],
			"to": [10.25, 14.875, 7.575],
			"rotation": {"angle": 45, "axis": "x", "origin": [10.25, 14.875, 7.45]},
			"faces": {
				"north": {"uv": [2, 8, 1, 7], "texture": "#texture4"},
				"east": {"uv": [1, 7, 1.5, 8], "rotation": 180, "texture": "#texture4"},
				"south": {"uv": [15, 8, 14, 7], "texture": "#texture4"},
				"west": {"uv": [14.5, 7, 15, 8], "rotation": 180, "texture": "#texture4"},
				"up": {"uv": [14, 14.5, 15, 15], "rotation": 180, "texture": "#texture4"},
				"down": {"uv": [14, 1, 15, 1.5], "rotation": 180, "texture": "#texture4"}
			}
		},
		{
			"name": "Box164",
			"from": [-7.5, 10.75, 6.25],
			"to": [-6, 11.25, 8.75],
			"faces": {
				"north": {"uv": [6, 4.75, 7.5, 5.25], "texture": "#texture5"},
				"east": {"uv": [7.25, 4.75, 9.75, 5.25], "texture": "#texture5"},
				"south": {"uv": [8.5, 4.75, 10, 5.25], "texture": "#texture5"},
				"west": {"uv": [6.25, 4.75, 8.75, 5.25], "texture": "#texture5"},
				"up": {"uv": [8.5, 6.25, 10, 8.75], "texture": "#texture5"},
				"down": {"uv": [8.5, 7.25, 10, 9.75], "texture": "#texture5"}
			}
		},
		{
			"name": "Box164",
			"from": [-5, 10.75, 6.25],
			"to": [-3.5, 11.25, 8.75],
			"faces": {
				"north": {"uv": [3.5, 4.75, 5, 5.25], "texture": "#texture5"},
				"east": {"uv": [7.25, 4.75, 9.75, 5.25], "texture": "#texture5"},
				"south": {"uv": [11, 4.75, 12.5, 5.25], "texture": "#texture5"},
				"west": {"uv": [6.25, 4.75, 8.75, 5.25], "texture": "#texture5"},
				"up": {"uv": [11, 6.25, 12.5, 8.75], "texture": "#texture5"},
				"down": {"uv": [11, 7.25, 12.5, 9.75], "texture": "#texture5"}
			}
		},
		{
			"name": "Box164",
			"from": [-2.5, 10.75, 6.25],
			"to": [-1, 11.25, 8.75],
			"faces": {
				"north": {"uv": [1, 4.75, 2.5, 5.25], "texture": "#texture5"},
				"east": {"uv": [7.25, 4.75, 9.75, 5.25], "texture": "#texture5"},
				"south": {"uv": [13.5, 4.75, 15, 5.25], "texture": "#texture5"},
				"west": {"uv": [6.25, 4.75, 8.75, 5.25], "texture": "#texture5"},
				"up": {"uv": [13.5, 6.25, 15, 8.75], "texture": "#texture5"},
				"down": {"uv": [13.5, 7.25, 15, 9.75], "texture": "#texture5"}
			}
		},
		{
			"name": "Box164",
			"from": [2.25, 10.75, 6.25],
			"to": [9.75, 11.25, 8.75],
			"faces": {
				"north": {"uv": [6.25, 4.75, 13.75, 5.25], "texture": "#texture5"},
				"east": {"uv": [7.25, 4.75, 9.75, 5.25], "texture": "#texture5"},
				"south": {"uv": [2.25, 4.75, 9.75, 5.25], "texture": "#texture5"},
				"west": {"uv": [6.25, 4.75, 8.75, 5.25], "texture": "#texture5"},
				"up": {"uv": [2.25, 6.25, 9.75, 8.75], "texture": "#texture5"},
				"down": {"uv": [2.25, 7.25, 9.75, 9.75], "texture": "#texture5"}
			}
		},
		{
			"name": "Box168",
			"from": [2.5, 10.75, 8.75],
			"to": [3, 11.25, 9.75],
			"rotation": {"angle": 22.5, "axis": "y", "origin": [2.5, 10.75, 8.75]},
			"faces": {
				"north": {"uv": [13, 4.75, 13.5, 5.25], "texture": "#texture1"},
				"east": {"uv": [6.25, 4.75, 7.25, 5.25], "texture": "#texture1"},
				"south": {"uv": [2.5, 4.75, 3, 5.25], "texture": "#texture1"},
				"west": {"uv": [8.75, 4.75, 9.75, 5.25], "texture": "#texture1"},
				"up": {"uv": [2.5, 8.75, 3, 9.75], "texture": "#texture1"},
				"down": {"uv": [2.5, 6.25, 3, 7.25], "texture": "#texture1"}
			}
		},
		{
			"name": "Box169",
			"from": [10.125, 17.125, 7.375],
			"to": [10.375, 17.375, 7.625],
			"faces": {
				"north": {"uv": [5.625, 14.375, 5.875, 14.625], "texture": "#texture4"},
				"east": {"uv": [8.125, 14.375, 8.375, 14.625], "texture": "#texture4"},
				"south": {"uv": [10.125, 14.375, 10.375, 14.625], "texture": "#texture4"},
				"west": {"uv": [7.625, 14.375, 7.875, 14.625], "texture": "#texture4"},
				"up": {"uv": [10.125, 7.625, 10.375, 7.875], "texture": "#texture4"},
				"down": {"uv": [10.125, 8.125, 10.375, 8.375], "texture": "#texture4"}
			}
		}
	],
	"overrides": [
		{"predicate": {"damage": 0, "damaged": 0}, "model": "item/golden_hoe"},
		{"predicate": {"damage": 0.0303, "damaged": 0}, "model": "item/alt/scope/scar_aim"},
		{"predicate": {"damage": 0, "damaged": 1}, "model": "item/golden_hoe"}
	],
	"display": {
		"thirdperson_righthand": {
			"rotation": [0, -90, 0],
			"translation": [0, 0.6956, 0],
			"scale": [0.5, 0.5, 0.5]
		},
		"thirdperson_lefthand": {
			"rotation": [0, 90, 0],
			"translation": [0, 0.6956, 0],
			"scale": [0.5, 0.5, 0.5]
		},
		"firstperson_righthand": {
			"rotation": [0, -90, 0],
			"translation": [-0.695, -0.695, -2.086]
		},
		"firstperson_lefthand": {
			"rotation": [0, 90, 0],
			"translation": [-0.695, -0.695, -2.086]
		},
		"ground": {
			"rotation": [-90, 0, 0],
			"scale": [0.5, 0.5, 0.5]
		},
		"gui": {
			"rotation": [12, 33, 0],
			"translation": [0.6956, 0, 0],
			"scale": [0.4, 0.4, 0.4]
		},
		"head": {
			"translation": [0, 0.5, 0.25],
			"scale": [0.5, 0.5, 0.5]
		},
		"fixed": {
			"scale": [0.7, 0.7, 0.7]
		}
	}
}