{
	"credit": "designed_by_hypixel_minecraft_server_with_bdcraft_cubik_pro_0.91_beta_-_http://bdcraft.net",
	"textures": {
		"golden_axe": "item/golden_axe"
	},
	"elements": [
		{
			"from": [0, 8.5, 8.5],
			"to": [6.5, 10.5, 9.5],
			"faces": {
				"north": {"uv": [9.5, 2, 16, 4], "texture": "#golden_axe"},
				"south": {"uv": [16, 2, 9.5, 4], "texture": "#golden_axe"},
				"west": {"uv": [12, 7, 13, 9], "texture": "#golden_axe"},
				"up": {"uv": [9.5, 2, 16, 2.5], "rotation": 180, "texture": "#golden_axe"},
				"down": {"uv": [9.5, 4, 16, 3.5], "rotation": 180, "texture": "#golden_axe"}
			}
		},
		{
			"from": [6.5, 8.5, 8],
			"to": [11.5, 10.5, 10],
			"faces": {
				"north": {"uv": [4.5, 2, 9.5, 4], "texture": "#golden_axe"},
				"south": {"uv": [9.5, 2, 4.5, 4], "texture": "#golden_axe"},
				"west": {"uv": [9, 2, 9.5, 4], "texture": "#golden_axe"},
				"up": {"uv": [9.5, 2, 4.5, 2.5], "texture": "#golden_axe"},
				"down": {"uv": [9.5, 4, 4.5, 3.5], "texture": "#golden_axe"}
			}
		},
		{
			"from": [12, 8, 8.5],
			"to": [12.5, 10.5, 9.5],
			"faces": {
				"north": {"uv": [3.5, 2, 4, 4.5], "texture": "#golden_axe"},
				"south": {"uv": [3.5, 2, 4, 4.5], "texture": "#golden_axe"},
				"up": {"uv": [3.5, 2, 4, 2.5], "rotation": 90, "texture": "#golden_axe"},
				"down": {"uv": [3.5, 4.5, 4, 4], "rotation": 270, "texture": "#golden_axe"}
			}
		},
		{
			"from": [12.5, 7, 8.5],
			"to": [13, 10.5, 9.5],
			"faces": {
				"north": {"uv": [3, 2, 3.5, 5.5], "texture": "#golden_axe"},
				"south": {"uv": [3, 2, 3.5, 5.5], "texture": "#golden_axe"},
				"west": {"uv": [3, 2, 3.5, 5.5], "texture": "#golden_axe"},
				"up": {"uv": [3, 2, 3.5, 2.5], "rotation": 90, "texture": "#golden_axe"},
				"down": {"uv": [3, 5.5, 3.5, 5], "rotation": 270, "texture": "#golden_axe"}
			}
		},
		{
			"from": [13, 6.5, 8.5],
			"to": [13.5, 10.5, 9.5],
			"faces": {
				"north": {"uv": [2.5, 2, 3, 6], "texture": "#golden_axe"},
				"east": {"uv": [2.5, 2, 3, 6], "texture": "#golden_axe"},
				"south": {"uv": [2.5, 2, 3, 6], "texture": "#golden_axe"},
				"west": {"uv": [2.5, 2, 3, 6], "texture": "#golden_axe"},
				"up": {"uv": [2.5, 2, 3, 2.5], "rotation": 90, "texture": "#golden_axe"}
			}
		},
		{
			"from": [13.5, 5.5, 8.5],
			"to": [14, 10, 9.5],
			"faces": {
				"north": {"uv": [2, 2.5, 2.5, 7], "texture": "#golden_axe"},
				"east": {"uv": [2, 2.5, 2.5, 7], "texture": "#golden_axe"},
				"south": {"uv": [2, 2.5, 2.5, 7], "texture": "#golden_axe"},
				"west": {"uv": [2, 2.5, 2.5, 7], "texture": "#golden_axe"},
				"up": {"uv": [2, 2.5, 2.5, 3], "rotation": 90, "texture": "#golden_axe"},
				"down": {"uv": [2, 7, 2.5, 6.5], "rotation": 270, "texture": "#golden_axe"}
			}
		},
		{
			"from": [14, 5.5, 8.5],
			"to": [14.5, 9.5, 9.5],
			"faces": {
				"north": {"uv": [1.5, 3, 2, 7], "texture": "#golden_axe"},
				"east": {"uv": [1.5, 3, 2, 7], "texture": "#golden_axe"},
				"south": {"uv": [1.5, 3, 2, 7], "texture": "#golden_axe"},
				"up": {"uv": [1.5, 3, 2, 3.5], "rotation": 90, "texture": "#golden_axe"}
			}
		},
		{
			"from": [14.5, 5.5, 8.5],
			"to": [15, 9, 9.5],
			"faces": {
				"north": {"uv": [1, 3.5, 1.5, 7], "texture": "#golden_axe"},
				"east": {"uv": [1, 3.5, 1.5, 7], "texture": "#golden_axe"},
				"south": {"uv": [1, 3.5, 1.5, 7], "texture": "#golden_axe"},
				"up": {"uv": [1, 3.5, 1.5, 4], "rotation": 90, "texture": "#golden_axe"}
			}
		},
		{
			"from": [12, 6, 8.5],
			"to": [13.5, 6.5, 9.5],
			"faces": {
				"north": {"uv": [2.5, 6, 4, 6.5], "texture": "#golden_axe"},
				"south": {"uv": [2.5, 6, 4, 6.5], "texture": "#golden_axe"},
				"up": {"uv": [2.5, 6, 4, 6.5], "rotation": 90, "texture": "#golden_axe"},
				"down": {"uv": [2.5, 6.5, 4, 6], "rotation": 270, "texture": "#golden_axe"}
			}
		},
		{
			"from": [7, 9, 7.5],
			"to": [9.5, 10, 10.5],
			"faces": {
				"north": {"uv": [6.5, 2.5, 9, 3.5], "texture": "#golden_axe"},
				"east": {"uv": [6.5, 2.5, 7, 3.5], "texture": "#golden_axe"},
				"south": {"uv": [6.5, 2.5, 9, 3.5], "texture": "#golden_axe"},
				"west": {"uv": [6.5, 2.5, 7, 3.5], "texture": "#golden_axe"},
				"up": {"uv": [6.5, 2.5, 7, 3], "rotation": 90, "texture": "#golden_axe"},
				"down": {"uv": [7.5, 3.5, 7, 3], "rotation": 90, "texture": "#golden_axe"}
			}
		},
		{
			"from": [9.5, 7.5, 7.5],
			"to": [11.5, 9.5, 10.5],
			"faces": {
				"north": {"uv": [4.5, 3, 6.5, 5], "texture": "#golden_axe"},
				"east": {"uv": [6, 3, 6.5, 5], "texture": "#golden_axe"},
				"south": {"uv": [4.5, 3, 6.5, 5], "texture": "#golden_axe"},
				"west": {"uv": [4.5, 3, 5, 5], "texture": "#golden_axe"},
				"up": {"uv": [4.5, 3, 5, 3.5], "rotation": 90, "texture": "#golden_axe"},
				"down": {"uv": [5, 5, 4.5, 4.5], "rotation": 270, "texture": "#golden_axe"}
			}
		},
		{
			"from": [7.5, 10.5, 8.5],
			"to": [11, 11, 9.5],
			"faces": {
				"north": {"uv": [5, 1.5, 8.5, 2], "texture": "#golden_axe"},
				"east": {"uv": [5, 1.5, 5.5, 2], "texture": "#golden_axe"},
				"south": {"uv": [8.5, 1.5, 5, 2], "texture": "#golden_axe"},
				"west": {"uv": [8, 1.5, 8.5, 2], "texture": "#golden_axe"},
				"up": {"uv": [8.5, 1.5, 5, 2], "texture": "#golden_axe"}
			}
		},
		{
			"from": [2.5, 7, 8.5],
			"to": [8, 8.5, 9.5],
			"faces": {
				"north": {"uv": [8, 4, 13.5, 5.5], "texture": "#golden_axe"},
				"south": {"uv": [13.5, 4, 8, 5.5], "texture": "#golden_axe"},
				"west": {"uv": [13, 4, 13.5, 5.5], "texture": "#golden_axe"},
				"up": {"uv": [8, 4, 13.5, 4.5], "texture": "#golden_axe"},
				"down": {"uv": [13.5, 5.5, 8, 5], "texture": "#golden_axe"}
			}
		},
		{
			"from": [3, 6.5, 8.5],
			"to": [8, 7, 9.5],
			"faces": {
				"north": {"uv": [8, 5.5, 13, 6], "texture": "#golden_axe"},
				"south": {"uv": [8, 5.5, 13, 6], "texture": "#golden_axe"},
				"west": {"uv": [12.5, 5.5, 13, 6], "texture": "#golden_axe"},
				"down": {"uv": [13, 6, 8, 5.5], "texture": "#golden_axe"}
			}
		},
		{
			"from": [8, 6, 8.5],
			"to": [12, 8.5, 9.5],
			"faces": {
				"north": {"uv": [4, 4, 8, 6.5], "texture": "#golden_axe"},
				"east": {"uv": [4, 4, 4.5, 6.5], "texture": "#golden_axe"},
				"south": {"uv": [8, 4, 4, 6.5], "texture": "#golden_axe"},
				"west": {"uv": [7.5, 4, 8, 6.5], "texture": "#golden_axe"},
				"up": {"uv": [3.75, 4, 8, 4.5], "rotation": 180, "texture": "#golden_axe"},
				"down": {"uv": [8, 6.5, 4, 6], "texture": "#golden_axe"}
			}
		},
		{
			"from": [11.5, 8, 8],
			"to": [12, 10.5, 10],
			"faces": {
				"north": {"uv": [4, 2, 4.5, 4.5], "texture": "#golden_axe"},
				"east": {"uv": [4, 2, 4.5, 4.5], "texture": "#golden_axe"},
				"south": {"uv": [4, 2, 4.5, 4.5], "texture": "#golden_axe"},
				"west": {"uv": [4, 2, 4.5, 4.5], "texture": "#golden_axe"},
				"up": {"uv": [4, 2, 4.5, 2.5], "rotation": 90, "texture": "#golden_axe"},
				"down": {"uv": [4, 4.5, 4.5, 4], "rotation": 270, "texture": "#golden_axe"}
			}
		},
		{
			"from": [12, 8, 8.25],
			"to": [13, 10, 9.75],
			"faces": {
				"north": {"uv": [3, 2.5, 4, 4.5], "texture": "#golden_axe"},
				"east": {"uv": [3, 2.5, 3.5, 4.5], "texture": "#golden_axe"},
				"south": {"uv": [3, 2.5, 4, 4.5], "texture": "#golden_axe"},
				"up": {"uv": [3, 2.5, 3.5, 3], "rotation": 90, "texture": "#golden_axe"},
				"down": {"uv": [3, 4.5, 3.5, 4], "rotation": 270, "texture": "#golden_axe"}
			}
		},
		{
			"from": [13, 7, 8.25],
			"to": [14.5, 9, 9.75],
			"faces": {
				"north": {"uv": [1.5, 3.5, 3, 5.5], "texture": "#golden_axe"},
				"east": {"uv": [1.5, 3.5, 2, 5.5], "texture": "#golden_axe"},
				"south": {"uv": [3, 3.5, 1.5, 5.5], "texture": "#golden_axe"},
				"west": {"uv": [2.5, 3.5, 3, 5.5], "texture": "#golden_axe"},
				"up": {"uv": [1.5, 3.5, 3, 4], "rotation": 180, "texture": "#golden_axe"},
				"down": {"uv": [3, 5.5, 1.5, 5], "texture": "#golden_axe"}
			}
		},
		{
			"from": [3, 7, 8],
			"to": [8.5, 8.5, 10],
			"faces": {
				"north": {"uv": [7.5, 4, 13, 5.5], "texture": "#golden_axe"},
				"east": {"uv": [7.5, 4, 8, 5.5], "texture": "#golden_axe"},
				"south": {"uv": [13, 4, 7.5, 5.5], "texture": "#golden_axe"},
				"west": {"uv": [12.5, 4, 13, 5.5], "texture": "#golden_axe"},
				"up": {"uv": [7.5, 4, 13, 4.5], "rotation": 180, "texture": "#golden_axe"},
				"down": {"uv": [7.5, 5.5, 13, 5], "rotation": 180, "texture": "#golden_axe"}
			}
		},
		{
			"from": [0.5, 10.5, 8.5],
			"to": [2.5, 11, 9.5],
			"faces": {
				"north": {"uv": [13.5, 1.5, 15.5, 2], "texture": "#golden_axe"},
				"east": {"uv": [13.5, 1.5, 14, 2], "texture": "#golden_axe"},
				"south": {"uv": [15.5, 1.5, 13.5, 2], "texture": "#golden_axe"},
				"west": {"uv": [15, 1.5, 15.5, 2], "texture": "#golden_axe"},
				"up": {"uv": [13.5, 1.5, 15.5, 2], "rotation": 180, "texture": "#golden_axe"}
			}
		},
		{
			"from": [1, 11, 8.5],
			"to": [2, 11.5, 9.5],
			"faces": {
				"north": {"uv": [14, 1, 15, 1.5], "texture": "#golden_axe"},
				"east": {"uv": [14, 1, 14.5, 1.5], "texture": "#golden_axe"},
				"south": {"uv": [15, 1, 14, 1.5], "texture": "#golden_axe"},
				"west": {"uv": [14.5, 1, 15, 1.5], "texture": "#golden_axe"},
				"up": {"uv": [14, 1, 15, 1.5], "rotation": 180, "texture": "#golden_axe"}
			}
		},
		{
			"from": [0, 9, 8],
			"to": [6.5, 10, 10],
			"faces": {
				"north": {"uv": [9.5, 2.5, 16, 3.5], "texture": "#golden_axe"},
				"south": {"uv": [16, 2.5, 9.5, 3.5], "texture": "#golden_axe"},
				"west": {"uv": [11.5, 7.5, 13.5, 8.5], "texture": "#golden_axe"},
				"up": {"uv": [9.5, 2.5, 16, 3], "rotation": 180, "texture": "#golden_axe"},
				"down": {"uv": [9.5, 3.5, 16, 3], "rotation": 180, "texture": "#golden_axe"}
			}
		},
		{
			"from": [0.5, 10, 8],
			"to": [1, 10.5, 10],
			"faces": {
				"north": {"uv": [15, 2, 15.5, 2.5], "texture": "#golden_axe"},
				"east": {"uv": [15, 2, 15.5, 2.5], "texture": "#golden_axe"},
				"south": {"uv": [15, 2, 15.5, 2.5], "texture": "#golden_axe"},
				"west": {"uv": [15, 2, 15.5, 2.5], "texture": "#golden_axe"},
				"up": {"uv": [15, 2, 15.5, 2.5], "rotation": 90, "texture": "#golden_axe"}
			}
		},
		{
			"from": [5, 10, 8],
			"to": [5.5, 10.5, 10],
			"faces": {
				"north": {"uv": [10.5, 2, 11, 2.5], "texture": "#golden_axe"},
				"east": {"uv": [10.5, 2, 11, 2.5], "texture": "#golden_axe"},
				"south": {"uv": [10.5, 2, 11, 2.5], "texture": "#golden_axe"},
				"west": {"uv": [10.5, 2, 11, 2.5], "texture": "#golden_axe"},
				"up": {"uv": [10.5, 2, 11, 2.5], "rotation": 90, "texture": "#golden_axe"}
			}
		},
		{
			"from": [13.5, 6, 8.25],
			"to": [15.5, 7, 9.75],
			"faces": {
				"north": {"uv": [4.5, 9.5, 6.5, 10.5], "texture": "#golden_axe"},
				"east": {"uv": [0.5, 5.5, 1, 6.5], "texture": "#golden_axe"},
				"south": {"uv": [6.5, 9.5, 4.5, 10.5], "texture": "#golden_axe"},
				"west": {"uv": [6, 9.5, 6.5, 10.5], "texture": "#golden_axe"},
				"up": {"uv": [0.5, 5.5, 2.5, 6], "rotation": 180, "texture": "#golden_axe"},
				"down": {"uv": [0.5, 6, 2.5, 5.5], "rotation": 180, "texture": "#golden_axe"}
			}
		},
		{
			"from": [8, 4, 8.5],
			"to": [10, 6, 9.5],
			"faces": {
				"north": {"uv": [6, 6.5, 8, 8.5], "texture": "#golden_axe"},
				"east": {"uv": [6, 6.5, 6.5, 8.5], "texture": "#golden_axe"},
				"south": {"uv": [8, 6.5, 6, 8.5], "texture": "#golden_axe"},
				"west": {"uv": [7.5, 6.5, 8, 8.5], "texture": "#golden_axe"},
				"down": {"uv": [6, 8.5, 8, 8], "rotation": 270, "texture": "#golden_axe"}
			}
		},
		{
			"from": [14, 5.5, 8.25],
			"to": [15.5, 6, 9.75],
			"faces": {
				"north": {"uv": [0.5, 6.5, 2, 7], "texture": "#golden_axe"},
				"south": {"uv": [2, 6.5, 0.5, 7], "texture": "#golden_axe"},
				"west": {"uv": [1.5, 6.5, 2, 7], "texture": "#golden_axe"},
				"down": {"uv": [0.5, 7, 2, 6.5], "rotation": 180, "texture": "#golden_axe"}
			}
		},
		{
			"from": [15.5, 5, 8.25],
			"to": [17.5, 6.5, 9.75],
			"faces": {
				"north": {"uv": [2.5, 10, 4.5, 11.5], "texture": "#golden_axe"},
				"east": {"uv": [2.5, 10, 3, 11.5], "texture": "#golden_axe"},
				"south": {"uv": [4.5, 10, 2.5, 11.5], "texture": "#golden_axe"},
				"west": {"uv": [4, 10, 4.5, 11.5], "texture": "#golden_axe"},
				"up": {"uv": [2.5, 10, 4.5, 10.5], "rotation": 180, "texture": "#golden_axe"},
				"down": {"uv": [2.5, 11.5, 4.5, 11], "rotation": 180, "texture": "#golden_axe"}
			}
		},
		{
			"from": [14.5, 5, 8.25],
			"to": [15.5, 5.5, 9.75],
			"faces": {
				"north": {"uv": [4.5, 11, 5.5, 11.5], "texture": "#golden_axe"},
				"south": {"uv": [5.5, 11, 4.5, 11.5], "texture": "#golden_axe"},
				"west": {"uv": [5, 11, 5.5, 11.5], "texture": "#golden_axe"},
				"down": {"uv": [4.5, 11.5, 5.5, 11], "rotation": 270, "texture": "#golden_axe"}
			}
		},
		{
			"from": [18, 4.5, 8.25],
			"to": [19, 5, 9.75],
			"faces": {
				"north": {"uv": [1, 11.5, 2, 12], "texture": "#golden_axe"},
				"east": {"uv": [1, 11.5, 1.5, 12], "texture": "#golden_axe"},
				"south": {"uv": [2, 12, 1, 11.5], "texture": "#golden_axe"},
				"west": {"uv": [1.5, 11.5, 2, 12], "texture": "#golden_axe"}
			}
		},
		{
			"from": [15, 4.5, 8.25],
			"to": [16, 5, 9.75],
			"faces": {
				"north": {"uv": [4, 11.5, 5, 12], "texture": "#golden_axe"},
				"east": {"uv": [4, 11.5, 4.5, 12], "texture": "#golden_axe"},
				"south": {"uv": [5, 11.5, 4, 12], "texture": "#golden_axe"},
				"west": {"uv": [4.5, 11.5, 5, 12], "texture": "#golden_axe"},
				"up": {"uv": [4, 11.5, 5, 12], "rotation": 180, "texture": "#golden_axe"},
				"down": {"uv": [4, 12, 5, 11.5], "rotation": 180, "texture": "#golden_axe"}
			}
		},
		{
			"from": [16, 4, 8.25],
			"to": [19, 4.5, 9.75],
			"faces": {
				"north": {"uv": [1, 12, 4, 12.5], "texture": "#golden_axe"},
				"east": {"uv": [1, 12, 1.5, 12.5], "texture": "#golden_axe"},
				"south": {"uv": [4, 12, 1, 12.5], "texture": "#golden_axe"},
				"west": {"uv": [3.5, 12, 4, 12.5], "texture": "#golden_axe"},
				"up": {"uv": [1, 12, 4, 12.5], "rotation": 180, "texture": "#golden_axe"},
				"down": {"uv": [1, 12.5, 4, 12], "rotation": 180, "texture": "#golden_axe"}
			}
		},
		{
			"from": [14, 3.5, 8.5],
			"to": [16.5, 5.5, 9.5],
			"faces": {
				"north": {"uv": [3.5, 11, 6, 13], "texture": "#golden_axe"},
				"east": {"uv": [3.5, 11, 4, 13], "texture": "#golden_axe"},
				"south": {"uv": [6, 11, 3.5, 13], "texture": "#golden_axe"},
				"west": {"uv": [5.5, 11, 6, 13], "texture": "#golden_axe"},
				"up": {"uv": [3.5, 11, 6, 11.5], "rotation": 180, "texture": "#golden_axe"},
				"down": {"uv": [3.5, 13, 6, 12.5], "rotation": 180, "texture": "#golden_axe"}
			}
		},
		{
			"from": [19, 4, 8.5],
			"to": [19.5, 5, 9.5],
			"faces": {
				"north": {"uv": [0.5, 11.5, 1, 12.5], "texture": "#golden_axe"},
				"east": {"uv": [0.5, 11.5, 1, 12.5], "texture": "#golden_axe"},
				"south": {"uv": [0.5, 11.5, 1, 12.5], "texture": "#golden_axe"},
				"west": {"uv": [0.5, 11.5, 1, 12.5], "texture": "#golden_axe"},
				"down": {"uv": [0.5, 12, 1, 12.5], "rotation": 270, "texture": "#golden_axe"}
			}
		},
		{
			"from": [16.5, 3.5, 8.5],
			"to": [19, 4.5, 9.5],
			"faces": {
				"north": {"uv": [1, 12, 3.5, 13], "texture": "#golden_axe"},
				"east": {"uv": [1, 12, 1.5, 13], "texture": "#golden_axe"},
				"south": {"uv": [3.5, 12, 1, 13], "texture": "#golden_axe"},
				"up": {"uv": [1, 12, 3.5, 12.5], "rotation": 180, "texture": "#golden_axe"},
				"down": {"uv": [1, 12.5, 3.5, 13], "rotation": 180, "texture": "#golden_axe"}
			}
		},
		{
			"from": [13.5, 3.5, 8.5],
			"to": [14, 4, 9.5],
			"faces": {
				"north": {"uv": [6, 12.5, 6.5, 13], "texture": "#golden_axe"},
				"south": {"uv": [6, 12.5, 6.5, 13], "texture": "#golden_axe"},
				"west": {"uv": [6, 12.5, 6.5, 13], "texture": "#golden_axe"},
				"up": {"uv": [6, 12.5, 6.5, 13], "rotation": 90, "texture": "#golden_axe"},
				"down": {"uv": [6, 13, 6.5, 12.5], "rotation": 270, "texture": "#golden_axe"}
			}
		},
		{
			"from": [16.5, 6.5, 8.5],
			"to": [17.5, 7, 9.5],
			"faces": {
				"north": {"uv": [2.5, 9.5, 3.5, 10], "texture": "#golden_axe"},
				"east": {"uv": [2.5, 9.5, 3, 10], "texture": "#golden_axe"},
				"south": {"uv": [3.5, 9.5, 2.5, 10], "texture": "#golden_axe"},
				"west": {"uv": [3, 9.5, 3.5, 10], "texture": "#golden_axe"},
				"up": {"uv": [2.5, 9.5, 3.5, 10], "rotation": 180, "texture": "#golden_axe"}
			}
		},
		{
			"from": [17.5, 5, 8.25],
			"to": [19.5, 6, 9.75],
			"faces": {
				"north": {"uv": [0.5, 10.5, 2.5, 11.5], "texture": "#golden_axe"},
				"east": {"uv": [0.5, 10.5, 1, 11.5], "texture": "#golden_axe"},
				"south": {"uv": [2.5, 10.5, 0.5, 11.5], "texture": "#golden_axe"},
				"up": {"uv": [0.5, 10.5, 2.5, 11], "rotation": 180, "texture": "#golden_axe"},
				"down": {"uv": [0.5, 11, 2.5, 11.5], "rotation": 180, "texture": "#golden_axe"}
			}
		},
		{
			"from": [17.5, 6, 8.5],
			"to": [19.5, 6.5, 9.5],
			"faces": {
				"north": {"uv": [0.5, 10, 2.5, 10.5], "texture": "#golden_axe"},
				"east": {"uv": [0.5, 10, 1, 10.5], "texture": "#golden_axe"},
				"south": {"uv": [2.5, 10, 0.5, 10.5], "texture": "#golden_axe"},
				"up": {"uv": [0.5, 10, 2.5, 10.5], "rotation": 180, "texture": "#golden_axe"}
			}
		}
	],
	"display": {
		"thirdperson_righthand": {
			"rotation": [45, -90, 0],
			"translation": [0, 3.59, -0.94]
		},
		"firstperson_righthand": {
			"rotation": [0, -90, 0],
			"translation": [-2.46, 1.51, 0]
		},
		"gui": {
			"rotation": [0, 0, 45],
			"translation": [0.38, 0.94, 0],
			"scale": [-0.7, 0.7, 0.7]
		},
		"head": {
			"translation": [-1.75, 0, 0]
		}
	}
}