{
	"credit": "designed_by_hypixel_minecraft_server_with_bdcraft_cubik_pro_0.90_beta_-_http://bdcraft.net",
	"textures": {
		"texture": "item/stone_axe"
	},
	"elements": [
		{
			"from": [4.5, 1, 7.5],
			"to": [6.5, 3, 8.5],
			"faces": {
				"north": {"uv": [15, 14, 13, 16], "texture": "#texture"},
				"east": {"uv": [14.5, 14, 15, 16], "texture": "#texture"},
				"south": {"uv": [13, 14, 15, 16], "texture": "#texture"},
				"west": {"uv": [13, 14, 13.5, 16], "texture": "#texture"},
				"up": {"uv": [13, 14, 15, 14.5], "texture": "#texture"},
				"down": {"uv": [13, 15.5, 15, 16], "texture": "#texture"}
			}
		},
		{
			"from": [5, 3, 7.5],
			"to": [7.5, 4, 8.5],
			"faces": {
				"north": {"uv": [16, 13, 13.5, 14], "texture": "#texture"},
				"east": {"uv": [15.5, 13, 16, 14], "texture": "#texture"},
				"south": {"uv": [13.5, 13, 16, 14], "texture": "#texture"},
				"west": {"uv": [13.5, 13, 14, 14], "texture": "#texture"},
				"up": {"uv": [13.5, 13, 16, 13.5], "texture": "#texture"},
				"down": {"uv": [13.5, 13.5, 16, 14], "texture": "#texture"}
			}
		},
		{
			"from": [6.5, 1.5, 7.5],
			"to": [7, 3, 8.5],
			"faces": {
				"north": {"uv": [15, 14, 15.5, 15.5], "texture": "#texture"},
				"east": {"uv": [15, 14, 15.5, 15.5], "texture": "#texture"},
				"south": {"uv": [15, 14, 15.5, 15.5], "texture": "#texture"},
				"down": {"uv": [15, 13, 14.5, 12], "texture": "#texture"}
			}
		},
		{
			"from": [5.5, 4, 7.5],
			"to": [7.5, 4.5, 8.5],
			"faces": {
				"north": {"uv": [16, 12.5, 14, 13], "texture": "#texture"},
				"east": {"uv": [15.5, 12.5, 16, 13], "texture": "#texture"},
				"south": {"uv": [14, 12.5, 16, 13], "texture": "#texture"},
				"west": {"uv": [14, 12.5, 14.5, 13], "texture": "#texture"},
				"up": {"uv": [14, 12.5, 16, 13], "texture": "#texture"}
			}
		},
		{
			"from": [6, 4.5, 7.25],
			"to": [8, 6, 8.75],
			"faces": {
				"north": {"uv": [9, 11.5, 7, 13], "texture": "#texture"},
				"east": {"uv": [8.5, 11.5, 9, 13], "texture": "#texture"},
				"south": {"uv": [7, 11.5, 9, 13], "texture": "#texture"},
				"west": {"uv": [7, 11.5, 7.5, 13], "texture": "#texture"},
				"up": {"uv": [7, 11.5, 9, 12], "texture": "#texture"},
				"down": {"uv": [7, 12.5, 9, 13], "texture": "#texture"}
			}
		},
		{
			"from": [6.5, 4, 7],
			"to": [7.5, 5, 9],
			"faces": {
				"north": {"uv": [16, 12, 15, 13], "texture": "#texture"},
				"east": {"uv": [15.5, 12, 16, 13], "texture": "#texture"},
				"south": {"uv": [15, 12, 16, 13], "texture": "#texture"},
				"west": {"uv": [15, 12, 15.5, 13], "texture": "#texture"},
				"up": {"uv": [15, 12, 16, 12.5], "texture": "#texture"},
				"down": {"uv": [15, 12.5, 16, 13], "texture": "#texture"}
			}
		},
		{
			"from": [5.5, 2.5, 7],
			"to": [7, 4, 9],
			"faces": {
				"north": {"uv": [15.5, 13, 14, 14.5], "texture": "#texture"},
				"east": {"uv": [15, 13, 15.5, 14.5], "texture": "#texture"},
				"south": {"uv": [14, 13, 15.5, 14.5], "texture": "#texture"},
				"west": {"uv": [14, 13, 14.5, 14.5], "texture": "#texture"},
				"up": {"uv": [14, 13, 15.5, 13.5], "texture": "#texture"},
				"down": {"uv": [14, 14, 15.5, 14.5], "texture": "#texture"}
			}
		},
		{
			"from": [5, 2, 7],
			"to": [6.5, 3, 9],
			"faces": {
				"north": {"uv": [15, 14, 13.5, 15], "texture": "#texture"},
				"east": {"uv": [13.5, 14, 15.5, 15], "texture": "#texture"},
				"south": {"uv": [13.5, 14, 15, 15], "texture": "#texture"},
				"west": {"uv": [13.5, 14, 15.5, 15], "texture": "#texture"},
				"up": {"uv": [14, 13.5, 15.5, 14], "texture": "#texture"},
				"down": {"uv": [14, 13.5, 15.5, 14], "texture": "#texture"}
			}
		},
		{
			"from": [0.5, 1, 7.5],
			"to": [4.5, 2, 8.5],
			"faces": {
				"north": {"uv": [13, 14.5, 9, 15.5], "texture": "#texture"},
				"south": {"uv": [9, 14.5, 13, 15.5], "texture": "#texture"},
				"west": {"uv": [9, 14.5, 10, 15.5], "texture": "#texture"},
				"up": {"uv": [9, 14.5, 13, 15], "texture": "#texture"},
				"down": {"uv": [9, 15, 13, 15.5], "texture": "#texture"}
			}
		},
		{
			"from": [1, 2, 7.75],
			"to": [1.5, 5, 8.25],
			"faces": {
				"north": {"uv": [9.5, 12, 10, 15], "texture": "#texture"},
				"east": {"uv": [9.5, 12, 10, 15], "texture": "#texture"},
				"south": {"uv": [9.5, 12, 10, 15], "texture": "#texture"},
				"west": {"uv": [9.5, 12, 10, 15], "texture": "#texture"},
				"up": {"uv": [9.5, 12, 10, 12.5], "texture": "#texture"}
			}
		},
		{
			"from": [1.5, 4.5, 7.75],
			"to": [2, 6, 8.25],
			"faces": {
				"north": {"uv": [10, 11, 10.5, 12.5], "texture": "#texture"},
				"east": {"uv": [10, 11, 10.5, 12.5], "texture": "#texture"},
				"south": {"uv": [10, 11, 10.5, 12.5], "texture": "#texture"},
				"west": {"uv": [10, 11, 10.5, 12.5], "texture": "#texture"},
				"up": {"uv": [10, 11, 10.5, 11.5], "texture": "#texture"},
				"down": {"uv": [10, 12, 10.5, 12.5], "texture": "#texture"}
			}
		},
		{
			"from": [2, 5.5, 7.75],
			"to": [2.5, 6.5, 8.25],
			"faces": {
				"north": {"uv": [10.5, 10.5, 11, 11.5], "texture": "#texture"},
				"east": {"uv": [10.5, 10.5, 11, 11.5], "texture": "#texture"},
				"south": {"uv": [10.5, 10.5, 11, 11.5], "texture": "#texture"},
				"west": {"uv": [10.5, 10.5, 11, 11.5], "texture": "#texture"},
				"up": {"uv": [10.5, 10.5, 11, 11], "texture": "#texture"},
				"down": {"uv": [10.5, 11, 11, 11.5], "texture": "#texture"}
			}
		},
		{
			"from": [3, 6, 7.5],
			"to": [7, 7.5, 8.5],
			"faces": {
				"north": {"uv": [15.5, 9.5, 11.5, 11], "texture": "#texture"},
				"south": {"uv": [11.5, 9.5, 15.5, 11], "texture": "#texture"},
				"west": {"uv": [11, 9.5, 12, 11], "texture": "#texture"},
				"up": {"uv": [11.5, 9.5, 15.5, 10], "texture": "#texture"},
				"down": {"uv": [11.5, 10.5, 15.5, 11], "texture": "#texture"}
			}
		},
		{
			"from": [8, 5.5, 7.25],
			"to": [11.5, 7.5, 8.75],
			"faces": {
				"north": {"uv": [8, 5.5, 4.5, 7.5], "texture": "#texture"},
				"east": {"uv": [7.5, 5.5, 8, 7.5], "texture": "#texture"},
				"south": {"uv": [4.5, 5.5, 8, 7.5], "texture": "#texture"},
				"west": {"uv": [4.5, 5.5, 5, 7.5], "texture": "#texture"},
				"up": {"uv": [4.5, 5.5, 8, 6], "texture": "#texture"},
				"down": {"uv": [4.5, 7, 8, 7.5], "texture": "#texture"}
			}
		},
		{
			"from": [7, 6, 7.25],
			"to": [8, 7.5, 8.75],
			"faces": {
				"north": {"uv": [9, 10, 8, 11.5], "texture": "#texture"},
				"south": {"uv": [8, 10, 9, 11.5], "texture": "#texture"},
				"west": {"uv": [8, 10, 8.5, 11.5], "texture": "#texture"},
				"up": {"uv": [8, 10, 9, 10.5], "texture": "#texture"}
			}
		},
		{
			"from": [8, 6, 7],
			"to": [9, 7, 9],
			"faces": {
				"north": {"uv": [5.5, 6, 4.5, 7], "texture": "#texture"},
				"east": {"uv": [5, 6, 5.5, 7], "texture": "#texture"},
				"south": {"uv": [4.5, 6, 5.5, 7], "texture": "#texture"},
				"west": {"uv": [4.5, 6, 5, 7], "texture": "#texture"},
				"up": {"uv": [4.5, 6, 5.5, 6.5], "texture": "#texture"},
				"down": {"uv": [4.5, 6.5, 5.5, 7], "texture": "#texture"}
			}
		},
		{
			"from": [11.5, 7, 7.25],
			"to": [12, 7.5, 8.75],
			"faces": {
				"north": {"uv": [8, 5.5, 8.5, 6], "texture": "#texture"},
				"east": {"uv": [8, 5.5, 8.5, 6], "texture": "#texture"},
				"south": {"uv": [8, 5.5, 8.5, 6], "texture": "#texture"},
				"up": {"uv": [8, 5.5, 8.5, 6], "texture": "#texture"},
				"down": {"uv": [8, 5.5, 8.5, 6], "texture": "#texture"}
			}
		},
		{
			"from": [11.5, 5.5, 7.25],
			"to": [12, 6, 8.75],
			"faces": {
				"north": {"uv": [8, 7, 8.5, 7.5], "texture": "#texture"},
				"east": {"uv": [8, 7, 8.5, 7.5], "texture": "#texture"},
				"south": {"uv": [8, 7, 8.5, 7.5], "texture": "#texture"},
				"up": {"uv": [8, 7, 8.5, 7.5], "texture": "#texture"},
				"down": {"uv": [8, 7, 8.5, 7.5], "texture": "#texture"}
			}
		},
		{
			"from": [11.5, 6, 7.5],
			"to": [16.5, 7.5, 8.5],
			"faces": {
				"north": {"uv": [13, 5.5, 8, 7], "texture": "#texture"},
				"south": {"uv": [8, 5.5, 13, 7], "texture": "#texture"},
				"up": {"uv": [8, 5.5, 13, 6], "texture": "#texture"},
				"down": {"uv": [8, 6.5, 13, 7], "texture": "#texture"}
			}
		},
		{
			"from": [4.5, 7, 7.25],
			"to": [7, 7.5, 8.75],
			"faces": {
				"north": {"uv": [15.5, 9.5, 13, 10], "texture": "#texture"},
				"south": {"uv": [13, 9.5, 15.5, 10], "texture": "#texture"},
				"west": {"uv": [13, 9.5, 14.5, 10], "texture": "#texture"},
				"up": {"uv": [13, 9.5, 15.5, 10], "texture": "#texture"},
				"down": {"uv": [13, 9.5, 15.5, 10], "texture": "#texture"}
			}
		},
		{
			"from": [2.5, 7, 7.75],
			"to": [3, 7.5, 8.25],
			"faces": {
				"north": {"uv": [11, 9.5, 11.5, 10], "texture": "#texture"},
				"south": {"uv": [11, 9.5, 11.5, 10], "texture": "#texture"},
				"west": {"uv": [11, 9.5, 11.5, 10], "texture": "#texture"},
				"up": {"uv": [11, 9.5, 11.5, 10], "texture": "#texture"}
			}
		},
		{
			"from": [2.5, 6, 7.5],
			"to": [3, 7, 8.5],
			"faces": {
				"north": {"uv": [11, 10, 11.5, 11], "texture": "#texture"},
				"south": {"uv": [11, 10, 11.5, 11], "texture": "#texture"},
				"west": {"uv": [11, 10, 12, 11], "texture": "#texture"},
				"up": {"uv": [10, 11, 10.5, 12], "texture": "#texture"},
				"down": {"uv": [14.5, 10.5, 15, 11.5], "texture": "#texture"}
			}
		},
		{
			"from": [6, 4, 7],
			"to": [6.5, 4.5, 9],
			"faces": {
				"north": {"uv": [14.5, 12.5, 15, 13], "texture": "#texture"},
				"south": {"uv": [14.5, 12.5, 15, 13], "texture": "#texture"},
				"west": {"uv": [14.5, 12.5, 15, 13], "texture": "#texture"},
				"up": {"uv": [14.5, 12.5, 15, 13], "texture": "#texture"}
			}
		},
		{
			"from": [4, 1, 7.25],
			"to": [6, 1.5, 8.75],
			"faces": {
				"north": {"uv": [13, 15.5, 15, 16], "texture": "#texture"},
				"east": {"uv": [13, 15.5, 14.5, 16], "texture": "#texture"},
				"south": {"uv": [13, 15.5, 15, 16], "texture": "#texture"},
				"west": {"uv": [13, 15.5, 14.5, 16], "texture": "#texture"},
				"up": {"uv": [13, 15.5, 15, 16], "texture": "#texture"},
				"down": {"uv": [13, 15.5, 15, 16], "texture": "#texture"}
			}
		},
		{
			"from": [4.5, 1.5, 7.25],
			"to": [5.5, 2, 8.75],
			"faces": {
				"north": {"uv": [13, 15, 14, 15.5], "texture": "#texture"},
				"south": {"uv": [13, 15, 14, 15.5], "texture": "#texture"},
				"west": {"uv": [13, 15, 14.5, 15.5], "texture": "#texture"},
				"up": {"uv": [13.5, 14, 14.5, 15.5], "texture": "#texture"}
			}
		},
		{
			"from": [5.5, 1.5, 7],
			"to": [6.5, 2, 9],
			"faces": {
				"north": {"uv": [15, 15, 14, 15.5], "texture": "#texture"},
				"east": {"uv": [13, 15, 15, 15.5], "texture": "#texture"},
				"south": {"uv": [14, 15, 15, 15.5], "texture": "#texture"},
				"west": {"uv": [13, 15, 15, 15.5], "texture": "#texture"},
				"down": {"uv": [14, 13.5, 15, 15.5], "texture": "#texture"}
			}
		},
		{
			"from": [9.5, 6, 7],
			"to": [11.5, 7.5, 9],
			"faces": {
				"north": {"uv": [8, 5.5, 6, 7], "texture": "#texture"},
				"east": {"uv": [7.5, 5.5, 8, 7], "texture": "#texture"},
				"south": {"uv": [6, 5.5, 8, 7], "texture": "#texture"},
				"west": {"uv": [6, 5.5, 6.5, 7], "texture": "#texture"},
				"up": {"uv": [6, 5.5, 8, 6], "texture": "#texture"},
				"down": {"uv": [6, 6.5, 8, 7], "texture": "#texture"}
			}
		},
		{
			"from": [9, 4, 7.5],
			"to": [9.5, 5.5, 8.5],
			"faces": {
				"north": {"uv": [5.5, 7.5, 6, 9], "texture": "#texture"},
				"east": {"uv": [5.5, 7.5, 6, 9], "texture": "#texture"},
				"south": {"uv": [5.5, 7.5, 6, 9], "texture": "#texture"},
				"west": {"uv": [5.5, 7.5, 6, 9], "texture": "#texture"},
				"down": {"uv": [5.5, 8.5, 6, 9.5], "texture": "#texture"}
			}
		},
		{
			"from": [9.5, 4.5, 7.5],
			"to": [18, 5.5, 8.5],
			"faces": {
				"north": {"uv": [14.5, 7.5, 6, 8.5], "texture": "#texture"},
				"east": {"uv": [14, 7.5, 14.5, 8.5], "texture": "#texture"},
				"south": {"uv": [6, 7.5, 14.5, 8.5], "texture": "#texture"},
				"up": {"uv": [6, 7.5, 14.5, 8], "texture": "#texture"},
				"down": {"uv": [6, 8, 14.5, 8.5], "texture": "#texture"}
			}
		},
		{
			"from": [9, 3.5, 7.75],
			"to": [9.5, 4, 8.25],
			"faces": {
				"north": {"uv": [5.5, 9, 6, 9.5], "texture": "#texture"},
				"east": {"uv": [5.5, 9, 6, 9.5], "texture": "#texture"},
				"south": {"uv": [5.5, 9, 6, 9.5], "texture": "#texture"},
				"west": {"uv": [5.5, 9, 6, 9.5], "texture": "#texture"},
				"down": {"uv": [5.5, 9, 6, 9.5], "texture": "#texture"}
			}
		},
		{
			"from": [9.5, 4, 7.75],
			"to": [10, 4.5, 8.25],
			"faces": {
				"north": {"uv": [6, 8.5, 6.5, 9], "texture": "#texture"},
				"east": {"uv": [6, 8.5, 6.5, 9], "texture": "#texture"},
				"south": {"uv": [6, 8.5, 6.5, 9], "texture": "#texture"},
				"down": {"uv": [6, 8.5, 6.5, 9], "texture": "#texture"}
			}
		},
		{
			"from": [9, 5, 7.25],
			"to": [9.5, 5.5, 8.75],
			"faces": {
				"north": {"uv": [5.5, 7.5, 6, 8], "texture": "#texture"},
				"east": {"uv": [5.5, 7.5, 6, 8], "texture": "#texture"},
				"south": {"uv": [5.5, 7.5, 6, 8], "texture": "#texture"},
				"west": {"uv": [5.5, 7.5, 6, 8], "texture": "#texture"},
				"down": {"uv": [5.5, 7.5, 6, 8], "texture": "#texture"}
			}
		},
		{
			"from": [16.5, 5, 7.25],
			"to": [17, 7.5, 8.75],
			"faces": {
				"north": {"uv": [13, 5.5, 13.5, 8], "texture": "#texture"},
				"east": {"uv": [13, 5.5, 13.5, 8], "texture": "#texture"},
				"south": {"uv": [13, 5.5, 13.5, 8], "texture": "#texture"},
				"west": {"uv": [13, 5.5, 13.5, 8], "texture": "#texture"},
				"up": {"uv": [13, 5.5, 13.5, 6], "texture": "#texture"},
				"down": {"uv": [13, 7.5, 13.5, 8], "texture": "#texture"}
			}
		},
		{
			"from": [18.5, 6.5, 7.5],
			"to": [19.5, 7.5, 8.5],
			"faces": {
				"north": {"uv": [16, 5.5, 15, 6.5], "texture": "#texture"},
				"east": {"uv": [7, 11.5, 8, 12.5], "texture": "#texture"},
				"south": {"uv": [15, 5.5, 16, 6.5], "texture": "#texture"},
				"up": {"uv": [15, 5.5, 16, 6], "texture": "#texture"},
				"down": {"uv": [15, 6, 16, 6.5], "texture": "#texture"}
			}
		},
		{
			"from": [17.5, 7.5, 7.5],
			"to": [18.5, 8.5, 8.5],
			"faces": {
				"north": {"uv": [15, 4.5, 14, 5.5], "texture": "#texture"},
				"east": {"uv": [14.5, 4.5, 15, 5.5], "texture": "#texture"},
				"south": {"uv": [14, 4.5, 15, 5.5], "texture": "#texture"},
				"west": {"uv": [14, 4.5, 14.5, 5.5], "texture": "#texture"},
				"up": {"uv": [14, 4.5, 15, 5], "texture": "#texture"},
				"down": {"uv": [14, 5, 15, 5.5], "texture": "#texture"}
			}
		},
		{
			"from": [17.5, 8.5, 7.75],
			"to": [18.5, 9, 8.25],
			"faces": {
				"north": {"uv": [15, 4, 14, 4.5], "texture": "#texture"},
				"east": {"uv": [14.5, 4, 15, 4.5], "texture": "#texture"},
				"south": {"uv": [14, 4, 15, 4.5], "texture": "#texture"},
				"west": {"uv": [14, 4, 14.5, 4.5], "texture": "#texture"},
				"up": {"uv": [14, 4, 15, 4.5], "texture": "#texture"}
			}
		},
		{
			"from": [5, 7.5, 7.5],
			"to": [6, 8, 8.5],
			"faces": {
				"north": {"uv": [10.5, 1.5, 9.5, 2], "texture": "#texture"},
				"east": {"uv": [9.5, 1.5, 10.5, 2], "texture": "#texture"},
				"south": {"uv": [9.5, 1.5, 10.5, 2], "texture": "#texture"},
				"west": {"uv": [9.5, 1.5, 10.5, 2], "texture": "#texture"}
			}
		},
		{
			"from": [8.5, 7.5, 7.5],
			"to": [9.5, 8, 8.5],
			"faces": {
				"north": {"uv": [14, 1.5, 13, 2], "texture": "#texture"},
				"east": {"uv": [13, 1.5, 14, 2], "texture": "#texture"},
				"south": {"uv": [13, 1.5, 14, 2], "texture": "#texture"},
				"west": {"uv": [13, 1.5, 14, 2], "texture": "#texture"}
			}
		},
		{
			"from": [3, 8, 7.5],
			"to": [11.5, 8.5, 8.5],
			"faces": {
				"north": {"uv": [16, 1, 7.5, 1.5], "texture": "#texture"},
				"east": {"uv": [7.5, 1, 8.5, 1.5], "texture": "#texture"},
				"south": {"uv": [7.5, 1, 16, 1.5], "texture": "#texture"},
				"west": {"uv": [7.5, 1, 8.5, 1.5], "texture": "#texture"},
				"down": {"uv": [7.5, 1, 16, 1.5], "texture": "#texture"}
			}
		},
		{
			"from": [8.5, 8, 7.25],
			"to": [9.5, 8.5, 8.75],
			"faces": {
				"north": {"uv": [14, 1, 13, 1.5], "texture": "#texture"},
				"east": {"uv": [13.5, 1, 14, 1.5], "texture": "#texture"},
				"south": {"uv": [13, 1, 14, 1.5], "texture": "#texture"},
				"west": {"uv": [13, 1, 13.5, 1.5], "texture": "#texture"},
				"down": {"uv": [13, 1, 14, 1.5], "texture": "#texture"}
			}
		},
		{
			"from": [5, 8, 7.25],
			"to": [6, 8.5, 8.75],
			"faces": {
				"north": {"uv": [10.5, 1, 9.5, 1.5], "texture": "#texture"},
				"east": {"uv": [10, 1, 10.5, 1.5], "texture": "#texture"},
				"south": {"uv": [9.5, 1, 10.5, 1.5], "texture": "#texture"},
				"west": {"uv": [9.5, 1, 10, 1.5], "texture": "#texture"},
				"down": {"uv": [9.5, 1, 10.5, 1.5], "texture": "#texture"}
			}
		},
		{
			"from": [3, 8.5, 7.25],
			"to": [11.5, 9, 8.75],
			"faces": {
				"north": {"uv": [16, 0.5, 7.5, 1], "texture": "#texture"},
				"east": {"uv": [15.5, 0.5, 16, 1], "texture": "#texture"},
				"south": {"uv": [7.5, 0.5, 16, 1], "texture": "#texture"},
				"west": {"uv": [7.5, 0.5, 8, 1], "texture": "#texture"},
				"up": {"uv": [7.5, 0.5, 16, 1], "texture": "#texture"},
				"down": {"uv": [7.5, 0.5, 16, 1], "texture": "#texture"}
			}
		},
		{
			"from": [3, 9, 7.5],
			"to": [11.5, 9.5, 8.5],
			"faces": {
				"north": {"uv": [16, 0, 7.5, 0.5], "texture": "#texture"},
				"east": {"uv": [15.5, 0, 16, 0.5], "texture": "#texture"},
				"south": {"uv": [7.5, 0, 16, 0.5], "texture": "#texture"},
				"west": {"uv": [7.5, 0, 8, 0.5], "texture": "#texture"},
				"up": {"uv": [7.5, 0, 16, 0.5], "texture": "#texture"}
			}
		},
		{
			"from": [5, 9, 7.25],
			"to": [6, 9.5, 8.75],
			"faces": {
				"north": {"uv": [10.5, 0, 9.5, 0.5], "texture": "#texture"},
				"east": {"uv": [10, 0, 10.5, 0.5], "texture": "#texture"},
				"south": {"uv": [9.5, 0, 10.5, 0.5], "texture": "#texture"},
				"west": {"uv": [9.5, 0, 10, 0.5], "texture": "#texture"},
				"up": {"uv": [9.5, 0, 10.5, 0.5], "texture": "#texture"}
			}
		},
		{
			"from": [8.5, 9, 7.25],
			"to": [9.5, 9.5, 8.75],
			"faces": {
				"north": {"uv": [14, 0, 13, 0.5], "texture": "#texture"},
				"east": {"uv": [13.5, 0, 14, 0.5], "texture": "#texture"},
				"south": {"uv": [13, 0, 14, 0.5], "texture": "#texture"},
				"west": {"uv": [13, 0, 13.5, 0.5], "texture": "#texture"},
				"up": {"uv": [13, 0, 14, 0.5], "texture": "#texture"}
			}
		},
		{
			"from": [5, 8.75, 7],
			"to": [6, 9.25, 7.5],
			"faces": {
				"east": {"uv": [10, 0, 10.5, 0.5], "texture": "#texture"},
				"south": {"uv": [9.5, 0, 10.5, 0.5], "texture": "#texture"},
				"west": {"uv": [9.5, 0, 10, 0.5], "texture": "#texture"},
				"up": {"uv": [9.5, 0, 10.5, 0.5], "texture": "#texture"},
				"down": {"uv": [9.5, 0, 10.5, 0.5], "texture": "#texture"}
			}
		},
		{
			"from": [3.5, 8.5, 6],
			"to": [6.5, 9.5, 7],
			"faces": {
				"north": {"uv": [11, 0, 8, 1], "texture": "#texture"},
				"east": {"uv": [14.5, 6, 13.5, 7], "texture": "#texture"},
				"south": {"uv": [8, 1, 11, 0], "texture": "#texture"},
				"west": {"uv": [14.5, 6, 13.5, 7], "texture": "#texture"},
				"up": {"uv": [8, 0, 11, 1], "texture": "#texture"},
				"down": {"uv": [8, 0, 11, 1], "texture": "#texture"}
			}
		},
		{
			"from": [12.5, 6, 3.5],
			"to": [13.5, 7.5, 5.5],
			"faces": {
				"north": {"uv": [1.5, 3.5, 0.5, 4], "texture": "#texture"},
				"east": {"uv": [2, 6.5, 3, 8.5], "texture": "#texture"},
				"south": {"uv": [0.5, 5, 1.5, 5.5], "texture": "#texture"},
				"west": {"uv": [0.5, 3.5, 1, 5.5], "rotation": 270, "texture": "#texture"},
				"up": {"uv": [0.5, 3.5, 1.5, 5.5], "texture": "#texture"},
				"down": {"uv": [0.5, 5.5, 1.5, 3.5], "texture": "#texture"}
			}
		},
		{
			"from": [12, 6.25, 4.5],
			"to": [12.5, 7.25, 11.5],
			"faces": {
				"north": {"uv": [0, 4.5, 0.5, 5.5], "texture": "#texture"},
				"east": {"uv": [0, 4.5, 0.5, 11.5], "texture": "#texture"},
				"south": {"uv": [0, 4.5, 0.5, 5.5], "texture": "#texture"},
				"west": {"uv": [0, 4.5, 0.5, 11.5], "rotation": 270, "texture": "#texture"},
				"up": {"uv": [0, 4.5, 0.5, 11.5], "texture": "#texture"},
				"down": {"uv": [0, 4.5, 0.5, 11.5], "texture": "#texture"}
			}
		},
		{
			"from": [13, 6, 12.5],
			"to": [14, 7.5, 13.5],
			"faces": {
				"north": {"uv": [1.5, 6, 0.5, 7.5], "texture": "#texture"},
				"east": {"uv": [0.5, 6, 1.5, 7], "texture": "#texture"},
				"south": {"uv": [1.5, 6, 0.5, 7.5], "texture": "#texture"},
				"west": {"uv": [0.5, 6, 1.5, 7], "texture": "#texture"},
				"up": {"uv": [2.5, 11, 3.5, 12], "texture": "#texture"},
				"down": {"uv": [3.5, 11, 2.5, 12], "texture": "#texture"}
			}
		},
		{
			"from": [13, 6, 2.5],
			"to": [14, 7.5, 3.5],
			"faces": {
				"north": {"uv": [0.5, 6, 1.5, 7.5], "texture": "#texture"},
				"east": {"uv": [1.5, 6, 0.5, 7], "texture": "#texture"},
				"south": {"uv": [0.5, 6, 1.5, 7.5], "texture": "#texture"},
				"west": {"uv": [1.5, 6, 0.5, 7], "texture": "#texture"},
				"up": {"uv": [2.5, 4, 3.5, 5], "texture": "#texture"},
				"down": {"uv": [3.5, 4, 2.5, 5], "texture": "#texture"}
			}
		},
		{
			"from": [12.5, 6.25, 12.5],
			"to": [13, 7.25, 13.5],
			"faces": {
				"south": {"uv": [7, 6.5, 7.5, 7.5], "texture": "#texture"},
				"west": {"uv": [6.5, 6.5, 7.5, 7.5], "texture": "#texture"},
				"up": {"uv": [7, 6.5, 7.5, 7.5], "texture": "#texture"},
				"down": {"uv": [7, 6.5, 7.5, 7.5], "texture": "#texture"}
			}
		},
		{
			"from": [12.5, 6, 10.5],
			"to": [13.5, 7.5, 12.5],
			"faces": {
				"north": {"uv": [1.5, 10.5, 0.5, 11], "texture": "#texture"},
				"east": {"uv": [2, 7, 3, 9], "texture": "#texture"},
				"south": {"uv": [0.5, 12, 1.5, 12.5], "texture": "#texture"},
				"west": {"uv": [0.5, 10.5, 1, 12.5], "rotation": 270, "texture": "#texture"},
				"up": {"uv": [0.5, 10.5, 1.5, 12.5], "texture": "#texture"},
				"down": {"uv": [0.5, 12.5, 1.5, 10.5], "texture": "#texture"}
			}
		},
		{
			"from": [12.5, 6, 5.5],
			"to": [13, 7.5, 10.5],
			"faces": {
				"east": {"uv": [1, 10.5, 0.5, 5.5], "texture": "#texture"},
				"west": {"uv": [1, 5.5, 0.5, 10.5], "rotation": 270, "texture": "#texture"},
				"up": {"uv": [0.5, 5.5, 1, 10.5], "texture": "#texture"},
				"down": {"uv": [0.5, 10.5, 1, 5.5], "texture": "#texture"}
			}
		},
		{
			"from": [13, 6.25, 5.5],
			"to": [13.5, 7.25, 10.5],
			"faces": {
				"east": {"uv": [0.5, 6, 1.5, 11], "texture": "#texture"},
				"up": {"uv": [0.5, 6, 1, 11], "texture": "#texture"},
				"down": {"uv": [1, 6, 1.5, 11], "texture": "#texture"}
			}
		},
		{
			"from": [13.5, 6.25, 11.5],
			"to": [14, 7.25, 12.5],
			"faces": {
				"north": {"uv": [2, 7.5, 2.5, 8.5], "texture": "#texture"},
				"east": {"uv": [2, 7.5, 3, 8.5], "texture": "#texture"},
				"up": {"uv": [2.5, 7.5, 3, 8.5], "texture": "#texture"},
				"down": {"uv": [2.5, 7.5, 3, 8.5], "texture": "#texture"}
			}
		},
		{
			"from": [13.5, 6.25, 3.5],
			"to": [14, 7.25, 4.5],
			"faces": {
				"east": {"uv": [2.5, 6.5, 3.5, 7.5], "texture": "#texture"},
				"south": {"uv": [2.5, 7, 3, 8], "texture": "#texture"},
				"up": {"uv": [3, 7, 3.5, 8], "texture": "#texture"},
				"down": {"uv": [3, 7, 3.5, 8], "texture": "#texture"}
			}
		},
		{
			"from": [13, 6.25, 13.5],
			"to": [14, 7.25, 14.5],
			"faces": {
				"south": {"uv": [2, 7, 3, 8], "texture": "#texture"},
				"west": {"uv": [3, 7.5, 2, 8.5], "texture": "#texture"},
				"up": {"uv": [2, 7, 3, 8], "texture": "#texture"},
				"down": {"uv": [2, 7, 3, 8], "texture": "#texture"}
			}
		},
		{
			"from": [13, 6.25, 1.5],
			"to": [14, 7.25, 2.5],
			"faces": {
				"north": {"uv": [2, 7.5, 3, 8.5], "texture": "#texture"},
				"west": {"uv": [2, 7, 3, 8], "texture": "#texture"},
				"up": {"uv": [2, 7.5, 3, 8.5], "texture": "#texture"},
				"down": {"uv": [2, 7, 3, 8], "texture": "#texture"}
			}
		},
		{
			"from": [14, 6.25, 13.5],
			"to": [15, 7.25, 14.5],
			"faces": {
				"north": {"uv": [6.5, 6, 5.5, 7], "texture": "#texture"},
				"east": {"uv": [6, 6, 7, 7], "texture": "#texture"},
				"south": {"uv": [5.5, 6, 6.5, 7], "texture": "#texture"},
				"up": {"uv": [5.5, 6, 6.5, 7], "texture": "#texture"},
				"down": {"uv": [5.5, 6, 6.5, 7], "texture": "#texture"}
			}
		},
		{
			"from": [15, 6.25, 14],
			"to": [15.5, 7.25, 14.5],
			"faces": {
				"north": {"uv": [2.5, 7.5, 3, 8.5], "texture": "#texture"},
				"east": {"uv": [2.5, 8, 3, 9], "texture": "#texture"},
				"up": {"uv": [2, 7, 2.5, 7.5], "texture": "#texture"},
				"down": {"uv": [2, 7, 2.5, 7.5], "texture": "#texture"}
			}
		},
		{
			"from": [14.5, 6, 14.5],
			"to": [16.5, 7.5, 16.5],
			"faces": {
				"north": {"uv": [6.5, 1, 4.5, 2.5], "texture": "#texture"},
				"east": {"uv": [2, 6.5, 4, 8], "texture": "#texture"},
				"south": {"uv": [4.5, 1, 6.5, 2.5], "texture": "#texture"},
				"west": {"uv": [2, 6.5, 4, 8], "texture": "#texture"},
				"up": {"uv": [4.5, 13, 6.5, 15], "texture": "#texture"},
				"down": {"uv": [4.5, 15, 6.5, 13], "texture": "#texture"}
			}
		},
		{
			"from": [14.5, 6, -0.5],
			"to": [16.5, 7.5, 1.5],
			"faces": {
				"north": {"uv": [4.5, 1, 6.5, 2.5], "texture": "#texture"},
				"east": {"uv": [2, 6.5, 4, 8], "texture": "#texture"},
				"south": {"uv": [4.5, 1, 6.5, 2.5], "texture": "#texture"},
				"west": {"uv": [2, 6.5, 4, 8], "texture": "#texture"},
				"up": {"uv": [4.5, 1, 6.5, 3], "texture": "#texture"},
				"down": {"uv": [4.5, 3, 6.5, 1], "texture": "#texture"}
			}
		},
		{
			"from": [15, 5.5, -1],
			"to": [17.5, 8, 0.5],
			"faces": {
				"north": {"uv": [7, 0.5, 4.5, 3], "texture": "#texture"},
				"east": {"uv": [5, 0.5, 6.5, 3], "texture": "#texture"},
				"south": {"uv": [4.5, 0.5, 7, 3], "texture": "#texture"},
				"west": {"uv": [5, 0.5, 6.5, 3], "texture": "#texture"},
				"up": {"uv": [4.5, 1, 7, 2.5], "texture": "#texture"},
				"down": {"uv": [4.5, 2.5, 7, 1], "texture": "#texture"}
			}
		},
		{
			"from": [15, 5.5, 15.5],
			"to": [17.5, 8, 17],
			"faces": {
				"north": {"uv": [7, 0.5, 4.5, 3], "texture": "#texture"},
				"east": {"uv": [5, 0.5, 6.5, 3], "texture": "#texture"},
				"south": {"uv": [4.5, 0.5, 7, 3], "texture": "#texture"},
				"west": {"uv": [5, 0.5, 6.5, 3], "texture": "#texture"},
				"up": {"uv": [4.5, 13.5, 7, 15], "texture": "#texture"},
				"down": {"uv": [4.5, 15, 7, 13.5], "texture": "#texture"}
			}
		},
		{
			"from": [15.5, 5.5, -1.5],
			"to": [17, 8, 1],
			"faces": {
				"north": {"uv": [6.5, 0.5, 5, 3], "texture": "#texture"},
				"east": {"uv": [4.5, 0.5, 7, 3], "texture": "#texture"},
				"south": {"uv": [5, 0.5, 6.5, 3], "texture": "#texture"},
				"west": {"uv": [4.5, 0.5, 7, 3], "texture": "#texture"},
				"up": {"uv": [5, 0.5, 6.5, 3], "texture": "#texture"},
				"down": {"uv": [5, 3, 6.5, 0.5], "texture": "#texture"}
			}
		},
		{
			"from": [16.5, 6.25, 1],
			"to": [17, 7.25, 1.5],
			"faces": {
				"east": {"uv": [6.5, 1, 7, 2], "texture": "#texture"},
				"south": {"uv": [6.5, 1, 7, 2], "texture": "#texture"},
				"up": {"uv": [6.5, 1, 7, 1.5], "texture": "#texture"},
				"down": {"uv": [6.5, 1.5, 7, 2], "texture": "#texture"}
			}
		},
		{
			"from": [16.5, 6.25, 14.5],
			"to": [17, 7.25, 15],
			"faces": {
				"north": {"uv": [6, 13, 6.5, 14], "texture": "#texture"},
				"east": {"uv": [6, 13, 6.5, 14], "texture": "#texture"},
				"up": {"uv": [6, 13, 6.5, 13.5], "texture": "#texture"},
				"down": {"uv": [6, 13.5, 6.5, 14], "texture": "#texture"}
			}
		},
		{
			"from": [15.5, 5.5, 15],
			"to": [17, 8, 17.5],
			"faces": {
				"north": {"uv": [6.5, 0.5, 5, 3], "texture": "#texture"},
				"east": {"uv": [4.5, 0.5, 7, 3], "texture": "#texture"},
				"south": {"uv": [5, 0.5, 6.5, 3], "texture": "#texture"},
				"west": {"uv": [4.5, 0.5, 7, 3], "texture": "#texture"},
				"up": {"uv": [5, 13, 6.5, 15.5], "texture": "#texture"},
				"down": {"uv": [5, 15.5, 6.5, 13], "texture": "#texture"}
			}
		},
		{
			"from": [17.5, 6.25, -1],
			"to": [18, 7.25, -0.5],
			"faces": {
				"north": {"uv": [6, 1, 6.5, 2], "texture": "#texture"},
				"east": {"uv": [6, 1, 6.5, 2], "texture": "#texture"},
				"up": {"uv": [6, 1, 6.5, 1.5], "texture": "#texture"},
				"down": {"uv": [6, 1.5, 6.5, 2], "texture": "#texture"}
			}
		},
		{
			"from": [17.5, 6.25, 0],
			"to": [18, 7.25, 0.5],
			"faces": {
				"east": {"uv": [5, 1, 5.5, 2], "texture": "#texture"},
				"south": {"uv": [5, 1, 5.5, 2], "texture": "#texture"},
				"up": {"uv": [5, 1, 5.5, 1.5], "texture": "#texture"},
				"down": {"uv": [5, 1.5, 5.5, 2], "texture": "#texture"}
			}
		},
		{
			"from": [14.5, 6.25, -1],
			"to": [15, 7.25, -0.5],
			"faces": {
				"north": {"uv": [6.5, 1.5, 7, 2.5], "texture": "#texture"},
				"west": {"uv": [6.5, 1.5, 7, 2.5], "texture": "#texture"},
				"up": {"uv": [6.5, 1.5, 7, 2], "texture": "#texture"},
				"down": {"uv": [6.5, 2, 7, 2.5], "texture": "#texture"}
			}
		},
		{
			"from": [14.5, 6.25, 16.5],
			"to": [15, 7.25, 17],
			"faces": {
				"south": {"uv": [6.5, 2.5, 7, 1.5], "texture": "#texture"},
				"west": {"uv": [6.5, 2.5, 7, 1.5], "texture": "#texture"},
				"up": {"uv": [6.5, 1.5, 7, 2], "texture": "#texture"},
				"down": {"uv": [6.5, 2, 7, 2.5], "texture": "#texture"}
			}
		},
		{
			"from": [17.5, 6, -0.5],
			"to": [18, 7.5, 0],
			"faces": {
				"north": {"uv": [5.5, 1, 6, 2.5], "texture": "#texture"},
				"east": {"uv": [5.5, 1, 6, 2.5], "texture": "#texture"},
				"south": {"uv": [5.5, 1, 6, 2.5], "texture": "#texture"},
				"up": {"uv": [5.5, 1, 6, 1.5], "texture": "#texture"},
				"down": {"uv": [5.5, 2, 6, 2.5], "texture": "#texture"}
			}
		},
		{
			"from": [15, 6, 15],
			"to": [17.5, 7.5, 17.5],
			"faces": {
				"north": {"uv": [7, 1, 4.5, 2.5], "texture": "#texture"},
				"east": {"uv": [4.5, 1, 7, 2.5], "texture": "#texture"},
				"south": {"uv": [4.5, 1, 7, 2.5], "texture": "#texture"},
				"west": {"uv": [4.5, 1, 7, 2.5], "texture": "#texture"},
				"up": {"uv": [4.5, 13, 7, 15.5], "texture": "#texture"},
				"down": {"uv": [4.5, 15.5, 7, 13], "texture": "#texture"}
			}
		},
		{
			"from": [15, 6, -1.5],
			"to": [17.5, 7.5, 1],
			"faces": {
				"north": {"uv": [7, 1, 4.5, 2.5], "texture": "#texture"},
				"east": {"uv": [4.5, 1, 7, 2.5], "texture": "#texture"},
				"south": {"uv": [4.5, 1, 7, 2.5], "texture": "#texture"},
				"west": {"uv": [4.5, 1, 7, 2.5], "texture": "#texture"},
				"up": {"uv": [4.5, 0.5, 7, 3], "texture": "#texture"},
				"down": {"uv": [4.5, 3, 7, 0.5], "texture": "#texture"}
			}
		},
		{
			"from": [14, 6.25, 13],
			"to": [14.5, 7.25, 13.5],
			"faces": {
				"north": {"uv": [3, 7, 3.5, 8], "texture": "#texture"},
				"east": {"uv": [2.5, 7, 3, 8], "texture": "#texture"},
				"up": {"uv": [2, 7, 2.5, 7.5], "texture": "#texture"},
				"down": {"uv": [2, 7, 2.5, 7.5], "texture": "#texture"}
			}
		},
		{
			"from": [14, 6.25, 2.5],
			"to": [14.5, 7.25, 3],
			"faces": {
				"east": {"uv": [2.5, 7, 3, 8], "texture": "#texture"},
				"south": {"uv": [2, 7.5, 2.5, 8.5], "texture": "#texture"},
				"up": {"uv": [2.5, 7.5, 3, 8], "texture": "#texture"},
				"down": {"uv": [2.5, 7.5, 3, 8], "texture": "#texture"}
			}
		},
		{
			"from": [15, 6.25, 1.5],
			"to": [15.5, 7.25, 2],
			"faces": {
				"east": {"uv": [2, 7.5, 2.5, 8.5], "texture": "#texture"},
				"south": {"uv": [2, 8, 2.5, 9], "texture": "#texture"},
				"up": {"uv": [2.5, 7, 3, 7.5], "texture": "#texture"},
				"down": {"uv": [2.5, 7, 3, 7.5], "texture": "#texture"}
			}
		},
		{
			"from": [14, 6.25, 1.5],
			"to": [15, 7.25, 2.5],
			"faces": {
				"north": {"uv": [6.5, 6.5, 5.5, 7.5], "texture": "#texture"},
				"east": {"uv": [6.5, 6, 7.5, 7], "texture": "#texture"},
				"south": {"uv": [5.5, 6.5, 6.5, 7.5], "texture": "#texture"},
				"up": {"uv": [5.5, 6, 6.5, 7], "texture": "#texture"},
				"down": {"uv": [5.5, 6, 6.5, 7], "texture": "#texture"}
			}
		},
		{
			"from": [13.5, 6.25, 0.5],
			"to": [14.5, 7.25, 2],
			"faces": {
				"north": {"uv": [5, 3.5, 4, 4], "texture": "#texture"},
				"east": {"uv": [4.5, 2.5, 5, 4], "texture": "#texture"},
				"south": {"uv": [4, 2.5, 5, 3], "texture": "#texture"},
				"west": {"uv": [4, 2.5, 4.5, 4], "rotation": 270, "texture": "#texture"},
				"up": {"uv": [4, 2.5, 5, 4], "texture": "#texture"},
				"down": {"uv": [4, 4, 5, 2.5], "texture": "#texture"}
			}
		},
		{
			"from": [14, 6.25, -0.5],
			"to": [14.5, 7.25, 0.5],
			"faces": {
				"north": {"uv": [2, 7.5, 2.5, 8.5], "texture": "#texture"},
				"west": {"uv": [2, 7, 3, 8], "texture": "#texture"},
				"up": {"uv": [2.5, 7.5, 3, 8.5], "texture": "#texture"},
				"down": {"uv": [2.5, 7.5, 3, 8.5], "texture": "#texture"}
			}
		},
		{
			"from": [13.5, 6.25, 14],
			"to": [14.5, 7.25, 15.5],
			"faces": {
				"north": {"uv": [4, 12, 5, 12.5], "texture": "#texture"},
				"east": {"uv": [4.5, 12, 5, 13.5], "texture": "#texture"},
				"south": {"uv": [4, 13, 5, 13.5], "texture": "#texture"},
				"west": {"uv": [4, 12, 4.5, 13.5], "rotation": 270, "texture": "#texture"},
				"up": {"uv": [4, 4, 5, 2.5], "texture": "#texture"},
				"down": {"uv": [4, 13.5, 5, 12], "texture": "#texture"}
			}
		},
		{
			"from": [14, 6.25, 15.5],
			"to": [14.5, 7.25, 16.5],
			"faces": {
				"south": {"uv": [3, 7, 3.5, 8], "texture": "#texture"},
				"west": {"uv": [2.5, 6.5, 3.5, 7.5], "texture": "#texture"},
				"up": {"uv": [3, 7.5, 3.5, 8.5], "texture": "#texture"},
				"down": {"uv": [3, 7.5, 3.5, 8.5], "texture": "#texture"}
			}
		},
		{
			"from": [13.5, 6.5, 7.25],
			"to": [15.5, 7, 8.75],
			"faces": {
				"north": {"uv": [11.5, 6, 9.5, 6.5], "texture": "#texture"},
				"east": {"uv": [10, 6, 11.5, 6.5], "texture": "#texture"},
				"south": {"uv": [9.5, 6, 11.5, 6.5], "texture": "#texture"},
				"up": {"uv": [9.5, 6, 11.5, 6.5], "texture": "#texture"},
				"down": {"uv": [9.5, 6, 11.5, 6.5], "texture": "#texture"}
			}
		},
		{
			"from": [6, 7.5, 7.75],
			"to": [10, 8, 8.25],
			"faces": {
				"north": {"uv": [14.5, 1.5, 10.5, 2], "texture": "#texture"},
				"east": {"uv": [14, 1.5, 14.5, 2], "texture": "#texture"},
				"south": {"uv": [10.5, 1.5, 14.5, 2], "texture": "#texture"},
				"down": {"uv": [10.5, 1.5, 14.5, 2], "texture": "#texture"}
			}
		},
		{
			"from": [11.25, 8.25, 7.5],
			"to": [11.75, 9.25, 8.5],
			"faces": {
				"north": {"uv": [5, 14.5, 5.5, 15.5], "texture": "#texture"},
				"east": {"uv": [13.5, 6, 14.5, 7], "texture": "#texture"},
				"south": {"uv": [5, 14.5, 5.5, 15.5], "texture": "#texture"},
				"west": {"uv": [13.5, 6, 14.5, 7], "texture": "#texture"},
				"up": {"uv": [15.5, 0, 16, 0.5], "texture": "#texture"},
				"down": {"uv": [15.5, 0.5, 16, 1], "texture": "#texture"}
			}
		},
		{
			"from": [2.75, 8.25, 7.5],
			"to": [3.25, 9.25, 8.5],
			"faces": {
				"north": {"uv": [7.5, 0, 8, 1.5], "texture": "#texture"},
				"east": {"uv": [13.5, 6, 14.5, 7], "texture": "#texture"},
				"south": {"uv": [7.5, 0, 8, 1.5], "texture": "#texture"},
				"west": {"uv": [13.5, 6, 14.5, 7], "texture": "#texture"},
				"up": {"uv": [7.5, 0, 8, 0.5], "texture": "#texture"},
				"down": {"uv": [7.5, 1, 8, 1.5], "texture": "#texture"}
			}
		},
		{
			"from": [12.5, 7.25, 7.5],
			"to": [13, 7.75, 8.5],
			"faces": {
				"north": {"uv": [0.5, 6, 1, 6.5], "texture": "#texture"},
				"east": {"uv": [9, 6, 10, 6.5], "texture": "#texture"},
				"south": {"uv": [0.5, 6.5, 1, 7], "texture": "#texture"},
				"west": {"uv": [8.5, 6, 9.5, 6.5], "texture": "#texture"},
				"up": {"uv": [0.5, 6, 1, 7], "texture": "#texture"},
				"down": {"uv": [0.5, 6, 1, 7], "texture": "#texture"}
			}
		},
		{
			"from": [12.5, 6.25, 2.5],
			"to": [13, 7.25, 3.5],
			"faces": {
				"north": {"uv": [7, 6.5, 7.5, 7.5], "texture": "#texture"},
				"west": {"uv": [6.5, 6.5, 7.5, 7.5], "texture": "#texture"},
				"up": {"uv": [7, 6.5, 7.5, 7.5], "texture": "#texture"},
				"down": {"uv": [7, 6.5, 7.5, 7.5], "texture": "#texture"}
			}
		},
		{
			"from": [12.25, 6.25, 3.5],
			"to": [12.75, 7.25, 4.5],
			"faces": {
				"north": {"uv": [7, 6.5, 7.5, 7.5], "texture": "#texture"},
				"east": {"uv": [6.5, 6.5, 7.5, 7.5], "texture": "#texture"},
				"south": {"uv": [7, 6.5, 7.5, 7.5], "texture": "#texture"},
				"west": {"uv": [6.5, 6.5, 7.5, 7.5], "texture": "#texture"},
				"up": {"uv": [7, 6.5, 7.5, 7.5], "texture": "#texture"},
				"down": {"uv": [7, 6.5, 7.5, 7.5], "texture": "#texture"}
			}
		},
		{
			"from": [12.25, 6.25, 11.5],
			"to": [12.75, 7.25, 12.5],
			"faces": {
				"north": {"uv": [7, 6.5, 7.5, 7.5], "texture": "#texture"},
				"east": {"uv": [6.5, 6.5, 7.5, 7.5], "texture": "#texture"},
				"south": {"uv": [7, 6.5, 7.5, 7.5], "texture": "#texture"},
				"west": {"uv": [6.5, 6.5, 7.5, 7.5], "texture": "#texture"},
				"up": {"uv": [7, 6.5, 7.5, 7.5], "texture": "#texture"},
				"down": {"uv": [7, 6.5, 7.5, 7.5], "texture": "#texture"}
			}
		},
		{
			"from": [16.5, 6.25, -2],
			"to": [17, 7.25, -1.5],
			"faces": {
				"north": {"uv": [6, 1, 6.5, 2], "texture": "#texture"},
				"east": {"uv": [6, 1, 6.5, 2], "texture": "#texture"},
				"up": {"uv": [6, 1, 6.5, 1.5], "texture": "#texture"},
				"down": {"uv": [6, 1.5, 6.5, 2], "texture": "#texture"}
			}
		},
		{
			"from": [16, 6, -2],
			"to": [16.5, 7.5, -1.5],
			"faces": {
				"north": {"uv": [5.5, 1, 6, 2.5], "texture": "#texture"},
				"east": {"uv": [5.5, 1, 6, 2.5], "texture": "#texture"},
				"west": {"uv": [5.5, 1, 6, 2.5], "texture": "#texture"},
				"up": {"uv": [5.5, 1, 6, 1.5], "texture": "#texture"},
				"down": {"uv": [5.5, 2, 6, 2.5], "texture": "#texture"}
			}
		},
		{
			"from": [15.5, 6.25, -2],
			"to": [16, 7.25, -1.5],
			"faces": {
				"north": {"uv": [5, 1, 5.5, 2], "texture": "#texture"},
				"west": {"uv": [5, 1, 5.5, 2], "texture": "#texture"},
				"up": {"uv": [5, 1, 5.5, 1.5], "texture": "#texture"},
				"down": {"uv": [5, 1.5, 5.5, 2], "texture": "#texture"}
			}
		},
		{
			"from": [17.5, 6.25, 15.5],
			"to": [18, 7.25, 16],
			"faces": {
				"north": {"uv": [6, 1, 6.5, 2], "texture": "#texture"},
				"east": {"uv": [6, 1, 6.5, 2], "texture": "#texture"},
				"up": {"uv": [6, 1, 6.5, 1.5], "texture": "#texture"},
				"down": {"uv": [6, 1.5, 6.5, 2], "texture": "#texture"}
			}
		},
		{
			"from": [17.5, 6, 16],
			"to": [18, 7.5, 16.5],
			"faces": {
				"north": {"uv": [5.5, 1, 6, 2.5], "texture": "#texture"},
				"east": {"uv": [5.5, 1, 6, 2.5], "texture": "#texture"},
				"south": {"uv": [5.5, 1, 6, 2.5], "texture": "#texture"},
				"up": {"uv": [5.5, 1, 6, 1.5], "texture": "#texture"},
				"down": {"uv": [5.5, 2, 6, 2.5], "texture": "#texture"}
			}
		},
		{
			"from": [17.5, 6.25, 16.5],
			"to": [18, 7.25, 17],
			"faces": {
				"east": {"uv": [5, 1, 5.5, 2], "texture": "#texture"},
				"south": {"uv": [5, 1, 5.5, 2], "texture": "#texture"},
				"up": {"uv": [5, 1, 5.5, 1.5], "texture": "#texture"},
				"down": {"uv": [5, 1.5, 5.5, 2], "texture": "#texture"}
			}
		},
		{
			"from": [16.5, 6.25, 17.5],
			"to": [17, 7.25, 18],
			"faces": {
				"east": {"uv": [6, 1, 6.5, 2], "texture": "#texture"},
				"south": {"uv": [6, 1, 6.5, 2], "texture": "#texture"},
				"up": {"uv": [6, 1, 6.5, 1.5], "texture": "#texture"},
				"down": {"uv": [6, 1.5, 6.5, 2], "texture": "#texture"}
			}
		},
		{
			"from": [16, 6, 17.5],
			"to": [16.5, 7.5, 18],
			"faces": {
				"east": {"uv": [5.5, 1, 6, 2.5], "texture": "#texture"},
				"south": {"uv": [5.5, 1, 6, 2.5], "texture": "#texture"},
				"west": {"uv": [5.5, 1, 6, 2.5], "texture": "#texture"},
				"up": {"uv": [5.5, 1, 6, 1.5], "texture": "#texture"},
				"down": {"uv": [5.5, 2, 6, 2.5], "texture": "#texture"}
			}
		},
		{
			"from": [15.5, 6.25, 17.5],
			"to": [16, 7.25, 18],
			"faces": {
				"south": {"uv": [5, 1, 5.5, 2], "texture": "#texture"},
				"west": {"uv": [5, 1, 5.5, 2], "texture": "#texture"},
				"up": {"uv": [5, 1, 5.5, 1.5], "texture": "#texture"},
				"down": {"uv": [5, 1.5, 5.5, 2], "texture": "#texture"}
			}
		},
		{
			"from": [12, 5.75, 7.5],
			"to": [13.5, 6.25, 8.5],
			"faces": {
				"north": {"uv": [8.5, 6.5, 10, 7], "texture": "#texture"},
				"east": {"uv": [8.5, 6.5, 9.5, 7], "texture": "#texture"},
				"south": {"uv": [8.5, 6.5, 10, 7], "texture": "#texture"},
				"west": {"uv": [8.5, 6.5, 9.5, 7], "texture": "#texture"},
				"up": {"uv": [6, 6.5, 7.5, 7.5], "texture": "#texture"},
				"down": {"uv": [6, 6.5, 7.5, 7.5], "texture": "#texture"}
			}
		},
		{
			"from": [17, 6, 7.5],
			"to": [18, 7.5, 8.5],
			"faces": {
				"north": {"uv": [13, 5.5, 12, 7], "texture": "#texture"},
				"south": {"uv": [13, 5.5, 12, 7], "texture": "#texture"},
				"up": {"uv": [8, 5.5, 9, 6], "texture": "#texture"},
				"down": {"uv": [8, 6.5, 9, 7], "texture": "#texture"}
			}
		},
		{
			"from": [18, 5, 7.25],
			"to": [18.5, 7.5, 8.75],
			"faces": {
				"north": {"uv": [13, 5.5, 13.5, 8], "texture": "#texture"},
				"east": {"uv": [13, 5.5, 13.5, 8], "texture": "#texture"},
				"south": {"uv": [13, 5.5, 13.5, 8], "texture": "#texture"},
				"west": {"uv": [13, 5.5, 13.5, 8], "texture": "#texture"},
				"up": {"uv": [13, 5.5, 13.5, 6], "texture": "#texture"},
				"down": {"uv": [13, 7.5, 13.5, 8], "texture": "#texture"}
			}
		}
	],
	"display": {
		"thirdperson_righthand": {
			"rotation": [0, 90, 0],
			"translation": [0, 2.65, 0.76]
		},
		"firstperson_righthand": {
			"rotation": [52, 98, -58],
			"translation": [-0.94, 3.21, -0.57],
			"scale": [0.8, 1, 1]
		},
		"gui": {
			"rotation": [0, 0, 44],
			"translation": [-1.89, 0.76, 0],
			"scale": [0.8, 0.8, 0.8]
		},
		"head": {
			"rotation": [0, 180, 0],
			"translation": [2.25, 3, 0]
		}
	}
}