{
	"credit": "designed_by_hypixel_minecraft_server_with_bdcraft_cubik_pro_0.92_beta_-_http://bdcraft.net",
	"textures": {
		"texture": "item/stone_shovel"
	},
	"elements": [
		{
			"from": [3, 0, 7.5],
			"to": [4.5, 3, 8.5],
			"faces": {
				"north": {"uv": [2, 5.5, 0.5, 8.5], "texture": "#texture"},
				"east": {"uv": [1, 5.5, 2, 8.5], "texture": "#texture"},
				"south": {"uv": [0.5, 5.5, 2, 8.5], "texture": "#texture"},
				"west": {"uv": [0.5, 5.5, 1, 8.5], "texture": "#texture"},
				"up": {"uv": [0.5, 5.5, 2, 6.5], "texture": "#texture"},
				"down": {"uv": [0.5, 7.5, 2, 8.5], "texture": "#texture"}
			}
		},
		{
			"from": [2.5, 0.5, 7.5],
			"to": [3, 2, 8.5],
			"faces": {
				"north": {"uv": [0, 6.5, 0.5, 8], "texture": "#texture"},
				"south": {"uv": [0, 6.5, 0.5, 8], "texture": "#texture"},
				"west": {"uv": [0, 6.5, 0.5, 8], "texture": "#texture"},
				"up": {"uv": [0.5, 5.5, 1, 6.5], "texture": "#texture"},
				"down": {"uv": [0.5, 6.5, 1, 7.5], "texture": "#texture"}
			}
		},
		{
			"from": [4.5, 1, 7.5],
			"to": [5, 3.5, 8.5],
			"faces": {
				"north": {"uv": [2, 5, 2.5, 7.5], "texture": "#texture"},
				"east": {"uv": [2, 5, 2.5, 7.5], "texture": "#texture"},
				"south": {"uv": [2, 5, 2.5, 7.5], "texture": "#texture"},
				"west": {"uv": [2, 5, 2.5, 7.5], "texture": "#texture"},
				"down": {"uv": [2, 5.5, 2.5, 6.5], "texture": "#texture"}
			}
		},
		{
			"from": [3.5, 3, 7.5],
			"to": [4.5, 3.5, 8.5],
			"faces": {
				"north": {"uv": [2, 5, 1, 5.5], "texture": "#texture"},
				"south": {"uv": [1, 5, 2, 5.5], "texture": "#texture"},
				"west": {"uv": [1.5, 4.5, 2.5, 5], "texture": "#texture"},
				"up": {"uv": [0.5, 5.5, 1.5, 6.5], "texture": "#texture"}
			}
		},
		{
			"from": [5, 2, 7.5],
			"to": [5.5, 3.5, 8.5],
			"faces": {
				"north": {"uv": [2.5, 5, 3, 6.5], "texture": "#texture"},
				"east": {"uv": [1.5, 5.5, 2.5, 7], "texture": "#texture"},
				"south": {"uv": [2.5, 5, 3, 6.5], "texture": "#texture"},
				"down": {"uv": [1.5, 6, 2, 7], "texture": "#texture"}
			}
		},
		{
			"from": [4, 3.5, 7.5],
			"to": [6, 4.5, 8.5],
			"faces": {
				"north": {"uv": [1.5, 4, 3.5, 5], "texture": "#texture"},
				"east": {"uv": [3, 4, 3.5, 5], "texture": "#texture"},
				"south": {"uv": [1.5, 4, 3.5, 5], "texture": "#texture"},
				"west": {"uv": [1.5, 4, 2, 5], "texture": "#texture"},
				"down": {"uv": [1.5, 4.5, 3.5, 5], "texture": "#texture"}
			}
		},
		{
			"from": [3.5, 4, 7.5],
			"to": [4, 4.5, 8.5],
			"faces": {
				"north": {"uv": [1, 4, 1.5, 4.5], "texture": "#texture"},
				"south": {"uv": [1, 4, 1.5, 4.5], "texture": "#texture"},
				"west": {"uv": [1.5, 6, 2.5, 6.5], "texture": "#texture"},
				"up": {"uv": [2, 6, 2.5, 7], "texture": "#texture"},
				"down": {"uv": [2, 6, 2.5, 7], "texture": "#texture"}
			}
		},
		{
			"from": [4, 4.5, 7.5],
			"to": [7, 5, 8.5],
			"faces": {
				"north": {"uv": [5, 3.5, 2, 4], "texture": "#texture"},
				"south": {"uv": [2, 3.5, 5, 4], "texture": "#texture"},
				"west": {"uv": [4.5, 3.5, 5.5, 4], "texture": "#texture"},
				"down": {"uv": [1.5, 3.5, 4.5, 4], "texture": "#texture"}
			}
		},
		{
			"from": [5.5, 2.5, 7.75],
			"to": [7, 3, 8.25],
			"faces": {
				"north": {"uv": [3, 5.5, 4.5, 6], "texture": "#texture"},
				"south": {"uv": [3, 5.5, 4.5, 6], "texture": "#texture"},
				"up": {"uv": [3, 5.5, 4.5, 6], "texture": "#texture"},
				"down": {"uv": [3, 5.5, 4.5, 6], "texture": "#texture"}
			}
		},
		{
			"from": [7, 4.5, 7.25],
			"to": [9, 5, 8.75],
			"faces": {
				"north": {"uv": [6, 3.5, 4, 4], "texture": "#texture"},
				"east": {"uv": [4.5, 3.5, 6, 4], "texture": "#texture"},
				"south": {"uv": [4, 3.5, 6, 4], "texture": "#texture"},
				"west": {"uv": [4.5, 3.5, 6, 4], "texture": "#texture"},
				"down": {"uv": [12.5, 7.5, 14.5, 6], "texture": "#texture"}
			}
		},
		{
			"from": [4, 1.5, 7.25],
			"to": [5, 3.5, 8.75],
			"faces": {
				"north": {"uv": [1, 6, 2, 8], "texture": "#texture"},
				"east": {"uv": [13, 6, 14.5, 8], "texture": "#texture"},
				"south": {"uv": [1, 6, 2, 8], "texture": "#texture"},
				"west": {"uv": [13, 6, 14.5, 8], "texture": "#texture"},
				"up": {"uv": [1, 6.5, 2, 8], "texture": "#texture"},
				"down": {"uv": [1, 6.5, 2, 8], "texture": "#texture"}
			}
		},
		{
			"from": [3.5, 1.5, 7.25],
			"to": [4, 2.5, 8.75],
			"faces": {
				"north": {"uv": [1.5, 7, 2, 8], "texture": "#texture"},
				"south": {"uv": [1.5, 7, 2, 8], "texture": "#texture"},
				"west": {"uv": [0.5, 6.5, 2, 7.5], "texture": "#texture"},
				"up": {"uv": [1.5, 6.5, 2, 8], "texture": "#texture"}
			}
		},
		{
			"from": [3, 0.5, 7.25],
			"to": [4, 1.5, 8.75],
			"faces": {
				"north": {"uv": [0.5, 7, 1.5, 8], "texture": "#texture"},
				"east": {"uv": [0.5, 7, 2, 8], "texture": "#texture"},
				"south": {"uv": [0.5, 7, 1.5, 8], "texture": "#texture"},
				"west": {"uv": [0.5, 7, 2, 8], "texture": "#texture"},
				"up": {"uv": [1, 6.5, 2, 8], "texture": "#texture"},
				"down": {"uv": [1, 6.5, 2, 8], "texture": "#texture"}
			}
		},
		{
			"from": [4, 5, 7.25],
			"to": [9, 7, 8.75],
			"faces": {
				"north": {"uv": [6.5, 2, 1.5, 4], "texture": "#texture"},
				"east": {"uv": [5, 2, 6.5, 4], "texture": "#texture"},
				"south": {"uv": [1.5, 2, 6.5, 4], "texture": "#texture"},
				"west": {"uv": [1.5, 2, 3, 4], "texture": "#texture"},
				"up": {"uv": [1.5, 2, 6.5, 2.5], "texture": "#texture"},
				"down": {"uv": [1.5, 3.5, 6.5, 4], "texture": "#texture"}
			}
		},
		{
			"from": [4, 5.5, 7],
			"to": [9, 6.5, 9],
			"faces": {
				"north": {"uv": [6.5, 2.5, 1.5, 3.5], "texture": "#texture"},
				"east": {"uv": [2.5, 0, 4.5, 1], "texture": "#texture"},
				"south": {"uv": [1.5, 2.5, 6.5, 3.5], "texture": "#texture"},
				"west": {"uv": [2.5, 0, 4.5, 1], "texture": "#texture"},
				"up": {"uv": [1.5, 2.5, 6.5, 3], "texture": "#texture"},
				"down": {"uv": [6.5, 3.5, 1.5, 3], "texture": "#texture"}
			}
		},
		{
			"from": [3.5, 5.5, 7.25],
			"to": [4, 6.5, 8.75],
			"faces": {
				"north": {"uv": [1, 2.5, 1.5, 3.5], "texture": "#texture"},
				"south": {"uv": [1, 2.5, 1.5, 3.5], "texture": "#texture"},
				"west": {"uv": [1.5, 2.5, 3, 3.5], "texture": "#texture"},
				"up": {"uv": [13, 4.5, 13.5, 6], "texture": "#texture"},
				"down": {"uv": [13, 4.5, 13.5, 6], "texture": "#texture"}
			}
		},
		{
			"from": [9, 5.5, 7.5],
			"to": [12, 6.5, 8.5],
			"faces": {
				"north": {"uv": [9.5, 2.5, 6.5, 3.5], "texture": "#texture"},
				"south": {"uv": [6.5, 2.5, 9.5, 3.5], "texture": "#texture"},
				"up": {"uv": [6.5, 2.5, 9.5, 3], "texture": "#texture"},
				"down": {"uv": [6.5, 3, 9.5, 3.5], "texture": "#texture"}
			}
		},
		{
			"from": [5, 7, 7.5],
			"to": [5.5, 7.5, 8.5],
			"faces": {
				"north": {"uv": [2, 1.5, 3, 2], "texture": "#texture"},
				"east": {"uv": [2, 1.5, 3, 2], "texture": "#texture"},
				"south": {"uv": [2, 1.5, 3, 2], "texture": "#texture"},
				"west": {"uv": [2, 1.5, 3, 2], "texture": "#texture"}
			}
		},
		{
			"from": [6.5, 7, 7.5],
			"to": [7, 7.5, 8.5],
			"faces": {
				"north": {"uv": [4, 1.5, 5, 2], "texture": "#texture"},
				"east": {"uv": [4, 1.5, 5, 2], "texture": "#texture"},
				"south": {"uv": [4, 1.5, 5, 2], "texture": "#texture"},
				"west": {"uv": [4, 1.5, 5, 2], "texture": "#texture"}
			}
		},
		{
			"from": [3.5, 7.5, 7.25],
			"to": [4.5, 9, 8.75],
			"faces": {
				"north": {"uv": [2, 0, 1, 1.5], "texture": "#texture"},
				"east": {"uv": [2.5, 0, 4, 1.5], "texture": "#texture"},
				"south": {"uv": [1, 0, 2, 1.5], "texture": "#texture"},
				"west": {"uv": [1, 5, 2.5, 6.5], "texture": "#texture"},
				"up": {"uv": [1, 0, 2, 0.5], "texture": "#texture"},
				"down": {"uv": [14, 7.5, 13, 6], "texture": "#texture"}
			}
		},
		{
			"from": [12, 5, 7.25],
			"to": [13, 7, 8.75],
			"faces": {
				"north": {"uv": [9.5, 2, 10.5, 4], "texture": "#texture"},
				"east": {"uv": [12.5, 6, 14, 8], "texture": "#texture"},
				"south": {"uv": [9.5, 2, 10.5, 4], "texture": "#texture"},
				"west": {"uv": [12.5, 6, 14, 8], "texture": "#texture"},
				"up": {"uv": [9.5, 2, 10.5, 2.5], "texture": "#texture"},
				"down": {"uv": [9.5, 2, 10.5, 2.5], "texture": "#texture"}
			}
		},
		{
			"from": [12, 5.25, 7],
			"to": [13, 6.75, 9],
			"faces": {
				"north": {"uv": [9.5, 2.5, 10.5, 4], "texture": "#texture"},
				"east": {"uv": [12.5, 6, 14.5, 7], "texture": "#texture"},
				"south": {"uv": [9.5, 2.5, 10.5, 4], "texture": "#texture"},
				"west": {"uv": [12.5, 6, 14.5, 7], "texture": "#texture"},
				"up": {"uv": [9.5, 2.5, 10.5, 3], "texture": "#texture"},
				"down": {"uv": [9.5, 3.5, 10.5, 4], "texture": "#texture"}
			}
		},
		{
			"from": [9.5, 5, 7.25],
			"to": [10.5, 7, 8.75],
			"faces": {
				"north": {"uv": [7, 2, 8, 4], "texture": "#texture"},
				"east": {"uv": [13, 6, 13.5, 7.5], "texture": "#texture"},
				"south": {"uv": [7, 2, 8, 4], "texture": "#texture"},
				"west": {"uv": [13, 6, 13.5, 7.5], "texture": "#texture"},
				"up": {"uv": [13, 4.5, 14, 6], "texture": "#texture"},
				"down": {"uv": [13, 6, 14, 7.5], "texture": "#texture"}
			}
		},
		{
			"from": [9.5, 5.25, 7],
			"to": [10.5, 6.75, 9],
			"faces": {
				"north": {"uv": [7, 2, 8, 3.5], "texture": "#texture"},
				"east": {"uv": [13, 6, 14, 7.5], "texture": "#texture"},
				"south": {"uv": [7, 2, 8, 3.5], "texture": "#texture"},
				"west": {"uv": [13, 6, 14, 7.5], "texture": "#texture"},
				"up": {"uv": [13, 4.5, 14, 6], "texture": "#texture"},
				"down": {"uv": [13, 4.5, 14, 6], "texture": "#texture"}
			}
		},
		{
			"from": [5, 7.5, 7.25],
			"to": [7, 9, 8.75],
			"faces": {
				"north": {"uv": [4.5, 0, 2.5, 1.5], "texture": "#texture"},
				"east": {"uv": [3, 0, 4.5, 1.5], "texture": "#texture"},
				"south": {"uv": [2.5, 0, 4.5, 1.5], "texture": "#texture"},
				"west": {"uv": [3, 0, 4.5, 1.5], "texture": "#texture"},
				"up": {"uv": [2.5, 0, 4.5, 0.5], "texture": "#texture"},
				"down": {"uv": [2.5, 1, 4.5, 1.5], "texture": "#texture"}
			}
		},
		{
			"from": [7.5, 7.5, 7.25],
			"to": [8.5, 9, 8.75],
			"faces": {
				"north": {"uv": [6, 0, 5, 1.5], "texture": "#texture"},
				"east": {"uv": [1, 5, 2.5, 6.5], "texture": "#texture"},
				"south": {"uv": [5, 0, 6, 1.5], "texture": "#texture"},
				"west": {"uv": [5, 0, 5.5, 1.5], "texture": "#texture"},
				"up": {"uv": [5, 0, 6, 0.5], "texture": "#texture"},
				"down": {"uv": [6, 1.5, 5, 1], "texture": "#texture"}
			}
		},
		{
			"from": [4.5, 7.75, 7.5],
			"to": [5, 8.75, 8.5],
			"faces": {
				"north": {"uv": [2, 1.5, 3, 2], "texture": "#texture"},
				"south": {"uv": [2, 1.5, 3, 2], "texture": "#texture"},
				"up": {"uv": [2, 1.5, 3, 2.5], "texture": "#texture"},
				"down": {"uv": [2, 1.5, 3, 2.5], "texture": "#texture"}
			}
		},
		{
			"from": [7, 7.75, 7.5],
			"to": [7.5, 8.75, 8.5],
			"faces": {
				"north": {"uv": [2, 1.5, 3, 2], "texture": "#texture"},
				"south": {"uv": [2, 1.5, 3, 2], "texture": "#texture"},
				"up": {"uv": [2, 1.5, 3, 2.5], "texture": "#texture"},
				"down": {"uv": [2, 1.5, 3, 2.5], "texture": "#texture"}
			}
		},
		{
			"from": [7, 2.5, 7.5],
			"to": [9, 4.5, 8.5],
			"faces": {
				"north": {"uv": [4.5, 4, 6.5, 6], "texture": "#texture"},
				"east": {"uv": [13, 6, 14, 8], "texture": "#texture"},
				"south": {"uv": [6.5, 4, 4.5, 6], "texture": "#texture"},
				"west": {"uv": [6, 4, 6.5, 6], "texture": "#texture"},
				"down": {"uv": [12.5, 6.5, 14.5, 7.5], "texture": "#texture"}
			}
		},
		{
			"from": [13, 5.5, 7],
			"to": [13.5, 6.5, 9],
			"faces": {
				"north": {"uv": [13, 5, 13.5, 6], "texture": "#texture"},
				"east": {"uv": [7, 6, 9, 7], "texture": "#texture"},
				"south": {"uv": [13, 5, 13.5, 6], "texture": "#texture"},
				"up": {"uv": [12.5, 2.5, 14.5, 3], "rotation": 90, "texture": "#texture"},
				"down": {"uv": [12.5, 3, 14.5, 3.5], "rotation": 90, "texture": "#texture"}
			}
		},
		{
			"from": [13, 5, 7.5],
			"to": [13.5, 7, 8.5],
			"faces": {
				"north": {"uv": [10.5, 2, 11, 4], "texture": "#texture"},
				"east": {"uv": [13, 2, 14, 4], "texture": "#texture"},
				"south": {"uv": [10.5, 2, 11, 4], "texture": "#texture"},
				"up": {"uv": [13, 4.5, 13.5, 5.5], "texture": "#texture"},
				"down": {"uv": [13.5, 4.5, 14, 5.5], "texture": "#texture"}
			}
		},
		{
			"from": [4, 1, 7.25],
			"to": [4.5, 1.5, 8.75],
			"faces": {
				"north": {"uv": [1.5, 7, 2, 7.5], "texture": "#texture"},
				"east": {"uv": [0.5, 6.5, 2, 7], "texture": "#texture"},
				"south": {"uv": [1.5, 7, 2, 7.5], "texture": "#texture"},
				"down": {"uv": [1.5, 6.5, 2, 8], "texture": "#texture"}
			}
		},
		{
			"from": [4.5, 3.5, 7.25],
			"to": [5.5, 4.5, 8.75],
			"faces": {
				"north": {"uv": [2, 4, 3, 5], "texture": "#texture"},
				"east": {"uv": [1.5, 2.5, 3, 3.5], "texture": "#texture"},
				"south": {"uv": [2, 4, 3, 5], "texture": "#texture"},
				"west": {"uv": [1.5, 2.5, 3, 3.5], "texture": "#texture"},
				"up": {"uv": [2, 4, 3, 4.5], "texture": "#texture"},
				"down": {"uv": [2, 4.5, 3, 5], "texture": "#texture"}
			}
		}
	],
	"display": {
		"thirdperson_righthand": {
			"rotation": [0, 90, 0],
			"translation": [0, 3.59, -0.94]
		},
		"firstperson_righthand": {
			"rotation": [6, 94, 0],
			"translation": [-0.57, 3.78, -2.08],
			"scale": [0.8, 1, 1]
		},
		"head": {
			"rotation": [0, 180, 0],
			"translation": [0, 3.75, 0]
		}
	}
}