{
	"credit": "Made with Blockbench",
	"texture_size": [32, 32],
	"textures": {
		"0": "item/hmg"
	},
	"elements": [
		{
			"from": [7, 8, 6],
			"to": [9, 13, 12],
			"faces": {
				"north": {"uv": [10.5, 3, 11, 5.5], "texture": "#0"},
				"east": {"uv": [11, 3, 8, 5.5], "texture": "#0"},
				"south": {"uv": [13, 3.5, 13.5, 6], "texture": "#0"},
				"west": {"uv": [8, 3, 11, 5.5], "texture": "#0"},
				"up": {"uv": [8, 3, 11, 3.5], "rotation": 90, "texture": "#0"},
				"down": {"uv": [11, 5, 8, 5.5], "rotation": 90, "texture": "#0"}
			}
		},
		{
			"from": [7, 7, 12],
			"to": [9, 13, 21],
			"faces": {
				"north": {"uv": [11, 3, 11.5, 6], "texture": "#0"},
				"east": {"uv": [15.5, 3, 11, 6], "texture": "#0"},
				"south": {"uv": [15, 3, 15.5, 6], "texture": "#0"},
				"west": {"uv": [11, 3, 15.5, 6], "texture": "#0"},
				"up": {"uv": [11, 3, 15.5, 3.5], "rotation": 90, "texture": "#0"},
				"down": {"uv": [15.5, 5.5, 11, 6], "rotation": 90, "texture": "#0"}
			}
		},
		{
			"from": [6.99, 7.49, 8.74],
			"to": [9.01, 11.51, 14.76],
			"rotation": {"angle": 45, "axis": "x", "origin": [7.5, 7.5, 9.5]},
			"faces": {
				"north": {"uv": [7.5, 6.5, 5.5, 7], "rotation": 90, "texture": "#0"},
				"east": {"uv": [7.5, 6.5, 5.5, 9.5], "rotation": 90, "texture": "#0"},
				"south": {"uv": [7.5, 9.5, 5.5, 9], "rotation": 90, "texture": "#0"},
				"west": {"uv": [5.5, 6.5, 7.5, 9.5], "rotation": 270, "texture": "#0"},
				"up": {"uv": [7, 6.5, 7.5, 9.5], "texture": "#0"},
				"down": {"uv": [5.5, 6.5, 6, 9.5], "rotation": 180, "texture": "#0"}
			}
		},
		{
			"from": [7, 9, 0],
			"to": [9, 13, 6],
			"faces": {
				"north": {"uv": [5, 3, 5.5, 5], "texture": "#0"},
				"east": {"uv": [8, 3, 5, 5], "texture": "#0"},
				"south": {"uv": [0, 0, 2, 4], "texture": "#0"},
				"west": {"uv": [5, 3, 8, 5], "texture": "#0"},
				"up": {"uv": [5, 3, 8, 3.5], "rotation": 90, "texture": "#0"},
				"down": {"uv": [8, 4.5, 5, 5], "rotation": 90, "texture": "#0"}
			}
		},
		{
			"from": [7, 13, 0],
			"to": [7, 14, 1],
			"rotation": {"angle": -45, "axis": "y", "origin": [7, 13, 1]},
			"faces": {
				"north": {"uv": [7, 4, 7.5, 4.5], "texture": "#0"},
				"east": {"uv": [6.5, 4, 7, 4.5], "texture": "#0"},
				"south": {"uv": [7, 4, 7.5, 4.5], "texture": "#0"},
				"west": {"uv": [7, 4, 7.5, 4.5], "texture": "#0"},
				"up": {"uv": [7, 4, 7.5, 4.5], "texture": "#0"},
				"down": {"uv": [7, 4, 7.5, 4.5], "texture": "#0"}
			}
		},
		{
			"from": [8, 13, 1],
			"to": [9, 14, 1],
			"rotation": {"angle": -45, "axis": "y", "origin": [9, 13, 1]},
			"faces": {
				"north": {"uv": [6.5, 4, 7, 4.5], "texture": "#0"},
				"east": {"uv": [7, 4, 7.5, 4.5], "texture": "#0"},
				"south": {"uv": [7, 4, 7.5, 4.5], "texture": "#0"},
				"west": {"uv": [7, 4, 7.5, 4.5], "texture": "#0"},
				"up": {"uv": [7, 4, 7.5, 4.5], "rotation": 270, "texture": "#0"},
				"down": {"uv": [7, 4, 7.5, 4.5], "rotation": 90, "texture": "#0"}
			}
		},
		{
			"from": [7.5, 12.7, -9],
			"to": [8.5, 13.7, -9],
			"rotation": {"angle": 0, "axis": "y", "origin": [9, 13, 1]},
			"faces": {
				"north": {"uv": [7, 3, 7.5, 3.5], "texture": "#0"},
				"east": {"uv": [7, 3, 7.5, 3.5], "texture": "#0"},
				"south": {"uv": [7, 3, 7.5, 3.5], "texture": "#0"},
				"west": {"uv": [7, 3, 7.5, 3.5], "texture": "#0"},
				"up": {"uv": [7, 3, 7.5, 3.5], "texture": "#0"},
				"down": {"uv": [7, 3, 7.5, 3.5], "texture": "#0"}
			}
		},
		{
			"from": [7, 10.75, -10],
			"to": [9, 12.75, 0],
			"faces": {
				"north": {"uv": [0, 0, 0.5, 0.5], "texture": "#0"},
				"east": {"uv": [5, 3, 0, 4], "texture": "#0"},
				"south": {"uv": [0, 0, 2, 2], "texture": "#0"},
				"west": {"uv": [0, 3, 5, 4], "texture": "#0"},
				"up": {"uv": [0, 3, 5, 3.5], "rotation": 90, "texture": "#0"},
				"down": {"uv": [5, 3.5, 0, 4], "rotation": 90, "texture": "#0"}
			}
		},
		{
			"from": [6.5, 7.5, -8],
			"to": [9.5, 10.5, 0],
			"faces": {
				"north": {"uv": [0, 0, 0.5, 1], "texture": "#0"},
				"east": {"uv": [4, 12, 0, 13.5], "texture": "#0"},
				"south": {"uv": [0, 0, 3, 3], "texture": "#0"},
				"west": {"uv": [0, 12, 4, 13.5], "texture": "#0"},
				"up": {"uv": [0, 12.5, 4, 12], "rotation": 90, "texture": "#0"},
				"down": {"uv": [4, 13, 0, 13.5], "rotation": 90, "texture": "#0"}
			}
		},
		{
			"from": [6, 7, -6],
			"to": [10, 11, 4],
			"faces": {
				"north": {"uv": [0, 10, 2, 12], "texture": "#0"},
				"east": {"uv": [5, 6, 0, 8], "texture": "#0"},
				"south": {"uv": [2, 10, 4, 12], "texture": "#0"},
				"west": {"uv": [0, 6, 5, 8], "texture": "#0"},
				"up": {"uv": [0, 4, 5, 6], "rotation": 90, "texture": "#0"},
				"down": {"uv": [5, 8, 0, 10], "rotation": 90, "texture": "#0"}
			}
		},
		{
			"from": [7.5, 6, 3],
			"to": [8.5, 9, 7],
			"faces": {
				"north": {"uv": [5.5, 5, 6, 6.5], "texture": "#0"},
				"east": {"uv": [7.5, 5, 5.5, 6.5], "texture": "#0"},
				"south": {"uv": [7, 5, 7.5, 6.5], "texture": "#0"},
				"west": {"uv": [5.5, 5, 7.5, 6.5], "texture": "#0"},
				"up": {"uv": [0, 0, 1, 4], "texture": "#0"},
				"down": {"uv": [7.5, 6.5, 5.5, 6], "rotation": 90, "texture": "#0"}
			}
		}
	],
	"gui_light": "front",
	"display": {
		"thirdperson_righthand": {
			"translation": [0, 0, -1],
			"scale": [0.75, 0.75, 0.75]
		},
		"thirdperson_lefthand": {
			"translation": [0, 0, -1],
			"scale": [0.75, 0.75, 0.75]
		},
		"firstperson_righthand": {
			"rotation": [5, 3, 0],
			"translation": [7.75, -0.75, -2]
		},
		"firstperson_lefthand": {
			"rotation": [5, 3, 0],
			"translation": [7.75, -0.75, -2]
		},
		"ground": {
			"translation": [0, 3.25, 0],
			"scale": [1.02, 1.02, 1.02]
		},
		"gui": {
			"rotation": [90, -55, 90],
			"translation": [0, -1.75, 0],
			"scale": [0.5, 0.5, 0.5]
		},
		"head": {
			"rotation": [0, 90, 0],
			"translation": [2.5, 0, 0]
		},
		"fixed": {
			"rotation": [90, 63, -90],
			"translation": [0.75, -3, -1.25],
			"scale": [1.18, 1.18, 1.18]
		}
	}
}