{
	"parent": "item/handheld",
	"textures": {
		"layer0": "items/diamond_shovel"
	},
	"overrides": [
		{ "predicate": {"damaged": 0, "damage": 0}, "model": "item/diamond_shovel"},
		{ "predicate": {"damaged": 0, "damage": 0.0006402048655569782}, "model": "perks/common_damage"},
		{ "predicate": {"damaged": 0, "damage": 0.0012804097311139564}, "model": "perks/common_heal"},
		{ "predicate": {"damaged": 0, "damage": 0.0019206145966709346}, "model": "perks/common_defense"},
		{ "predicate": {"damaged": 0, "damage": 0.002560819462227913}, "model": "perks/common_mobility"},
		{ "predicate": {"damaged": 0, "damage": 0.003201024327784891}, "model": "perks/common_energy"},
		{ "predicate": {"damaged": 0, "damage": 0.0038412291933418692}, "model": "perks/common_utility"},
		{ "predicate": {"damaged": 0, "damage": 0.004481434058898847}, "model": "perks/rare_damage"},
		{ "predicate": {"damaged": 0, "damage": 0.005121638924455826}, "model": "perks/rare_heal"},
		{ "predicate": {"damaged": 0, "damage": 0.005761843790012804}, "model": "perks/rare_defense"},
		{ "predicate": {"damaged": 0, "damage": 0.006402048655569782}, "model": "perks/rare_mobility"},
		{ "predicate": {"damaged": 0, "damage": 0.00704225352112676}, "model": "perks/rare_energy"},
		{ "predicate": {"damaged": 0, "damage": 0.0076824583866837385}, "model": "perks/rare_utility"},
		{ "predicate": {"damaged": 0, "damage": 0.008322663252240717}, "model": "perks/legendary_damage"},
		{ "predicate": {"damaged": 0, "damage": 0.008962868117797694}, "model": "perks/legendary_heal"},
		{ "predicate": {"damaged": 0, "damage": 0.009603072983354673}, "model": "perks/legendary_defense"},
		{ "predicate": {"damaged": 0, "damage": 0.010243277848911651}, "model": "perks/legendary_mobility"},
		{ "predicate": {"damaged": 0, "damage": 0.01088348271446863}, "model": "perks/legendary_energy"},
		{ "predicate": {"damaged": 0, "damage": 0.011523687580025609}, "model": "perks/legendary_utility"}
	]
}