{"__comment":"designed by hypixel minecraft server with bdcraft cubik pro 0.90 beta - http://bdcraft.net","textures":{"texture":"items/ordnance"},"elements":[{"from":[6.5,4.5,5],"to":[8,11,8.5],"faces":{"down":{"uv":[1.5,1.5,3,5],"texture":"#texture"},"up":{"uv":[1.5,1.5,3,5],"texture":"#texture"},"north":{"uv":[2.5,1,1,7.5],"texture":"#texture"},"south":{"uv":[1,1,2.5,7.5],"texture":"#texture"},"west":{"uv":[3.5,1,0,7.5],"texture":"#texture"},"east":{"uv":[0,1,3.5,7.5],"texture":"#texture"}}},{"from":[5.5,4.5,6],"to":[9,11,7.5],"faces":{"down":{"uv":[1.5,1.5,3,5],"rotation":90,"texture":"#texture"},"up":{"uv":[1.5,1.5,3,5],"rotation":90,"texture":"#texture"},"north":{"uv":[3.5,1,0,7.5],"texture":"#texture"},"south":{"uv":[0,1,3.5,7.5],"texture":"#texture"},"west":{"uv":[2.5,1,1,7.5],"texture":"#texture"},"east":{"uv":[1,1,2.5,7.5],"texture":"#texture"}}},{"from":[6,4,5.5],"to":[8.5,11.5,8],"faces":{"down":{"uv":[0.5,9,3,11.5],"texture":"#texture"},"up":{"uv":[0.5,9,3,11.5],"rotation":90,"texture":"#texture"},"north":{"uv":[0.5,0.5,3,8],"texture":"#texture"},"south":{"uv":[0.5,0.5,3,8],"texture":"#texture"},"west":{"uv":[3,0.5,0.5,8],"texture":"#texture"},"east":{"uv":[3,0.5,0.5,8],"texture":"#texture"}}},{"from":[5.5,4.5,6],"to":[9,11,7.5],"faces":{"down":{"uv":[10.5,7.5,7,6],"texture":"#texture"},"up":{"uv":[5.5,6,9,7.5],"texture":"#texture"},"north":{"uv":[7,5,10.5,11.5],"texture":"#texture"},"south":{"uv":[5.5,5,9,11.5],"texture":"#texture"},"west":{"uv":[6,5,7.5,11.5],"texture":"#texture"},"east":{"uv":[8.5,5,10,11.5],"texture":"#texture"}}},{"from":[5.75,9,4.75],"to":[8.75,10,8.75],"faces":{"down":{"uv":[3,2,3.5,2.5],"texture":"#texture"},"up":{"uv":[3,2,3.5,2.5],"texture":"#texture"},"north":{"uv":[3.5,2,0.5,3],"texture":"#texture"},"south":{"uv":[0.5,5.5,3.5,6.5],"texture":"#texture"},"west":{"uv":[4,5.5,0,6.5],"texture":"#texture"},"east":{"uv":[4,5.5,0,6.5],"texture":"#texture"}}},{"from":[5.25,9,5.25],"to":[9.25,10,8.25],"faces":{"down":{"uv":[3,5.5,3.5,6],"texture":"#texture"},"up":{"uv":[3,5.5,3.5,6],"texture":"#texture"},"north":{"uv":[4,2,0,3],"texture":"#texture"},"south":{"uv":[0,5.5,4,6.5],"texture":"#texture"},"west":{"uv":[3.5,5.5,0.5,6.5],"texture":"#texture"},"east":{"uv":[0.5,5.5,3.5,6.5],"texture":"#texture"}}},{"from":[5.75,5.5,4.75],"to":[8.75,6.5,8.75],"faces":{"down":{"uv":[3,5.5,3.5,6],"texture":"#texture"},"up":{"uv":[3,5.5,3.5,6],"texture":"#texture"},"north":{"uv":[0.5,5.5,3.5,6.5],"texture":"#texture"},"south":{"uv":[0.5,5.5,3.5,6.5],"texture":"#texture"},"west":{"uv":[0,5.5,4,6.5],"texture":"#texture"},"east":{"uv":[0,5.5,4,6.5],"texture":"#texture"}}},{"from":[5.25,5.5,5.25],"to":[9.25,6.5,8.25],"faces":{"down":{"uv":[3,5.5,3.5,6],"texture":"#texture"},"up":{"uv":[3,5.5,3.5,6],"texture":"#texture"},"north":{"uv":[4,5.5,0,6.5],"texture":"#texture"},"south":{"uv":[0,5.5,4,6.5],"texture":"#texture"},"west":{"uv":[3.5,5.5,0.5,6.5],"texture":"#texture"},"east":{"uv":[0.5,5.5,3.5,6.5],"texture":"#texture"}}},{"from":[7.25,9,4.5625],"to":[8.25,10,5.5625],"faces":{"down":{"uv":[3,2,3.5,2.5],"texture":"#texture"},"up":{"uv":[3,2,3.5,2.5],"texture":"#texture"},"north":{"uv":[2,2,3,3],"texture":"#texture"},"south":{"uv":[2,2,3,3],"texture":"#texture"},"west":{"uv":[3,2,2,3],"texture":"#texture"},"east":{"uv":[3,2,2,3],"texture":"#texture"}}}],"display":{"thirdperson_righthand":{"rotation":[16,170,3],"translation":[-0.57,1.32,-1.13],"scale":[1,1,1]},"firstperson_righthand":{"rotation":[-57,115,28],"translation":[1.89,-1.32,-2.65],"scale":[1,1,1]},"gui":{"rotation":[0,180,90],"translation":[0,0.76,0],"scale":[1,1,1]}}}
